{
  "step": 670,
  "timestamp": 21.44,
  "robot_pose_odom": {
    "x": -2.465351146808939,
    "y": -0.9973836817977997,
    "yaw_fused": 2.8760398535262706,
    "yaw_imu": 2.8813625986378733
  },
  "lidar_pose_relative_to_robot": {
    "x_offset": 0.0,
    "y_offset": 0.0,
    "yaw_offset": 0.0
  },
  "lidar_meta": {
    "fov": 6.283184,
    "horizontal_resolution": 400,
    "angle_min": -3.141592,
    "angle_increment": 0.015747328320802004
  },
  "ranges": [
    1.1728785037994385,
    1.1201354265213013,
    1.0707093477249146,
    1.020137906074524,
    0.9799240231513977,
    0.9400139451026917,
    0.9111390113830566,
    0.87065190076828,
    0.8414728045463562,
    0.8239327073097229,
    0.7924078106880188,
    0.7637968063354492,
    0.7485877275466919,
    0.7256252765655518,
    0.7065383195877075,
    0.69507896900177,
    0.6682325601577759,
    0.6518125534057617,
    0.6501345038414001,
    0.6244404315948486,
    0.6255869269371033,
    null,
    null,
    null,
    null,
    0.5513952374458313,
    0.5424177050590515,
    0.538897693157196,
    0.5241085290908813,
    0.506061851978302,
    0.5051994919776917,
    0.49556469917297363,
    null,
    null,
    0.4761555790901184,
    0.46587544679641724,
    0.46991607546806335,
    0.45101627707481384,
    0.45522573590278625,
    0.44784361124038696,
    0.43833479285240173,
    0.43296828866004944,
    0.42545920610427856,
    0.4301823079586029,
    0.4226880669593811,
    0.41512331366539,
    0.42021244764328003,
    0.41263920068740845,
    0.4049728512763977,
    0.39720261096954346,
    0.4027417004108429,
    0.38130372762680054,
    0.3731497526168823,
    0.35785961151123047,
    0.3648415207862854,
    0.3593297004699707,
    0.35406801104545593,
    0.3490430414676666,
    0.33052024245262146,
    0.32659122347831726,
    0.322374552488327,
    0.318342924118042,
    0.3144875466823578,
    0.3108001947402954,
    0.3072732090950012,
    0.3038995862007141,
    0.3006725609302521,
    0.29758602380752563,
    0.2828488051891327,
    0.28013908863067627,
    0.27754873037338257,
    0.27507299184799194,
    0.2727077603340149,
    0.2704489529132843,
    0.26829299330711365,
    0.266236275434494,
    0.26427558064460754,
    0.2624077796936035,
    0.25410863757133484,
    0.24815063178539276,
    0.25863850116729736,
    0.24661202728748322,
    0.24815057218074799,
    0.23891088366508484,
    0.24054044485092163,
    0.24225258827209473,
    0.24404987692832947,
    0.23475632071495056,
    0.23664280772209167,
    0.23861920833587646,
    0.23314408957958221,
    null,
    null,
    null,
    null,
    null,
    null,
    null,
    null,
    null,
    null,
    null,
    null,
    null,
    null,
    null,
    null,
    null,
    null,
    null,
    null,
    null,
    null,
    null,
    null,
    null,
    null,
    null,
    null,
    null,
    null,
    null,
    null,
    null,
    null,
    null,
    null,
    null,
    null,
    null,
    0.2202295958995819,
    0.21867309510707855,
    0.217191681265831,
    0.22657224535942078,
    0.22516746819019318,
    0.22383490204811096,
    0.22257263958454132,
    0.23192067444324493,
    0.2307400107383728,
    0.22962763905525208,
    0.22858205437660217,
    0.23794740438461304,
    0.23698966205120087,
    0.23609758913516998,
    0.24549919366836548,
    0.24470189213752747,
    0.24396972358226776,
    0.24330179393291473,
    0.2528096139431,
    0.25224506855010986,
    0.25174498558044434,
    0.25130876898765564,
    0.26097333431243896,
    0.2606509029865265,
    0.2603934109210968,
    0.27020832896232605,
    0.2700749337673187,
    0.2700083255767822,
    0.2800086438655853,
    0.28007772564888,
    0.2802160680294037,
    0.29043880105018616,
    0.2907260060310364,
    0.30112308263778687,
    0.30157050490379333,
    0.3020939528942108,
    0.3127838969230652,
    0.31348392367362976,
    0.324402391910553,
    0.3252929747104645,
    0.3364650309085846,
    0.33756139874458313,
    0.3490138351917267,
    0.3503325283527374,
    0.3669484853744507,
    0.3740432560443878,
    0.3861919343471527,
    0.38806265592575073,
    0.39903005957603455,
    0.4130862355232239,
    0.42635220289230347,
    0.4288904070854187,
    0.44691526889801025,
    0.45610255002975464,
    0.4723985195159912,
    0.4845532178878784,
    0.5017701983451843,
    0.5088737607002258,
    0.5380275249481201,
    0.5564088225364685,
    0.5691521763801575,
    0.6091508865356445,
    0.6299495697021484,
    0.6433156728744507,
    0.6924912929534912,
    0.715277373790741,
    0.7690708041191101,
    0.8046882748603821,
    0.8645492196083069,
    0.8970882296562195,
    0.9787202477455139,
    1.0549702644348145,
    1.1118100881576538,
    1.2332531213760376,
    1.3424724340438843,
    1.3527981042861938,
    1.3467539548873901,
    1.326092004776001,
    1.3400551080703735,
    1.3267558813095093,
    1.3391798734664917,
    1.32904851436615,
    1.336767554283142,
    1.3324921131134033,
    1.3332862854003906,
    1.337631344795227,
    1.33342707157135,
    1.3330694437026978,
    1.336821436882019,
    1.3404016494750977,
    1.3438442945480347,
    1.3450888395309448,
    1.355317234992981,
    1.3423330783843994,
    1.3452529907226562,
    1.3485249280929565,
    1.3525460958480835,
    1.3663828372955322,
    1.3696467876434326,
    1.3729761838912964,
    1.3763865232467651,
    1.3798918724060059,
    1.3748294115066528,
    1.3980299234390259,
    1.422829508781433,
    1.4363397359848022,
    1.0813028812408447,
    1.0115044116973877,
    0.9858546853065491,
    0.9396349191665649,
    0.9170202016830444,
    0.8760772347450256,
    0.849486231803894,
    0.824215292930603,
    0.8030359148979187,
    0.7737457156181335,
    0.7512473464012146,
    0.7315477728843689,
    0.7108393311500549,
    0.6902740001678467,
    0.6799943447113037,
    0.6599938273429871,
    0.6502627730369568,
    0.6303405165672302,
    0.6211596727371216,
    0.6011870503425598,
    0.5917772650718689,
    0.583612322807312,
    0.5631548166275024,
    0.5559102892875671,
    0.5448355078697205,
    0.5357454419136047,
    0.526685357093811,
    0.5176427364349365,
    0.5114566683769226,
    0.5132556557655334,
    0.5007935762405396,
    0.4917311370372772,
    0.4826214909553528,
    0.4696928858757019,
    0.4719680845737457,
    0.46228116750717163,
    0.4557439684867859,
    0.45832860469818115,
    0.4475502371788025,
    0.44235530495643616,
    0.434383362531662,
    0.4373461604118347,
    0.42939940094947815,
    0.42154061794281006,
    0.42479705810546875,
    0.41694197058677673,
    0.40906137228012085,
    0.4126092195510864,
    0.4047582149505615,
    0.4085359275341034,
    0.40070217847824097,
    0.3928132653236389,
    0.3968876004219055,
    0.38899126648902893,
    0.3933095335960388,
    0.38539206981658936,
    0.38996434211730957,
    0.3820112943649292,
    0.37395426630973816,
    0.37884557247161865,
    0.3839625418186188,
    0.3758922815322876,
    0.3676857054233551,
    0.3731497526168823,
    0.35785961151123047,
    0.3648415207862854,
    0.3593297004699707,
    0.367686003446579,
    0.36246776580810547,
    0.3707227110862732,
    0.3657821714878082,
    0.3610594868659973,
    0.3565440773963928,
    0.36480554938316345,
    0.36052820086479187,
    0.35643690824508667,
    0.3646794855594635,
    0.36080706119537354,
    0.3865402638912201,
    1.0371123552322388,
    1.038485050201416,
    1.0408077239990234,
    1.0390678644180298,
    1.045379638671875,
    1.0367209911346436,
    1.0508142709732056,
    1.0427587032318115,
    1.0460419654846191,
    1.051882028579712,
    1.0533798933029175,
    1.05277681350708,
    1.0615040063858032,
    1.0681264400482178,
    1.0685776472091675,
    1.0583136081695557,
    1.0240191221237183,
    1.0205721855163574,
    1.028456211090088,
    1.0170530080795288,
    1.0112909078598022,
    1.02006196975708,
    1.029242753982544,
