{
  "step": 1595,
  "timestamp": 51.04,
  "robot_pose_odom": {
    "x": -1.6524608805246017,
    "y": 1.075897429214291,
    "yaw_fused": -2.730462639013013,
    "yaw_imu": -2.730091876947844
  },
  "lidar_pose_relative_to_robot": {
    "x_offset": 0.0,
    "y_offset": 0.0,
    "yaw_offset": 0.0
  },
  "lidar_meta": {
    "fov": 6.283184,
    "horizontal_resolution": 400,
    "angle_min": -3.141592,
    "angle_increment": 0.015747328320802004
  },
  "ranges": [
    0.6310475468635559,
    0.637195885181427,
    0.6323111057281494,
    0.627654492855072,
    0.6341521143913269,
    0.6298560500144958,
    0.636560320854187,
    0.632613480091095,
    0.6365602016448975,
    0.6298559904098511,
    0.6341520547866821,
    0.6386659145355225,
    1.8806843757629395,
    1.8673412799835205,
    1.8509372472763062,
    1.8525093793869019,
    1.8531140089035034,
    1.8231666088104248,
    1.8099582195281982,
    1.1147300004959106,
    1.104927897453308,
    1.1007843017578125,
    null,
    null,
    null,
    1.052359700202942,
    1.0447561740875244,
    1.036702036857605,
    1.0281398296356201,
    1.0190054178237915,
    1.0092283487319946,
    1.0077316761016846,
    1.0012446641921997,
    0.9962975382804871,
    0.9822652339935303,
    0.9812461137771606,
    0.9804955720901489,
    0.9665804505348206,
    0.9665266275405884,
    0.9667096138000488,
    0.954228401184082,
    0.9550282955169678,
    0.956041693687439,
    0.9448322057723999,
    0.9464011192321777,
    0.9360102415084839,
    0.9380980134010315,
    0.928467869758606,
    0.9310435056686401,
    0.946195662021637,
    1.0146894454956055,
    1.4111896753311157,
    2.147203207015991,
    2.14392352104187,
    2.140988826751709,
    2.1384050846099854,
    2.136178493499756,
    2.1343140602111816,
    2.1241400241851807,
    2.142481803894043,
    2.141667366027832,
    2.1412384510040283,
    2.140674114227295,
    2.152097225189209,
    2.1527984142303467,
    2.1539065837860107,
    2.1460723876953125,
    2.167708158493042,
    2.178220272064209,
    1.5330342054367065,
    1.4139801263809204,
    1.3215200901031494,
    1.2434256076812744,
    1.1649606227874756,
    1.094604253768921,
    1.06951904296875,
    1.0673986673355103,
    1.0750254392623901,
    1.084043025970459,
    1.082703709602356,
    1.0914278030395508,
    1.10099458694458,
    0.6304222941398621,
    0.6000451445579529,
    0.5900447368621826,
    0.6001665592193604,
    0.6004629731178284,
    0.6009078621864319,
    0.611527144908905,
    0.6122836470603943,
    0.6232457756996155,
    0.624327540397644,
    0.635657548904419,
    0.637080192565918,
    0.648804783821106,
    0.650585949420929,
    0.6627342104911804,
    0.664893627166748,
    0.6774974465370178,
    0.6800572276115417,
    0.6931509971618652,
    0.7065262198448181,
    0.7097581624984741,
    0.7209631204605103,
    0.7379293441772461,
    0.741908848285675,
    0.7567751407623291,
    0.7612804770469666,
    0.781378984451294,
    0.7927496433258057,
    0.8068389892578125,
    0.825860857963562,
    0.8319880962371826,
    0.8549483418464661,
    0.8676900267601013,
    0.8866687417030334,
    0.9093642234802246,
    0.925161600112915,
    0.945831835269928,
    0.9712783098220825,
    0.9998883008956909,
    1.0102593898773193,
    1.0486582517623901,
    1.0721994638442993,
    1.103602647781372,
    1.136472225189209,
    1.1720932722091675,
    1.2070235013961792,
    1.2449334859848022,
    1.2573270797729492,
    1.2461252212524414,
    1.2438541650772095,
    1.2361910343170166,
    1.213833212852478,
    1.21376371383667,
    1.2023725509643555,
    1.1983840465545654,
    1.1948012113571167,
    1.1916086673736572,
    1.1887919902801514,
    1.17344331741333,
    1.171501874923706,
    1.169893741607666,
    1.1686087846755981,
    1.1676381826400757,
    1.1548184156417847,
    1.1545826196670532,
    1.1546337604522705,
    1.1549659967422485,
    1.1439012289047241,
    1.1448884010314941,
    1.1422202587127686,
    1.147645115852356,
    1.1381393671035767,
    1.81680166721344,
    1.816703200340271,
    1.8168457746505737,
    1.8172380924224854,
    1.8178890943527222,
    1.8279283046722412,
    null,
    null,
    null,
    null,
    null,
    null,
    null,
    null,
    null,
    null,
    null,
    null,
    null,
    null,
    null,
    null,
    null,
    null,
    null,
    null,
    null,
    null,
    null,
    null,
    null,
    null,
    null,
    null,
    null,
    null,
    null,
    null,
    null,
    null,
    null,
    null,
    null,
    null,
    null,
    null,
    null,
    null,
    null,
    null,
    null,
    null,
    null,
    null,
    null,
    null,
    null,
    null,
    null,
    null,
    null,
    null,
    null,
    null,
    null,
    null,
    null,
    null,
    null,
    null,
    null,
    null,
    null,
    null,
    null,
    null,
    null,
    0.43225106596946716,
    0.43160974979400635,
    0.4310764968395233,
    0.42063549160957336,
    0.42032408714294434,
    0.4201166033744812,
    0.4200129508972168,
    0.4100126624107361,
    0.4101138412952423,
    0.4103163778781891,
    0.41062039136886597,
    0.4110264480113983,
    0.4115349054336548,
    0.4020940065383911,
    0.40279194712638855,
    0.4035920798778534,
    0.40449535846710205,
    0.40550297498703003,
    0.39645078778266907,
    0.39764052629470825,
    0.3989361822605133,
    0.40033939480781555,
    0.401852011680603,
    0.40347594022750854,
    0.39482346177101135,
    0.39662954211235046,
    0.3853413164615631,
    0.3810666501522064,
    0.37121737003326416,
    0.3623993992805481,
    0.36455684900283813,
    0.3514820635318756,
    0.33230850100517273,
    0.32800960540771484,
    0.3303443193435669,
    0.31912466883659363,
    0.3130083680152893,
    0.3042549192905426,
    0.30679601430892944,
    0.29799553751945496,
    0.28534436225891113,
    0.28013890981674194,
    0.282848596572876,
    0.2737789452075958,
    0.276618629693985,
    0.26743149757385254,
    0.2704003155231476,
    0.261072039604187,
    0.2641693949699402,
    0.25467419624328613,
    null,
    null,
    null,
    null,
    null,
    null,
    null,
    null,
    null,
    null,
    null,
    null,
    null,
    null,
    null,
    null,
    null,
    null,
    null,
    null,
    null,
    null,
    null,
    null,
    null,
    null,
    null,
    null,
    null,
    null,
    null,
    null,
    null,
    null,
    null,
    null,
    null,
    null,
    null,
    null,
    null,
    null,
    null,
    null,
    null,
    null,
    null,
    null,
    null,
    null,
    null,
    0.9402610063552856,
    0.9407253265380859,
    0.9514374732971191,
    0.9523783326148987,
    0.9330500960350037,
    0.924240231513977,
    0.9155977368354797,
    0.9071111083030701,
    0.8987690210342407,
    0.8905606269836426,
    0.8863059282302856,
    0.8744995594024658,
    0.8666243553161621,
    0.8588370680809021,
    0.8552234768867493,
    0.8586795926094055,
    0.8369200825691223,
    0.8387665152549744,
    0.8285661935806274,
    0.8328059315681458,
    0.8269613981246948,
    0.819546639919281,
    0.8148918151855469,
    0.8199756741523743,
    0.803609311580658,
    0.8090904355049133,
    0.8037896156311035,
    0.7987084984779358,
    0.8048785924911499,
    0.7888091206550598,
    0.7953971028327942,
    0.7869181036949158,
    0.7863873839378357,
    0.7824174165725708,
    null,
    0.7758153080940247,
    0.7665532231330872,
    0.7536706328392029,
    0.7620372772216797,
    0.7487655282020569,
    0.7378724813461304,
    0.7385551929473877,
    0.7272228002548218,
    0.7185002565383911,
    0.7144834995269775,
    0.6980856657028198,
    0.6945174932479858,
    0.6848392486572266,
    0.6875853538513184,
    0.6875858902931213,
    0.6771982908248901,
    0.6809000372886658,
    0.6712366342544556,
    0.675244927406311,
    0.6662460565567017,
    0.6576440930366516,
