{
  "step": 105,
  "timestamp": 3.36,
  "robot_pose_odom": {
    "x": -4.527519603669805e-11,
    "y": 1.9312467244541595e-18,
    "yaw_fused": -3.783555493069702e-07,
    "yaw_imu": -3.8078106356920216e-07
  },
  "lidar_pose_relative_to_robot": {
    "x_offset": 0.0,
    "y_offset": 0.0,
    "yaw_offset": 0.0
  },
  "lidar_meta": {
    "fov": 6.283184,
    "horizontal_resolution": 400,
    "angle_min": -3.141592,
    "angle_increment": 0.015747328320802004
  },
  "ranges": [
    1.0278418064117432,
    1.0228866338729858,
    1.0182291269302368,
    1.0035173892974854,
    0.504891037940979,
    0.5029905438423157,
    0.49099838733673096,
    0.48940378427505493,
    0.4879394471645355,
    0.48660358786582947,
    0.4853944480419159,
    0.5064329504966736,
    0.5359616875648499,
    0.5646597743034363,
    0.6009514927864075,
    0.632522702217102,
    0.6799207925796509,
    0.7312920689582825,
    0.7907140254974365,
    0.8602129220962524,
    0.9398165941238403,
    1.4065213203430176,
    null,
    null,
    null,
    1.396066665649414,
    1.416229486465454,
    2.35864520072937,
    2.0160181522369385,
    2.001018762588501,
    1.9955562353134155,
    1.9943350553512573,
    null,
    null,
    2.371208906173706,
    2.37188458442688,
    2.3416738510131836,
    2.236475944519043,
    2.189809560775757,
    2.1399857997894287,
    2.0993878841400146,
    2.0982789993286133,
    3.111189603805542,
    3.122962236404419,
    3.047548770904541,
    2.9538331031799316,
    1.0608879327774048,
    1.0018032789230347,
    0.9437034726142883,
    0.9380841851234436,
    0.8365422487258911,
    0.8056524991989136,
    0.7715405225753784,
    0.7361021637916565,
    0.7127457857131958,
    0.6855781078338623,
    0.6505044102668762,
    0.6342573165893555,
    0.6199548244476318,
    0.6268370747566223,
    0.6091680526733398,
    0.6163952350616455,
    0.62395179271698,
    0.6189587712287903,
    0.627054750919342,
    0.6222841739654541,
    0.6309620141983032,
    0.6264275312423706,
    0.6357366442680359,
    0.6454882621765137,
    0.6454887986183167,
    0.6495575904846191,
    0.6536639928817749,
    0.6578118801116943,
    0.662004828453064,
    0.6623573899269104,
    0.6705390214920044,
    0.6754780411720276,
    0.6918725967407227,
    0.6837604641914368,
    0.7005829215049744,
    0.6928910613059998,
    0.7064183354377747,
    0.7121152877807617,
    0.7258126735687256,
    0.735365092754364,
    0.7285653948783875,
    0.7489066123962402,
    0.7613090872764587,
    0.7550032734870911,
    0.7771663069725037,
    0.785037636756897,
    0.7927778959274292,
    0.7959060668945312,
    0.8188071846961975,
    0.8353257775306702,
    0.8434791564941406,
    0.8498438596725464,
    0.8585720658302307,
    2.128478765487671,
    2.1561813354492188,
    0.8148496150970459,
    0.8208950757980347,
    0.8160576820373535,
    0.8084771037101746,
    0.8291160464286804,
    0.8819482326507568,
    1.144107699394226,
    1.2449544668197632,
    1.3577156066894531,
    2.4283008575439453,
    2.4534871578216553,
    2.474151849746704,
    2.47625470161438,
    2.4423630237579346,
    2.43178653717041,
    2.4315478801727295,
    2.401153326034546,
    2.4089980125427246,
    2.4101786613464355,
    2.3919754028320312,
    2.3923821449279785,
    2.3832814693450928,
    2.35750675201416,
    2.3784496784210205,
    2.3694608211517334,
    2.374147653579712,
    2.365125894546509,
    2.369494915008545,
    2.3684070110321045,
    2.364884853363037,
    null,
    null,
    null,
    null,
    null,
    2.249091386795044,
    1.9067902565002441,
    1.6280317306518555,
    1.448474645614624,
    1.4030755758285522,
    1.405832052230835,
    1.409359335899353,
    0.811136782169342,
    0.7426902651786804,
    0.6800439953804016,
    0.649823009967804,
    0.6077821850776672,
    0.5777405500411987,
    0.5303374528884888,
    0.5202382206916809,
    0.49148645997047424,
    0.47720420360565186,
    0.45173949003219604,
    0.44322484731674194,
    0.4137478470802307,
    0.4005367159843445,
    0.3779298961162567,
    0.3750380873680115,
    0.36271172761917114,
    0.3449382781982422,
    0.3388141393661499,
    0.32720890641212463,
    0.31426480412483215,
    0.31348392367362976,
    0.30366548895835876,
    0.2927783131599426,
    0.2814658284187317,
    0.2810482084751129,
    0.270675927400589,
    0.2704085111618042,
    0.2602006196975708,
    0.26007217168807983,
    0.2500077188014984,
    0.2500077188014984,
    0.24006663262844086,
    0.2401851862668991,
    0.23034800589084625,
    0.2305757999420166,
    0.22082360088825226,
    0.2211517095565796,
    0.2215355932712555,
    0.21188585460186005,
    0.21236006915569305,
    0.21288906037807465,
    0.20522379875183105,
    null,
    null,
    null,
    null,
    null,
    null,
    null,
    null,
    null,
    null,
    null,
    null,
    null,
    null,
    null,
    null,
    null,
    null,
    null,
    null,
    null,
    null,
    null,
    null,
    null,
    null,
    null,
    null,
    null,
    null,
    null,
    null,
    null,
    null,
    null,
    null,
    null,
    null,
    null,
    null,
    null,
    null,
    null,
    null,
    null,
    null,
    null,
    null,
    null,
    null,
    null,
    null,
    null,
    null,
    null,
    null,
    null,
    null,
    null,
    null,
    null,
    null,
    null,
    null,
    null,
    null,
    null,
    null,
    null,
    null,
    null,
    null,
    null,
    null,
    null,
    null,
    null,
    null,
    null,
    null,
    null,
    null,
    null,
    null,
    null,
    null,
    null,
    null,
    null,
    null,
    0.20348086953163147,
    0.21288906037807465,
    0.21347349882125854,
    0.21411412954330444,
    0.2148117870092392,
    0.21556736528873444,
    0.22668574750423431,
    0.2276018261909485,
    0.2285819947719574,
    0.22962763905525208,
    0.2412281334400177,
    0.24246248602867126,
    0.25436875224113464,
    0.25581133365631104,
    0.25733423233032227,
    0.2589396834373474,
    0.27148962020874023,
    0.2733413577079773,
    0.2862984240055084,
    0.28842252492904663,
    0.3018294870853424,
    0.3042549192905426,
    0.3181588649749756,
    0.3209182918071747,
    0.33160242438316345,
    0.35017362236976624,
    0.3535607159137726,
    0.36691421270370483,
    0.38486072421073914,
    0.38899126648902893,
    0.40271133184432983,
    0.4226880669593811,
    0.44028231501579285,
    0.4590054452419281,
    0.48490485548973083,
    0.5094819664955139,
    0.5291222333908081,
    0.561464250087738,
    0.5945743918418884,
    0.6419154405593872,
    0.6805346012115479,
    0.7225590944290161,
    0.7477657198905945,
    0.8445456624031067,
    0.9223743081092834,
    1.0081760883331299,
    1.1457123756408691,
    1.152756690979004,
    1.1720930337905884,
    1.1867917776107788,
    1.1991620063781738,
    1.2196916341781616,
    1.234241247177124,
    1.2539665699005127,
    1.265946865081787,
    1.2866301536560059,
    1.30658757686615,
    1.310821294784546,
    1.3560689687728882,
    1.375641942024231,
    1.4059278964996338,
    1.452784776687622,
    1.4720332622528076,
    1.4864037036895752,
    1.5155975818634033,
    1.518187403678894,
    1.5939027070999146,
    1.6460764408111572,
    1.6631983518600464,
    1.7462100982666016,
    1.777683973312378,
    1.816797137260437,
    1.8662314414978027,
    1.883874773979187,
    1.941086769104004,
    1.9661376476287842,
    1.9903619289398193,
    1.144887924194336,
    1.1555734872817993,
    1.1549655199050903,
    1.1665366888046265,
    1.1666090488433838,
    1.1791298389434814,
    1.192219614982605,
    1.1934722661972046,
    1.2076318264007568,
    1.222436547279358,
    1.2250229120254517,
    1.2410461902618408,
    1.257808804512024,
    1.261924386024475,
    1.2800915241241455,
    1.2852942943572998,
    1.3050094842910767,
    1.3189713954925537,
    1.3329334259033203,
