{
  "step": 445,
  "timestamp": 14.24,
  "robot_pose_odom": {
    "x": -0.8641260970971308,
    "y": -1.0388716816279293,
    "yaw_fused": -3.1023119418386154,
    "yaw_imu": -3.081908117717622
  },
  "lidar_pose_relative_to_robot": {
    "x_offset": 0.0,
    "y_offset": 0.0,
    "yaw_offset": 0.0
  },
  "lidar_meta": {
    "fov": 6.283184,
    "horizontal_resolution": 400,
    "angle_min": -3.141592,
    "angle_increment": 0.015747328320802004
  },
  "ranges": [
    0.5204012393951416,
    0.5207868218421936,
    0.5112767815589905,
    0.5119092464447021,
    0.5026175379753113,
    0.5034899711608887,
    0.49342915415763855,
    0.48662763833999634,
    0.463236540555954,
    0.4453621208667755,
    0.4407729208469391,
    0.4165424704551697,
    0.4071721136569977,
    0.4059493839740753,
    0.3779301941394806,
    0.3683305084705353,
    0.35112208127975464,
    0.34883126616477966,
    0.33889928460121155,
    0.3282966613769531,
    0.31858280301094055,
    0.31373023986816406,
    null,
    null,
    null,
    null,
    0.27732935547828674,
    0.279471755027771,
    0.27044883370399475,
    0.2613447606563568,
    0.26361143589019775,
    0.2544194459915161,
    null,
    null,
    0.2359764128923416,
    null,
    null,
    null,
    null,
    null,
    null,
    null,
    null,
    null,
    null,
    null,
    null,
    null,
    null,
    null,
    null,
    null,
    null,
    null,
    null,
    null,
    null,
    null,
    null,
    null,
    null,
    null,
    null,
    null,
    null,
    null,
    null,
    null,
    null,
    null,
    null,
    null,
    null,
    null,
    null,
    null,
    null,
    null,
    null,
    null,
    null,
    null,
    null,
    null,
    null,
    null,
    null,
    null,
    null,
    null,
    null,
    null,
    null,
    null,
    null,
    null,
    null,
    null,
    null,
    null,
    null,
    null,
    null,
    null,
    null,
    null,
    null,
    null,
    null,
    null,
    null,
    null,
    null,
    null,
    null,
    null,
    null,
    null,
    null,
    null,
    null,
    null,
    null,
    null,
    null,
    null,
    null,
    null,
    null,
    null,
    null,
    null,
    null,
    null,
    null,
    null,
    null,
    null,
    null,
    null,
    null,
    null,
    null,
    null,
    0.28191938996315,
    0.2780420184135437,
    0.2874002754688263,
    0.2965845763683319,
    0.30560919642448425,
    0.31016895174980164,
    0.3232322037220001,
    0.33185502886772156,
    0.3282115161418915,
    0.3456112742424011,
    0.35501211881637573,
    0.36534640192985535,
    0.37315472960472107,
    0.377861887216568,
    0.4165267050266266,
    0.42005428671836853,
    0.42534139752388,
    0.46368882060050964,
    0.4821625351905823,
    0.4954189956188202,
    0.5161328315734863,
    0.5255982875823975,
    0.5456864237785339,
    0.5603427886962891,
    0.5763856172561646,
    0.592939019203186,
    0.6100337505340576,
    0.6276057958602905,
    0.6570751667022705,
    0.665377676486969,
    0.7015293836593628,
    0.7275901436805725,
    0.7410724759101868,
    0.7901559472084045,
    0.8177992105484009,
    0.8534256219863892,
    0.8885743618011475,
    0.9324076771736145,
    0.9911226034164429,
    1.0382163524627686,
    1.0979124307632446,
    1.1443595886230469,
    1.249678611755371,
    1.3743879795074463,
    1.431713342666626,
    1.469650387763977,
    1.503569483757019,
    1.5388333797454834,
    1.5617015361785889,
    1.59968900680542,
    1.6276832818984985,
    1.6322674751281738,
    1.6793982982635498,
    1.7499618530273438,
    1.7859675884246826,
    1.8536372184753418,
    1.885083556175232,
    1.9378914833068848,
    2.0299911499023438,
    2.05022931098938,
    2.1118838787078857,
    2.1799850463867188,
    2.27689790725708,
    2.296715259552002,
    2.468845844268799,
    2.500448703765869,
    2.5371785163879395,
    2.770599603652954,
    2.825646162033081,
    2.921464204788208,
    2.9123308658599854,
    2.90641188621521,
    2.885007619857788,
    2.873300075531006,
    1.4703824520111084,
    1.4673250913619995,
    1.5527771711349487,
    1.6426113843917847,
    1.7456309795379639,
    1.865151286125183,
    2.0094234943389893,
    2.1727068424224854,
    2.78922176361084,
    2.7932958602905273,
    2.782052755355835,
    2.7784130573272705,
    2.7823243141174316,
    2.7732880115509033,
    2.773239850997925,
    2.777695417404175,
    2.7707934379577637,
    2.774695873260498,
    2.7691948413848877,
    2.7738726139068604,
    2.780369997024536,
    2.7769346237182617,
    2.7842063903808594,
    2.7821450233459473,
    2.8007774353027344,
    2.800086498260498,
    2.810086727142334,
    2.8107800483703613,
    1.5836553573608398,
    1.0698468685150146,
    0.9905881881713867,
    0.9360702633857727,
    0.871674656867981,
    0.8227076530456543,
    0.7831199169158936,
    0.7532492280006409,
    0.7049923539161682,
    0.6868292689323425,
    0.63764488697052,
    0.6296811103820801,
    0.5885117650032043,
    0.5852130055427551,
    0.548949658870697,
    0.5101498961448669,
    0.5047627091407776,
    0.49022310972213745,
    0.47594329714775085,
    0.4660797417163849,
    0.44648846983909607,
    0.4423973858356476,
    0.4270061254501343,
    0.4170028567314148,
    0.4022938013076782,
    0.3963649868965149,
    0.38568371534347534,
    0.3854358196258545,
    0.3718671202659607,
    0.3632409870624542,
    0.35921862721443176,
    0.34693560004234314,
    0.3385011851787567,
    0.34177538752555847,
    0.32139265537261963,
    0.3247262239456177,
    0.31605541706085205,
    0.30727308988571167,
    0.29836803674697876,
    0.30190786719322205,
    0.29287534952163696,
    0.2965843975543976,
    0.28740009665489197,
    0.29128193855285645,
    0.2819192111492157,
    0.27235978841781616,
    null,
    null,
    null,
    null,
    null,
    null,
    null,
    null,
    null,
    null,
    null,
    null,
    0.24292871356010437,
    0.2552756369113922,
    0.26459184288978577,
    0.2618756890296936,
    0.2877289652824402,
    1.2252445220947266,
    1.2258400917053223,
    1.2149056196212769,
    1.2044591903686523,
    1.1944828033447266,
    1.1961395740509033,
    1.1869699954986572,
    1.1892399787902832,
    1.1808350086212158,
    1.172835350036621,
    1.1652289628982544,
    1.1587004661560059,
    1.1715117692947388,
    1.1606683731079102,
    1.1511160135269165,
    1.1589674949645996,
    1.1562541723251343,
    1.7297533750534058,
    1.7560222148895264,
    1.8933522701263428,
    1.9525561332702637,
    2.048245906829834,
    2.2427375316619873,
    2.099952220916748,
    2.081129789352417,
    3.7061517238616943,
    3.7226479053497314,
    3.7019057273864746,
    3.706080436706543,
    3.7104275226593018,
    3.7321677207946777,
    null,
    null,
    null,
    3.6058743000030518,
    3.2283172607421875,
    2.919562339782715,
    2.770251750946045,
    2.77142596244812,
    2.1260786056518555,
    1.979240894317627,
    1.8931328058242798,
    1.7515188455581665,
    1.6564562320709229,
    1.5662370920181274,
    1.4856096506118774,
    1.412258267402649,
    1.3546417951583862,
    1.2996697425842285,
    1.235605001449585,
    1.196953296661377,
    1.1488916873931885,
    1.1049275398254395,
    1.0655618906021118,
    1.0384854078292847,
    1.002345323562622,
    null,
    null,
    0.9211641550064087,
    0.8889551162719727,
    0.8678452968597412,
    0.8479325175285339,
    0.8287065029144287,
    0.8101304173469543,
    0.7921684384346008,
    0.7747876048088074,
    0.7579565644264221,
    0.7416459321975708,
    0.7258275747299194,
    0.7159175872802734,
    0.695563554763794,
    0.6857461333274841,
    0.6773152351379395,
    0.6635472774505615,
    0.6501349210739136,
    0.6342062950134277,
    0.6321465373039246,
    0.6181737780570984,
    0.6082544326782227,
    0.6067430377006531,
    0.5962697267532349,
    0.5848024487495422,
