{
  "step": 1625,
  "timestamp": 52.0,
  "robot_pose_odom": {
    "x": -1.6524608805246037,
    "y": 1.0758974292142898,
    "yaw_fused": -2.7301714577083342,
    "yaw_imu": -2.7300918779660375
  },
  "lidar_pose_relative_to_robot": {
    "x_offset": 0.0,
    "y_offset": 0.0,
    "yaw_offset": 0.0
  },
  "lidar_meta": {
    "fov": 6.283184,
    "horizontal_resolution": 400,
    "angle_min": -3.141592,
    "angle_increment": 0.015747328320802004
  },
  "ranges": [
    0.6355243921279907,
    0.6401184797286987,
    0.6318539381027222,
    0.6366855502128601,
    0.6289747953414917,
    0.634032130241394,
    0.6268370747566223,
    0.6321108341217041,
    0.6253986358642578,
    0.6308820247650146,
    0.6364094614982605,
    0.6303126811981201,
    0.6322805881500244,
    1.879664659500122,
    1.8635023832321167,
    1.8480676412582397,
    1.8445137739181519,
    1.8303738832473755,
    1.8168941736221313,
    1.1152328252792358,
    1.1076775789260864,
    1.0851445198059082,
    null,
    null,
    null,
    null,
    1.0488182306289673,
    1.043761968612671,
    1.0286191701889038,
    1.024208426475525,
    1.009782075881958,
    1.0059810876846313,
    null,
    null,
    0.9860442876815796,
    0.9833447337150574,
    0.9809012413024902,
    0.968621015548706,
    0.9667007327079773,
    0.9650256633758545,
    0.9635939002037048,
    0.9523783326148987,
    0.9514374732971191,
    0.9507330656051636,
    0.9502637386322021,
    0.9400290250778198,
    0.9400290250778198,
    0.9302582144737244,
    0.9307176470756531,
    0.9314072132110596,
    1.0197182893753052,
    1.1871201992034912,
    2.14115047454834,
    2.144867181777954,
    2.1390380859375,
    2.1438252925872803,
    2.137482166290283,
    2.134735107421875,
    2.141141176223755,
    2.1378886699676514,
    2.1454086303710938,
    2.139113187789917,
    2.141526222229004,
    2.1403586864471436,
    2.1501495838165283,
    2.1500768661499023,
    2.161078691482544,
    2.1621341705322266,
    2.174396276473999,
    2.17940354347229,
    1.4648815393447876,
    1.3552398681640625,
    1.270878791809082,
    1.2005404233932495,
    1.129710078239441,
    1.0794665813446045,
    1.0705265998840332,
    1.0681047439575195,
    1.0773684978485107,
    1.0755003690719604,
    1.085538387298584,
    1.0960383415222168,
    0.6350663304328918,
    0.6102035641670227,
    0.5956428647041321,
    0.6022552251815796,
    0.5967360734939575,
    0.6038157343864441,
    0.6112180948257446,
    0.6189587712287903,
    0.6139910817146301,
    0.6222841739654541,
    0.6309620141983032,
    0.6400455236434937,
    0.6357366442680359,
    0.6454882621765137,
    0.6524690985679626,
    0.6695553660392761,
    0.667281985282898,
    0.684661328792572,
    0.6880028247833252,
    0.7054370045661926,
    0.6963289976119995,
    0.7136792540550232,
    0.7252925038337708,
    0.7363330721855164,
    0.7468568682670593,
    0.7569144368171692,
    0.7785797715187073,
    0.7877181768417358,
    0.8062851428985596,
    0.8167082667350769,
    0.8173140287399292,
    0.852059006690979,
    0.8628342151641846,
    0.8818284869194031,
    0.8947790265083313,
    0.91557776927948,
    0.9360737204551697,
    0.9557300806045532,
    0.9578270316123962,
    1.0233021974563599,
    1.030334234237671,
    1.0634100437164307,
    1.0949674844741821,
    1.1166479587554932,
    1.1591851711273193,
    1.181688666343689,
    1.2328311204910278,
    1.2652815580368042,
    1.2511355876922607,
    1.248655080795288,
    1.2370152473449707,
    1.2245672941207886,
    1.22305428981781,
    1.2118308544158936,
    1.2109335660934448,
    1.2004156112670898,
    1.190036654472351,
    1.190036654472351,
    1.1803275346755981,
    1.1809104681015015,
    1.1717703342437744,
    1.172929048538208,
    1.1639111042022705,
    1.1560202836990356,
    1.158026933670044,
    1.1502374410629272,
    1.1528117656707764,
    1.1455459594726562,
    1.1486908197402954,
    1.141942024230957,
    1.1456629037857056,
    1.142859935760498,
    1.1499392986297607,
    1.8159599304199219,
    1.8078758716583252,
    1.8161457777023315,
    1.8117337226867676,
    1.8131977319717407,
    1.8229758739471436,
    null,
    null,
    null,
    null,
    null,
    null,
    null,
    null,
    null,
    null,
    null,
    null,
    null,
    null,
    null,
    null,
    null,
    null,
    null,
    null,
    null,
    null,
    null,
    null,
    null,
    null,
    null,
    null,
    null,
    null,
    null,
    null,
    null,
    null,
    null,
    null,
    null,
    null,
    null,
    null,
    null,
    null,
    null,
    null,
    null,
    null,
    null,
    null,
    null,
    null,
    null,
    null,
    null,
    null,
    null,
    null,
    null,
    null,
    null,
    null,
    null,
    null,
    null,
    null,
    null,
    null,
    null,
    null,
    null,
    null,
    0.4301823675632477,
    0.4226880967617035,
    0.427702933549881,
    0.4202125668525696,
    0.4126392900943756,
    0.4180366098880768,
    0.41044288873672485,
    0.4161665737628937,
    0.4085398316383362,
    0.40079066157341003,
    0.40693843364715576,
    0.40693843364715576,
    0.40079066157341003,
    0.4085398316383362,
    0.40274184942245483,
    0.397202730178833,
    0.40497294068336487,
    0.39974433183670044,
    0.3947450518608093,
    0.4025438725948334,
    0.39782407879829407,
    0.3933095335960388,
    0.4011472463607788,
    0.3968876004219055,
    0.3928133249282837,
    0.4007022976875305,
    0.38519108295440674,
    0.3816292881965637,
    0.3667638301849365,
    0.3636102080345154,
    0.3493298590183258,
    0.34654501080513,
    0.33279523253440857,
    0.33034437894821167,
    0.32800963521003723,
    0.31492793560028076,
    0.31288549304008484,
    0.30022329092025757,
    0.29844656586647034,
    0.29676353931427,
    0.2951717674732208,
    0.2831808924674988,
    0.28181570768356323,
    0.28053250908851624,
    0.26898401975631714,
    0.26790136098861694,
    0.2668929398059845,
    0.26595744490623474,
    0.254897803068161,
    0.2541351318359375,
    0.25343936681747437,
    0.2528096139431,
    0.2421552538871765,
    0.24167518317699432,
    0.24125641584396362,
    0.2408984750509262,
    0.2406008392572403,
    0.23034800589084625,
    0.23017746210098267,
    0.23006384074687958,
    0.2300070971250534,
    0.2200067937374115,
    0.22006107866764069,
    0.22016975283622742,
    0.22033289074897766,
    0.2205507755279541,
    0.22082360088825226,
    0.21109935641288757,
    0.2114657759666443,
    0.21188585460186005,
    0.21236006915569305,
    0.21288906037807465,
    0.21347349882125854,
    0.2039182037115097,
    0.20458266139030457,
    0.20530225336551666,
    null,
    null,
    null,
    null,
    null,
    null,
    null,
    null,
    null,
    null,
    null,
    null,
    null,
    null,
    null,
    null,
    null,
    null,
    null,
    null,
    null,
    null,
    null,
    null,
    null,
    0.9448321461677551,
    0.9560415744781494,
    0.9422945976257324,
    0.9464372992515564,
    0.9366944432258606,
    0.9263249039649963,
    0.9105071425437927,
    0.9034044742584229,
    0.8845031261444092,
    0.8770567178726196,
    0.884039044380188,
    0.8706835508346558,
    0.871552050113678,
    0.8591828942298889,
    0.8606062531471252,
    0.8491371273994446,
    0.8381738066673279,
    0.8404252529144287,
    0.8302471041679382,
    0.8205124735832214,
    0.823492169380188,
    0.8144508600234985,
    0.8178293704986572,
    0.8094339966773987,
    0.8014050126075745,
    0.8053998947143555,
    0.7979525923728943,
    0.8022962212562561,
    0.7953976392745972,
    0.7888094186782837,
    0.793700098991394,
    0.7876155972480774,
    0.781815230846405,
    null,
    null,
    0.7768193483352661,
    0.7655699849128723,
    0.7584955096244812,
    0.7506805658340454,
    0.7341136336326599,
    0.7325549721717834,
    0.7377691864967346,
