{
  "step": 215,
  "timestamp": 6.88,
  "robot_pose_odom": {
    "x": -0.024504360292360586,
    "y": -0.04286724542075921,
    "yaw_fused": -2.090550007641714,
    "yaw_imu": -2.093756251042338
  },
  "lidar_pose_relative_to_robot": {
    "x_offset": 0.0,
    "y_offset": 0.0,
    "yaw_offset": 0.0
  },
  "lidar_meta": {
    "fov": 6.283184,
    "horizontal_resolution": 400,
    "angle_min": -3.141592,
    "angle_increment": 0.015747328320802004
  },
  "ranges": [
    null,
    null,
    null,
    2.406557559967041,
    2.0525341033935547,
    1.777087926864624,
    1.5522321462631226,
    1.4592400789260864,
    1.4564096927642822,
    1.4609209299087524,
    0.8854028582572937,
    0.8139386773109436,
    0.7227699160575867,
    0.7227027416229248,
    0.6710208654403687,
    0.6446619033813477,
    0.6017398238182068,
    0.5693241357803345,
    0.5525619387626648,
    0.5337975025177002,
    0.496614933013916,
    0.47370249032974243,
    null,
    null,
    null,
    null,
    0.4026259183883667,
    0.37713176012039185,
    0.37351879477500916,
    0.37006494402885437,
    0.355302631855011,
    0.3408846855163574,
    0.3380611836910248,
    null,
    0.32428011298179626,
    0.3083215057849884,
    0.3061424195766449,
    0.3040684461593628,
    0.2913072407245636,
    0.2787788212299347,
    0.2805180549621582,
    0.2714896500110626,
    0.26240774989128113,
    0.26427555084228516,
    0.25514304637908936,
    0.257114052772522,
    0.2479115128517151,
    0.24998202919960022,
    0.24068878591060638,
    0.23129048943519592,
    0.23344917595386505,
    null,
    null,
    null,
    null,
    null,
    null,
    null,
    null,
    null,
    null,
    null,
    null,
    null,
    null,
    null,
    null,
    null,
    null,
    null,
    null,
    null,
    null,
    null,
    null,
    null,
    null,
    null,
    null,
    null,
    null,
    null,
    null,
    null,
    null,
    null,
    null,
    null,
    null,
    null,
    null,
    null,
    null,
    null,
    null,
    null,
    null,
    null,
    null,
    null,
    null,
    null,
    null,
    null,
    null,
    null,
    null,
    null,
    null,
    null,
    null,
    null,
    null,
    null,
    null,
    null,
    null,
    null,
    null,
    null,
    null,
    null,
    null,
    null,
    null,
    null,
    null,
    null,
    null,
    null,
    null,
    null,
    null,
    null,
    null,
    null,
    0.21083694696426392,
    0.21197393536567688,
    0.21317610144615173,
    0.21444520354270935,
    0.2265722155570984,
    0.22805127501487732,
    0.2296067327260971,
    0.23124101758003235,
    0.2329566478729248,
    0.2347562611103058,
    0.2366427183151245,
    0.24998195469379425,
    0.2521500885486603,
    0.2544194459915161,
    0.2567940056324005,
    0.259277880191803,
    0.2618755102157593,
    0.276618629693985,
    0.2795874774456024,
    0.28269124031066895,
    0.28593602776527405,
    0.30190786719322205,
    0.3056090474128723,
    0.30947938561439514,
    0.313527375459671,
    0.3177621066570282,
    0.33561810851097107,
    0.3404497504234314,
    0.3593294024467468,
    0.36484119296073914,
    0.3718217611312866,
    0.3731500804424286,
    0.39492201805114746,
    0.4003688395023346,
    0.42320090532302856,
    0.4402754008769989,
    0.45642760396003723,
    0.47173863649368286,
    0.4949191212654114,
    0.5125569701194763,
    0.535021185874939,
    0.5624186992645264,
    0.5950074195861816,
    0.6231610774993896,
    0.6571255326271057,
    0.7014398574829102,
    0.7172626852989197,
    0.7980886101722717,
    0.8536924123764038,
    0.9299819469451904,
    1.029394507408142,
    1.0819754600524902,
    1.1010504961013794,
    1.1174840927124023,
    1.1141993999481201,
    1.1498792171478271,
    1.1696813106536865,
    1.1552191972732544,
    1.1760179996490479,
    1.190216302871704,
    1.211384892463684,
    1.233285903930664,
    1.2424358129501343,
    1.2685672044754028,
    1.2930314540863037,
    1.318087100982666,
    1.3295190334320068,
    1.3608458042144775,
    1.3893860578536987,
    1.4191229343414307,
    1.4501276016235352,
    1.482476830482483,
    1.5073413848876953,
    1.539254903793335,
    1.576019048690796,
    1.6144938468933105,
    1.654791235923767,
    1.6970332860946655,
    1.7413525581359863,
    1.8006526231765747,
    1.8257629871368408,
    1.865665316581726,
    1.893390417098999,
    1.9224333763122559,
    1.101575493812561,
    1.077988624572754,
    1.0804380178451538,
    1.089776635169983,
    1.098446011543274,
    1.106521725654602,
    1.1038641929626465,
    1.121158480644226,
    1.1364725828170776,
    1.1465895175933838,
    1.1524577140808105,
    1.1515735387802124,
    1.1754677295684814,
    1.1763482093811035,
    1.2069861888885498,
    1.2135722637176514,
    1.2105066776275635,
    1.2417443990707397,
    1.2491710186004639,
    1.267834186553955,
    1.2909246683120728,
    1.2927461862564087,
    1.3102688789367676,
    1.3184696435928345,
    1.3270518779754639,
    1.3718913793563843,
    1.3994635343551636,
    1.4152581691741943,
    1.4302984476089478,
    1.459455132484436,
    1.4842760562896729,
    1.4850656986236572,
    1.5029228925704956,
    1.5683022737503052,
    1.6197015047073364,
    1.6321196556091309,
    1.675905466079712,
    1.7050663232803345,
    1.689373254776001,
    1.6711536645889282,
    1.073146104812622,
    1.0594292879104614,
    1.0573289394378662,
    1.0460205078125,
    1.0342875719070435,
    1.022553563117981,
    1.0215433835983276,
    1.0109251737594604,
    1.0001951456069946,
    0.9900305271148682,
    0.9900305271148682,
    0.9801896810531616,
    0.9707484841346741,
    0.9714676737785339,
    0.9620883464813232,
    0.953125,
    0.9449209570884705,
    0.9465611577033997,
    0.939322829246521,
    0.4639364778995514,
    0.4561908543109894,
    0.4574432373046875,
    0.4588159918785095,
    0.45008185505867004,
    0.4516649842262268,
    0.45337149500846863,
    0.455203652381897,
    0.5589940547943115,
    0.6137292981147766,
    0.677083432674408,
    0.7488503456115723,
    0.8505253791809082,
    1.3844633102416992,
    1.3803869485855103,
    1.3764516115188599,
    1.3791671991348267,
    2.0822205543518066,
    2.003944158554077,
    1.9805233478546143,
    1.9733058214187622,
    1.9720227718353271,
    1.9884928464889526,
    2.01328444480896,
    2.3516247272491455,
    2.3359429836273193,
    2.2786288261413574,
    2.2175731658935547,
    2.188249349594116,
    2.1297194957733154,
    2.1053714752197266,
    2.088576316833496,
    2.1133551597595215,
    3.0711915493011475,
    3.0249459743499756,
    2.976022958755493,
    2.9246160984039307,
    2.8800134658813477,
    1.0760546922683716,
    1.0212440490722656,
    0.954269289970398,
    0.9331881999969482,
    0.8921468257904053,
    0.871552050113678,
    0.8323334455490112,
    0.8071637153625488,
    0.7746439576148987,
    0.7479089498519897,
    0.7252307534217834,
    0.7044520974159241,
    0.6837604641914368,
    0.6665998697280884,
    0.6442670822143555,
    0.6374257802963257,
    0.6406946778297424,
    0.6412899494171143,
    0.6419854164123535,
    0.6360491514205933,
    0.6418370008468628,
    0.647310733795166,
    0.6535849571228027,
    0.6541986465454102,
    0.6681686043739319,
    0.6717004179954529,
    0.6669531464576721,
    0.6776325702667236,
    0.679716944694519,
    0.682805597782135,
    0.6944589018821716,
    0.6945949196815491,
    0.7029579281806946,
    0.7137138247489929,
    0.711578369140625,
    0.7182216048240662,
    0.7268582582473755,
    0.7375269532203674,
    0.744411051273346,
    0.7533502578735352,
    0.7624136209487915,
    0.7722428441047668,
    0.7909736633300781,
    0.8007630705833435,
    0.810142457485199,
    0.8199986815452576,
    0.8300521373748779,
    0.8401508331298828,
    0.8603723645210266,
    null,
    0.9231585264205933,
    2.1890242099761963,
