{
  "step": 125,
  "timestamp": 4.0,
  "robot_pose_odom": {
    "x": 2.3569177666491645e-09,
    "y": -2.803974126705181e-10,
    "yaw_fused": -0.45454840948956426,
    "yaw_imu": -0.4629149966298738
  },
  "lidar_pose_relative_to_robot": {
    "x_offset": 0.0,
    "y_offset": 0.0,
    "yaw_offset": 0.0
  },
  "lidar_meta": {
    "fov": 6.283184,
    "horizontal_resolution": 400,
    "angle_min": -3.141592,
    "angle_increment": 0.015747328320802004
  },
  "ranges": [
    1.4039312601089478,
    2.084894895553589,
    2.0245115756988525,
    1.9991925954818726,
    1.9958218336105347,
    1.9862751960754395,
    2.0214896202087402,
    2.0292272567749023,
    2.3965208530426025,
    2.3589718341827393,
    2.29611873626709,
    2.2414751052856445,
    2.212592363357544,
    2.1508209705352783,
    2.1134843826293945,
    2.0959792137145996,
    3.1300840377807617,
    3.1060891151428223,
    3.0502769947052,
    3.0022528171539307,
    2.97334361076355,
    0.9851507544517517,
    null,
    null,
    null,
    null,
    0.7916594743728638,
    0.7798976898193359,
    0.7283427715301514,
    0.7028613686561584,
    0.6779488921165466,
    0.6398365497589111,
    null,
    null,
    0.6181737780570984,
    0.6285296082496643,
    0.6269678473472595,
    0.6255677938461304,
    0.6343973875045776,
    0.6332980990409851,
    0.6323584914207458,
    0.6416022181510925,
    0.640968382358551,
    0.650501549243927,
    0.650180459022522,
    0.6500200629234314,
    0.6600203514099121,
    0.6601831912994385,
    0.6705169677734375,
    0.6710137724876404,
    0.6817023754119873,
    0.6825456619262695,
    0.6936122179031372,
    0.6948161721229553,
    0.6961963772773743,
    0.707866907119751,
    0.7096301913261414,
    0.7217437624931335,
    0.7239096760749817,
    0.726268470287323,
    0.7425205111503601,
    0.7521845102310181,
    0.7552242279052734,
    0.7688667178153992,
    0.7828214764595032,
    0.7866134643554688,
    0.7996203303337097,
    0.8160997033119202,
    0.8207280039787292,
    0.8363363146781921,
    0.8415539264678955,
    0.8731053471565247,
    2.1320624351501465,
    2.14723801612854,
    2.171684741973877,
    0.8272364139556885,
    0.8254852890968323,
    0.8181227445602417,
    0.8252184391021729,
    0.9362091422080994,
    1.001290202140808,
    1.0756982564926147,
    1.431803822517395,
    1.569771409034729,
    2.4433515071868896,
    2.479877471923828,
    2.4672272205352783,
    2.4569454193115234,
    2.4460561275482178,
    2.4293594360351562,
    2.4467885494232178,
    2.421973466873169,
    2.414076089859009,
    2.401383399963379,
    2.397101402282715,
    2.37153697013855,
    2.392482280731201,
    2.370926856994629,
    2.387766122817993,
    2.3785507678985596,
    2.3704593181610107,
    2.3814728260040283,
    2.377779722213745,
    2.3690624237060547,
    null,
    null,
    null,
    null,
    null,
    null,
    2.010882616043091,
    1.7322571277618408,
    1.519768238067627,
    1.4058319330215454,
    1.419982671737671,
    1.4169875383377075,
    0.8097649216651917,
    0.7466022372245789,
    0.7048814296722412,
    0.6737058758735657,
    0.6168416738510132,
    0.580946683883667,
    0.8105366230010986,
    0.7479678392410278,
    0.7014936208724976,
    0.6529921889305115,
    0.6188018321990967,
    0.5736802816390991,
    0.5520675182342529,
    0.5181984305381775,
    0.49634310603141785,
    0.47177231311798096,
    0.45350784063339233,
    0.4324728846549988,
    0.4113416075706482,
    0.4003836214542389,
    0.38043898344039917,
    0.3700202703475952,
    0.3600377142429352,
    0.3500373661518097,
    0.33009159564971924,
    0.33025461435317993,
    0.32026270031929016,
    0.3110911548137665,
    0.3006916344165802,
    0.2909421920776367,
    0.2819543778896332,
    0.2825144827365875,
    0.2718011736869812,
    0.2635769248008728,
    0.26430052518844604,
    0.2572465240955353,
    0.24549919366836548,
    0.24636271595954895,
    0.23698963224887848,
    0.23794735968112946,
    0.2285819947719574,
    0.22962763905525208,
    0.22025176882743835,
    0.22137880325317383,
    0.21197393536567688,
    0.21317610144615173,
    null,
    null,
    null,
    null,
    null,
    null,
    null,
    null,
    null,
    null,
    null,
    null,
    null,
    null,
    null,
    null,
    null,
    null,
    null,
    null,
    null,
    null,
    null,
    null,
    null,
    null,
    null,
    null,
    null,
    null,
    null,
    null,
    null,
    null,
    null,
    null,
    null,
    null,
    null,
    null,
    null,
    null,
    null,
    null,
    null,
    null,
    null,
    null,
    null,
    null,
    null,
    null,
    null,
    null,
    null,
    null,
    null,
    null,
    null,
    null,
    null,
    null,
    null,
    null,
    null,
    null,
    null,
    null,
    null,
    null,
    null,
    null,
    null,
    null,
    null,
    null,
    null,
    null,
    null,
    null,
    null,
    null,
    null,
    null,
    null,
    null,
    null,
    null,
    null,
    null,
    null,
    null,
    null,
    null,
    null,
    null,
    null,
    null,
    0.2268867790699005,
    0.23664280772209167,
    0.23475629091262817,
    0.24404986202716827,
    0.24225255846977234,
    0.2514740526676178,
    0.24977043271064758,
    0.2697288691997528,
    0.2680565118789673,
    0.2771289348602295,
    0.27556613087654114,
    0.283069908618927,
    0.2963902950286865,
    0.30269095301628113,
    0.3013126850128174,
    0.32071173191070557,
    0.32562702894210815,
    0.3421815037727356,
    0.355167418718338,
    0.36940187215805054,
    0.37803593277931213,
    0.3938192129135132,
    0.4057287871837616,
    0.4218289256095886,
    0.4415629208087921,
    0.46356019377708435,
    0.48093381524086,
    0.501882016658783,
    0.5314667820930481,
    0.5599948167800903,
    0.5904111266136169,
    0.6299129128456116,
    0.6699144244194031,
    0.7206116318702698,
    0.7698661088943481,
    0.8428215980529785,
    0.9100728631019592,
    1.009466528892517,
    1.127015233039856,
    1.148711085319519,
    1.161298394203186,
    1.17180335521698,
    1.197779655456543,
    1.2115988731384277,
    1.2258579730987549,
    1.2348730564117432,
    1.2660412788391113,
    1.2817806005477905,
    1.2883374691009521,
    1.3346089124679565,
    1.3531334400177002,
    1.3766728639602661,
    1.4051859378814697,
    1.4305613040924072,
    1.4484162330627441,
    1.4852412939071655,
    1.515041470527649,
    1.544243335723877,
    1.5808769464492798,
    1.6185905933380127,
    1.6580376625061035,
    1.6987178325653076,
    1.752388834953308,
    1.7960630655288696,
    1.8259862661361694,
    1.8812482357025146,
    1.9146456718444824,
    1.9445841312408447,
    1.9780619144439697,
    1.1691312789916992,
    1.1459060907363892,
    1.1430559158325195,
    1.156176209449768,
    1.1698930263519287,
    1.1715013980865479,
    1.1734427213668823,
    1.188791275024414,
    1.2048479318618774,
    1.208225131034851,
    1.212001085281372,
    1.2300121784210205,
    1.2278655767440796,
    1.2558609247207642,
    1.263831377029419,
    1.2618582248687744,
    1.2911474704742432,
    1.310287356376648,
    1.3286033868789673,
    1.3332862854003906,
    1.3509560823440552,
    1.3754844665527344,
    1.385642170906067,
    1.407677173614502,
    1.428736925125122,
    1.4615927934646606,
    1.4683054685592651,
    1.4987667798995972,
    1.5166919231414795,
    1.5189827680587769,
    1.5780428647994995,
    1.5896847248077393,
    1.6200332641601562,
    1.649587631225586,
    1.6938968896865845,
    1.7179867029190063,
    null,
    null,
    1.122072458267212,
    1.6614121198654175,
    1.0857336521148682,
    1.063565969467163,
    1.05771803855896,
    1.047379970550537,
    1.0350306034088135,
    1.0342432260513306,
    1.023101568222046,
    1.0170530080795288,
    1.0109212398529053,
    1.0046839714050293,
    0.49727457761764526,
