{
  "step": 1535,
  "timestamp": 49.120000000000005,
  "robot_pose_odom": {
    "x": -1.501273352110184,
    "y": 1.1410017242501398,
    "yaw_fused": -2.738038003322578,
    "yaw_imu": -2.7303075423843
  },
  "lidar_pose_relative_to_robot": {
    "x_offset": 0.0,
    "y_offset": 0.0,
    "yaw_offset": 0.0
  },
  "lidar_meta": {
    "fov": 6.283184,
    "horizontal_resolution": 400,
    "angle_min": -3.141592,
    "angle_increment": 0.015747328320802004
  },
  "ranges": [
    0.45845481753349304,
    0.45101648569107056,
    0.4552259147167206,
    0.4596291482448578,
    0.4523305594921112,
    0.4449952244758606,
    0.4497712254524231,
    0.4547642171382904,
    0.4475520849227905,
    0.4528619050979614,
    0.458413690328598,
    0.4513242542743683,
    0.45722752809524536,
    0.4501631557941437,
    0.4564407467842102,
    0.4493938088417053,
    0.4560721218585968,
    1.64185631275177,
    1.66279935836792,
    1.6446237564086914,
    1.6477771997451782,
    1.6354433298110962,
    null,
    null,
    null,
    0.9295608401298523,
    0.9183031320571899,
    0.9075361490249634,
    0.909528374671936,
    0.8995423316955566,
    0.8899904489517212,
    0.8808541893959045,
    null,
    0.8754342794418335,
    0.8673393130302429,
    0.8596027493476868,
    0.8635742664337158,
    0.8564215898513794,
    0.849594235420227,
    0.8430812954902649,
    0.847883939743042,
    0.8418914675712585,
    0.836188018321991,
    0.830764889717102,
    0.8363363146781921,
    0.8313868045806885,
    0.826698362827301,
    0.8222641944885254,
    0.8180781602859497,
    0.8245719075202942,
    0.8208173513412476,
    0.817297637462616,
    0.8243118524551392,
    0.8212090134620667,
    0.8183306455612183,
    0.8031280040740967,
    0.8132323622703552,
    0.8110059499740601,
    0.8089907169342041,
    2.027078866958618,
    2.034099578857422,
    2.0305747985839844,
    2.037599563598633,
    2.0350821018218994,
    2.0430867671966553,
    2.041574001312256,
    2.0505690574645996,
    2.050063133239746,
    2.0600900650024414,
    2.0705747604370117,
    2.0715973377227783,
    2.0831472873687744,
    2.085207223892212,
    2.0978240966796875,
    2.1009411811828613,
    2.1139039993286133,
    1.4663128852844238,
    1.4142537117004395,
    1.3288841247558594,
    1.271262526512146,
    1.2219613790512085,
    1.1723195314407349,
    1.1256980895996094,
    1.086127519607544,
    1.0510263442993164,
    1.0031614303588867,
    1.0266436338424683,
    1.0146321058273315,
    1.0331010818481445,
    1.0386723279953003,
    1.0445629358291626,
    1.0615037679672241,
    1.0681262016296387,
    1.0707601308822632,
    1.0933654308319092,
    1.1011477708816528,
    1.109317421913147,
    1.1290658712387085,
    1.1381388902664185,
    1.1476444005966187,
    1.1651432514190674,
    0.6051236987113953,
    0.5949322581291199,
    0.5941468477249146,
    0.5832681655883789,
    0.5893179774284363,
    0.5956428647041321,
    0.6145461797714233,
    0.6216000914573669,
    0.6289747357368469,
    0.6366855502128601,
    0.657643735408783,
    0.6662456393241882,
    0.6752445101737976,
    0.6846609115600586,
    0.7081354260444641,
    0.7186588048934937,
    0.7296823859214783,
    0.7506956458091736,
    0.7662980556488037,
    0.7716101408004761,
    0.8031107783317566,
    0.833643913269043,
    0.8583121299743652,
    0.8588604927062988,
    0.9046849608421326,
    0.9222460389137268,
    0.9505218863487244,
    0.9897855520248413,
    1.0024596452713013,
    1.0608876943588257,
    1.0888432264328003,
    1.1696064472198486,
    1.189499020576477,
    1.2029728889465332,
    1.322265625,
    1.3521759510040283,
    1.3409759998321533,
    1.341464877128601,
    1.331181287765503,
    1.3213778734207153,
    1.3229725360870361,
    1.3140099048614502,
    1.3162773847579956,
    1.324229121208191,
    1.29460871219635,
    1.2901382446289062,
    1.2922906875610352,
    1.2924224138259888,
    1.2882945537567139,
    1.2842307090759277,
    1.2802157402038574,
    1.273363709449768,
    1.2839986085891724,
    1.2797569036483765,
    1.275865912437439,
    1.2722982168197632,
    1.284604549407959,
    1.275759220123291,
    1.2780194282531738,
    1.9449564218521118,
    1.9665478467941284,
    1.954669713973999,
    1.9580836296081543,
    1.9615834951400757,
    1.9651405811309814,
    1.9687222242355347,
    1.972292184829712,
    1.9734349250793457,
    1.992843747138977,
    1.996311068534851,
    1.9856140613555908,
    2.006556987762451,
    1.9977751970291138,
    2.0108466148376465,
    2.0247604846954346,
    2.0394556522369385,
    2.0601677894592285,
    2.0451974868774414,
    2.074411153793335,
    0.3270668685436249,
    0.31080007553100586,
    0.2949821650981903,
    0.2917434573173523,
    0.28864553570747375,
    0.28568243980407715,
    0.28284868597984314,
    0.2801389694213867,
    0.26975226402282715,
    0.2750728726387024,
    0.27270767092704773,
    0.2704489231109619,
    0.2682929039001465,
    0.26623621582984924,
    0.26427552103996277,
    0.26240772008895874,
    0.2606300413608551,
    0.2589397132396698,
    0.2680565118789673,
    0.26647013425827026,
    0.2649674415588379,
    0.2635462284088135,
    0.2622045576572418,
    0.2609404921531677,
    0.27014240622520447,
    0.26898401975631714,
    0.26790136098861694,
    0.2771580219268799,
    0.27618658542633057,
    0.28548553586006165,
    0.2846313416957855,
    0.2939896583557129,
    0.2932591438293457,
    0.30366548895835876,
    0.31291791796684265,
    0.3435080349445343,
    0.6223210692405701,
    0.6215521693229675,
    0.6109229922294617,
    0.610470712184906,
    0.6001665592193604,
    0.6000185012817383,
    0.5899916887283325,
    0.5801610350608826,
    0.5804475545883179,
    0.5708624720573425,
    0.5714269876480103,
    0.5620964169502258,
    0.5629316568374634,
    0.5538389682769775,
    0.5549391508102417,
    0.5460687279701233,
    0.5474289655685425,
    0.5387664437294006,
    0.5403832793235779,
    0.5319148898124695,
    0.533785879611969,
    0.5358026623725891,
    0.527622401714325,
    0.5148271918296814,
    0.5076863765716553,
    0.48789894580841064,
    0.4607210159301758,
    0.4456712007522583,
    0.42398950457572937,
    0.41301530599594116,
    0.38384953141212463,
    0.3648872673511505,
    0.35212835669517517,
    0.3414040207862854,
    0.3302178382873535,
    0.31883299350738525,
    0.3042549192905426,
    0.30679601430892944,
    0.2940793037414551,
    0.28131717443466187,
    0.26846644282341003,
    0.2710632383823395,
    0.2618755102157593,
    0.25256484746932983,
    0.23987530171871185,
    null,
    null,
    null,
    null,
    null,
    null,
    null,
    null,
    null,
    null,
    null,
    null,
    null,
    null,
    null,
    null,
    null,
    null,
    null,
    null,
    null,
    null,
    null,
    1.0703942775726318,
    1.0594062805175781,
    1.0488977432250977,
    1.038849115371704,
    1.0292431116104126,
    1.0200623273849487,
    1.011291265487671,
    1.0029149055480957,
    0.9837409853935242,
    0.9761996269226074,
    0.9690104722976685,
    0.9621618986129761,
    0.9556436538696289,
    0.949445903301239,
    0.9414440989494324,
    0.9273508787155151,
    0.9238601326942444,
    0.9206219911575317,
    0.9176320433616638,
    0.914886474609375,
    0.9022441506385803,
    0.9000021815299988,
    0.8979924321174622,
    0.8962121605873108,
    0.8946592211723328,
    0.883294403553009,
    0.8822031021118164,
    0.8813315629959106,
    0.8806790113449097,
    0.8802443146705627,
    0.8700268864631653,
    0.8700268864631653,
    0.8702415227890015,
    0.8706713318824768,
    0.8713164329528809,
    0.8621529936790466,
    0.8632194995880127,
    0.8645021319389343,
    0.8660026788711548,
    0.8677229881286621,
    0.8482070565223694,
    0.8429646492004395,
    0.8214821219444275,
    0.8133240938186646,
    0.8109534382820129,
    0.7869812846183777,
