{
  "step": 390,
  "timestamp": 12.48,
  "robot_pose_odom": {
    "x": -0.6903974524418922,
    "y": -0.9524286205122421,
    "yaw_fused": -2.597477624108865,
    "yaw_imu": -2.5975663591156395
  },
  "lidar_pose_relative_to_robot": {
    "x_offset": 0.0,
    "y_offset": 0.0,
    "yaw_offset": 0.0
  },
  "lidar_meta": {
    "fov": 6.283184,
    "horizontal_resolution": 400,
    "angle_min": -3.141592,
    "angle_increment": 0.015747328320802004
  },
  "ranges": [
    0.6454887986183167,
    0.6219168305397034,
    0.6128100156784058,
    0.5906882286071777,
    0.5825642347335815,
    0.5617368817329407,
    0.5544841885566711,
    0.5475497841835022,
    0.5409185290336609,
    0.5221443176269531,
    0.5162189602851868,
    0.5105512738227844,
    0.4931029975414276,
    0.48804107308387756,
    0.4832000732421875,
    0.46689847111701965,
    0.46258118748664856,
    0.458454966545105,
    0.45451289415359497,
    0.4394795298576355,
    0.43597611784935,
    0.4326339066028595,
    null,
    null,
    null,
    0.40998801589012146,
    0.39313051104545593,
    0.39154815673828125,
    0.3900742828845978,
    0.38870707154273987,
    0.37724876403808594,
    0.376120001077652,
    null,
    null,
    0.36323288083076477,
    0.3625127673149109,
    0.36188462376594543,
    0.3613477051258087,
    0.35087621212005615,
    0.35052958130836487,
    0.3502700626850128,
    0.3500971794128418,
    0.35001081228256226,
    0.34001049399375916,
    0.3400943875312805,
    0.34026235342025757,
    0.3405144512653351,
    0.34085118770599365,
    0.3312353789806366,
    0.3317275643348694,
    0.33230337500572205,
    0.3329634666442871,
    0.33370867371559143,
    0.3345399498939514,
    0.3252929747104645,
    0.32626914978027344,
    0.3273322582244873,
    0.32848361134529114,
    0.3297247290611267,
    0.3255663514137268,
    0.311702698469162,
    0.30644795298576355,
    0.29366904497146606,
    0.29517173767089844,
    0.2861648201942444,
    0.2877877354621887,
    0.2787787616252899,
    0.2805179953575134,
    0.27148962020874023,
    0.2733413577079773,
    0.264275461435318,
    0.26623618602752686,
    0.2571139931678772,
    0.25918012857437134,
    0.24998195469379425,
    0.2521500885486603,
    0.24285492300987244,
    0.2451215535402298,
    0.2357071489095688,
    0.23806864023208618,
    null,
    null,
    null,
    null,
    null,
    null,
    null,
    null,
    null,
    null,
    null,
    null,
    null,
    null,
    null,
    null,
    null,
    null,
    null,
    null,
    null,
    null,
    null,
    null,
    null,
    null,
    null,
    null,
    null,
    null,
    null,
    null,
    null,
    null,
    null,
    null,
    null,
    null,
    null,
    null,
    null,
    null,
    null,
    null,
    null,
    null,
    null,
    null,
    null,
    null,
    null,
    null,
    null,
    null,
    null,
    null,
    null,
    null,
    null,
    null,
    null,
    null,
    null,
    null,
    null,
    null,
    null,
    null,
    null,
    null,
    null,
    null,
    null,
    null,
    null,
    null,
    0.24581845104694366,
    0.25527551770210266,
    0.25256484746932983,
    0.26187556982040405,
    0.25927796959877014,
    0.2684665024280548,
    0.26598405838012695,
    0.2750728726387024,
    0.2840704917907715,
    0.2817176282405853,
    0.2906506359577179,
    0.288422554731369,
    0.297309935092926,
    0.2952086925506592,
    0.30840688943862915,
    0.31288549304008484,
    0.324452668428421,
    0.330422967672348,
    0.32855963706970215,
    0.338899165391922,
    0.34338879585266113,
    0.3586359918117523,
    0.3636532723903656,
    0.37729454040527344,
    0.3853420317173004,
    0.39690661430358887,
    0.4120175540447235,
    0.4156833291053772,
    0.42886292934417725,
    0.44450709223747253,
    0.45629072189331055,
    0.47324931621551514,
    0.4841044843196869,
    0.5014654397964478,
    0.5210835337638855,
    0.541982114315033,
    0.5704192519187927,
    0.5907467603683472,
    0.619924783706665,
    0.6500999331474304,
    0.6801006197929382,
    0.7103617787361145,
    0.7302720546722412,
    0.7515778541564941,
    0.77255779504776,
    0.7920945286750793,
    0.8153923749923706,
    0.8342853784561157,
    0.864809513092041,
    0.9037017822265625,
    0.9280189871788025,
    0.9714606404304504,
    0.992152988910675,
    1.0547795295715332,
    1.074372410774231,
    1.1170393228530884,
    1.214010238647461,
    1.322148084640503,
    1.389870047569275,
    1.4532088041305542,
    1.5176469087600708,
    1.6099501848220825,
    1.6651363372802734,
    1.696901798248291,
    1.7109153270721436,
    1.7657737731933594,
    1.7953708171844482,
    1.8280017375946045,
    1.8688079118728638,
    1.9111162424087524,
    1.9550138711929321,
    2.000593900680542,
    2.0479557514190674,
    2.097205400466919,
    2.147005796432495,
    2.2018344402313232,
    2.2693710327148438,
    2.3275277614593506,
    2.4166159629821777,
    2.4762537479400635,
    2.5524559020996094,
    2.6420671939849854,
    2.7365639209747314,
    2.834476947784424,
    2.9379184246063232,
    3.046182632446289,
    3.079010009765625,
    3.036578416824341,
    1.6231611967086792,
    1.6067391633987427,
    1.6697077751159668,
    1.772254228591919,
    1.819966435432434,
    1.9591968059539795,
    2.121790647506714,
    2.2642040252685547,
    2.339642286300659,
    2.942079544067383,
    2.935342311859131,
    2.9243662357330322,
    2.915839910507202,
    2.9085233211517334,
    2.907341480255127,
    2.8904449939727783,
    2.904080629348755,
    2.89440655708313,
    2.875800609588623,
    2.892183542251587,
    2.8854167461395264,
    2.88765811920166,
    2.8846187591552734,
    2.900475025177002,
    1.157280445098877,
    0.8759806156158447,
    0.7059301733970642,
    0.5884000658988953,
    0.37665924429893494,
    0.5301247239112854,
    0.4672704041004181,
    0.4148193299770355,
    0.3762463629245758,
    0.3524646759033203,
    0.31912434101104736,
    0.3183630704879761,
    0.2733185291290283,
    0.26097509264945984,
    0.25606682896614075,
    0.2275223582983017,
    null,
    null,
    null,
    null,
    null,
    null,
    null,
    null,
    null,
    null,
    null,
    null,
    1.3693221807479858,
    1.3890354633331299,
    1.3958572149276733,
    1.3962550163269043,
    1.424249291419983,
    1.4434962272644043,
    0.9350250959396362,
    0.91288161277771,
    0.8998447060585022,
    0.9105671048164368,
    0.9206473231315613,
    0.9289689660072327,
    0.9477801322937012,
    0.9601094722747803,
    0.968093752861023,
    0.9692338705062866,
    0.9950642585754395,
    0.9977967143058777,
    1.0322325229644775,
    1.0392119884490967,
    1.0561398267745972,
    1.069535732269287,
    1.0900914669036865,
    1.0985937118530273,
    1.1295357942581177,
    1.1588454246520996,
    1.178131103515625,
    1.1962710618972778,
    1.2140908241271973,
    1.2191745042800903,
    1.2008931636810303,
    1.1937862634658813,
    1.1764554977416992,
    1.1701452732086182,
    1.1537001132965088,
    1.148138165473938,
    1.1429102420806885,
    1.1276638507843018,
    1.1128209829330444,
    1.1086320877075195,
    1.0945172309875488,
    1.090962529182434,
    1.0775328874588013,
    1.074582815170288,
    1.0618003606796265,
    1.0594292879104614,
    1.0472590923309326,
    1.0454444885253906,
    1.0438933372497559,
    1.0325785875320435,
    1.0315585136413574,
    1.0206413269042969,
    1.0505388975143433,
    1.4999663829803467,
    1.5299675464630127,
    1.5800268650054932,
    1.6319857835769653,
    1.6814343929290771,
    1.7327558994293213,
    1.7992898225784302,
    1.8562290668487549,
    1.9188077449798584,
    2.109524965286255,
    1.9314653873443604,
    1.9362766742706299,
    3.555976152420044,
    3.5607216358184814,
    3.5466573238372803,
    3.555161714553833,
    3.5589420795440674,
    null,
    3.5476982593536377,
    3.5450336933135986,
