{
  "step": 825,
  "timestamp": 26.400000000000002,
  "robot_pose_odom": {
    "x": -3.221530456985552,
    "y": -0.6997984623814095,
    "yaw_fused": 2.3444688910241966,
    "yaw_imu": 2.3541050518824447
  },
  "lidar_pose_relative_to_robot": {
    "x_offset": 0.0,
    "y_offset": 0.0,
    "yaw_offset": 0.0
  },
  "lidar_meta": {
    "fov": 6.283184,
    "horizontal_resolution": 400,
    "angle_min": -3.141592,
    "angle_increment": 0.015747328320802004
  },
  "ranges": [
    0.47929662466049194,
    0.4547499716281891,
    0.43061575293540955,
    0.41777318716049194,
    0.40439146757125854,
    0.39042040705680847,
    0.37580549716949463,
    0.3604876697063446,
    0.3444020450115204,
    0.33526933193206787,
    0.33047863841056824,
    0.3177621066570282,
    0.3087686598300934,
    0.29959577322006226,
    0.29022759199142456,
    null,
    null,
    null,
    null,
    null,
    null,
    null,
    null,
    null,
    null,
    null,
    null,
    null,
    null,
    null,
    null,
    null,
    null,
    null,
    null,
    null,
    null,
    null,
    null,
    null,
    null,
    null,
    null,
    null,
    null,
    null,
    null,
    null,
    null,
    null,
    null,
    null,
    null,
    null,
    null,
    null,
    null,
    null,
    null,
    null,
    null,
    null,
    null,
    null,
    null,
    null,
    null,
    null,
    null,
    null,
    null,
    null,
    null,
    null,
    null,
    null,
    null,
    null,
    null,
    null,
    null,
    null,
    null,
    null,
    null,
    null,
    null,
    null,
    null,
    null,
    null,
    null,
    null,
    null,
    null,
    null,
    null,
    null,
    null,
    null,
    null,
    null,
    null,
    null,
    null,
    null,
    null,
    null,
    null,
    null,
    null,
    null,
    null,
    null,
    null,
    null,
    null,
    null,
    null,
    null,
    null,
    null,
    null,
    null,
    null,
    null,
    null,
    null,
    null,
    null,
    null,
    null,
    null,
    null,
    0.21122249960899353,
    0.22516751289367676,
    0.22657227516174316,
    0.2280513048171997,
    0.24054044485092163,
    0.24225258827209473,
    0.24404987692832947,
    0.24593520164489746,
    0.2591802179813385,
    0.261344850063324,
    0.2750729024410248,
    0.277548611164093,
    0.2801390290260315,
    0.294634073972702,
    0.2975859045982361,
    0.3006724417209625,
    0.31605544686317444,
    0.3318549394607544,
    0.3356640636920929,
    0.3522259593009949,
    0.3692777156829834,
    0.3739543557167053,
    0.39190930128097534,
    0.41044288873672485,
    0.4295912981033325,
    0.4493938088417053,
    0.4698925316333771,
    0.4981136620044708,
    0.5121459364891052,
    0.5251739621162415,
    0.5174837708473206,
    0.5235643982887268,
    0.5163635611534119,
    0.5225456953048706,
    0.5157991051673889,
    0.5093483924865723,
    0.5157593488693237,
    0.5097121000289917,
    0.5162187814712524,
    0.5105510354042053,
    0.5051296949386597,
    0.5118476748466492,
    0.5067705512046814,
    0.5135881304740906,
    0.5088390707969666,
    0.5043002963066101,
    0.5113268494606018,
    0.5070917010307312,
    0.5030491948127747,
    0.5102860331535339,
    0.5065280795097351,
    0.5029481053352356,
    0.5104004740715027,
    0.5070902705192566,
    0.5146684646606445,
    0.5116226673126221,
    0.5087375044822693,
    0.516550600528717,
    0.5139209032058716,
    0.5114433169364929,
    0.5195046663284302,
    0.5172770023345947,
    0.5254988670349121,
    0.5235207676887512,
    0.5319148898124695,
    0.5301874279975891,
    0.5387664437294006,
    0.537291407585144,
    0.5359563231468201,
    0.5448493361473083,
    0.543769121170044,
    0.5428268909454346,
    0.55205899477005,
    0.5513769388198853,
    0.5608473420143127,
    0.5604321360588074,
    0.5701582431793213,
    0.5700175762176514,
    0.5800178647041321,
    0.5801610350608826,
    0.5904552340507507,
    0.5908927321434021,
    0.6015020608901978,
    0.6022461652755737,
    0.6131933927536011,
    0.6142577528953552,
    0.6265389323234558,
    0.637080192565918,
    0.6386672258377075,
    0.650585949420929,
    0.6525382995605469,
    0.664893627166748,
    0.6672323346138,
    0.6841545701026917,
    0.6931509971618652,
    0.7018488645553589,
    0.7201957702636719,
    0.7236844301223755,
    0.736369252204895,
    0.7525075078010559,
    0.7567751407623291,
    0.7747873663902283,
    0.7830482125282288,
    0.81013023853302,
    0.8287063241004944,
    0.8478837609291077,
    0.8541743755340576,
    0.8773060441017151,
    0.9043661952018738,
    0.9207572340965271,
    0.9437483549118042,
    0.9676510095596313,
    0.9925215840339661,
    1.0086617469787598,
    1.0454097986221313,
    1.067225694656372,
    1.1215941905975342,
    1.1459450721740723,
    1.1906267404556274,
    1.2245286703109741,
    1.2727792263031006,
    1.3230782747268677,
    1.3547309637069702,
    1.430410623550415,
    0.45644062757492065,
    0.46301165223121643,
    0.4560719132423401,
    0.44903531670570374,
    0.4490357041358948,
    0.44225195050239563,
    0.44939398765563965,
    0.4430161416530609,
    0.4501632750034332,
    0.44416406750679016,
    0.4384293854236603,
    0.44568008184432983,
    0.44028255343437195,
    0.43512025475502014,
    0.4424734115600586,
    0.43761539459228516,
    0.43296846747398376,
    0.44042733311653137,
    0.4360586106777191,
    0.4318810999393463,
    0.42788761854171753,
    0.43553224205970764,
    0.43178728222846985,
    0.4282108247280121,
    0.43597611784935,
    0.4326339066028595,
    0.42944779992103577,
    0.43734627962112427,
    0.43438345193862915,
    0.4315662980079651,
    0.4345126748085022,
    0.4396127760410309,
    0.4423553943634033,
    0.43438342213630676,
    0.4373462498188019,
    0.4404592216014862,
    0.443727046251297,
    0.4471548795700073,
    0.45074817538261414,
    0.45451274514198303,
    0.44699347019195557,
    0.45101648569107056,
    0.4552259147167206,
    0.4596291482448578,
    0.46423399448394775,
    0.457022100687027,
    0.4619271755218506,
    0.46705514192581177,
    0.47241610288619995,
    0.47802093625068665,
    0.47114744782447815,
    0.477114200592041,
    0.4833548367023468,
    0.4898834526538849,
    0.4967149496078491,
    0.5038658380508423,
    0.49753323197364807,
    0.5051649212837219,
    0.5121459364891052,
    0.511353611946106,
    0.5174837708473206,
    0.5235643982887268,
    0.5296036601066589,
    0.5356093645095825,
    0.546692967414856,
    0.5475495457649231,
    0.5660772919654846,
    0.5594401359558105,
    0.5747842192649841,
    0.5834869146347046,
    0.5924862027168274,
    0.5972635746002197,
    0.607959508895874,
    0.6182768940925598,
    0.6207160949707031,
    0.6379201412200928,
    0.6480503082275391,
    0.6677231788635254,
    0.6765565872192383,
    0.6903545260429382,
    0.704686164855957,
    0.7084363102912903,
    0.731930673122406,
    0.7461205720901489,
    0.769217848777771,
    0.7792741656303406,
    0.7954279780387878,
    0.8148423433303833,
    0.8231239914894104,
    0.8633986711502075,
    0.8634139895439148,
    0.9304632544517517,
    2.238173723220825,
    2.354210138320923,
    2.999988079071045,
    2.979555130004883,
    2.9600486755371094,
    2.9414427280426025,
    2.9237124919891357,
    2.9048917293548584,
    2.835158586502075,
    2.7497358322143555,
    2.673410415649414,
    2.588665008544922,
    2.5153493881225586,
    2.4408626556396484,
    2.3700807094573975,
    null,
    null,
    2.2001991271972656,
    2.150930881500244,
    2.1042850017547607,
    2.037287473678589,
    1.9442424774169922,
    1.8838213682174683,
    1.807286024093628,
    1.7397089004516602,
    1.6813689470291138,
    1.6244198083877563,
    1.576224684715271,
    1.5513262748718262,
    1.4820454120635986,
    1.4439165592193604,
    1.438327431678772,
    1.3668832778930664,
