{
  "step": 235,
  "timestamp": 7.5200000000000005,
  "robot_pose_odom": {
    "x": -0.1064387392252078,
    "y": -0.18563639879970478,
    "yaw_fused": -2.0926008449492213,
    "yaw_imu": -2.093745449171147
  },
  "lidar_pose_relative_to_robot": {
    "x_offset": 0.0,
    "y_offset": 0.0,
    "yaw_offset": 0.0
  },
  "lidar_meta": {
    "fov": 6.283184,
    "horizontal_resolution": 400,
    "angle_min": -3.141592,
    "angle_increment": 0.015747328320802004
  },
  "ranges": [
    null,
    null,
    null,
    2.2449872493743896,
    1.9270493984222412,
    1.620854139328003,
    1.6282685995101929,
    1.6361559629440308,
    1.0229383707046509,
    0.9451248049736023,
    0.8681153059005737,
    0.8116905689239502,
    0.7585791349411011,
    0.7080292701721191,
    0.6601986289024353,
    0.6385210156440735,
    0.6178566813468933,
    0.5705927610397339,
    0.5466379523277283,
    0.5219512581825256,
    0.5003839135169983,
    null,
    null,
    null,
    null,
    0.41777318716049194,
    0.40439146757125854,
    0.39042040705680847,
    0.37296003103256226,
    0.37738481163978577,
    0.35595205426216125,
    0.34816429018974304,
    0.3357670307159424,
    0.33100220561027527,
    0.3221933841705322,
    0.3178309500217438,
    0.30404797196388245,
    0.28769782185554504,
    0.2946796715259552,
    0.29022783041000366,
    0.2859780192375183,
    0.28191938996315,
    0.2780420184135437,
    0.26127296686172485,
    0.25789961218833923,
    0.2546743154525757,
    0.2515900135040283,
    0.24864013493061066,
    0.24581855535507202,
    0.24311965703964233,
    null,
    null,
    null,
    null,
    null,
    null,
    null,
    null,
    null,
    null,
    null,
    null,
    null,
    null,
    null,
    null,
    null,
    null,
    null,
    null,
    null,
    null,
    null,
    null,
    null,
    null,
    null,
    null,
    null,
    null,
    null,
    null,
    null,
    null,
    null,
    null,
    null,
    null,
    null,
    null,
    null,
    null,
    null,
    null,
    null,
    null,
    null,
    null,
    null,
    null,
    null,
    null,
    null,
    null,
    null,
    null,
    null,
    null,
    null,
    null,
    null,
    null,
    null,
    null,
    null,
    null,
    null,
    null,
    null,
    null,
    null,
    null,
    null,
    null,
    null,
    null,
    null,
    null,
    null,
    null,
    0.2033080905675888,
    0.20275148749351501,
    0.21236006915569305,
    0.21188585460186005,
    0.2114657759666443,
    0.21109935641288757,
    0.22082360088825226,
    0.2205507755279541,
    0.22033289074897766,
    0.22016975283622742,
    0.23006384074687958,
    0.2300070971250534,
    0.2300070971250534,
    0.24006663262844086,
    0.2401851862668991,
    0.24036315083503723,
    0.250625878572464,
    0.2509359121322632,
    0.25130876898765564,
    0.26181477308273315,
    0.2623348534107208,
    0.2629219889640808,
    0.27371448278427124,
    0.2744659185409546,
    0.28548550605773926,
    0.2864157259464264,
    0.28742316365242004,
    0.29881301522254944,
    0.30002057552337646,
    0.311702698469162,
    0.323566198348999,
    0.3251335918903351,
    0.33577898144721985,
    0.34975701570510864,
    0.3517405688762665,
    0.36455684900283813,
    0.3668312132358551,
    0.39528366923332214,
    0.4022938013076782,
    0.4184361398220062,
    0.42154061794281006,
    0.4413301348686218,
    0.4591466188430786,
    0.4776073694229126,
    0.4889225363731384,
    0.5166347622871399,
    0.5365698933601379,
    0.5705761909484863,
    0.5972638726234436,
    0.6285668611526489,
    0.6620903611183167,
    0.7034717798233032,
    0.7516109943389893,
    0.7712932825088501,
    0.8543422818183899,
    0.9155431985855103,
    0.9275184273719788,
    0.9400462508201599,
    0.9531553983688354,
    0.953259289264679,
    0.9674253463745117,
    0.9822648167610168,
    1.0032782554626465,
    1.0027097463607788,
    1.025965929031372,
    1.0360774993896484,
    1.0587254762649536,
    1.0751079320907593,
    1.0882817506790161,
    1.108424425125122,
    1.1235179901123047,
    1.1465892791748047,
    1.1618585586547852,
    1.1856173276901245,
    1.2083793878555298,
    1.2302366495132446,
    1.263059377670288,
    1.2846990823745728,
    1.3143270015716553,
    1.3406904935836792,
    1.3760119676589966,
    1.4059278964996338,
    1.448367714881897,
    1.4942195415496826,
    1.5193891525268555,
    1.543575644493103,
    1.6137118339538574,
    1.6478484869003296,
    1.7215794324874878,
    1.7290656566619873,
    1.7758976221084595,
    1.7889184951782227,
    1.8446604013442993,
    0.971461296081543,
    0.9311106204986572,
    0.9392184019088745,
    0.9474700689315796,
    0.9558768272399902,
    0.9644495844841003,
    0.9731997847557068,
    0.9821382761001587,
    0.9917196035385132,
    1.0006258487701416,
    1.0101978778839111,
    1.0200048685073853,
    1.0300583839416504,
    1.040371060371399,
    1.0509557723999023,
    1.0618252754211426,
    1.0723636150360107,
    1.0945121049880981,
    1.1063345670700073,
    1.1185017824172974,
    1.1310290098190308,
    1.1414662599563599,
    1.1673669815063477,
    1.1811027526855469,
    1.1905728578567505,
    1.220118761062622,
    1.2283811569213867,
    1.261172890663147,
    1.2676464319229126,
    1.313828706741333,
    1.3285013437271118,
    1.3607419729232788,
    1.3825422525405884,
    1.4101526737213135,
    1.4413014650344849,
    1.4745190143585205,
    1.504252314567566,
    1.544243335723877,
    1.5808769464492798,
    1.6185905933380127,
    1.6033554077148438,
    1.5878698825836182,
    1.572089672088623,
    1.5563366413116455,
    1.5626622438430786,
    0.9983174204826355,
    0.9917956590652466,
    0.9850910902023315,
    0.9781737327575684,
    0.9773469567298889,
    0.9635664224624634,
    0.955802857875824,
    0.9448321461677551,
    0.9560415744781494,
    0.9417027831077576,
    0.928438127040863,
    0.9405820965766907,
    0.9263249039649963,
    0.9263059496879578,
    0.912405252456665,
    0.9183226823806763,
    0.912102997303009,
    0.9121037721633911,
    0.912144660949707,
    0.8987879753112793,
    0.8994570374488831,
    0.9003265500068665,
    0.9013917446136475,
    0.8897537589073181,
    0.8913601636886597,
    0.8931446075439453,
    0.8951045274734497,
    0.8972377181053162,
    0.8873867392539978,
    0.8899908065795898,
    0.8906669616699219,
    0.5360516905784607,
    0.4315170645713806,
    0.4394521415233612,
    0.43553224205970764,
    0.4431501030921936,
    0.4394795298576355,
    0.4471549689769745,
    0.4437270760536194,
    2.068790912628174,
    2.354917049407959,
    2.304415702819824,
    2.2640552520751953,
    2.2413711547851562,
    2.1765174865722656,
    2.137155294418335,
    2.1166272163391113,
    3.0939831733703613,
    3.048827648162842,
    3.0080556869506836,
    2.963879108428955,
    2.933086395263672,
    2.8840603828430176,
    2.8446133136749268,
    2.8258256912231445,
    2.785398244857788,
    2.7434186935424805,
    1.1330503225326538,
    1.088370442390442,
    1.0750890970230103,
    1.0137337446212769,
    0.9977236986160278,
    0.9689453840255737,
    0.9362295866012573,
    0.9197425842285156,
    0.9008080363273621,
    0.8749809861183167,
    0.8489322066307068,
    0.8354002237319946,
    0.8068958520889282,
    0.79984450340271,
    0.7877609729766846,
    0.7762256860733032,
    0.7517848610877991,
    0.7414451241493225,
    0.7315639853477478,
    0.7221187949180603,
    0.7258214950561523,
    0.7421902418136597,
    0.733488142490387,
    0.7497463822364807,
    0.7415146231651306,
    0.7545263171195984,
    0.7639116644859314,
    0.772954523563385,
    0.782417893409729,
    0.790155827999115,
    0.8062124848365784,
    0.8177533745765686,
    0.8197457790374756,
    0.8330608010292053,
    0.8456589579582214,
    0.8588468432426453,
    0.8615074753761292,
    0.8839648365974426,
    0.9017288088798523,
