{
  "step": 65,
  "timestamp": 2.08,
  "robot_pose_odom": {
    "x": -4.527523422837009e-11,
    "y": 1.9312610558151836e-18,
    "yaw_fused": -3.6190790846544897e-07,
    "yaw_imu": -3.80780559527949e-07
  },
  "lidar_pose_relative_to_robot": {
    "x_offset": 0.0,
    "y_offset": 0.0,
    "yaw_offset": 0.0
  },
  "lidar_meta": {
    "fov": 6.283184,
    "horizontal_resolution": 400,
    "angle_min": -3.141592,
    "angle_increment": 0.015747328320802004
  },
  "ranges": [
    1.0284560918807983,
    1.0205720663070679,
    1.0130561590194702,
    1.0058962106704712,
    0.9990817308425903,
    0.4963010847568512,
    0.49322396516799927,
    0.4903050363063812,
    0.487540066242218,
    0.4849250316619873,
    0.48245635628700256,
    0.48681119084358215,
    0.49976077675819397,
    0.5544393658638,
    0.6099194288253784,
    0.6364702582359314,
    0.6893839836120605,
    0.7121644616127014,
    0.7821505069732666,
    0.8522418737411499,
    0.930094301700592,
    1.4601709842681885,
    null,
    null,
    null,
    null,
    1.3803991079330444,
    2.3869378566741943,
    2.030810832977295,
    2.0000884532928467,
    1.9900614023208618,
    1.990552544593811,
    null,
    null,
    2.3756182193756104,
    2.3692662715911865,
    2.3091607093811035,
    2.261934995651245,
    2.2246124744415283,
    2.167996644973755,
    2.122706651687622,
    2.0959889888763428,
    2.1082048416137695,
    3.108477830886841,
    3.1035287380218506,
    3.019162893295288,
    3.024479389190674,
    1.0255126953125,
    0.9544137716293335,
    0.9128687977790833,
    0.8581909537315369,
    0.8277502059936523,
    0.7852075695991516,
    0.7529264092445374,
    0.7245424389839172,
    0.6928310990333557,
    0.6624500751495361,
    0.649580717086792,
    0.6271561980247498,
    0.6201921105384827,
    0.6169084906578064,
    0.6135920286178589,
    0.6189138293266296,
    0.6244840621948242,
    0.6186400651931763,
    0.6246239542961121,
    0.6308819055557251,
    0.6374255418777466,
    0.6321108341217041,
    0.6391280293464661,
    0.6464640498161316,
    0.654133677482605,
    0.6494192481040955,
    0.657643735408783,
    0.6662456393241882,
    0.6620044112205505,
    0.6712362170219421,
    0.6672815084457397,
    0.6771976947784424,
    0.6875853538513184,
    0.6945661902427673,
    0.6910187005996704,
    0.6945180296897888,
    0.7138839364051819,
    0.7149651646614075,
    0.7276756763458252,
    0.7350139617919922,
    0.7391466498374939,
    0.7590886950492859,
    0.7611971497535706,
    0.7714386582374573,
    0.781226396560669,
    0.7906066179275513,
    0.7954393625259399,
    0.8180705308914185,
    0.8283807039260864,
    0.8364136815071106,
    0.852059006690979,
    0.8643149137496948,
    2.1271250247955322,
    2.1847665309906006,
    0.8208951950073242,
    0.8148497343063354,
    0.8090906739234924,
    0.814469039440155,
    0.901285707950592,
    1.0258870124816895,
    1.1557879447937012,
    1.3312311172485352,
    1.5954469442367554,
    2.4172308444976807,
    2.456195831298828,
    2.475114345550537,
    2.4573092460632324,
    2.451821804046631,
    2.4368913173675537,
    2.432668685913086,
    2.4190220832824707,
    2.4160332679748535,
    2.4036314487457275,
    2.4018518924713135,
    2.3906633853912354,
    2.390073776245117,
    2.380073308944702,
    2.3806607723236084,
    2.37182879447937,
    2.3735859394073486,
    2.365908145904541,
    2.368834972381592,
    2.362302303314209,
    2.3664028644561768,
    2.361984968185425,
    null,
    null,
    null,
    null,
    null,
    1.9740138053894043,
    1.696529746055603,
    1.4899921417236328,
    1.4026622772216797,
    1.4090787172317505,
    1.402694582939148,
    0.821083128452301,
    0.7535593509674072,
    0.7188652753829956,
    0.6564260125160217,
    0.6502400040626526,
    0.5733756422996521,
    0.5421798229217529,
    0.5286473631858826,
    0.4966154396533966,
    0.49722450971603394,
    0.4536181688308716,
    0.4435189366340637,
    0.4201543629169464,
    0.4009895324707031,
    0.38482800126075745,
    0.3722524642944336,
    0.35919517278671265,
    0.3487800359725952,
    0.33712315559387207,
    0.32896578311920166,
    0.3232320249080658,
    0.3188050389289856,
    0.3056090474128723,
    0.2965843975543976,
    0.28740009665489197,
    0.2780418395996094,
    0.26849445700645447,
    null,
    null,
    null,
    null,
    null,
    null,
    null,
    null,
    null,
    null,
    null,
    null,
    null,
    null,
    null,
    null,
    null,
    null,
    null,
    null,
    null,
    null,
    null,
    null,
    null,
    null,
    null,
    null,
    null,
    null,
    null,
    null,
    null,
    null,
    null,
    null,
    null,
    null,
    null,
    null,
    null,
    null,
    null,
    null,
    null,
    null,
    null,
    null,
    null,
    null,
    null,
    null,
    null,
    null,
    null,
    null,
    null,
    null,
    null,
    null,
    null,
    null,
    null,
    null,
    null,
    null,
    null,
    null,
    null,
    null,
    null,
    null,
    null,
    null,
    null,
    null,
    null,
    null,
    null,
    null,
    null,
    null,
    null,
    null,
    null,
    null,
    null,
    null,
    null,
    null,
    null,
    null,
    null,
    null,
    null,
    null,
    null,
    null,
    null,
    null,
    null,
    null,
    null,
    null,
    0.20005550980567932,
    0.2000061571598053,
    0.2100064754486084,
    0.2100583016872406,
    0.21016204357147217,
    0.22033289074897766,
    0.2205507755279541,
    0.22082360088825226,
    0.2211517095565796,
    0.2316053807735443,
    0.23206545412540436,
    0.24269722402095795,
    0.24330179393291473,
    0.24396972358226776,
    0.2548977732658386,
    0.2557283341884613,
    0.2566278278827667,
    0.26790133118629456,
    0.26898396015167236,
    0.28053244948387146,
    0.2922533452510834,
    0.29366904497146606,
    0.30571359395980835,
    0.30736222863197327,
    0.31858280301094055,
    0.33239006996154785,
    0.33446377515792847,
    0.34750670194625854,
    0.3630619943141937,
    0.37443846464157104,
    0.388261079788208,
    0.39126044511795044,
    0.42821064591407776,
    0.43178701400756836,
    0.4509095549583435,
    0.4703766703605652,
    0.4898800849914551,
    0.5234347581863403,
    0.5496500730514526,
    0.5804592967033386,
    0.6134663820266724,
    0.6456406116485596,
    0.7029331922531128,
    0.7335548400878906,
    0.81318199634552,
    0.8873356580734253,
    0.9419828057289124,
    1.0743720531463623,
    1.1411014795303345,
    1.1575291156768799,
    1.1747307777404785,
    1.192750096321106,
    1.2067116498947144,
    1.2223703861236572,
    1.2438539266586304,
    1.2642980813980103,
    1.2838071584701538,
    1.2985875606536865,
    1.3254947662353516,
    1.3509560823440552,
    1.3754844665527344,
    1.3980741500854492,
    1.4199680089950562,
    1.4279190301895142,
    1.4856467247009277,
    1.5061068534851074,
    1.5703089237213135,
    1.5746902227401733,
    1.6072078943252563,
    1.650147557258606,
    1.68280827999115,
    1.7243210077285767,
    1.778379201889038,
    1.8406862020492554,
    1.8718054294586182,
    1.89827561378479,
    1.89827299118042,
    2.0034477710723877,
    1.1939568519592285,
    1.1683084964752197,
    1.1436504125595093,
    1.1511160135269165,
    1.1589674949645996,
    1.1672168970108032,
    1.1758766174316406,
    1.1849604845046997,
    1.194482684135437,
    1.2044588327407837,
    1.2149052619934082,
    1.225839614868164,
    1.2372807264328003,
    1.2492483854293823,
    null,
    1.2748510837554932,
    1.2885336875915527,
    1.3028379678726196,
    1.317792296409607,
    1.3334267139434814,
    1.349773645401001,
    1.3539726734161377,
    1.3716825246810913,
    1.390209674835205,
    1.40959632396698,
    1.429889440536499,
    1.4511386156082153,
    1.4733977317810059,
    1.5013920068740845,
    1.500241994857788,
