{
  "step": 465,
  "timestamp": 14.88,
  "robot_pose_odom": {
    "x": -1.0285519094606843,
    "y": -1.0466484947957053,
    "yaw_fused": -3.0892028758812917,
    "yaw_imu": -3.0818758625656346
  },
  "lidar_pose_relative_to_robot": {
    "x_offset": 0.0,
    "y_offset": 0.0,
    "yaw_offset": 0.0
  },
  "lidar_meta": {
    "fov": 6.283184,
    "horizontal_resolution": 400,
    "angle_min": -3.141592,
    "angle_increment": 0.015747328320802004
  },
  "ranges": [
    0.6703380346298218,
    0.6685788035392761,
    0.6608206629753113,
    0.6588960886001587,
    0.6498159766197205,
    0.6494192481040955,
    0.6111680269241333,
    0.6048151254653931,
    0.5698050260543823,
    0.5393630862236023,
    0.5221008062362671,
    0.5037118792533875,
    0.4701184630393982,
    0.4701201617717743,
    0.4560723304748535,
    0.44939398765563965,
    0.42959144711494446,
    0.4236830770969391,
    0.4049731194972992,
    0.39974445104599,
    0.3820114731788635,
    0.3773850202560425,
    null,
    null,
    null,
    null,
    0.33329635858535767,
    0.32999029755592346,
    0.3268289566040039,
    0.3122422993183136,
    0.30945709347724915,
    0.30679619312286377,
    0.30425503849983215,
    null,
    0.2884226143360138,
    0.286298543214798,
    0.284275084733963,
    0.271489679813385,
    0.26972895860671997,
    0.26805657148361206,
    0.2697288990020752,
    0.2606300711631775,
    0.26240774989128113,
    0.25326406955718994,
    0.25514304637908936,
    0.24593520164489746,
    0.2479115128517151,
    0.24998202919960022,
    0.24068878591060638,
    0.2428550273180008,
    0.23344917595386505,
    0.23570723831653595,
    null,
    null,
    null,
    null,
    null,
    null,
    null,
    null,
    null,
    null,
    null,
    null,
    null,
    null,
    null,
    null,
    null,
    null,
    null,
    null,
    null,
    null,
    null,
    null,
    null,
    null,
    null,
    null,
    null,
    null,
    null,
    null,
    null,
    null,
    null,
    null,
    null,
    null,
    null,
    null,
    null,
    null,
    null,
    null,
    null,
    null,
    0.20780184864997864,
    0.20691078901290894,
    0.21638187766075134,
    0.21556736528873444,
    0.2148117870092392,
    0.21411414444446564,
    0.21347349882125854,
    0.21288906037807465,
    0.22247245907783508,
    0.2219756543636322,
    0.2215355932712555,
    0.2211517095565796,
    0.22082360088825226,
    0.2205507755279541,
    0.23034800589084625,
    0.23017746210098267,
    0.23006384074687958,
    0.2300070971250534,
    0.2300070971250534,
    0.23006384074687958,
    0.2401851862668991,
    0.24036315083503723,
    0.2406008392572403,
    0.2408984750509262,
    0.25130876898765564,
    0.25174498558044434,
    0.25224506855010986,
    0.2528096139431,
    0.2635769248008728,
    0.26430052518844604,
    0.26509368419647217,
    0.26595744490623474,
    0.2668929398059845,
    0.2782052159309387,
    0.2793295085430145,
    0.28053244948387146,
    0.2922533452510834,
    0.29366904497146606,
    0.29517173767089844,
    0.30736222863197327,
    0.3091053366661072,
    0.3109455406665802,
    0.32367458939552307,
    0.3257875144481659,
    0.32800960540771484,
    0.3413558006286621,
    0.34388840198516846,
    0.35772383213043213,
    0.36059844493865967,
    0.3749729096889496,
    0.3782251179218292,
    0.38162916898727417,
    0.3851909935474396,
    0.40070217847824097,
    0.40471670031547546,
    0.4089145362377167,
    0.4133032262325287,
    0.4301823079586029,
    0.4351200461387634,
    0.44028231501579285,
    0.4456798732280731,
    0.4642190635204315,
    0.47029104828834534,
    0.4766431450843811,
    0.4967148005962372,
    0.503865659236908,
    0.5113534331321716,
    0.540211021900177,
    0.5402101874351501,
    0.5528149008750916,
    0.553722083568573,
    0.5772634744644165,
    0.6085622310638428,
    0.6231664419174194,
    0.6267508268356323,
    0.6633354425430298,
    0.6961912512779236,
    0.7143137454986572,
    0.7439669966697693,
    0.7723138928413391,
    0.812140166759491,
    0.8395141363143921,
    0.8936628699302673,
    0.9210323095321655,
    0.9369887113571167,
    1.0471926927566528,
    1.0776172876358032,
    1.1125234365463257,
    1.2252593040466309,
    1.2901679277420044,
    1.3212801218032837,
    1.329404354095459,
    1.3704627752304077,
    1.3996977806091309,
    1.4338102340698242,
    1.4232758283615112,
    1.4656567573547363,
    1.5029610395431519,
    1.526209831237793,
    1.563727617263794,
    1.6025729179382324,
    1.621406078338623,
    1.6845664978027344,
    1.7264090776443481,
    1.7843457460403442,
    1.846295714378357,
    1.8916655778884888,
    1.923040509223938,
    2.0158638954162598,
    2.0591213703155518,
    2.154031753540039,
    2.233325242996216,
    2.333320379257202,
    2.4156384468078613,
    2.519500732421875,
    2.6230552196502686,
    2.734189510345459,
    2.7529757022857666,
    2.743391990661621,
    2.7143659591674805,
    2.7211484909057617,
    2.680251121520996,
    2.00302791595459,
    1.2991145849227905,
    1.2937095165252686,
    1.321927547454834,
    1.4725396633148193,
    1.690185785293579,
    1.7077820301055908,
    2.042433738708496,
    2.6330580711364746,
    2.638429641723633,
    2.6396594047546387,
    2.6289350986480713,
    2.6307225227355957,
    2.616663932800293,
    2.6330149173736572,
    2.6255762577056885,
    2.628915309906006,
    2.628282070159912,
    2.6358046531677246,
    2.6227385997772217,
    2.644037961959839,
    2.6427533626556396,
    2.642657995223999,
    2.641442060470581,
    2.6584157943725586,
    2.6665902137756348,
    2.6777801513671875,
    2.676541566848755,
    2.6819961071014404,
    2.685051679611206,
    2.697787284851074,
    1.501350998878479,
    1.4826743602752686,
    1.2847528457641602,
    1.015869140625,
    0.9409244060516357,
    0.9189496040344238,
    0.8838955760002136,
    0.8379808068275452,
    0.8156444430351257,
    0.7811204195022583,
    0.7547923922538757,
    0.7265337705612183,
    0.7048166394233704,
    0.6816825270652771,
    0.6622825860977173,
    0.6414116024971008,
    0.6206241846084595,
    0.6100869178771973,
    0.5900448560714722,
    0.5800443887710571,
    0.5600731372833252,
    0.550570011138916,
    0.540595531463623,
    0.5316418409347534,
    0.5114777684211731,
    0.5031934976577759,
    0.49266618490219116,
    0.4833393394947052,
    0.4765152633190155,
    0.4647824764251709,
    0.45552754402160645,
    0.448620080947876,
    0.45008185505867004,
    0.437967449426651,
    0.4286663234233856,
    0.42416703701019287,
    0.42028096318244934,
    0.41082414984703064,
    0.3985508382320404,
    0.4005902111530304,
    0.3921518325805664,
    0.3943758010864258,
    0.38321664929389954,
    0.3776203691959381,
    0.3692258894443512,
    0.3717442452907562,
    0.36337873339653015,
    0.36607474088668823,
    0.35772383213043213,
    0.36059844493865967,
    0.35224729776382446,
    0.3553023934364319,
    0.34693560004234314,
    0.35017362236976624,
    0.34177538752555847,
    0.3451995253562927,
    0.33675312995910645,
    0.32821136713027954,
    0.331854909658432,
    0.3356640338897705,
    0.3270668387413025,
    0.3310764729976654,
    0.3223743736743927,
    0.32659101486206055,
    0.3177621066570282,
    0.3221933841705322,
    0.3132137656211853,
    0.31786832213401794,
    0.32274413108825684,
    0.31569230556488037,
    0.31786859035491943,
    0.3132140040397644,
    0.3087688386440277,
    0.3177623152732849,
    0.31352755427360535,
    0.30947956442832947,
    0.30560919642448425,
    0.3144875466823578,
    0.3108001947402954,
    0.3072732090950012,
    0.3038995862007141,
    0.31269943714141846,
    0.3094894587993622,
    0.3064195513725281,
    0.3034839928150177,
    0.3006777763366699,
    0.30945709347724915,
    0.30679619312286377,
    0.30425503849983215,
    0.31300848722457886,
    0.31060898303985596,
