{
  "step": 415,
  "timestamp": 13.280000000000001,
  "robot_pose_odom": {
    "x": -0.8312354126782351,
    "y": -1.0376342096882194,
    "yaw_fused": -2.6796562005055002,
    "yaw_imu": -2.6697623407801125
  },
  "lidar_pose_relative_to_robot": {
    "x_offset": 0.0,
    "y_offset": 0.0,
    "yaw_offset": 0.0
  },
  "lidar_meta": {
    "fov": 6.283184,
    "horizontal_resolution": 400,
    "angle_min": -3.141592,
    "angle_increment": 0.015747328320802004
  },
  "ranges": [
    0.801404595375061,
    0.782417893409729,
    0.7594903707504272,
    0.7449890375137329,
    0.727590024471283,
    0.7099283933639526,
    0.6984446048736572,
    0.6766837239265442,
    0.6717002987861633,
    0.6560192704200745,
    0.6515750288963318,
    0.6257709860801697,
    0.6218910813331604,
    0.6075518727302551,
    0.6041257381439209,
    0.5903435349464417,
    0.5873382091522217,
    0.574069082736969,
    0.5714551210403442,
    0.5586591362953186,
    0.5420088768005371,
    null,
    null,
    null,
    null,
    0.5170162916183472,
    0.5157315731048584,
    0.5044901371002197,
    0.5034899711608887,
    0.4925651550292969,
    0.4918343722820282,
    0.4808865487575531,
    null,
    0.48051613569259644,
    0.4701305031776428,
    0.4700145125389099,
    0.4700145125389099,
    0.44996026158332825,
    0.430040568113327,
    0.4103988707065582,
    0.40131643414497375,
    0.380991131067276,
    0.37251296639442444,
    0.3617587983608246,
    0.35411426424980164,
    0.332475483417511,
    0.32285645604133606,
    0.31512755155563354,
    0.3160732388496399,
    0.30402201414108276,
    0.2942558825016022,
    0.29260650277137756,
    0.2793295085430145,
    0.2748197019100189,
    0.2609404921531677,
    0.26220449805259705,
    0.254564493894577,
    0.243770033121109,
    0.2451525181531906,
    0.235889732837677,
    0.2373613715171814,
    0.22805127501487732,
    0.2296067327260971,
    0.22027777135372162,
    null,
    null,
    null,
    null,
    null,
    null,
    null,
    null,
    null,
    null,
    null,
    null,
    null,
    null,
    null,
    null,
    null,
    null,
    null,
    null,
    null,
    null,
    null,
    null,
    null,
    null,
    null,
    null,
    null,
    null,
    null,
    null,
    null,
    null,
    null,
    null,
    null,
    null,
    null,
    null,
    null,
    null,
    null,
    null,
    null,
    null,
    null,
    null,
    null,
    null,
    null,
    null,
    null,
    null,
    null,
    null,
    null,
    null,
    null,
    null,
    null,
    null,
    null,
    null,
    null,
    null,
    null,
    null,
    null,
    null,
    null,
    null,
    null,
    null,
    null,
    null,
    null,
    null,
    null,
    null,
    null,
    null,
    null,
    null,
    null,
    null,
    null,
    null,
    null,
    null,
    null,
    null,
    null,
    null,
    null,
    null,
    null,
    null,
    null,
    null,
    0.22153018414974213,
    0.22657224535942078,
    0.22516746819019318,
    0.23449371755123138,
    0.23317134380340576,
    0.24246251583099365,
    0.24122817814350128,
    0.2505028545856476,
    0.24936223030090332,
    0.26898401975631714,
    0.26790136098861694,
    0.28059080243110657,
    0.2864157259464264,
    0.28548553586006165,
    0.2928808033466339,
    0.30567339062690735,
    0.3122504949569702,
    0.3219022750854492,
    0.3330574929714203,
    0.341203898191452,
    0.3508787155151367,
    0.36121639609336853,
    0.37078148126602173,
    0.390155166387558,
    0.4001934826374054,
    0.4199863374233246,
    0.4299866855144501,
    0.45028960704803467,
    0.4706538915634155,
    0.49029839038848877,
    0.5216168165206909,
    0.5324155688285828,
    0.54225093126297,
    0.564662754535675,
    0.5741475820541382,
    0.5978638529777527,
    0.6067084670066833,
    0.6340864896774292,
    0.6572358012199402,
    0.6694188117980957,
    0.7048924565315247,
    0.7294675707817078,
    0.7351693511009216,
    0.801072359085083,
    0.8425235152244568,
    0.8786829710006714,
    0.9124603867530823,
    0.9546716809272766,
    1.006653070449829,
    1.0396426916122437,
    1.1340826749801636,
    1.2119609117507935,
    1.3255470991134644,
    1.3987469673156738,
    1.4805468320846558,
    1.514501690864563,
    1.5409419536590576,
    1.5676995515823364,
    1.6085076332092285,
    1.6383931636810303,
    1.6687979698181152,
    1.7137558460235596,
    1.7596158981323242,
    1.78883957862854,
    1.8509528636932373,
    1.8956912755966187,
    1.9489787817001343,
    1.983242392539978,
    2.0622692108154297,
    2.117462396621704,
    2.1894032955169678,
    2.263092517852783,
    2.3382761478424072,
    2.4283857345581055,
    2.516768455505371,
    2.6380136013031006,
    2.7220635414123535,
    2.8426003456115723,
    2.9507198333740234,
    2.942389488220215,
    2.925579071044922,
    2.9093050956726074,
    2.8935792446136475,
    1.4904359579086304,
    1.5012791156768799,
    1.5081709623336792,
    1.6484477519989014,
    1.7245140075683594,
    2.0041005611419678,
    2.0797250270843506,
    2.5343189239501953,
    2.812335252761841,
    2.813948392868042,
    2.8119540214538574,
    2.8062472343444824,
    2.7917697429656982,
    2.8005425930023193,
    2.7980587482452393,
    2.796867609024048,
    2.7858316898345947,
    2.7952518463134766,
    2.8006203174591064,
    2.136671543121338,
    2.139113187789917,
    2.148841381072998,
    2.2294583320617676,
    2.2901320457458496,
    2.334796905517578,
    2.4235658645629883,
    2.8201217651367188,
    2.8241734504699707,
    2.828859567642212,
    2.835339069366455,
    1.6288626194000244,
    1.0751999616622925,
    0.9928277134895325,
    0.9298430681228638,
    0.8706538081169128,
    0.8201584815979004,
    0.7699175477027893,
    0.7299556136131287,
    0.7009769678115845,
    0.6603341102600098,
    0.6309471130371094,
    0.6131465435028076,
    0.5818843841552734,
    0.5654167532920837,
    0.5429069995880127,
    0.5233775973320007,
    0.5099706053733826,
    0.484108030796051,
    0.466663122177124,
    0.46316295862197876,
    0.437967449426651,
    0.4286663234233856,
    0.4290217161178589,
    0.4098908603191376,
    0.4003865420818329,
    0.3853413164615631,
    0.3810666501522064,
    0.37121737003326416,
    0.36358073353767395,
    0.35104987025260925,
    0.3452529013156891,
    0.33230850100517273,
    0.3302610218524933,
    0.3193328380584717,
    0.3217020332813263,
    0.3241872191429138,
    0.3042549192905426,
    0.30679601430892944,
    0.29799553751945496,
    0.28911301493644714,
    0.29181137681007385,
    0.282848596572876,
    0.2856823801994324,
    0.276618629693985,
    0.26743149757385254,
    0.2704003155231476,
    0.261072039604187,
    0.2641693949699402,
    0.26740792393684387,
    null,
    null,
    null,
    null,
    null,
    null,
    null,
    null,
    0.29022783041000366,
    1.2710899114608765,
    1.2619248628616333,
    1.2578091621398926,
    1.241046667098999,
    1.2379182577133179,
    1.222436785697937,
    1.2202116250991821,
    1.2059047222137451,
    1.2045109272003174,
    1.191286325454712,
    1.1906633377075195,
    1.1784405708312988,
    1.1785367727279663,
    1.178918719291687,
    1.1680175065994263,
    1.169060230255127,
    1.1590079069137573,
    1.1606767177581787,
    1.1514240503311157,
    1.1562683582305908,
    1.6734521389007568,
    1.7387725114822388,
    1.7484220266342163,
    1.926255702972412,
    1.9669078588485718,
    2.0333662033081055,
    2.128450632095337,
    2.0664610862731934,
    2.081169843673706,
    3.331341505050659,
    null,
    3.7018744945526123,
    3.7050187587738037,
    3.698106288909912,
    3.6931116580963135,
    null,
    null,
    null,
    3.573800802230835,
    3.1735689640045166,
    2.8724985122680664,
    2.7627499103546143,
    2.7843871116638184,
    2.044804096221924,
    1.9054983854293823,
    1.7794545888900757,
    1.6839004755020142,
