{
  "step": 1510,
  "timestamp": 48.32,
  "robot_pose_odom": {
    "x": -1.455842416831686,
    "y": 1.16034525335691,
    "yaw_fused": -1.9410562845722878,
    "yaw_imu": -1.938555625797764
  },
  "lidar_pose_relative_to_robot": {
    "x_offset": 0.0,
    "y_offset": 0.0,
    "yaw_offset": 0.0
  },
  "lidar_meta": {
    "fov": 6.283184,
    "horizontal_resolution": 400,
    "angle_min": -3.141592,
    "angle_increment": 0.015747328320802004
  },
  "ranges": [
    0.6329378485679626,
    0.629290759563446,
    0.6325108408927917,
    0.6253231167793274,
    0.6288694739341736,
    0.6191064119338989,
    0.6149817705154419,
    0.608136773109436,
    0.6122846603393555,
    0.6056795120239258,
    0.5964539647102356,
    0.587125837802887,
    0.5775738954544067,
    0.5685099363327026,
    0.5576907396316528,
    0.5435324907302856,
    0.5486053824424744,
    0.5372474789619446,
    0.5356544256210327,
    0.5323517322540283,
    0.5105510354042053,
    0.5162187814712524,
    null,
    null,
    null,
    0.4951132535934448,
    0.48335471749305725,
    0.4766431450843811,
    0.48329004645347595,
    0.4766296446323395,
    0.46989232301712036,
    0.45608603954315186,
    0.46306806802749634,
    0.4560723304748535,
    0.46301203966140747,
    0.45644092559814453,
    0.4501632750034332,
    0.44416406750679016,
    0.45132437348365784,
    0.44568008184432983,
    0.44028255343437195,
    0.43512025475502014,
    0.4424734115600586,
    0.43761539459228516,
    0.43296846747398376,
    0.42852386832237244,
    0.4360586106777191,
    0.4318810999393463,
    0.42788761854171753,
    0.4240708649158478,
    0.4204244613647461,
    0.4282108247280121,
    0.4247972369194031,
    0.4215407371520996,
    0.41843631863594055,
    0.4264126420021057,
    0.423523873090744,
    0.42077717185020447,
    0.42416712641716003,
    0.4224598705768585,
    0.4208696484565735,
    0.41939446330070496,
    0.4180324077606201,
    0.41678160429000854,
    0.41564056277275085,
    0.4146077632904053,
    0.4237717092037201,
    0.4229315519332886,
    0.42219871282577515,
    0.42157232761383057,
    0.4210514724254608,
    0.42063549160957336,
    0.42032408714294434,
    0.4201166033744812,
    0.4200129508972168,
    0.4200129508972168,
    0.4201166033744812,
    1.6311122179031372,
    1.622229814529419,
    1.614345669746399,
    1.6055582761764526,
    1.5988996028900146,
    0.9155977368354797,
    0.9071111083030701,
    0.8987690210342407,
    0.8921065926551819,
    0.8945556879043579,
    0.8893929719924927,
    0.8768534660339355,
    0.8691021800041199,
    0.8614300489425659,
    0.8538249135017395,
    0.8519874215126038,
    0.8416902422904968,
    0.84177565574646,
    0.8328059315681458,
    0.8372970819473267,
    0.8302054405212402,
    0.8228293657302856,
    0.8199756741523743,
    0.8188074827194214,
    0.8090904355049133,
    0.8148493766784668,
    0.8072242736816406,
    0.8048785924911499,
    0.8029478788375854,
    0.7953971028327942,
    0.8022957444190979,
    0.7979519367218018,
    0.7937269806861877,
    0.8014043569564819,
    0.797529935836792,
    0.793775200843811,
    0.7901384830474854,
    0.7989100217819214,
    0.7956480979919434,
    0.788190484046936,
    0.7894901037216187,
    0.7814893126487732,
    0.7838183641433716,
    0.7944052219390869,
    2.016082763671875,
    2.0064616203308105,
    2.010131359100342,
    1.9996451139450073,
    2.0205888748168945,
    2.011597156524658,
    2.033698081970215,
    2.0429325103759766,
    2.0517327785491943,
    2.0548815727233887,
    2.040095567703247,
    2.0622711181640625,
    2.083878755569458,
    2.07330060005188,
    2.1075282096862793,
    2.0964982509613037,
    1.4134852886199951,
    1.3730778694152832,
    1.2866301536560059,
    1.2496815919876099,
    1.2067404985427856,
    1.1497642993927002,
    1.1256598234176636,
    1.0873255729675293,
    1.0289255380630493,
    1.0069011449813843,
    1.0131051540374756,
    1.0168302059173584,
    1.009941577911377,
    1.031198501586914,
    1.0722262859344482,
    1.0789155960083008,
    1.096818208694458,
    1.1152329444885254,
    1.123171091079712,
    1.131503939628601,
    1.1514238119125366,
    1.171945333480835,
    1.181733250617981,
    0.6035360097885132,
    0.5935589075088501,
    0.5839865207672119,
    0.5774827599525452,
    0.5832683444023132,
    0.5893179774284363,
    0.6077989339828491,
    0.6145462393760681,
    0.6216001510620117,
    0.6415544152259827,
    0.6494194269180298,
    0.6705388426780701,
    0.6793094873428345,
    0.688484787940979,
    0.7115105390548706,
    0.7217536568641663,
    0.7462998032569885,
    0.7577474117279053,
    0.7787607908248901,
    0.7815828919410706,
    0.812463104724884,
    0.8433843851089478,
    0.874327540397644,
    0.9105671048164368,
    0.9104395508766174,
    0.9689457416534424,
    1.0149955749511719,
    1.0375467538833618,
    1.0729337930679321,
    1.0964611768722534,
    1.1913087368011475,
    1.222517728805542,
    1.3159071207046509,
    1.3412426710128784,
    1.3646137714385986,
    1.3639029264450073,
    1.3521754741668701,
    1.3409758806228638,
    1.3414645195007324,
    1.3311809301376343,
    1.332388997077942,
    1.3229721784591675,
    1.3248693943023682,
    1.3270660638809204,
    1.3188380002975464,
    1.3110331296920776,
    1.3142385482788086,
    1.3071893453598022,
    1.3110227584838867,
    1.3047025203704834,
    1.3091517686843872,
    1.3138835430145264,
    1.3085951805114746,
    1.3036693334579468,
    1.3093290328979492,
    1.3050767183303833,
    1.9803379774093628,
    1.985418438911438,
    1.9909062385559082,
    1.9977807998657227,
    1.9938201904296875,
    1.9998418092727661,
    2.0074872970581055,
    2.005007028579712,
    2.012819766998291,
    2.0214128494262695,
    2.0305635929107666,
    2.030062675476074,
    2.0400893688201904,
    2.0506513118743896,
    2.061735153198242,
    2.073132038116455,
    2.0751821994781494,
    2.0882182121276855,
    2.1015172004699707,
    2.1154117584228516,
    2.128948211669922,
    2.1337130069732666,
    0.3719983696937561,
    0.35387349128723145,
    0.3490097224712372,
    0.33470940589904785,
    0.3250512480735779,
    0.31942084431648254,
    0.3207116723060608,
    0.311702698469162,
    0.3131285607814789,
    0.30415719747543335,
    0.30571359395980835,
    0.30736222863197327,
    0.29844656586647034,
    0.30022329092025757,
    0.30209630727767944,
    0.304068386554718,
    0.30614233016967773,
    0.30832138657569885,
    0.2995156943798065,
    0.3018294870853424,
    0.3042549192905426,
    0.30679601430892944,
    0.3094569146633148,
    0.3122420310974121,
    0.3151562511920929,
    0.3182046413421631,
    0.32139265537261963,
    0.3247262239456177,
    0.32821136713027954,
    0.34414586424827576,
    0.3480960428714752,
    0.36480534076690674,
    0.6754785180091858,
    0.657643735408783,
    0.6662456393241882,
    0.6487643122673035,
    0.6467609405517578,
    0.6400455236434937,
    0.6219162940979004,
    0.6104419827461243,
    0.6174241304397583,
    0.6080964803695679,
    0.6128100156784058,
    0.604112982749939,
    0.5958043336868286,
    0.5878641605377197,
    0.5802741646766663,
    0.585750937461853,
    0.5786570310592651,
    0.571872353553772,
    0.577673614025116,
    0.5713312029838562,
    0.5652644038200378,
    0.5594617128372192,
    0.5656976103782654,
    0.5602781772613525,
    0.5244332551956177,
    0.4889218211174011,
    0.4651354253292084,
    0.4366101026535034,
    0.4082634449005127,
    0.40193235874176025,
    0.3853530287742615,
    0.3585597574710846,
    0.3475067913532257,
    0.329903244972229,
    0.39862093329429626,
    0.28671595454216003,
    0.2759576439857483,
    0.2606300711631775,
    0.26240774989128113,
    0.2532154321670532,
    0.24404987692832947,
    0.24593520164489746,
    0.23664280772209167,
    0.22762611508369446,
    null,
    null,
    null,
