{
  "step": 550,
  "timestamp": 17.6,
  "robot_pose_odom": {
    "x": -1.7269516417908553,
    "y": -1.0872716017632575,
    "yaw_fused": -3.0819686920886933,
    "yaw_imu": -3.081875040179757
  },
  "lidar_pose_relative_to_robot": {
    "x_offset": 0.0,
    "y_offset": 0.0,
    "yaw_offset": 0.0
  },
  "lidar_meta": {
    "fov": 6.283184,
    "horizontal_resolution": 400,
    "angle_min": -3.141592,
    "angle_increment": 0.015747328320802004
  },
  "ranges": [
    1.3781310319900513,
    1.358467936515808,
    1.3102513551712036,
    1.2517554759979248,
    1.1838624477386475,
    1.121500015258789,
    1.0866272449493408,
    1.0342599153518677,
    0.9817082285881042,
    0.9526471495628357,
    0.9052098989486694,
    0.8914591073989868,
    0.8482216000556946,
    0.8471437692642212,
    0.8034074902534485,
    0.7685942649841309,
    0.7538034915924072,
    0.7409636974334717,
    0.7138844728469849,
    0.6991346478462219,
    0.6833765506744385,
    null,
    null,
    null,
    null,
    0.604112982749939,
    0.5958043336868286,
    0.5878641605377197,
    0.5673792362213135,
    0.5602835416793823,
    0.5534980893135071,
    0.5470083355903625,
    null,
    null,
    0.5171567797660828,
    0.4999445080757141,
    0.4832000732421875,
    0.47857093811035156,
    0.46258118748664856,
    0.458454966545105,
    0.4431501030921936,
    0.4394795298576355,
    0.4247972369194031,
    0.4104475975036621,
    0.4074248671531677,
    0.4045453369617462,
    0.3909451365470886,
    0.38840967416763306,
    0.38278499245643616,
    0.37527918815612793,
    0.3776204586029053,
    0.35836631059646606,
    0.36081066727638245,
    0.35231876373291016,
    0.3438884913921356,
    0.3465450406074524,
    0.33806112408638,
    0.34088456630706787,
    0.3323797583580017,
    0.3238067030906677,
    0.32682886719703674,
    0.318204790353775,
    0.30948933959007263,
    0.3126993179321289,
    0.30389946699142456,
    0.30727311968803406,
    0.29836806654930115,
    0.3019079566001892,
    0.29287540912628174,
    0.29658448696136475,
    0.28740015625953674,
    0.291282057762146,
    0.2819192707538605,
    0.28597787022590637,
    0.2764073312282562,
    null,
    null,
    null,
    0.2723598778247833,
    0.268494576215744,
    0.27804192900657654,
    0.27433648705482483,
    0.270794540643692,
    0.26740792393684387,
    0.2641693949699402,
    0.2610720694065094,
    0.2704003155231476,
    0.26743149757385254,
    0.2645917534828186,
    0.26187556982040405,
    0.25927796959877014,
    0.2567940652370453,
    0.2544195353984833,
    0.26361149549484253,
    0.261344850063324,
    0.2591802179813385,
    0.2571140229701996,
    0.25514301657676697,
    0.26427552103996277,
    0.26240772008895874,
    0.2606300413608551,
    0.2589397132396698,
    0.25733423233032227,
    0.25581133365631104,
    0.25436875224113464,
    0.25300437211990356,
    0.25171637535095215,
    0.2609404921531677,
    0.2597523331642151,
    0.25863850116729736,
    0.2575974762439728,
    0.2566278278827667,
    0.26595744490623474,
    0.26509371399879456,
    0.26430052518844604,
    0.2635769248008728,
    0.2629219889640808,
    0.2623348534107208,
    0.26181477308273315,
    0.2714134454727173,
    0.27101075649261475,
    0.270675927400589,
    0.2704085111618042,
    0.27020832896232605,
    0.28007772564888,
    0.2800086438655853,
    0.2800086438655853,
    0.28007772564888,
    0.2802160680294037,
    0.28042367100715637,
    0.2907260060310364,
    0.2910856604576111,
    0.2915181517601013,
    0.292024165391922,
    0.2926042675971985,
    0.30337151885032654,
    0.30412721633911133,
    0.3049621284008026,
    0.30587729811668396,
    0.30687397718429565,
    0.3079533874988556,
    0.31942084431648254,
    0.3207116723060608,
    0.32209283113479614,
    0.323566198348999,
    0.33562174439430237,
    0.3373391330242157,
    0.34975701570510864,
    0.3517405688762665,
    0.3538345694541931,
    0.3560420572757721,
    0.3692258894443512,
    0.3717442452907562,
    0.37439024448394775,
    0.3771679401397705,
    0.39126044511795044,
    0.3944045603275299,
    0.40906137228012085,
    0.4126092195510864,
    0.4163227379322052,
    0.4318808317184448,
    0.43605825304985046,
    0.4404270052909851,
    0.457022100687027,
    0.4619271457195282,
    0.47934600710868835,
    0.4972800314426422,
    0.5031797289848328,
    0.5220821499824524,
    0.5286939740180969,
    0.5486729145050049,
    0.5693237781524658,
    0.5906878709793091,
    0.5991915464401245,
    0.6080959439277649,
    0.6174235939979553,
    0.6244043707847595,
    0.6357371807098389,
    0.6446619033813477,
    0.6578118801116943,
    0.661522626876831,
    0.6793097257614136,
    0.6705390214920044,
    0.6870295405387878,
    0.7001335024833679,
    0.7114690542221069,
    0.7222749590873718,
    0.7261155247688293,
    0.7545259594917297,
    0.7639113068580627,
    0.7827143669128418,
    0.7933633923530579,
    0.7941849827766418,
    0.8291361927986145,
    0.8401085734367371,
    0.8621605038642883,
    0.8889549970626831,
    0.9011253714561462,
    0.924866795539856,
    0.9357926845550537,
    0.946967363357544,
    1.0125130414962769,
    1.0594648122787476,
    1.0696160793304443,
    1.118930459022522,
    1.13710618019104,
    1.1795769929885864,
    1.2173469066619873,
    1.249328374862671,
    1.298330545425415,
    1.3568905591964722,
    1.4034727811813354,
    1.4610470533370972,
    1.5226694345474243,
    1.596186637878418,
    1.674299955368042,
    1.7600462436676025,
    1.8512556552886963,
    1.9603533744812012,
    2.0900909900665283,
    2.1005005836486816,
    2.0914671421051025,
    2.08292555809021,
    2.0751821994781494,
    2.077749252319336,
    2.0702083110809326,
    2.0635550022125244,
    2.0573484897613525,
    2.05281400680542,
    2.0579276084899902,
    2.0514962673187256,
    2.0470292568206787,
    2.0429747104644775,
    2.042757511138916,
    2.050475597381592,
    2.0435616970062256,
    2.0468478202819824,
    1.5593997240066528,
    1.3238937854766846,
    1.0369796752929688,
    0.8510513305664062,
    0.7212547063827515,
    0.696946918964386,
    0.7012949585914612,
    0.7058730125427246,
    0.6975024342536926,
    2.0811212062835693,
    2.082939386367798,
    2.085094451904297,
    2.0959784984588623,
    2.102120876312256,
    2.1203529834747314,
    2.116307258605957,
    2.136059284210205,
    2.1400561332702637,
    2.1545212268829346,
    2.1616733074188232,
    2.175920009613037,
    2.187784433364868,
    2.2033097743988037,
    2.213991165161133,
    2.2283995151519775,
    2.2488298416137695,
    2.260009765625,
    2.2772951126098633,
    2.2956278324127197,
    2.3196754455566406,
    2.3356411457061768,
    2.357435464859009,
    2.385430335998535,
    2.4032795429229736,
    2.4332358837127686,
    2.4385550022125244,
    1.8266510963439941,
    1.838085651397705,
    1.8361905813217163,
    1.833064079284668,
    1.8535051345825195,
    1.842781901359558,
    1.1705279350280762,
    1.1426624059677124,
    1.118501901626587,
    1.1070200204849243,
    1.0842537879943848,
    1.0738664865493774,
    1.0486046075820923,
    1.0315237045288086,
    1.0226540565490723,
    1.0029149055480957,
    0.9949198365211487,
    0.9761996269226074,
    0.9690104722976685,
    0.9512282609939575,
    0.9447841048240662,
    0.927867591381073,
    0.9193294644355774,
    0.9125178456306458,
    0.8948242664337158,
    0.8833751678466797,
    0.8809670805931091,
    0.8072240948677063,
    0.799524188041687,
    0.7691416144371033,
    0.7609391212463379,
    0.7525337934494019,
    0.7401295900344849,
    0.747037410736084,
    0.7375983595848083,
    0.7261096239089966,
    0.7336407899856567,
    0.7172027230262756,
    0.725164532661438,
    0.7086241841316223,
    0.7170314192771912,
    0.7003543376922607,
    0.6963288187980652,
    0.7054367065429688,
    0.7017248868942261,
    0.6980858445167542,
