{
  "step": 980,
  "timestamp": 31.36,
  "robot_pose_odom": {
    "x": -3.3690416810171757,
    "y": -0.18468439832398326,
    "yaw_fused": 1.109111796098843,
    "yaw_imu": 1.1121219293412816
  },
  "lidar_pose_relative_to_robot": {
    "x_offset": 0.0,
    "y_offset": 0.0,
    "yaw_offset": 0.0
  },
  "lidar_meta": {
    "fov": 6.283184,
    "horizontal_resolution": 400,
    "angle_min": -3.141592,
    "angle_increment": 0.015747328320802004
  },
  "ranges": [
    0.5244091153144836,
    0.5218809843063354,
    0.5195046663284302,
    0.5276225209236145,
    0.5254988670349121,
    0.5235207676887512,
    0.521685779094696,
    0.5301874279975891,
    0.5286010503768921,
    0.5271538496017456,
    0.5258439779281616,
    0.5246697068214417,
    0.5336993336677551,
    0.5327745676040649,
    0.5319840908050537,
    0.5313268303871155,
    0.5408170223236084,
    0.5404166579246521,
    0.5300646424293518,
    0.5099624991416931,
    0.47996169328689575,
    0.46029236912727356,
    null,
    null,
    null,
    0.380991131067276,
    0.37251296639442444,
    0.3516889810562134,
    0.3440244793891907,
    0.332475483417511,
    0.32285645604133606,
    0.3170432448387146,
    null,
    null,
    0.2839908003807068,
    0.27410784363746643,
    0.26898396015167236,
    0.25507494807243347,
    0.2505028545856476,
    0.2517163157463074,
    0.24246248602867126,
    0.243770033121109,
    0.23449371755123138,
    0.235889732837677,
    0.2265722155570984,
    0.21285304427146912,
    null,
    null,
    null,
    null,
    null,
    null,
    null,
    null,
    null,
    null,
    null,
    null,
    null,
    null,
    null,
    null,
    null,
    null,
    null,
    null,
    null,
    null,
    null,
    null,
    null,
    null,
    null,
    null,
    null,
    null,
    null,
    null,
    null,
    null,
    null,
    null,
    null,
    null,
    null,
    null,
    null,
    null,
    null,
    null,
    null,
    null,
    null,
    null,
    null,
    null,
    null,
    null,
    null,
    null,
    null,
    null,
    null,
    null,
    null,
    null,
    null,
    null,
    null,
    null,
    null,
    null,
    null,
    null,
    null,
    null,
    null,
    null,
    null,
    null,
    null,
    null,
    null,
    null,
    null,
    null,
    null,
    null,
    null,
    null,
    null,
    null,
    null,
    null,
    null,
    null,
    null,
    null,
    null,
    null,
    null,
    null,
    null,
    null,
    null,
    null,
    null,
    null,
    null,
    null,
    null,
    null,
    null,
    null,
    null,
    0.20875237882137299,
    0.20780184864997864,
    0.2172563374042511,
    0.2266857773065567,
    0.2258324921131134,
    0.23527005314826965,
    0.23450596630573273,
    0.24396972358226776,
    0.24330179393291473,
    0.2515762150287628,
    0.2623348534107208,
    0.26181477308273315,
    0.27198949456214905,
    0.2806166410446167,
    0.2907260060310364,
    0.29043880105018616,
    0.30037721991539,
    0.32008883357048035,
    0.32000988721847534,
    0.3400370478630066,
    0.3501794934272766,
    0.3601321578025818,
    0.3703383505344391,
    0.39129140973091125,
    0.40106597542762756,
    0.42335063219070435,
    0.4445791244506836,
    0.46218857169151306,
    0.482928067445755,
    0.520108163356781,
    0.5349350571632385,
    0.5639247894287109,
    0.6023401021957397,
    0.6706967353820801,
    0.6842755675315857,
    0.7309508323669434,
    0.9262891411781311,
    1.0111922025680542,
    1.1179841756820679,
    1.241576075553894,
    1.3923736810684204,
    1.5858527421951294,
    1.8413128852844238,
    2.365715503692627,
    2.399968385696411,
    2.4272713661193848,
    2.4445481300354004,
    2.4626846313476562,
    2.4928879737854004,
    2.512920379638672,
    2.5339081287384033,
    2.5673463344573975,
    2.5904526710510254,
    2.626302480697632,
    2.651705503463745,
    2.690175771713257,
    2.718078851699829,
    2.759406805038452,
    2.790039539337158,
    2.837341785430908,
    1.9242891073226929,
    1.8973228931427002,
    1.9393503665924072,
    1.9411941766738892,
    1.7982457876205444,
    1.7010118961334229,
    1.6253913640975952,
    1.0841670036315918,
    1.0594773292541504,
    1.0734400749206543,
    1.0641688108444214,
    1.1480685472488403,
    1.312436580657959,
    1.5539131164550781,
    1.851149320602417,
    1.8490855693817139,
    1.8579403162002563,
    1.9124605655670166,
    2.7627503871917725,
    2.7502779960632324,
    2.73833966255188,
    2.7332756519317627,
    4.869150161743164,
    4.979135036468506,
    4.132415771484375,
    4.078511714935303,
    4.0190253257751465,
    3.137249708175659,
    3.067748546600342,
    2.9852283000946045,
    2.944847822189331,
    2.8959221839904785,
    2.849503755569458,
    2.206679582595825,
    2.1623923778533936,
    2.1214711666107178,
    2.0998871326446533,
    2.07015323638916,
    2.029892921447754,
    2.0132925510406494,
    1.9860857725143433,
    1.9596441984176636,
    1.928998589515686,
    1.8939688205718994,
    1.2803727388381958,
    1.25711989402771,
    1.2442104816436768,
    1.2722339630126953,
    1.3013020753860474,
    1.3314634561538696,
    1.3601301908493042,
    1.3901227712631226,
    1.4301502704620361,
    1.470078706741333,
    1.510582685470581,
    0.2401416301727295,
    0.2305757999420166,
    0.23086102306842804,
    0.2312040627002716,
    0.2316053807735443,
    0.2219756543636322,
    0.22247245907783508,
    0.22302664816379547,
    0.22363892197608948,
    0.224310040473938,
    0.2148117870092392,
    0.21556736528873444,
    0.21638184785842896,
    0.21725627779960632,
    0.2436494082212448,
    0.25425985455513,
    0.2699713110923767,
    0.2861900329589844,
    0.30709925293922424,
    0.31858280301094055,
    0.3594039976596832,
    0.3867403566837311,
    0.43222707509994507,
    0.4878350794315338,
    0.5398035049438477,
    0.5861445665359497,
    0.6444315910339355,
    0.9584751129150391,
    1.1186435222625732,
    2.5287587642669678,
    2.489881992340088,
    2.449763536453247,
    2.4082679748535156,
    2.343533754348755,
    2.2844645977020264,
    2.2253646850585938,
    2.1762278079986572,
    2.121976613998413,
    2.1137285232543945,
    2.0356180667877197,
    1.9831395149230957,
    1.9803850650787354,
    1.918368935585022,
    1.870784878730774,
    1.8291943073272705,
    1.8090046644210815,
    1.7541134357452393,
    1.7540457248687744,
    1.7275466918945312,
    1.7022501230239868,
    1.6780915260314941,
    1.6550121307373047,
    1.6368448734283447,
    1.5629812479019165,
    1.5013962984085083,
    1.4301209449768066,
    1.3742636442184448,
    1.3180190324783325,
    1.2917776107788086,
    1.2299128770828247,
    1.204338550567627,
    1.1500858068466187,
    1.1209204196929932,
    1.1023979187011719,
    1.0505291223526,
    1.023024320602417,
    1.0000454187393188,
    0.9672071933746338,
    0.9514352679252625,
    0.9250133037567139,
    0.9052426815032959,
    0.8861479759216309,
    0.8676932454109192,
    0.8522107601165771,
    0.8369937539100647,
    0.805792510509491,
    0.8004079461097717,
    0.7928752303123474,
    0.7739445567131042,
    0.7659875750541687,
    0.7466041445732117,
    0.7382135391235352,
    0.7296110987663269,
    0.7207686901092529,
    0.7123835682868958,
    0.7022421956062317,
    0.6924909353256226,
    0.6823648810386658,
    0.6653347015380859,
    0.6608206033706665,
    0.6464641094207764,
    0.6541339159011841,
    0.6360941529273987,
    0.6318539381027222,
    0.6231668591499329,
    0.6222843527793884,
    0.6175374388694763,
    0.5991917848587036,
    0.5942757725715637,
    0.582378089427948,
    0.5893591046333313,
    0.5804554224014282,
    0.5855737328529358,
    0.5772632956504822,
    0.5693238973617554,
    0.5748003125190735,
    0.5673790574073792,
    0.5602833032608032,
    0.5534977912902832,
    0.5594401359558105,
    0.5530915260314941,
