{
  "step": 515,
  "timestamp": 16.48,
  "robot_pose_odom": {
    "x": -1.4393978801980158,
    "y": -1.070152801084141,
    "yaw_fused": -3.0824388972590246,
    "yaw_imu": -3.0818750220367375
  },
  "lidar_pose_relative_to_robot": {
    "x_offset": 0.0,
    "y_offset": 0.0,
    "yaw_offset": 0.0
  },
  "lidar_meta": {
    "fov": 6.283184,
    "horizontal_resolution": 400,
    "angle_min": -3.141592,
    "angle_increment": 0.015747328320802004
  },
  "ranges": [
    1.0945245027542114,
    1.077989101409912,
    1.0758219957351685,
    1.0447559356689453,
    0.9934894442558289,
    0.9444713592529297,
    0.9206469655036926,
    0.8664838671684265,
    0.8345656991004944,
    0.8109251260757446,
    0.7649273872375488,
    0.7447584867477417,
    0.7127560973167419,
    0.6903995275497437,
    0.6766461133956909,
    0.6540219783782959,
    0.6398167610168457,
    0.6113700866699219,
    0.5908668041229248,
    0.5859727263450623,
    0.5589437484741211,
    0.5546588897705078,
    null,
    null,
    null,
    0.4963012635707855,
    0.4813852906227112,
    0.47397932410240173,
    0.47219517827033997,
    0.46316325664520264,
    0.44862014055252075,
    0.44727784395217896,
    null,
    null,
    0.4237717092037201,
    0.4229315519332886,
    0.41157034039497375,
    0.40149742364883423,
    0.4010013937950134,
    0.390590101480484,
    0.3903009295463562,
    0.38010549545288086,
    0.38001173734664917,
    0.37001141905784607,
    0.37010273337364197,
    0.3702855110168457,
    0.36054471135139465,
    0.36090123653411865,
    0.35131028294563293,
    0.3518322706222534,
    0.35244297981262207,
    0.34305331110954285,
    0.34382107853889465,
    0.3345399498939514,
    0.335458368062973,
    0.3364650309085846,
    0.3273322582244873,
    0.32848361134529114,
    0.3297247290611267,
    0.3207116723060608,
    0.32209283113479614,
    0.3131285607814789,
    0.314645379781723,
    0.3162554204463959,
    0.30736222863197327,
    0.3091053366661072,
    0.3109455406665802,
    0.31288543343544006,
    0.304068386554718,
    0.30614233016967773,
    0.29730987548828125,
    0.2995156943798065,
    0.3018294870853424,
    0.2929862439632416,
    0.2954331934452057,
    0.29799553751945496,
    0.28911301493644714,
    0.29181137681007385,
    0.282848596572876,
    0.2856823801994324,
    0.28864553570747375,
    0.2795874774456024,
    0.28269124031066895,
    0.2735040485858917,
    0.2767488956451416,
    0.2801416516304016,
    0.27079445123672485,
    0.27433645725250244,
    0.2780418395996094,
    0.26849445700645447,
    null,
    null,
    null,
    null,
    null,
    null,
    null,
    0.26480191946029663,
    0.26127296686172485,
    0.2707946300506592,
    0.2674080431461334,
    0.2641695439815521,
    0.26107215881347656,
    0.27040043473243713,
    0.2674316465854645,
    0.26459184288978577,
    0.2618756890296936,
    0.2710634469985962,
    0.26846662163734436,
    0.2659841775894165,
    0.27507299184799194,
    0.2727077603340149,
    0.2704489529132843,
    0.26829299330711365,
    0.2773294448852539,
    0.27528706192970276,
    0.27334144711494446,
    0.271489679813385,
    0.280518114566803,
    0.2787788212299347,
    0.2805180549621582,
    0.28234922885894775,
    0.2842750549316406,
    0.2862985134124756,
    0.2884225845336914,
    0.2906506657600403,
    0.29298633337020874,
    0.29543331265449524,
    0.29045096039772034,
    0.30067765712738037,
    0.3034839332103729,
    0.299513578414917,
    0.2975859045982361,
    0.3006724417209625,
    0.30389946699142456,
    0.30727311968803406,
    0.31080007553100586,
    0.3144874572753906,
    0.3183428645133972,
    0.32237446308135986,
    0.3265911042690277,
    0.3310023248195648,
    0.33561819791793823,
    0.34044986963272095,
    0.34550920128822327,
    0.3508090078830719,
    0.3508090078830719,
    0.35932955145835876,
    0.354067862033844,
    0.3624676465988159,
    0.37072256207466125,
    0.3788456320762634,
    0.3868493437767029,
    0.3947450518608093,
    0.4025438725948334,
    0.39782407879829407,
    0.4150022268295288,
    0.42545920610427856,
    0.43613651394844055,
    0.44042709469795227,
    0.4429644048213959,
    0.454862505197525,
    0.4588127136230469,
    0.47746098041534424,
    0.4889708459377289,
    0.49869269132614136,
    0.5195826292037964,
    0.5298948287963867,
    0.5396110415458679,
    0.5598676800727844,
    0.5603598952293396,
    0.5996325016021729,
    0.613953709602356,
    0.6371654272079468,
    0.6576449275016785,
    0.6715583801269531,
    0.7081505656242371,
    0.7126818895339966,
    0.7340559959411621,
    0.8027322888374329,
    0.857213020324707,
    0.8896320462226868,
    0.9030159711837769,
    0.9152830243110657,
    0.9269677996635437,
    0.9397020936012268,
    0.9582096934318542,
    0.9767680168151855,
    0.9961559176445007,
    1.005811095237732,
    1.0229554176330566,
    1.043233871459961,
    1.0711756944656372,
    1.0905495882034302,
    1.1104731559753418,
    1.1399552822113037,
    1.1700891256332397,
    1.190165638923645,
    1.221378207206726,
    1.2525559663772583,
    1.2822593450546265,
    1.3262358903884888,
    1.355339527130127,
    1.4027180671691895,
    1.4467264413833618,
    1.4815876483917236,
    1.524590015411377,
    1.5934659242630005,
    1.621950626373291,
    1.7122960090637207,
    1.7381724119186401,
    1.7992056608200073,
    1.9327069520950317,
    2.094656467437744,
    2.120093822479248,
    2.2662410736083984,
    2.362934112548828,
    2.3637726306915283,
    2.367436170578003,
    2.353327989578247,
    2.3611555099487305,
    2.3326282501220703,
    2.320186138153076,
    2.323469877243042,
    2.3133184909820557,
    2.3033175468444824,
    2.295944929122925,
    2.294550657272339,
    2.2883572578430176,
    0.9404948353767395,
    0.9337963461875916,
    0.9428285956382751,
    0.9263754487037659,
    1.2747278213500977,
    2.276412010192871,
    2.289000988006592,
    2.2779016494750977,
    2.2851502895355225,
    2.291476011276245,
    2.2875146865844727,
    2.2953131198883057,
    2.2900540828704834,
    2.298001766204834,
    2.3060574531555176,
    2.30182147026062,
    2.2943246364593506,
    2.3223206996917725,
    2.328000068664551,
    2.319446325302124,
    2.3335304260253906,
    2.3557727336883545,
    2.3698067665100098,
    2.377779722213745,
    2.382387161254883,
    2.394047498703003,
    2.393688201904297,
    2.4393832683563232,
    2.437683582305908,
    2.459177255630493,
    2.4598300457000732,
    2.508258104324341,
    2.5088512897491455,
    2.501967668533325,
    2.567638397216797,
    1.947259783744812,
    1.2788935899734497,
    1.2355002164840698,
    1.204000473022461,
    1.1783262491226196,
    1.1457830667495728,
    1.1337350606918335,
    1.0851444005966187,
    1.0497546195983887,
    1.0777965784072876,
    1.037427306175232,
    1.001265048980713,
    0.999464750289917,
    0.9799245595932007,
    0.9702619314193726,
    0.8339999914169312,
    0.7916789650917053,
    0.7836648225784302,
    0.783289909362793,
    0.7554622292518616,
    0.7466738820075989,
    0.7375983595848083,
    0.7240179181098938,
    0.7247821092605591,
    0.6928907632827759,
    0.7005826830863953,
    0.6809149384498596,
    0.674974799156189,
    0.6621531248092651,
    0.6627476811408997,
    0.6570702791213989,
    0.6487645506858826,
    0.6285884380340576,
    0.6264277100563049,
    0.6280947327613831,
    0.6174238324165344,
    0.6174238324165344,
    0.608096182346344,
    0.5991917848587036,
    0.5906880497932434,
    0.5958040952682495,
    0.5878639221191406,
    0.5802740454673767,
    0.5730170011520386,
    0.578656792640686,
    0.5718721151351929,
    0.5653824806213379,
    0.5591749548912048,
    0.55323725938797,
    0.5594614148139954,
    0.5539119839668274,
    0.5486055016517639,
    0.5435326099395752,
    0.5501457452774048,
    0.5454153418540955,
    0.5408978462219238,
