{
  "step": 570,
  "timestamp": 18.240000000000002,
  "robot_pose_odom": {
    "x": -1.8912661364875152,
    "y": -1.0970863374317232,
    "yaw_fused": -3.081908641375791,
    "yaw_imu": -3.081875043715949
  },
  "lidar_pose_relative_to_robot": {
    "x_offset": 0.0,
    "y_offset": 0.0,
    "yaw_offset": 0.0
  },
  "lidar_meta": {
    "fov": 6.283184,
    "horizontal_resolution": 400,
    "angle_min": -3.141592,
    "angle_increment": 0.015747328320802004
  },
  "ranges": [
    1.541042685508728,
    1.532536506652832,
    1.4852803945541382,
    1.418298602104187,
    1.3335068225860596,
    1.283388376235962,
    1.2160102128982544,
    1.1668705940246582,
    1.1330006122589111,
    1.069870114326477,
    1.0329365730285645,
    1.0212401151657104,
    0.9648885726928711,
    0.9356665015220642,
    0.9353168606758118,
    0.8483455181121826,
    0.8425235152244568,
    0.8235207200050354,
    0.8043007254600525,
    0.7837777137756348,
    0.7650712728500366,
    0.756127655506134,
    null,
    null,
    null,
    null,
    0.660435676574707,
    0.6376659870147705,
    0.614250123500824,
    0.5904973149299622,
    0.5884459614753723,
    0.5513283014297485,
    null,
    null,
    0.5097553730010986,
    0.4931027889251709,
    0.4740830957889557,
    0.47934600710868835,
    0.45713862776756287,
    0.44854411482810974,
    0.43294617533683777,
    0.4306383430957794,
    0.41803649067878723,
    0.4104427397251129,
    0.4027417004108429,
    0.39953887462615967,
    0.3869701325893402,
    0.3788735270500183,
    0.3788738548755646,
    0.3731500804424286,
    0.367686003446579,
    0.36246776580810547,
    0.34376031160354614,
    0.3527185022830963,
    0.340372771024704,
    0.33107662200927734,
    0.3270670473575592,
    0.3232322037220001,
    0.3195641338825226,
    0.316055566072464,
    0.31269943714141846,
    0.3094894587993622,
    0.3064195513725281,
    0.3034839928150177,
    0.3006777763366699,
    0.29799574613571167,
    0.2954334020614624,
    0.29298636317253113,
    0.29065072536468506,
    0.2884226143360138,
    0.286298543214798,
    0.284275084733963,
    0.28234925866127014,
    0.280518114566803,
    0.2793295681476593,
    0.2782052457332611,
    0.2771580219268799,
    0.27618658542633057,
    0.2752895951271057,
    0.2744659185409546,
    0.2635769248008728,
    0.2629219889640808,
    0.2623348534107208,
    0.26181477308273315,
    0.26136112213134766,
    0.26097333431243896,
    0.2606509029865265,
    0.2603934109210968,
    0.2602006196975708,
    0.26007217168807983,
    0.2600080072879791,
    0.2600080072879791,
    0.26007217168807983,
    0.25019291043281555,
    0.250378280878067,
    0.250625878572464,
    0.2509359121322632,
    0.25130876898765564,
    0.25174498558044434,
    0.25224506855010986,
    0.2528096139431,
    0.25343936681747437,
    0.2541351318359375,
    0.2548977732658386,
    0.2557283341884613,
    0.2566278278827667,
    0.2575974464416504,
    0.2586384415626526,
    0.24936217069625854,
    0.2505028545856476,
    0.2517163157463074,
    0.2530043423175812,
    0.25436875224113464,
    0.25581133365631104,
    0.25733423233032227,
    0.2589396834373474,
    0.2606300413608551,
    0.26240769028663635,
    0.264275461435318,
    0.26623618602752686,
    0.2682928740978241,
    0.25630998611450195,
    0.2723384499549866,
    0.26361143589019775,
    0.2659839689731598,
    0.26846644282341003,
    0.2710632383823395,
    0.2737789452075958,
    0.276618629693985,
    0.2795874774456024,
    0.28269124031066895,
    0.28593602776527405,
    0.28932836651802063,
    0.29287534952163696,
    0.2836894392967224,
    0.28740009665489197,
    0.29128193855285645,
    0.29534393548965454,
    0.29959577322006226,
    0.30404797196388245,
    0.30871179699897766,
    0.30871206521987915,
    0.31786859035491943,
    0.3132140040397644,
    0.32219356298446655,
    0.331002414226532,
    0.3396548628807068,
    0.3352695107460022,
    0.3438103199005127,
    0.35222604870796204,
    0.34809622168540955,
    0.35643690824508667,
    0.3646794855594635,
    0.36080706119537354,
    0.37109774351119995,
    0.37713176012039185,
    0.3855552673339844,
    0.3931940197944641,
    0.3972308933734894,
    0.4094317853450775,
    0.41981157660484314,
    0.4247972369194031,
    0.44114911556243896,
    0.4514707922935486,
    0.4482799768447876,
    0.4713003635406494,
    0.4747229516506195,
    0.4825018048286438,
    0.48551201820373535,
    0.4886813461780548,
    0.4920145273208618,
    0.49551665782928467,
    0.4991929233074188,
    0.514228105545044,
    0.518360435962677,
    0.522689700126648,
    0.5272230505943298,
    0.5319681167602539,
    0.5369331240653992,
    0.5421266555786133,
    0.5594614744186401,
    0.5652641654014587,
    0.5713310241699219,
    0.5776734352111816,
    0.58430415391922,
    0.591236412525177,
    0.611218273639679,
    0.6189589500427246,
    0.6270549297332764,
    0.6355244517326355,
    0.6578116416931152,
    0.6672816872596741,
    0.6771979928016663,
    0.6875856518745422,
    0.7085989713668823,
    0.7248372435569763,
    0.7307551503181458,
    0.7541583776473999,
    0.7806838154792786,
    0.8007701635360718,
    0.8174875378608704,
    0.8410167694091797,
    0.8593493103981018,
    0.8883626461029053,
    0.9160408973693848,
    0.9424986839294434,
    0.9798691272735596,
    0.9957047700881958,
    1.0753204822540283,
    1.0844486951828003,
    1.0988895893096924,
    1.176316261291504,
    1.2286629676818848,
    1.2848423719406128,
    1.3428739309310913,
    1.4464852809906006,
    1.4868412017822266,
    1.5368201732635498,
    1.5942296981811523,
    1.8689687252044678,
    1.9379442930221558,
    1.9399025440216064,
    1.9289629459381104,
    1.9186164140701294,
    1.919337272644043,
    1.9100843667984009,
    1.911777138710022,
    1.9139248132705688,
    1.9062212705612183,
    1.8990458250045776,
    1.9026187658309937,
    1.8964396715164185,
    1.9009307622909546,
    1.8957264423370361,
    1.9011282920837402,
    1.8968828916549683,
    1.8931223154067993,
    1.8998942375183105,
    1.8970755338668823,
    1.9047566652297974,
    1.9028749465942383,
    1.4939191341400146,
    1.3015152215957642,
    1.1603553295135498,
    1.0397931337356567,
    0.9496049880981445,
    0.8696520924568176,
    0.8001028895378113,
    0.7534528374671936,
    0.7008947730064392,
    0.6611512899398804,
    0.627343475818634,
    0.5842373967170715,
    0.5764058828353882,
    0.5778417587280273,
    0.5794280767440796,
    0.5811669230461121,
    0.583060622215271,
    2.0359246730804443,
    2.050475597381592,
    2.0587620735168457,
    2.0780181884765625,
    2.097961664199829,
    2.108124256134033,
    2.129453182220459,
    2.140936851501465,
    2.1637375354766846,
    2.176618814468384,
    2.2009873390197754,
    2.22621488571167,
    2.241399049758911,
    2.268364429473877,
    2.285193920135498,
    2.314026117324829,
    2.341019630432129,
    2.374828577041626,
    2.395425796508789,
    2.428549289703369,
    1.7625406980514526,
    1.779589056968689,
    1.7757036685943604,
    1.7799808979034424,
    1.790172815322876,
    1.794474720954895,
    1.8054856061935425,
    1.8071295022964478,
    1.8209205865859985,
    1.8310863971710205,
    1.119585394859314,
    1.098446011543274,
    1.0850285291671753,
    1.0712039470672607,
    1.0565263032913208,
    1.0314126014709473,
    1.0383951663970947,
    1.0227077007293701,
    1.0077320337295532,
    1.0068550109863281,
    0.993007242679596,
    0.9797736406326294,
    0.9800186157226562,
    0.9677624702453613,
    0.9560421109199524,
    0.9448325634002686,
    0.9464014768600464,
    0.9360107183456421,
    0.9260714650154114,
    0.91656494140625,
    0.9192586541175842,
    0.9104520082473755,
    0.9020333290100098,
    0.8939871788024902,
    0.8980332016944885,
    0.8254849314689636,
    0.8272367715835571,
    0.7987087965011597,
