{
  "step": 25,
  "timestamp": 0.8,
  "robot_pose_odom": {
    "x": -4.502607175993479e-11,
    "y": 1.865222421477239e-18,
    "yaw_fused": -2.346693010543339e-07,
    "yaw_imu": -3.7841091371504376e-07
  },
  "lidar_pose_relative_to_robot": {
    "x_offset": 0.0,
    "y_offset": 0.0,
    "yaw_offset": 0.0
  },
  "lidar_meta": {
    "fov": 6.283184,
    "horizontal_resolution": 400,
    "angle_min": -3.141592,
    "angle_increment": 0.015747328320802004
  },
  "ranges": [
    1.0283366441726685,
    1.022063970565796,
    1.0158300399780273,
    1.0096204280853271,
    0.9947431087493896,
    0.5051994919776917,
    0.49551647901535034,
    0.49919283390045166,
    0.49187028408050537,
    0.48455414175987244,
    0.48860105872154236,
    0.4852936565876007,
    0.5241720676422119,
    0.5489683747291565,
    0.5608181953430176,
    0.6147940754890442,
    0.6431159973144531,
    0.7115350961685181,
    0.7555246353149414,
    0.8290484547615051,
    0.8550320863723755,
    1.4359318017959595,
    null,
    null,
    null,
    null,
    1.4026529788970947,
    2.3709232807159424,
    1.9997141361236572,
    2.0066282749176025,
    1.9963111877441406,
    1.9928439855575562,
    2.0026583671569824,
    2.027181386947632,
    2.386758804321289,
    2.3675734996795654,
    2.3169453144073486,
    2.2686288356781006,
    2.2281739711761475,
    2.1754941940307617,
    2.1426963806152344,
    2.0926809310913086,
    2.1006357669830322,
    3.128002405166626,
    3.0811657905578613,
    3.026139259338379,
    1.1044995784759521,
    1.0354975461959839,
    0.9717690944671631,
    0.8894240856170654,
    0.8704237937927246,
    0.8367749452590942,
    0.7936550974845886,
    0.7623544335365295,
    0.7319948673248291,
    0.6806545853614807,
    0.6780484914779663,
    0.6385324001312256,
    0.6100337505340576,
    0.6276057958602905,
    0.6101247072219849,
    0.6148380041122437,
    0.6197788119316101,
    0.6249551177024841,
    0.6228306889533997,
    0.6244843006134033,
    0.6303128004074097,
    0.63640958070755,
    0.6427854895591736,
    0.6374255418777466,
    0.6442668437957764,
    0.6514189839363098,
    0.6588961482048035,
    0.6541339159011841,
    0.6621531248092651,
    0.6705388426780701,
    0.6793094873428345,
    0.6752447485923767,
    0.6846610903739929,
    0.6808997392654419,
    0.6910184025764465,
    0.7016180157661438,
    0.7085989713668823,
    0.704838752746582,
    0.7217536568641663,
    0.722561776638031,
    0.7409635782241821,
    0.7446276545524597,
    0.7530125975608826,
    0.7634307742118835,
    0.7756108045578003,
    0.7860614061355591,
    0.7960208654403687,
    0.8055387139320374,
    0.8146608471870422,
    0.8192452192306519,
    0.8436667323112488,
    0.8524526357650757,
    2.1160478591918945,
    2.146904468536377,
    2.159674882888794,
    0.8226154446601868,
    0.816057562828064,
    0.8098017573356628,
    0.8148981332778931,
    0.8438200950622559,
    0.9057373404502869,
    1.2722275257110596,
    1.4440213441848755,
    1.705330729484558,
    2.4387519359588623,
    2.4683525562286377,
    2.4647226333618164,
    2.452840566635132,
    2.441671848297119,
    2.431201696395874,
    2.4214162826538086,
    2.412301540374756,
    2.4140753746032715,
    2.4062352180480957,
    2.3990354537963867,
    2.392467498779297,
    2.3865225315093994,
    2.3811933994293213,
    2.3764724731445312,
    2.372354745864868,
    2.368834972381592,
    2.365908145904541,
    2.3635709285736084,
    2.361820936203003,
    2.3606550693511963,
    null,
    null,
    null,
    null,
    null,
    2.0954911708831787,
    1.7867778539657593,
    1.5583752393722534,
    1.3997020721435547,
    1.402482509613037,
    1.4056214094161987,
    0.8422805666923523,
    0.7814072966575623,
    0.7223618030548096,
    0.6739440560340881,
    0.6604316234588623,
    0.5956379175186157,
    0.5939141511917114,
    0.5288591980934143,
    0.50851970911026,
    0.48789894580841064,
    0.4607210159301758,
    0.4456712007522583,
    0.42398950457572937,
    0.4046611785888672,
    0.4037586748600006,
    0.37574681639671326,
    0.3630619943141937,
    0.35231906175613403,
    0.3464657664299011,
    0.33001187443733215,
    0.32679232954978943,
    0.3185279667377472,
    0.30554068088531494,
    0.3006775379180908,
    0.292174369096756,
    0.282848596572876,
    0.2737789452075958,
    0.276618629693985,
    0.26743149757385254,
    0.2581093907356262,
    0.24579456448554993,
    null,
    null,
    null,
    null,
    null,
    null,
    null,
    null,
    null,
    null,
    null,
    null,
    null,
    null,
    null,
    null,
    null,
    null,
    null,
    null,
    null,
    null,
    null,
    null,
    null,
    null,
    null,
    null,
    null,
    null,
    null,
    null,
    null,
    null,
    null,
    null,
    null,
    null,
    null,
    null,
    null,
    null,
    null,
    null,
    null,
    null,
    null,
    null,
    null,
    null,
    null,
    null,
    null,
    null,
    null,
    null,
    null,
    null,
    null,
    null,
    null,
    null,
    null,
    null,
    null,
    null,
    null,
    null,
    null,
    null,
    null,
    null,
    null,
    null,
    null,
    null,
    null,
    null,
    null,
    null,
    null,
    null,
    null,
    null,
    null,
    null,
    null,
    null,
    null,
    null,
    null,
    null,
    null,
    null,
    null,
    null,
    null,
    null,
    null,
    null,
    null,
    null,
    0.20275148749351501,
    0.20224767923355103,
    0.21188585460186005,
    0.2114657759666443,
    0.21109935641288757,
    0.22082360088825226,
    0.2205507755279541,
    0.22033289074897766,
    0.23017746210098267,
    0.23006384074687958,
    0.2400074005126953,
    0.2400074005126953,
    0.24006663262844086,
    0.25033852458000183,
    0.2603934109210968,
    0.2606509029865265,
    0.26097333431243896,
    0.2708374857902527,
    0.2819543778896332,
    0.2825144827365875,
    0.29449233412742615,
    0.30412721633911133,
    0.3049621284008026,
    0.31842198967933655,
    0.3273322582244873,
    0.32848361134529114,
    0.3359312415122986,
    0.3566029667854309,
    0.37872061133384705,
    0.3824349343776703,
    0.3958294987678528,
    0.40957191586494446,
    0.4242108464241028,
    0.4488511383533478,
    0.4582724869251251,
    0.4900718629360199,
    0.5169214010238647,
    0.5380004644393921,
    0.5616817474365234,
    0.5827834606170654,
    0.6367251873016357,
    0.6787804365158081,
    0.7261127829551697,
    0.7911217212677002,
    0.8824137449264526,
    0.9319814443588257,
    0.9773604869842529,
    1.1427295207977295,
    1.154582142829895,
    1.1669738292694092,
    1.1799286603927612,
    1.2059041261672974,
    1.2202109098434448,
    1.2351698875427246,
    1.2508125305175781,
    1.2671730518341064,
    1.297528624534607,
    1.3156229257583618,
    1.3345630168914795,
    1.3543953895568848,
    1.3892029523849487,
    1.4031647443771362,
    1.435853362083435,
    1.4478942155838013,
    1.49489164352417,
    1.5235754251480103,
    1.5754151344299316,
    1.5629812479019165,
    1.6316890716552734,
    1.6986088752746582,
    1.711719036102295,
    1.7612240314483643,
    1.777199149131775,
    1.8546632528305054,
    1.8744703531265259,
    1.91815984249115,
    1.9503933191299438,
    1.9624642133712769,
    1.1422202587127686,
    1.1472749710083008,
    1.1522774696350098,
    1.1684268712997437,
    1.1732988357543945,
    1.1781797409057617,
    1.1785839796066284,
    1.1793568134307861,
    1.2129464149475098,
    1.2159185409545898,
    1.2302616834640503,
    1.2489441633224487,
    null,
    null,
    1.2668437957763672,
    1.2859258651733398,
    1.2956186532974243,
    1.3097316026687622,
    1.3277052640914917,
    1.3464388847351074,
    1.3554855585098267,
    1.3727995157241821,
    1.3916599750518799,
    1.4107964038848877,
    1.430232048034668,
    1.4499914646148682,
