{
  "step": 1345,
  "timestamp": 43.04,
  "robot_pose_odom": {
    "x": -1.8631121933232293,
    "y": 1.7339567368184021,
    "yaw_fused": 0.37074873704064265,
    "yaw_imu": 0.3725236657628934
  },
  "lidar_pose_relative_to_robot": {
    "x_offset": 0.0,
    "y_offset": 0.0,
    "yaw_offset": 0.0
  },
  "lidar_meta": {
    "fov": 6.283184,
    "horizontal_resolution": 400,
    "angle_min": -3.141592,
    "angle_increment": 0.015747328320802004
  },
  "ranges": [
    0.878959059715271,
    0.8495944738388062,
    0.8430814743041992,
    0.8258612155914307,
    0.8200243711471558,
    0.8079476356506348,
    0.7876085042953491,
    0.7799400091171265,
    0.7813795804977417,
    0.7536496520042419,
    0.7412376403808594,
    0.7377205491065979,
    0.7295718193054199,
    0.7212720513343811,
    0.7127980589866638,
    0.7041251063346863,
    0.7030603289604187,
    0.6860750913619995,
    0.6770026683807373,
    0.683551013469696,
    0.6686841249465942,
    0.6646476984024048,
    null,
    null,
    null,
    0.6415544152259827,
    0.6360941529273987,
    0.6318539381027222,
    0.6270549297332764,
    0.6222843527793884,
    0.6175374388694763,
    0.617426335811615,
    0.608096182346344,
    0.5964103937149048,
    0.6033914685249329,
    0.5942757725715637,
    0.5991917848587036,
    0.5906880497932434,
    0.5958040952682495,
    0.5878639221191406,
    0.5931689739227295,
    0.5857506990432739,
    0.5912362933158875,
    0.58430415391922,
    0.5899643301963806,
    0.5834869146347046,
    0.5772910714149475,
    0.5832682847976685,
    0.5774827003479004,
    0.5839861631393433,
    0.5628934502601624,
    0.5501457452774048,
    0.5336828827857971,
    0.518360435962677,
    0.5084037780761719,
    0.48809972405433655,
    0.4845051169395447,
    0.46789589524269104,
    0.45610255002975464,
    0.44235533475875854,
    0.4396126866340637,
    0.4275336265563965,
    0.4133491814136505,
    0.4111320972442627,
    0.39855092763900757,
    0.39662954211235046,
    0.38443344831466675,
    0.3724394142627716,
    0.37094035744667053,
    0.36954405903816223,
    0.3580196499824524,
    0.35685691237449646,
    0.34562379121780396,
    0.34467753767967224,
    0.33370867371559143,
    0.3329634666442871,
    0.33230337500572205,
    0.32167521119117737,
    0.3211979568004608,
    0.32080110907554626,
    0.3104690611362457,
    0.3102392256259918,
    0.31008607149124146,
    0.30000925064086914,
    0.30000925064086914,
    0.3000832796096802,
    0.29022377729415894,
    0.29043880105018616,
    0.2907260060310364,
    0.2910856604576111,
    0.2814658284187317,
    0.2819543778896332,
    0.2825144827365875,
    0.28314676880836487,
    0.27371448278427124,
    0.2744659185409546,
    0.2752895653247833,
    0.27618658542633057,
    0.2668929398059845,
    0.26790133118629456,
    0.26898396015167236,
    0.2597522735595703,
    0.2609404921531677,
    0.26220449805259705,
    0.2635461986064911,
    0.25436875224113464,
    0.25581133365631104,
    0.25733423233032227,
    0.2589396834373474,
    0.2606300413608551,
    0.2514740228652954,
    0.2532639801502228,
    0.2551429867744446,
    0.2571139931678772,
    0.25918012857437134,
    0.24998195469379425,
    0.2521500885486603,
    0.2544194459915161,
    0.2567940056324005,
    0.25237149000167847,
    0.24997207522392273,
    0.25256484746932983,
    0.25527551770210266,
    0.2581093907356262,
    0.2486400157213211,
    0.2515898644924164,
    null,
    null,
    null,
    null,
    null,
    null,
    null,
    null,
    null,
    null,
    null,
    null,
    null,
    0.26127296686172485,
    0.25789961218833923,
    0.2674080431461334,
    0.2641695439815521,
    0.2735041677951813,
    0.27040043473243713,
    0.2674316465854645,
    0.27661874890327454,
    0.27377912402153015,
    0.2828488051891327,
    0.28013908863067627,
    0.27754873037338257,
    0.2865343689918518,
    0.28407058119773865,
    0.2817176580429077,
    0.29065072536468506,
    0.2995157837867737,
    0.2973099946975708,
    0.29520875215530396,
    0.3040684461593628,
    0.312885582447052,
    0.32071173191070557,
    0.310945600271225,
    0.3128855228424072,
    0.31492799520492554,
    0.31707602739334106,
    0.31933295726776123,
    0.33279529213905334,
    0.3353661596775055,
    0.33806112408638,
    0.34088456630706787,
    0.3438411056995392,
    0.35850030183792114,
    0.36184626817703247,
    0.3653462529182434,
    0.36900651454925537,
    0.37283381819725037,
    0.3889912962913513,
    0.3933095932006836,
    0.39782407879829407,
    0.40254393219947815,
    0.4202125668525696,
    0.42553427815437317,
    0.4311002492904663,
    0.42368295788764954,
    0.4295912981033325,
    0.4221578538417816,
    0.4284314215183258,
    0.4350031614303589,
    0.4350031614303589,
    0.4284314215183258,
    0.4357758164405823,
    0.44301605224609375,
    0.43692299723625183,
    0.44416385889053345,
    0.4513242542743683,
    0.4456798732280731,
    0.45286184549331665,
    0.4475520849227905,
    0.454764187335968,
    0.4619271457195282,
    0.46904900670051575,
    0.464233934879303,
    0.4831998348236084,
    0.47857075929641724,
    0.4741455018520355,
    0.49283888936042786,
    0.4886012077331543,
    0.4958230257034302,
    0.49769464135169983,
    0.5128636360168457,
    0.5175395607948303,
    0.5138818025588989,
    0.5255985856056213,
    0.5286685824394226,
    0.5333281755447388,
    0.5424176454544067,
    0.5513951182365417,
    0.5602779388427734,
    0.5636405944824219,
    0.5778260231018066,
    0.586522102355957,
    0.595186173915863,
    0.6038323044776917,
    0.6193395256996155,
    0.6211249232292175,
    0.6344956159591675,
    0.6486700177192688,
    0.6573961973190308,
    0.66865074634552,
    0.6861066222190857,
    0.6847463846206665,
    0.6835598349571228,
    0.6925831437110901,
    0.6917273998260498,
    0.7008375525474548,
    0.7105478644371033,
    0.7101970911026001,
    0.7200222015380859,
    0.7200222015380859,
    0.7301203012466431,
    0.7405710220336914,
    0.7411197423934937,
    0.7521926760673523,
    0.7628451585769653,
    0.7639786601066589,
    0.7761285305023193,
    0.7879757285118103,
    0.7988783121109009,
    0.8008683323860168,
    0.8113166689872742,
    0.8282175064086914,
    0.8416408896446228,
    0.8554368019104004,
    0.8655273914337158,
    0.8690251111984253,
    0.8982250690460205,
    0.9043159484863281,
    0.9202384948730469,
    0.936664342880249,
    0.9536197781562805,
    0.968769907951355,
    1.4339981079101562,
    1.4349573850631714,
    1.4378037452697754,
    1.4323086738586426,
    1.442503571510315,
    1.4532057046890259,
    1.4532530307769775,
    1.4536625146865845,
    1.4658032655715942,
    1.4631388187408447,
    1.4686940908432007,
    2.7313544750213623,
    2.7577736377716064,
    2.763688564300537,
    2.775045156478882,
    2.795874834060669,
    2.811732292175293,
    2.819218873977661,
    2.1377668380737305,
    2.047168254852295,
    1.9804530143737793,
    1.9489693641662598,
    1.8516874313354492,
    1.792610764503479,
    1.7387189865112305,
    1.7275452613830566,
    1.7189980745315552,
    1.7539740800857544,
    1.7490100860595703,
    1.7657240629196167,
    1.7941677570343018,
    1.8261688947677612,
    1.1508173942565918,
    0.47711434960365295,
    0.4711475372314453,
    0.4780210554599762,
    0.4724162817001343,
    0.4670552611351013,
    0.4619273543357849,
    0.4570222795009613,
    0.4642341732978821,
    0.4596293270587921,
    0.45522600412368774,
    0.4510166645050049,
    0.4469935894012451,
    0.45451289415359497,
    0.4507482349872589,
    0.4471549689769745,
    0.4437270760536194,
    0.440459281206131,
    0.4482799768447876,
    0.44524306058883667,
    0.4423554837703705,
    0.4345126748085022,
    0.4327637553215027,
    0.43113473057746887,
    0.4296235740184784,
    0.4282282888889313,
    0.4269469976425171,
    0.43591567873954773,
