{
  "step": 755,
  "timestamp": 24.16,
  "robot_pose_odom": {
    "x": -2.860009608730685,
    "y": -0.8374162901253759,
    "yaw_fused": 2.7764256947254005,
    "yaw_imu": 2.7787047336166095
  },
  "lidar_pose_relative_to_robot": {
    "x_offset": 0.0,
    "y_offset": 0.0,
    "yaw_offset": 0.0
  },
  "lidar_meta": {
    "fov": 6.283184,
    "horizontal_resolution": 400,
    "angle_min": -3.141592,
    "angle_increment": 0.015747328320802004
  },
  "ranges": [
    1.36165452003479,
    1.314473032951355,
    1.2662581205368042,
    1.2220078706741333,
    1.1868492364883423,
    1.1531516313552856,
    1.1154853105545044,
    1.0873819589614868,
    1.0547938346862793,
    1.0319483280181885,
    1.0019564628601074,
    0.9810476899147034,
    0.9604313969612122,
    0.9399757981300354,
    0.9199752807617188,
    0.9000851511955261,
    0.8809702396392822,
    0.8608582615852356,
    0.8417878746986389,
    0.8335387110710144,
    0.813664436340332,
    0.8063378930091858,
    null,
    null,
    null,
    null,
    0.5968611836433411,
    0.5887645483016968,
    0.5440189242362976,
    0.5173040628433228,
    0.497221976518631,
    0.4581994116306305,
    null,
    0.44594624638557434,
    0.4232340455055237,
    0.4130862355232239,
    0.3931944668292999,
    0.38321664929389954,
    0.373060405254364,
    0.36270490288734436,
    0.35212835669517517,
    0.3414040207862854,
    0.3327952027320862,
    0.3353661000728607,
    0.312653511762619,
    0.30679601430892944,
    0.3094569146633148,
    0.28911301493644714,
    0.29181137681007385,
    0.282848596572876,
    0.2737789452075958,
    0.276618629693985,
    0.26743149757385254,
    0.2704003155231476,
    0.261072039604187,
    0.2559075653553009,
    null,
    null,
    null,
    null,
    null,
    null,
    null,
    null,
    null,
    null,
    null,
    null,
    null,
    null,
    null,
    null,
    null,
    null,
    null,
    null,
    null,
    null,
    null,
    null,
    null,
    null,
    null,
    null,
    null,
    null,
    null,
    null,
    null,
    null,
    null,
    null,
    null,
    null,
    null,
    null,
    null,
    null,
    null,
    null,
    null,
    null,
    null,
    null,
    null,
    null,
    null,
    null,
    null,
    null,
    null,
    null,
    null,
    null,
    null,
    null,
    null,
    null,
    null,
    null,
    null,
    null,
    null,
    null,
    null,
    null,
    null,
    null,
    null,
    null,
    null,
    null,
    null,
    null,
    null,
    null,
    null,
    null,
    null,
    null,
    null,
    null,
    null,
    null,
    null,
    null,
    null,
    null,
    null,
    null,
    null,
    null,
    null,
    null,
    null,
    null,
    null,
    null,
    null,
    null,
    null,
    null,
    0.2573842704296112,
    0.2707946300506592,
    0.2674080431461334,
    0.27674904465675354,
    0.285936176776886,
    0.29498228430747986,
    0.29174360632896423,
    0.3006725609302521,
    0.3115805387496948,
    0.3182049095630646,
    0.3264648914337158,
    0.33537137508392334,
    0.3477584421634674,
    0.351877361536026,
    0.3634680211544037,
    0.3747268319129944,
    0.38568323850631714,
    0.39646220207214355,
    0.40229442715644836,
    0.4278619885444641,
    0.4485839903354645,
    0.45827215909957886,
    0.47016245126724243,
    0.5147387385368347,
    0.5334981083869934,
    0.550525426864624,
    0.582000732421875,
    0.5929498076438904,
    0.6593241691589355,
    0.6938714385032654,
    0.7142330408096313,
    0.7866477966308594,
    0.8393265008926392,
    0.9054465889930725,
    0.9284679889678955,
    0.9229028224945068,
    0.9238543510437012,
    0.9189300537109375,
    0.9199682474136353,
    0.9139852523803711,
    0.916827380657196,
    0.9155434370040894,
    0.9144550561904907,
    0.9135664105415344,
    0.9105077981948853,
    0.9124056100845337,
    0.9121442437171936,
    0.9121034145355225,
    0.9121034145355225,
    0.9121442437171936,
    0.9124056100845337,
    0.9152551293373108,
    0.9135663509368896,
    0.9275186061859131,
    0.9155434370040894,
    0.9295608401298523,
    0.9265647530555725,
    0.9324002265930176,
    0.931221067905426,
    0.9360102415084839,
    0.9349297285079956,
    0.9424631595611572,
    0.9546142816543579,
    0.945469081401825,
    0.9520591497421265,
    0.9588384628295898,
    0.965470016002655,
    0.9662389755249023,
    0.9783861041069031,
    0.984714925289154,
    0.9909846186637878,
    0.9972139000892639,
    0.994743287563324,
    1.0096204280853271,
    1.0158299207687378,
    1.0220638513565063,
    1.02781081199646,
    1.0452029705047607,
    1.0515393018722534,
    1.0579564571380615,
    1.055112600326538,
    1.0814266204833984,
    1.096311092376709,
    1.1051993370056152,
    1.1178278923034668,
    0.6956711411476135,
    0.6791661977767944,
    0.660488486289978,
    0.6484259963035583,
    0.6366289258003235,
    0.6250816583633423,
    0.6126173734664917,
    0.6026777029037476,
    0.5917921662330627,
    0.5810992121696472,
    0.5704398155212402,
    0.5701582431793213,
    0.5600439310073853,
    0.550043523311615,
    0.5400675535202026,
    0.5304089188575745,
    0.5308019518852234,
    0.520986795425415,
    0.5119092464447021,
    0.5126698613166809,
    0.5042439699172974,
    0.4944003224372864,
    0.49550682306289673,
    0.48660358786582947,
    0.4879394471645355,
    0.48155656456947327,
    0.4705401062965393,
    0.47219517827033997,
    0.4636753797531128,
    0.46554917097091675,
    0.4571639895439148,
    0.4488176107406616,
    0.4509917199611664,
    0.44275760650634766,
    0.44514527916908264,
    0.4370110034942627,
    0.4396126866340637,
    0.44235530495643616,
    0.42352378368377686,
    0.4264124929904938,
    0.42944762110710144,
    0.42154061794281006,
    0.42479705810546875,
    0.41694197058677673,
    0.4204241931438446,
    0.4240705966949463,
    0.4163227379322052,
    0.4085359275341034,
    0.41248753666877747,
    0.40471670031547546,
    0.4089145362377167,
    0.4133032262325287,
    0.4056004583835602,
    0.410256028175354,
    0.4025438129901886,
    0.4074787497520447,
    0.41263920068740845,
    0.4049728512763977,
    0.4104427397251129,
    0.4027417004108429,
    0.40853968262672424,
    0.4007904827594757,
    0.40693825483322144,
    0.4069386124610901,
    0.40079084038734436,
    0.4085400104522705,
    0.4027419686317444,
    0.4104430079460144,
    0.4049731194972992,
    0.41263940930366516,
    0.407478928565979,
    0.4151235520839691,
    0.4102562367916107,
    0.41789156198501587,
    0.4133034348487854,
    0.4209415912628174,
    0.4166204333305359,
    0.42427322268486023,
    0.4202086329460144,
    0.42788761854171753,
    0.4240708649158478,
    0.43178728222846985,
    0.4282108247280121,
    0.43597611784935,
    0.4326339066028595,
    0.440459281206131,
    0.43734627962112427,
    0.44524306058883667,
    0.4531446397304535,
    0.4552037715911865,
    0.4503350257873535,
    0.46393367648124695,
    0.46696215867996216,
    0.4701472222805023,
    0.47349366545677185,
    0.47700655460357666,
    0.48069149255752563,
    0.4845542907714844,
    0.4886012077331543,
    0.49283894896507263,
    0.49727457761764526,
    0.5019157528877258,
    0.5067705512046814,
    0.5237511992454529,
    0.5291835069656372,
    0.5348630547523499,
    0.5408006906509399,
    0.5470081567764282,
    0.5534979104995728,
    0.5602834224700928,
    0.5673790574073792,
    0.5748003125190735,
    0.5958041548728943,
    0.6041127443313599,
    1.4979794025421143,
    1.5340608358383179,
    1.5575920343399048,
    1.5855863094329834,
    1.6155188083648682,
    1.6570103168487549,
    1.6733440160751343,
    1.7221750020980835,
    1.7649918794631958,
    1.8077137470245361,
    1.8446124792099,
    1.8991293907165527,
    1.9184247255325317,
    2.014977216720581,
    2.65000319480896,
    2.621863842010498,
    2.6068522930145264,
