{
  "step": 305,
  "timestamp": 9.76,
  "robot_pose_odom": {
    "x": -0.39402657691325077,
    "y": -0.684849897515172,
    "yaw_fused": -2.0937137529945122,
    "yaw_imu": -2.0937453314157364
  },
  "lidar_pose_relative_to_robot": {
    "x_offset": 0.0,
    "y_offset": 0.0,
    "yaw_offset": 0.0
  },
  "lidar_meta": {
    "fov": 6.283184,
    "horizontal_resolution": 400,
    "angle_min": -3.141592,
    "angle_increment": 0.015747328320802004
  },
  "ranges": [
    null,
    null,
    2.857435941696167,
    2.4102871417999268,
    2.225409507751465,
    1.5327329635620117,
    1.3654000759124756,
    1.2308650016784668,
    1.1154074668884277,
    1.0623369216918945,
    0.9492663741111755,
    0.886672854423523,
    0.8260077238082886,
    0.7939761281013489,
    0.7297756671905518,
    0.6888383030891418,
    0.6511337757110596,
    0.6349803805351257,
    0.6058610677719116,
    0.5842344760894775,
    0.5531144142150879,
    0.539659857749939,
    null,
    null,
    null,
    null,
    0.4430767893791199,
    0.42411932349205017,
    0.41984501481056213,
    0.40760818123817444,
    0.39490506052970886,
    0.38486072421073914,
    null,
    null,
    0.3480960726737976,
    0.3522259593009949,
    0.3438102602958679,
    0.33526942133903503,
    0.33047914505004883,
    0.31776222586631775,
    0.30876871943473816,
    0.31321385502815247,
    0.2902277112007141,
    0.29467955231666565,
    0.29467955231666565,
    0.2902277112007141,
    0.2723598778247833,
    0.27954575419425964,
    0.2785235047340393,
    0.2612728476524353,
    0.25789955258369446,
    0.25467419624328613,
    0.25158989429473877,
    0.2486400455236435,
    0.24581845104694366,
    0.24311953783035278,
    0.24053794145584106,
    0.23806868493556976,
    0.23570722341537476,
    0.23344913125038147,
    0.23129047453403473,
    0.22922737896442413,
    0.22725637257099152,
    0.22537408769130707,
    null,
    null,
    null,
    null,
    null,
    null,
    null,
    null,
    null,
    null,
    null,
    null,
    null,
    null,
    null,
    null,
    null,
    null,
    null,
    null,
    null,
    null,
    null,
    null,
    null,
    null,
    null,
    null,
    null,
    null,
    null,
    null,
    null,
    null,
    null,
    null,
    null,
    null,
    null,
    null,
    null,
    null,
    null,
    null,
    null,
    null,
    null,
    null,
    null,
    null,
    null,
    null,
    null,
    null,
    null,
    null,
    null,
    null,
    null,
    null,
    null,
    null,
    null,
    null,
    null,
    null,
    null,
    null,
    null,
    null,
    null,
    null,
    null,
    null,
    null,
    null,
    null,
    null,
    null,
    null,
    null,
    null,
    null,
    0.2684946358203888,
    0.2780420184135437,
    0.2874002754688263,
    0.28368961811065674,
    0.2928754687309265,
    0.30190804600715637,
    0.2983681857585907,
    0.3072732090950012,
    0.316055566072464,
    0.3247263431549072,
    0.32139289379119873,
    0.34177565574645996,
    0.3385013937950134,
    0.34316831827163696,
    0.3628467619419098,
    0.3749731481075287,
    0.371867299079895,
    0.38008174300193787,
    0.37716805934906006,
    0.3854018747806549,
    0.3826780319213867,
    0.3800855576992035,
    0.38840967416763306,
    0.4034760594367981,
    0.4018520414829254,
    0.4106045067310333,
    0.40916532278060913,
    0.4078364670276642,
    0.41678160429000854,
    0.41564056277275085,
    0.4247201383113861,
    0.4237717092037201,
    0.4229315519332886,
    0.43225106596946716,
    0.43160974979400635,
    0.4411015510559082,
    0.4406657814979553,
    0.4503472149372101,
    0.45012491941452026,
    0.4600141942501068,
    0.4600141942501068,
    0.4701305031776428,
    0.47036266326904297,
    0.48072630167007446,
    0.4812016785144806,
    0.4918343722820282,
    0.4925651550292969,
    0.5034899711608887,
    0.5044901371002197,
    0.5169647932052612,
    0.5271538496017456,
    0.5286010503768921,
    0.5427320003509521,
    0.5523731708526611,
    0.5543160438537598,
    0.5708117485046387,
    0.5842047929763794,
    0.5922351479530334,
    0.6016249656677246,
    0.6160812973976135,
    0.6340709328651428,
    0.6462575793266296,
    0.6620272994041443,
    0.6782870888710022,
    0.6950657963752747,
    0.7123939394950867,
    0.7348061800003052,
    0.7488287091255188,
    0.7680063843727112,
    0.7878751158714294,
    0.8142165541648865,
    0.8412175178527832,
    0.8635187745094299,
    0.8982638716697693,
    0.9217609167098999,
    0.9594929814338684,
    0.9957038760185242,
    1.027976632118225,
    1.0907937288284302,
    1.118474006652832,
    1.1465895175933838,
    1.1742106676101685,
    1.209702491760254,
    1.2328133583068848,
    1.2671730518341064,
    1.2980098724365234,
    1.340098261833191,
    1.3844176530838013,
    1.4373176097869873,
    1.4803786277770996,
    1.5224039554595947,
    1.5802345275878906,
    1.6066943407058716,
    1.7010087966918945,
    1.7761015892028809,
    1.8875452280044556,
    1.9339736700057983,
    2.013700485229492,
    2.054401159286499,
    2.0580239295959473,
    2.122709035873413,
    2.1370275020599365,
    2.179389715194702,
    2.1958632469177246,
    0.4832000732421875,
    0.47857093811035156,
    0.4741457402706146,
    0.46991637349128723,
    0.4658757448196411,
    0.4620169699192047,
    0.4695127308368683,
    0.47958460450172424,
    0.48455408215522766,
    0.5051991939544678,
    0.5147387385368347,
    0.533229410648346,
    0.5226057171821594,
    0.5440181493759155,
    0.5603602528572083,
    0.5772327184677124,
    0.5945712924003601,
    0.612702488899231,
    0.6313714981079102,
    0.6619839668273926,
    0.681399405002594,
    0.6952269673347473,
    0.7438977360725403,
    0.7707458138465881,
    0.7847397327423096,
    0.8430522680282593,
    0.862768292427063,
    0.917366087436676,
    0.9529134631156921,
    1.0375467538833618,
    1.090472936630249,
    1.160542607307434,
    1.2790192365646362,
    1.307763934135437,
    1.3764878511428833,
    1.3716959953308105,
    1.3754174709320068,
    1.3743945360183716,
    1.35415780544281,
    1.3681198358535767,
    1.3543959856033325,
    1.3617994785308838,
    1.3582711219787598,
    1.363729476928711,
    1.3547309637069702,
    1.3590766191482544,
    1.3625069856643677,
    1.362903356552124,
    1.357933521270752,
    1.3614033460617065,
    1.3647137880325317,
    1.3590394258499146,
    1.3590834140777588,
    1.362222671508789,
    1.366040825843811,
    0.8982646465301514,
    0.8939868211746216,
    0.8862999081611633,
    0.8930972814559937,
    0.8943096399307251,
    0.895969569683075,
    0.9028927683830261,
    0.9074934124946594,
    0.9013454914093018,
    0.9125179648399353,
    0.9248992204666138,
    0.9273160696029663,
    0.9220867156982422,
    0.929242730140686,
    0.9361693859100342,
    0.9431426525115967,
    0.9501753449440002,
    0.9572800993919373,
    0.964468777179718,
    0.971752941608429,
    0.9791445136070251,
    0.9866544008255005,
    0.994293749332428,
    1.005165934562683,
    1.0100051164627075,
    1.0180987119674683,
    1.0263653993606567,
    1.0359681844711304,
    1.0534992218017578,
    1.0629688501358032,
    1.042016863822937,
    1.0210785865783691,
    1.000112771987915,
    0.9800834655761719,
    0.9599764943122864,
    0.9404256343841553,
    0.9204186797142029,
    0.9011402726173401,
    0.8925431370735168,
    0.8728255033493042,
    0.8650780916213989,
    0.8451091647148132,
    0.8364824652671814,
    0.8304487466812134,
    0.8094599843025208,
    0.8011512756347656,
    0.7976297736167908,
    0.7745621800422668,
    0.7664510607719421,
    0.7665858268737793,
    0.7503694891929626,
    0.7376964092254639,
    0.7410709857940674,
    0.7524275779724121,
    0.7711149454116821,
    1.2509092092514038,
    1.2482614517211914,
    1.230275273323059,
    1.2345234155654907,
    null,
    1.1940197944641113,
