{
  "step": 1055,
  "timestamp": 33.76,
  "robot_pose_odom": {
    "x": -3.1753866507665807,
    "y": 0.15794956062496537,
    "yaw_fused": 1.0600782912486764,
    "yaw_imu": 1.0608310807678474
  },
  "lidar_pose_relative_to_robot": {
    "x_offset": 0.0,
    "y_offset": 0.0,
    "yaw_offset": 0.0
  },
  "lidar_meta": {
    "fov": 6.283184,
    "horizontal_resolution": 400,
    "angle_min": -3.141592,
    "angle_increment": 0.015747328320802004
  },
  "ranges": [
    0.9218196272850037,
    0.9116987586021423,
    0.9260714650154114,
    0.91656494140625,
    0.9192586541175842,
    0.9217603802680969,
    0.9251623749732971,
    0.9244540929794312,
    0.9321216940879822,
    0.8674812912940979,
    0.7874071598052979,
    0.7244157791137695,
    0.6828584671020508,
    0.6405839323997498,
    0.6276726722717285,
    0.570157527923584,
    0.5373327732086182,
    0.5198206305503845,
    0.5162110924720764,
    0.47563859820365906,
    0.4437778890132904,
    0.42954501509666443,
    null,
    null,
    null,
    null,
    0.3628472089767456,
    0.3507038652896881,
    0.33813780546188354,
    0.3348696827888489,
    0.30948933959007263,
    0.3126993179321289,
    null,
    null,
    0.28593605756759644,
    0.2767489552497864,
    0.26740798354148865,
    0.25789955258369446,
    0.2612728774547577,
    null,
    null,
    null,
    null,
    null,
    null,
    null,
    null,
    null,
    null,
    null,
    null,
    null,
    null,
    null,
    null,
    null,
    null,
    null,
    null,
    null,
    null,
    null,
    null,
    null,
    null,
    null,
    null,
    null,
    null,
    null,
    null,
    null,
    null,
    null,
    null,
    null,
    null,
    null,
    null,
    null,
    null,
    null,
    null,
    null,
    null,
    null,
    null,
    null,
    null,
    null,
    null,
    null,
    null,
    null,
    null,
    null,
    null,
    null,
    null,
    null,
    null,
    null,
    null,
    null,
    null,
    null,
    null,
    null,
    null,
    null,
    null,
    null,
    null,
    null,
    null,
    null,
    null,
    null,
    null,
    null,
    null,
    null,
    null,
    null,
    null,
    null,
    null,
    null,
    null,
    null,
    null,
    null,
    null,
    null,
    null,
    null,
    null,
    null,
    null,
    null,
    null,
    null,
    null,
    null,
    null,
    null,
    null,
    null,
    null,
    null,
    null,
    null,
    null,
    null,
    null,
    null,
    0.252564936876297,
    0.24997225403785706,
    0.2543979287147522,
    0.26846662163734436,
    0.2659841775894165,
    0.27507299184799194,
    0.2837004065513611,
    0.29298636317253113,
    0.30718451738357544,
    0.30803102254867554,
    0.3192841112613678,
    0.3280097246170044,
    0.32578760385513306,
    0.34981369972229004,
    0.3572387993335724,
    0.3750380873680115,
    0.3832419514656067,
    0.39608392119407654,
    0.4101855158805847,
    0.4231151044368744,
    0.4429609179496765,
    0.46763649582862854,
    0.48236772418022156,
    0.5049982070922852,
    0.5345026850700378,
    0.5633910894393921,
    0.6005566120147705,
    0.6316181421279907,
    0.6797959208488464,
    0.7306149005889893,
    0.7901840806007385,
    0.8598406314849854,
    0.9296817779541016,
    1.0293387174606323,
    1.1490819454193115,
    1.3082388639450073,
    1.5070239305496216,
    1.7919373512268066,
    2.0046441555023193,
    2.0169894695281982,
    2.0439348220825195,
    2.0594735145568848,
    2.0756583213806152,
    2.092510461807251,
    2.110053300857544,
    2.121445894241333,
    2.1576120853424072,
    2.177417516708374,
    2.208411693572998,
    2.229893445968628,
    2.2576799392700195,
    2.286020517349243,
    2.310253143310547,
    2.333096981048584,
    2.3724043369293213,
    2.399752140045166,
    2.439068078994751,
    2.468754291534424,
    2.4995570182800293,
    1.5478895902633667,
    1.537329912185669,
    1.5522106885910034,
    1.5790623426437378,
    1.5008643865585327,
    1.407361388206482,
    1.3758976459503174,
    1.3240149021148682,
    1.268040418624878,
    1.2482751607894897,
    1.1734622716903687,
    1.1553468704223633,
    1.156176209449768,
    1.1698930263519287,
    0.7258214950561523,
    0.722118616104126,
    0.7315638661384583,
    0.7282048463821411,
    1.5035691261291504,
    1.511596918106079,
    1.5340602397918701,
    1.5786052942276,
    2.4065146446228027,
    2.4109225273132324,
    4.371400833129883,
    3.7857744693756104,
    3.7337071895599365,
    3.6970126628875732,
    3.649279832839966,
    2.8141515254974365,
    2.7718091011047363,
    2.7197651863098145,
    2.679422378540039,
    2.6346049308776855,
    2.5857839584350586,
    2.559239625930786,
    2.5151634216308594,
    2.4741978645324707,
    1.9312764406204224,
    1.902588129043579,
    1.8862286806106567,
    1.859336495399475,
    1.833335518836975,
    1.8192811012268066,
    1.7948716878890991,
    1.7821862697601318,
    1.7549149990081787,
    1.737054467201233,
    1.709991693496704,
    1.6955658197402954,
    1.6810526847839355,
    1.6664178371429443,
    1.6516249179840088,
    1.6469457149505615,
    1.621406078338623,
    1.6085551977157593,
    1.601418137550354,
    1.5892139673233032,
    1.5652391910552979,
    1.0618302822113037,
    1.0558031797409058,
    1.0495940446853638,
    1.0495084524154663,
    1.1126823425292969,
    1.1640148162841797,
    1.2364587783813477,
    1.2960630655288696,
    1.3770157098770142,
    1.5009212493896484,
    1.4984310865402222,
    1.495648741722107,
    1.5327928066253662,
    1.5570679903030396,
    1.6904767751693726,
    1.9643198251724243,
    2.1255149841308594,
    2.261504888534546,
    3.0594322681427,
    3.0474135875701904,
    2.992260694503784,
    2.939319610595703,
    2.901370048522949,
    2.852351188659668,
    2.805227518081665,
    2.759904623031616,
    2.716294050216675,
    2.6864709854125977,
    2.6459176540374756,
    2.6068522930145264,
    2.569208860397339,
    2.544595718383789,
    2.5095014572143555,
    2.4756557941436768,
    2.454368829727173,
    2.4256410598754883,
    2.3645660877227783,
    2.3347220420837402,
    2.29048490524292,
    2.256835460662842,
    1.14462149143219,
    1.075577735900879,
    0.9967530369758606,
    0.9628366827964783,
    0.9228752255439758,
    0.8808353543281555,
    0.8577063679695129,
    0.8066204786300659,
    0.7990009188652039,
    0.7442435026168823,
    0.7027735710144043,
    0.6946280598640442,
    0.6705981492996216,
    0.6446914672851562,
    0.6283391714096069,
    0.6098005771636963,
    0.5953972935676575,
    0.5760901570320129,
    0.5646628737449646,
    0.5523032546043396,
    0.5324156284332275,
    0.5216169357299805,
    0.5109933018684387,
    0.5002400875091553,
    0.49021849036216736,
    0.48004141449928284,
    0.47004106640815735,
    0.46004536747932434,
    0.4502016305923462,
    0.4408872723579407,
    0.4310764968395233,
    0.43160974979400635,
    0.42162275314331055,
    0.41361576318740845,
    0.4035920798778534,
    0.40449535846710205,
    0.3938194513320923,
    0.3862853944301605,
    0.3874446153640747,
    0.37847793102264404,
    0.3798092007637024,
    0.36684292554855347,
    0.36209380626678467,
    0.35326310992240906,
    0.35487908124923706,
    0.34610992670059204,
    0.3478809595108032,
    0.3603557348251343,
    0.3623993992805481,
    0.378063827753067,
    0.38384953141212463,
    null,
    1.040948510169983,
    1.0350306034088135,
    1.0342426300048828,
    1.0338102579116821,
    1.005784511566162,
    0.999558687210083,
    1.0010552406311035,
    0.982984185218811,
    0.9921586513519287,
    0.978184700012207,
    0.9781737327575684,
    0.9773469567298889,
    0.9635664224624634,
    0.955802857875824,
    0.9572641253471375,
    0.9517238736152649,
    0.9417027831077576,
    0.9413331151008606,
    0.9405820965766907,
    0.9395650029182434,
    0.9263059496879578,
