{
  "step": 1610,
  "timestamp": 51.52,
  "robot_pose_odom": {
    "x": -1.6524608805246046,
    "y": 1.0758974292142895,
    "yaw_fused": -2.7302636483049447,
    "yaw_imu": -2.730091877729908
  },
  "lidar_pose_relative_to_robot": {
    "x_offset": 0.0,
    "y_offset": 0.0,
    "yaw_offset": 0.0
  },
  "lidar_meta": {
    "fov": 6.283184,
    "horizontal_resolution": 400,
    "angle_min": -3.141592,
    "angle_increment": 0.015747328320802004
  },
  "ranges": [
    0.6321464776992798,
    0.6342062950134277,
    0.6364369988441467,
    0.6285377740859985,
    0.6310778260231018,
    0.6337955594062805,
    0.6262571215629578,
    0.629290759563446,
    0.6325108408927917,
    0.635921835899353,
    0.6288694739341736,
    0.6326133608818054,
    1.8897711038589478,
    1.876525640487671,
    1.8632240295410156,
    1.8498317003250122,
    1.836312174797058,
    1.8226262331008911,
    1.81139075756073,
    1.1131868362426758,
    1.1156688928604126,
    null,
    null,
    null,
    null,
    1.0551987886428833,
    1.0486582517623901,
    1.0476175546646118,
    1.022269606590271,
    1.023256778717041,
    1.0186967849731445,
    1.0109121799468994,
    1.0020126104354858,
    0.9925253987312317,
    0.9800048470497131,
    0.9851124286651611,
    0.9674253463745117,
    0.9612508416175842,
    0.9682332873344421,
    0.9674261808395386,
    0.953260064125061,
    0.9531559944152832,
    0.95328688621521,
    0.9536463022232056,
    0.9413336515426636,
    0.9422950744628906,
    0.9308831691741943,
    0.9324005842208862,
    0.9341105222702026,
    0.9238547086715698,
    1.1470216512680054,
    1.234580636024475,
    2.140056610107422,
    2.1364245414733887,
    2.1432056427001953,
    2.139359951019287,
    2.135840654373169,
    2.12691593170166,
    2.140989065170288,
    2.1384053230285645,
    2.1362762451171875,
    2.1452479362487793,
    2.1436767578125,
    2.153270959854126,
    2.1567275524139404,
    2.155174732208252,
    2.1686203479766846,
    2.156719446182251,
    2.1648638248443604,
    2.1802732944488525,
    1.4658632278442383,
    1.4513750076293945,
    1.268044114112854,
    1.1912473440170288,
    1.1657204627990723,
    1.0639362335205078,
    1.0738662481307983,
    1.0724680423736572,
    1.071309208869934,
    1.0824207067489624,
    1.081882119178772,
    1.0938923358917236,
    0.6397227048873901,
    0.6120773553848267,
    0.5978929996490479,
    0.5931689739227295,
    0.6009275913238525,
    0.6090442538261414,
    0.6041127443313599,
    0.6128097772598267,
    0.6219165325164795,
    0.6104428172111511,
    0.631456196308136,
    0.635736882686615,
    0.6446622610092163,
    0.6443870067596436,
    0.6620045900344849,
    0.6623578667640686,
    0.675642728805542,
    0.6748866438865662,
    0.6875543594360352,
    0.6990374326705933,
    0.7099844217300415,
    0.7204468846321106,
    0.7304725646972656,
    0.7401047945022583,
    0.749383807182312,
    0.7583463788032532,
    0.7594903707504272,
    0.7947511076927185,
    0.8063905835151672,
    0.8142163753509521,
    0.8277062177658081,
    0.8515968322753906,
    0.8589439988136292,
    0.870189905166626,
    0.8991629481315613,
    0.9369875192642212,
    0.9379891753196716,
    0.96165531873703,
    0.9862045645713806,
    0.9983556866645813,
    1.0196782350540161,
    1.061713457107544,
    1.0608258247375488,
    1.1234440803527832,
    1.1766338348388672,
    1.1872870922088623,
    1.2320204973220825,
    1.2540972232818604,
    1.2503448724746704,
    1.2367841005325317,
    1.2337110042572021,
    1.220866084098816,
    1.2184456586837769,
    1.2062820196151733,
    1.2044923305511475,
    1.2030041217803955,
    1.191800594329834,
    1.190918207168579,
    1.1803275346755981,
    1.1800364255905151,
    1.1700360774993896,
    1.1703248023986816,
    1.1608951091766357,
    1.1617552042007446,
    1.152878999710083,
    1.1543052196502686,
    1.1560202836990356,
    1.1479570865631104,
    1.1502374410629272,
    1.1426994800567627,
    1.1455459594726562,
    1.1404411792755127,
    1.814872145652771,
    1.8207857608795166,
    1.816925048828125,
    1.8237899541854858,
    1.8159599304199219,
    1.8182659149169922,
    null,
    null,
    null,
    null,
    null,
    null,
    null,
    null,
    null,
    null,
    null,
    null,
    null,
    null,
    null,
    null,
    null,
    null,
    null,
    null,
    null,
    null,
    null,
    null,
    null,
    null,
    null,
    null,
    null,
    null,
    null,
    null,
    null,
    null,
    null,
    null,
    null,
    null,
    null,
    null,
    null,
    null,
    null,
    null,
    null,
    null,
    null,
    null,
    null,
    null,
    null,
    null,
    null,
    null,
    null,
    null,
    null,
    null,
    null,
    null,
    null,
    null,
    null,
    null,
    null,
    null,
    null,
    null,
    null,
    null,
    null,
    null,
    0.4303317964076996,
    0.4301193654537201,
    0.4200129508972168,
    0.4200129508972168,
    0.4201166033744812,
    0.42032408714294434,
    0.42063549160957336,
    0.4110264480113983,
    0.4115349054336548,
    0.4121463894844055,
    0.40279194712638855,
    0.4035920798778534,
    0.40449535846710205,
    0.40550297498703003,
    0.4066161811351776,
    0.4078364074230194,
    0.3989361822605133,
    0.40033939480781555,
    0.401852011680603,
    0.40347594022750854,
    0.39482346177101135,
    0.39662954211235046,
    0.3985508382320404,
    0.4005902111530304,
    0.3921518325805664,
    0.3943758010864258,
    0.38321664929389954,
    0.373060405254364,
    0.3583662807941437,
    0.3608105778694153,
    0.35231906175613403,
    0.3464657664299011,
    0.3353661000728607,
    0.3296624720096588,
    0.3181588649749756,
    0.3209182918071747,
    0.3006775379180908,
    0.3034838140010834,
    0.2946339547634125,
    0.2975858151912689,
    0.28864553570747375,
    0.2795874774456024,
    0.28269124031066895,
    0.2735040485858917,
    0.2767488956451416,
    0.26740792393684387,
    0.2527952790260315,
    null,
    null,
    null,
    null,
    null,
    null,
    null,
    null,
    null,
    null,
    null,
    null,
    null,
    null,
    null,
    null,
    null,
    null,
    null,
    null,
    null,
    null,
    null,
    null,
    null,
    null,
    null,
    null,
    null,
    null,
    null,
    null,
    null,
    null,
    null,
    null,
    null,
    null,
    null,
    null,
    null,
    null,
    null,
    null,
    null,
    null,
    null,
    null,
    null,
    null,
    null,
    null,
    0.9464371800422668,
    0.9405823349952698,
    0.9400465488433838,
    0.9531556367874146,
    0.9442581534385681,
    0.9321427941322327,
    0.9051223397254944,
    0.9121034145355225,
    0.8983238935470581,
    0.8987876176834106,
    0.8860321044921875,
    0.8870860934257507,
    0.875264048576355,
    0.8639634847640991,
    0.8531585931777954,
    0.8554057478904724,
    0.845376193523407,
    0.8480737209320068,
    0.8387624621391296,
    0.8298559188842773,
    0.8213369846343994,
    0.824975311756134,
    0.8170720338821411,
    0.8095166683197021,
    0.8137572407722473,
    0.8067601919174194,
    0.8000780344009399,
    0.8048787117004395,
    0.7987086176872253,
    0.7928265333175659,
    0.7981567978858948,
    0.7927496433258057,
    0.78760826587677,
    0.7827249765396118,
    null,
    null,
    0.778536856174469,
    0.7656372785568237,
    0.7619462013244629,
    0.7584767937660217,
    0.7448788285255432,
    0.7315768003463745,
    0.7288230061531067,
    0.7160392999649048,
    0.7137138247489929,
    0.711578369140625,
    0.6994926333427429,
    0.6977545022964478,
    0.6961963772773743,
    0.6948161721229553,
    0.6835598349571228,
    0.6825456619262695,
    0.67167729139328,
    0.6710137724876404,
    0.6705169677734375,
    0.6701859831809998,
    0.6600203514099121,
    0.6600203514099121,
    0.6601831912994385,
    0.650501549243927,
