{
  "step": 775,
  "timestamp": 24.8,
  "robot_pose_odom": {
    "x": -3.013815699946323,
    "y": -0.7787709887187628,
    "yaw_fused": 2.7778873900431336,
    "yaw_imu": 2.778704217287319
  },
  "lidar_pose_relative_to_robot": {
    "x_offset": 0.0,
    "y_offset": 0.0,
    "yaw_offset": 0.0
  },
  "lidar_meta": {
    "fov": 6.283184,
    "horizontal_resolution": 400,
    "angle_min": -3.141592,
    "angle_increment": 0.015747328320802004
  },
  "ranges": [
    1.5169284343719482,
    1.476821780204773,
    1.4121370315551758,
    1.36277174949646,
    1.3161660432815552,
    1.272483229637146,
    1.244152307510376,
    1.2279813289642334,
    1.1800763607025146,
    1.1438791751861572,
    1.125657081604004,
    1.0924588441848755,
    1.0599086284637451,
    1.038122534751892,
    1.0350841283798218,
    0.9921693205833435,
    0.9710105061531067,
    0.9514104723930359,
    0.9492902159690857,
    0.8567579984664917,
    0.7921345829963684,
    0.7367796897888184,
    null,
    null,
    null,
    null,
    0.5357187390327454,
    0.5037118792533875,
    0.4701184630393982,
    0.46306806802749634,
    0.44225195050239563,
    0.42215803265571594,
    0.4161667227745056,
    0.39720287919044495,
    0.37884581089019775,
    0.3610594868659973,
    0.3565440773963928,
    0.33964651823043823,
    0.33566418290138245,
    0.3195641338825226,
    0.316055566072464,
    0.3006725609302521,
    0.29758602380752563,
    0.2828488051891327,
    0.28013908863067627,
    0.27754873037338257,
    0.2636116147041321,
    0.26134490966796875,
    0.2591802477836609,
    0.24593524634838104,
    0.24404990673065186,
    0.24225261807441711,
    0.24054047465324402,
    0.2280513197183609,
    0.22657231986522675,
    0.22516751289367676,
    0.22034350037574768,
    null,
    null,
    null,
    null,
    null,
    null,
    null,
    null,
    null,
    null,
    null,
    null,
    null,
    null,
    null,
    null,
    null,
    null,
    null,
    null,
    null,
    null,
    null,
    null,
    null,
    null,
    null,
    null,
    null,
    null,
    null,
    null,
    null,
    null,
    null,
    null,
    null,
    null,
    null,
    null,
    null,
    null,
    null,
    null,
    null,
    null,
    null,
    null,
    null,
    null,
    null,
    null,
    null,
    null,
    null,
    null,
    null,
    null,
    null,
    null,
    null,
    null,
    null,
    null,
    null,
    null,
    null,
    null,
    null,
    null,
    null,
    null,
    null,
    null,
    null,
    null,
    null,
    null,
    null,
    null,
    null,
    null,
    null,
    null,
    null,
    null,
    null,
    null,
    null,
    null,
    null,
    null,
    null,
    null,
    null,
    null,
    null,
    null,
    null,
    null,
    null,
    null,
    null,
    0.22186347842216492,
    0.22357739508152008,
    0.2253740131855011,
    0.2386191338300705,
    0.24068871140480042,
    0.24285492300987244,
    0.2451215535402298,
    0.259277880191803,
    0.2618755102157593,
    0.2645917534828186,
    0.26743149757385254,
    0.28269124031066895,
    0.28593602776527405,
    0.28932836651802063,
    0.3056090474128723,
    0.30947938561439514,
    0.313527375459671,
    0.33100220561027527,
    0.33561810851097107,
    0.35406771302223206,
    0.3593294024467468,
    0.3788735270500183,
    0.3929062485694885,
    0.40696823596954346,
    0.42677390575408936,
    0.4406430423259735,
    0.4629212021827698,
    0.4872436821460724,
    0.5080075263977051,
    0.5359983444213867,
    0.5872942209243774,
    0.6024256944656372,
    0.6600886583328247,
    0.6904653906822205,
    0.7393302321434021,
    0.7618201971054077,
    0.7660488486289978,
    0.7587100267410278,
    0.7516944408416748,
    0.7564507126808167,
    0.7499462962150574,
    0.7550032734870911,
    0.7489845752716064,
    0.7543361186981201,
    0.7487807869911194,
    0.7544223666191101,
    0.7493115067481995,
    0.7552410960197449,
    0.7655699849128723,
    0.7398361563682556,
    0.7444517612457275,
    0.7384518384933472,
    0.7434886693954468,
    0.7487807273864746,
    0.7432428002357483,
    0.7489843964576721,
    0.7437344789505005,
    0.7499460577964783,
    0.7564504742622375,
    0.7516941428184509,
    0.7587098479270935,
    0.7542632222175598,
    0.7618198990821838,
    0.7576945424079895,
    0.7658266425132751,
    0.7743282318115234,
    0.7707841992378235,
    0.7799289226531982,
    0.7767565846443176,
    0.7865937352180481,
    0.7968823313713074,
    0.7944055199623108,
    0.8054836392402649,
    0.8034616708755493,
    0.8154016733169556,
    0.8138768672943115,
    0.82085782289505,
    0.8292220234870911,
    0.8353142142295837,
    0.8457579016685486,
    0.8468843102455139,
    0.8583124876022339,
    0.8588595986366272,
    0.8786260485649109,
    0.8762467503547668,
    0.885517418384552,
    0.9001265168190002,
    0.9149425625801086,
    0.9229028820991516,
    0.9305596947669983,
    0.9477081894874573,
    0.9567781686782837,
    0.9560872912406921,
    0.9895943403244019,
    0.9889349341392517,
    1.0086541175842285,
    1.0338107347488403,
    1.0376032590866089,
    1.0570049285888672,
    1.0669957399368286,
    1.0772814750671387,
    0.5718251466751099,
    0.5682798027992249,
    0.5649166703224182,
    0.5511322617530823,
    0.548176109790802,
    0.545385479927063,
    0.5323185920715332,
    0.5298947691917419,
    0.5172770023345947,
    0.5151949524879456,
    0.5132556557655334,
    0.5012274980545044,
    0.4995996654033661,
    0.49810484051704407,
    0.48660358786582947,
    0.4853944480419159,
    0.484310507774353,
    0.48335036635398865,
    0.47246047854423523,
    0.47175952792167664,
    0.4711766541004181,
    0.4707111716270447,
    0.46035492420196533,
    0.46012768149375916,
    0.4600141942501068,
    0.4600141942501068,
    0.45012491941452026,
    0.4503472149372101,
    0.4506808817386627,
    0.4411015510559082,
    0.4416472017765045,
    0.4423034191131592,
    0.443071186542511,
    0.4439513087272644,
    0.43483251333236694,
    0.43591567873954773,
    0.43711239099502563,
    0.43842414021492004,
    0.4296235740184784,
    0.43113473057746887,
    0.4327636957168579,
    0.43451255559921265,
    0.4259937107563019,
    0.4279423952102661,
    0.4300153851509094,
    0.43221575021743774,
    0.4345465898513794,
    0.42635220289230347,
    0.4288904070854187,
    0.43156611919403076,
    0.42352378368377686,
    0.4264124929904938,
    0.42944762110710144,
    0.43263378739356995,
    0.43597590923309326,
    0.42821064591407776,
    0.43178701400756836,
    0.43553197383880615,
    0.43945178389549255,
    0.44355329871177673,
    0.43605825304985046,
    0.4404270052909851,
    0.4449952244758606,
    0.43761515617370605,
    0.44247323274612427,
    0.44755205512046814,
    0.4528617858886719,
    0.45841357111930847,
    0.45132410526275635,
    0.4572274088859558,
    0.4634030759334564,
    0.45644062757492065,
    0.46301165223121643,
    0.46989232301712036,
    0.47710004448890686,
    0.4771004617214203,
    0.4698927104473114,
    0.4766300320625305,
    0.48329034447669983,
    0.48988357186317444,
    0.49641865491867065,
    0.5029042959213257,
    0.5093486309051514,
    0.5157595872879028,
    0.5097123384475708,
    0.5162189602851868,
    0.5194637775421143,
    0.5291836857795715,
    0.5377458930015564,
    0.5539122819900513,
    0.548605740070343,
    0.5588650107383728,
    0.5730687379837036,
    0.5681411623954773,
    0.5888421535491943,
    0.6036592125892639,
    0.5990315675735474,
    0.6165941953659058,
    0.6254693865776062,
    0.6341941952705383,
    0.6519100666046143,
    0.6566241383552551,
    0.6656556725502014,
    0.6809301972389221,
    null,
    null,
    0.526317834854126,
    1.7460695505142212,
    1.795070767402649,
    1.8402296304702759,
    1.8800359964370728,
    1.9223030805587769,
    1.9752169847488403,
    2.0266330242156982,
