{
  "step": 365,
  "timestamp": 11.68,
  "robot_pose_odom": {
    "x": -0.5143606481201496,
    "y": -0.8458979067716837,
    "yaw_fused": -2.5972191807624263,
    "yaw_imu": -2.5976454527770554
  },
  "lidar_pose_relative_to_robot": {
    "x_offset": 0.0,
    "y_offset": 0.0,
    "yaw_offset": 0.0
  },
  "lidar_meta": {
    "fov": 6.283184,
    "horizontal_resolution": 400,
    "angle_min": -3.141592,
    "angle_increment": 0.015747328320802004
  },
  "ranges": [
    0.42721250653266907,
    0.4236828088760376,
    0.4027417004108429,
    0.39953887462615967,
    0.3869701325893402,
    0.37189191579818726,
    0.37189361453056335,
    0.3593297004699707,
    0.35406801104545593,
    0.3490430414676666,
    0.34424248337745667,
    0.3396548628807068,
    0.3352695107460022,
    0.33107662200927734,
    0.33138561248779297,
    0.3136448264122009,
    0.3072732090950012,
    0.3038995862007141,
    0.3006725609302521,
    0.29758602380752563,
    0.2946341931819916,
    null,
    null,
    null,
    null,
    0.2733183801174164,
    0.26829299330711365,
    0.266236275434494,
    0.26427558064460754,
    0.2624077796936035,
    0.2606301009654999,
    null,
    null,
    null,
    0.2589397430419922,
    0.2606300711631775,
    0.2514740824699402,
    0.25326406955718994,
    0.25514304637908936,
    0.24593520164489746,
    0.2479115128517151,
    0.24998202919960022,
    0.24068878591060638,
    0.2428550273180008,
    0.24512164294719696,
    0.24749261140823364,
    0.23806871473789215,
    null,
    null,
    null,
    null,
    null,
    null,
    null,
    null,
    null,
    null,
    null,
    null,
    null,
    null,
    null,
    null,
    null,
    null,
    null,
    null,
    null,
    null,
    null,
    null,
    null,
    null,
    null,
    null,
    null,
    null,
    0.22922737896442413,
    0.22725637257099152,
    0.23664280772209167,
    0.23475629091262817,
    0.2329566776752472,
    0.23124107718467712,
    0.24054041504859924,
    0.23891086876392365,
    0.23736140131950378,
    0.24661198258399963,
    0.2451525181531906,
    0.243770033121109,
    0.24246251583099365,
    0.24122817814350128,
    0.2505028545856476,
    0.24936223030090332,
    0.2482929527759552,
    0.2575974762439728,
    0.2566278278827667,
    0.2557283341884613,
    0.254897803068161,
    0.2541351318359375,
    0.25343936681747437,
    0.2528096139431,
    0.25224506855010986,
    0.25174498558044434,
    0.25130876898765564,
    0.2509359121322632,
    0.250625878572464,
    0.250378280878067,
    0.25019291043281555,
    0.25006940960884094,
    0.2500077188014984,
    0.2500077188014984,
    0.25006940960884094,
    0.25019291043281555,
    0.250378280878067,
    0.250625878572464,
    0.2509359121322632,
    0.25130876898765564,
    0.25174498558044434,
    0.25224506855010986,
    0.2528096139431,
    0.25343936681747437,
    0.2541351318359375,
    0.2548977732658386,
    0.24549919366836548,
    0.24636271595954895,
    0.24729354679584503,
    0.2537837624549866,
    0.24936217069625854,
    0.2505028545856476,
    0.2517163157463074,
    0.2530043423175812,
    0.25436875224113464,
    0.25581133365631104,
    0.25733423233032227,
    0.2589396834373474,
    0.2606300413608551,
    0.26240769028663635,
    0.264275461435318,
    0.26623618602752686,
    0.2682928740978241,
    0.27044883370399475,
    0.27270758152008057,
    0.2750728130340576,
    0.27754849195480347,
    0.26882943511009216,
    0.282848596572876,
    0.2737789452075958,
    0.276618629693985,
    0.2917434573173523,
    0.28269124031066895,
    0.28593602776527405,
    0.28932836651802063,
    0.29287534952163696,
    0.2965843975543976,
    0.3004637062549591,
    0.30452200770378113,
    0.3087686598300934,
    0.3132137656211853,
    0.31786832213401794,
    0.32274413108825684,
    0.3227443993091583,
    0.3316889703273773,
    0.32683199644088745,
    0.3356183171272278,
    0.34424248337745667,
    0.3527185022830963,
    0.34816449880599976,
    0.3565440773963928,
    0.36480554938316345,
    0.37011557817459106,
    0.3810187876224518,
    0.38899147510528564,
    0.4000566303730011,
    0.40471699833869934,
    0.40760770440101624,
    0.4205726683139801,
    0.4316551983356476,
    0.4469935894012451,
    0.4431501030921936,
    0.4648863971233368,
    0.48604652285575867,
    0.4855218529701233,
    0.4954678416252136,
    0.5006973147392273,
    0.5255982875823975,
    0.5411257743835449,
    0.5744951367378235,
    0.5914199948310852,
    0.6090412139892578,
    0.6285017728805542,
    0.6572365164756775,
    0.6868299245834351,
    0.7049916982650757,
    0.7419042587280273,
    0.7697392106056213,
    0.8086004257202148,
    0.842093288898468,
    0.8815681338310242,
    0.9216728210449219,
    0.9418655633926392,
    0.9711857438087463,
    1.000030279159546,
    1.0301116704940796,
    1.0701125860214233,
    1.1005524396896362,
    1.1304352283477783,
    1.170884370803833,
    1.224314570426941,
    1.262991189956665,
    1.3139780759811401,
    1.383332371711731,
    1.4278961420059204,
    1.5153776407241821,
    1.570639967918396,
    1.643550992012024,
    1.7325578927993774,
    1.8571770191192627,
    1.8853803873062134,
    1.8980262279510498,
    1.9546704292297363,
    2.0042519569396973,
    2.0278217792510986,
    2.0716140270233154,
    2.103689193725586,
    2.1507465839385986,
    2.1980764865875244,
    2.224660873413086,
    2.290191173553467,
    2.3695454597473145,
    2.412158489227295,
    2.4667155742645264,
    2.5258827209472656,
    2.555077314376831,
    2.673340320587158,
    2.737330913543701,
    2.831245183944702,
    2.9223134517669678,
    3.0129451751708984,
    3.0682477951049805,
    1.801602840423584,
    1.7983442544937134,
    1.8023289442062378,
    1.8472621440887451,
    0.36052805185317993,
    0.3522258400917053,
    0.3565438985824585,
    0.34816429018974304,
    0.3527182638645172,
    0.34424227476119995,
    0.3490428328514099,
    0.3404497504234314,
    0.34550905227661133,
    0.38585513830184937,
    0.39988651871681213,
    0.40843379497528076,
    0.4722438156604767,
    0.5053935647010803,
    0.5840107798576355,
    0.6948644518852234,
    0.7094976305961609,
    0.887222409248352,
    1.209137201309204,
    1.3330694437026978,
    1.3397111892700195,
    1.3250021934509277,
    1.331817388534546,
    1.3331854343414307,
    1.3268663883209229,
    1.3302966356277466,
    1.333688497543335,
    1.3370635509490967,
    1.3408130407333374,
    1.3297072649002075,
    1.33610999584198,
    1.344852328300476,
    1.3433520793914795,
    1.3470909595489502,
    1.3509268760681152,
    1.3548732995986938,
    1.3617273569107056,
    1.370222806930542,
    1.3683078289031982,
    1.377640724182129,
    1.3764351606369019,
    1.38664710521698,
    1.3973591327667236,
    1.3973194360733032,
    1.408989667892456,
    0.9205377101898193,
    0.9135974645614624,
    0.9221242666244507,
    0.9192582964897156,
    0.9284679889678955,
    0.9380980134010315,
    0.9481663107872009,
    0.9464011788368225,
    0.9572641849517822,
    0.9686213731765747,
    0.9804959893226624,
    0.9800183773040771,
    0.9928369522094727,
    1.0062470436096191,
    1.0202792882919312,
    1.0213496685028076,
    1.0365276336669922,
    1.052427053451538,
    1.0594079494476318,
    1.070346474647522,
    1.0712050199508667,
    1.1032013893127441,
    1.1126492023468018,
    1.1326490640640259,
    1.1296541690826416,
    1.1587677001953125,
    1.1447341442108154,
    1.1313122510910034,
    1.1061830520629883,
    1.0940378904342651,
    1.0824207067489624,
    1.0594056844711304,
    1.04889714717865,
    1.038848638534546,
    1.0292426347732544,
    1.0086005926132202,
    0.9999281167984009,
    0.9916460514068604,
    0.9725618362426758,
    0.9651062488555908,
    0.9579987525939941,
    0.9512280225753784,
    0.9339242577552795,
    0.9278672337532043,
    0.922114372253418,
    0.9166572093963623,
