{
  "step": 1555,
  "timestamp": 49.76,
  "robot_pose_odom": {
    "x": -1.6524608761243997,
    "y": 1.0758974311203184,
    "yaw_fused": -2.7329745658394864,
    "yaw_imu": -2.7301028081818735
  },
  "lidar_pose_relative_to_robot": {
    "x_offset": 0.0,
    "y_offset": 0.0,
    "yaw_offset": 0.0
  },
  "lidar_meta": {
    "fov": 6.283184,
    "horizontal_resolution": 400,
    "angle_min": -3.141592,
    "angle_increment": 0.015747328320802004
  },
  "ranges": [
    0.6145464181900024,
    0.6199551224708557,
    0.6133720278739929,
    0.6189789175987244,
    0.6128391027450562,
    0.6186404824256897,
    0.6129200458526611,
    0.6189141869544983,
    0.6135923862457275,
    0.6197788715362549,
    0.6148381233215332,
    0.6237959265708923,
    1.871951937675476,
    1.8587217330932617,
    1.8461297750473022,
    1.83415687084198,
    1.8104695081710815,
    1.8172143697738647,
    1.8080177307128906,
    1.112015962600708,
    1.102048397064209,
    1.0902338027954102,
    null,
    null,
    null,
    null,
    1.0390681028366089,
    1.0330108404159546,
    1.0268129110336304,
    1.0302060842514038,
    1.0138837099075317,
    1.0070910453796387,
    null,
    null,
    0.9849734306335449,
    0.9768827557563782,
    0.967762291431427,
    0.9722272157669067,
    0.9705977439880371,
    0.9665267467498779,
    0.9555293917655945,
    0.9396416544914246,
    0.9397850632667542,
    0.933186948299408,
    0.9401680827140808,
    0.9397850632667542,
    0.9396416544914246,
    0.9263063073158264,
    0.9263248443603516,
    0.9275186061859131,
    0.923334538936615,
    1.1152399778366089,
    2.129878282546997,
    2.1411497592926025,
    2.1357314586639404,
    2.130540370941162,
    2.1376194953918457,
    2.1328067779541016,
    2.1380298137664795,
    2.1356964111328125,
    2.1241040229797363,
    2.139359712600708,
    2.136579751968384,
    2.14392352104187,
    2.152167558670044,
    2.154653549194336,
    2.1582014560699463,
    2.1516788005828857,
    2.165395975112915,
    2.1885294914245605,
    1.4884438514709473,
    1.3939145803451538,
    1.302062749862671,
    1.2240363359451294,
    1.150582194328308,
    1.0913599729537964,
    1.0644664764404297,
    1.0655906200408936,
    1.0675076246261597,
    1.0744041204452515,
    1.0814359188079834,
    1.0886133909225464,
    1.099779725074768,
    0.6316220164299011,
    0.6092098951339722,
    0.5842371582984924,
    0.5941181182861328,
    0.593088686466217,
    0.6026777029037476,
    0.611527144908905,
    0.6109229922294617,
    0.6204784512519836,
    0.6201721429824829,
    0.6299927830696106,
    0.6400197744369507,
    0.6401776671409607,
    0.6506471633911133,
    0.661220133304596,
    0.67167729139328,
    0.672508180141449,
    0.6841358542442322,
    0.6948161721229553,
    0.6961963772773743,
    0.7091001272201538,
    0.7213137149810791,
    0.7338248491287231,
    0.744301438331604,
    0.7467266917228699,
    0.7630507946014404,
    0.7768896818161011,
    0.7911155819892883,
    0.805749773979187,
    0.8208149075508118,
    0.84177565574646,
    0.8523295521736145,
    0.8688302040100098,
    0.8858621716499329,
    0.9034545421600342,
    0.9125180244445801,
    0.9513048529624939,
    0.9708437919616699,
    0.9909847378730774,
    1.0231493711471558,
    1.0342806577682495,
    1.0846654176712036,
    1.1139250993728638,
    1.1307591199874878,
    1.1833497285842896,
    1.2146612405776978,
    1.2541269063949585,
    1.2519525289535522,
    1.2476290464401245,
    1.2431539297103882,
    1.2442723512649536,
    1.2211816310882568,
    1.215893268585205,
    1.2102943658828735,
    1.1941285133361816,
    1.1979671716690063,
    1.1911267042160034,
    1.1837499141693115,
    1.171147108078003,
    1.180909514427185,
    1.1577037572860718,
    1.1716666221618652,
    1.1609113216400146,
    1.1575300693511963,
    1.154526948928833,
    1.151888370513916,
    1.162664771080017,
    1.147653341293335,
    1.1460344791412354,
    1.1573140621185303,
    1.143744707107544,
    1.828458547592163,
    1.8266409635543823,
    1.8249202966690063,
    1.823317527770996,
    1.8218518495559692,
    1.8205400705337524,
    1.8118635416030884,
    1.8377370834350586,
    null,
    null,
    null,
    null,
    null,
    null,
    null,
    null,
    null,
    null,
    null,
    null,
    null,
    null,
    null,
    null,
    null,
    null,
    null,
    null,
    null,
    null,
    null,
    null,
    null,
    null,
    null,
    null,
    null,
    null,
    null,
    null,
    null,
    null,
    null,
    null,
    null,
    null,
    null,
    null,
    null,
    null,
    null,
    null,
    null,
    null,
    null,
    null,
    null,
    null,
    null,
    null,
    null,
    null,
    null,
    null,
    null,
    null,
    null,
    null,
    null,
    null,
    null,
    null,
    null,
    null,
    0.46112361550331116,
    0.45841357111930847,
    0.45132410526275635,
    0.44416379928588867,
    0.45016300678253174,
    0.4430158734321594,
    0.43577566742897034,
    0.4284312427043915,
    0.43500298261642456,
    0.4350033700466156,
    0.42843160033226013,
    0.42215803265571594,
    0.42959144711494446,
    0.4236830770969391,
    0.43110039830207825,
    0.4255343973636627,
    0.42021262645721436,
    0.4151235520839691,
    0.4226882755756378,
    0.41789156198501587,
    0.4133034348487854,
    0.4209415912628174,
    0.4166204333305359,
    0.41248786449432373,
    0.4085361659526825,
    0.41632306575775146,
    0.4126094877719879,
    0.3976988196372986,
    0.39440470933914185,
    0.38008174300193787,
    0.3660748600959778,
    0.3633789122104645,
    0.3498770296573639,
    0.3475067913532257,
    0.3344639241695404,
    0.332390159368515,
    0.3191142678260803,
    0.31492799520492554,
    0.3038913607597351,
    0.2973099648952484,
    0.2995157539844513,
    0.2906506657600403,
    0.2817176282405853,
    0.2840704917907715,
    0.2750729024410248,
    0.26598405838012695,
    0.2684665620326996,
    0.27106332778930664,
    0.26187559962272644,
    0.2645917534828186,
    0.25527554750442505,
    0.24581848084926605,
    null,
    null,
    null,
    null,
    null,
    null,
    null,
    null,
    null,
    null,
    null,
    null,
    null,
    null,
    null,
    null,
    null,
    null,
    null,
    null,
    null,
    null,
    null,
    null,
    null,
    null,
    null,
    null,
    null,
    null,
    null,
    null,
    null,
    null,
    null,
    null,
    null,
    null,
    null,
    null,
    null,
    null,
    null,
    null,
    null,
    null,
    0.9279988408088684,
    0.9380238652229309,
    0.9352172613143921,
    0.9326568245887756,
    0.9404518008232117,
    0.9383516907691956,
    0.9364913702011108,
    0.9454970359802246,
    0.9330500364303589,
    0.9226183295249939,
    0.9115985631942749,
    0.9008402228355408,
    0.890247106552124,
    0.8900274634361267,
    0.880000650882721,
    0.870323896408081,
    0.8605179786682129,
    0.8512861132621765,
    0.8521279692649841,
    0.8427131772041321,
    0.8343451023101807,
    0.8357933163642883,
    0.826392650604248,
    0.8191031813621521,
    0.8211435675621033,
    0.8113166689872742,
    0.803128182888031,
    0.7978723645210266,
    0.8006787896156311,
    0.7934001088142395,
    0.7966063618659973,
    0.7792568206787109,
    0.7828214764595032,
    0.7761253118515015,
    0.7800967693328857,
    0.7737048864364624,
    0.7780927419662476,
    0.7692180275917053,
    0.7660298943519592,
    null,
    0.7676072120666504,
    0.7597436904907227,
    0.7569132447242737,
    0.743630051612854,
    0.735335648059845,
    0.7268511056900024,
    0.7181499004364014,
    0.701667070388794,
    0.7003472447395325,
    0.7071214318275452,
    0.6924912929534912,
    0.6855331659317017,
    0.6839789748191833,
    0.6788899302482605,
    0.671328067779541,
    0.6667131781578064,
    0.6627448201179504,
    0.657643735408783,
