{
  "step": 580,
  "timestamp": 18.56,
  "robot_pose_odom": {
    "x": -1.9734232293139407,
    "y": -1.1019962917121306,
    "yaw_fused": -3.081895148172161,
    "yaw_imu": -3.0818750176190632
  },
  "lidar_pose_relative_to_robot": {
    "x_offset": 0.0,
    "y_offset": 0.0,
    "yaw_offset": 0.0
  },
  "lidar_meta": {
    "fov": 6.283184,
    "horizontal_resolution": 400,
    "angle_min": -3.141592,
    "angle_increment": 0.015747328320802004
  },
  "ranges": [
    1.6305986642837524,
    1.616053819656372,
    1.5552260875701904,
    1.473122000694275,
    1.3535819053649902,
    1.327821969985962,
    1.2771854400634766,
    1.217816948890686,
    1.196709394454956,
    1.1249651908874512,
    1.0801559686660767,
    1.018096685409546,
    1.0060142278671265,
    0.9672430157661438,
    0.9427220225334167,
    0.9110546112060547,
    0.8850613832473755,
    0.8620194792747498,
    0.8393964171409607,
    0.8141455054283142,
    0.7952877283096313,
    0.7720194458961487,
    null,
    null,
    null,
    null,
    0.6600735783576965,
    0.6400728821754456,
    0.610004723072052,
    0.5901640057563782,
    0.5706409215927124,
    0.5617169737815857,
    null,
    null,
    0.5120518207550049,
    0.49342915415763855,
    0.48662763833999634,
    0.4647824764251709,
    0.45552754402160645,
    0.45096883177757263,
    0.43700072169303894,
    0.4277023673057556,
    0.42655718326568604,
    0.4089668095111847,
    0.3995007872581482,
    0.3861919343471527,
    0.38806265592575073,
    0.3810666501522064,
    0.37121737003326416,
    0.3623993992805481,
    0.36455684900283813,
    0.3560420572757721,
    0.35184532403945923,
    0.3389432728290558,
    0.3413558006286621,
    0.3327952027320862,
    0.3353661000728607,
    0.32679232954978943,
    0.3181588649749756,
    0.3209182918071747,
    0.3122420310974121,
    0.3151562511920929,
    0.306419312953949,
    0.2975858151912689,
    0.3006724417209625,
    0.2917434573173523,
    0.2949821650981903,
    0.28593602776527405,
    0.28932836651802063,
    0.2801416516304016,
    0.2836894392967224,
    0.28740009665489197,
    0.2780418395996094,
    0.2819192111492157,
    0.27235978841781616,
    null,
    null,
    null,
    null,
    null,
    null,
    null,
    0.26127296686172485,
    0.25789961218833923,
    0.2546743154525757,
    0.2641695439815521,
    0.26107215881347656,
    0.2581094801425934,
    0.2552756369113922,
    0.252564936876297,
    0.24997225403785706,
    0.2592780888080597,
    0.25679415464401245,
    0.2544196546077728,
    0.2521502375602722,
    0.2499821037054062,
    0.24791154265403748,
    0.24593524634838104,
    0.25514307618141174,
    0.25326409935951233,
    0.2514741122722626,
    0.24977049231529236,
    0.24815063178539276,
    0.24661202728748322,
    0.24815057218074799,
    0.24977046251296997,
    0.2514740824699402,
    0.25326406955718994,
    0.25514304637908936,
    0.257114052772522,
    0.2479115128517151,
    0.24998202919960022,
    0.25215017795562744,
    0.25441956520080566,
    0.25679412484169006,
    0.25927796959877014,
    0.2499721497297287,
    0.25256484746932983,
    0.25527554750442505,
    0.2581094205379486,
    0.2610720694065094,
    0.26416945457458496,
    0.26740798354148865,
    0.270794540643692,
    0.2612728774547577,
    0.27756020426750183,
    0.26849454641342163,
    null,
    null,
    null,
    null,
    0.2764073312282562,
    0.28597787022590637,
    0.28191930055618286,
    0.2912820279598236,
    0.28740015625953674,
    0.29658448696136475,
    0.29287534952163696,
    0.30190789699554443,
    0.29836806654930115,
    0.30727308988571167,
    0.3038994371891022,
    0.3126993179321289,
    0.3213927149772644,
    0.31820473074913025,
    0.32682880759239197,
    0.32380667328834534,
    0.3438410758972168,
    0.34088456630706787,
    0.33806112408638,
    0.3577238619327545,
    0.35498160123825073,
    0.3633788228034973,
    0.36081060767173767,
    0.37356439232826233,
    0.3884095549583435,
    0.3860013484954834,
    0.39319437742233276,
    0.40275049209594727,
    0.40059027075767517,
    0.40903908014297485,
    0.4070671498775482,
    0.4052136242389679,
    0.41382157802581787,
    0.4224598705768585,
    0.4208696484565735,
    0.4296235740184784,
    0.4282282888889313,
    0.43711239099502563,
    0.43591567873954773,
    0.44494491815567017,
    0.4439513087272644,
    0.4531409740447998,
    0.4523557722568512,
    0.4617220461368561,
    0.4611515998840332,
    0.4704895615577698,
    0.4803703725337982,
    0.4801332652568817,
    0.49004173278808594,
    0.5000154376029968,
    0.5001388192176819,
    0.5105391144752502,
    0.521008312702179,
    0.5313268303871155,
    0.5319840908050537,
    0.54225093126297,
    0.5545929670333862,
    0.5660001039505005,
    0.5764058828353882,
    0.5778417587280273,
    0.5915091633796692,
    0.6039074659347534,
    0.6108959913253784,
    0.6296043395996094,
    0.6347442865371704,
    0.6669691205024719,
    0.6810686588287354,
    0.7030774354934692,
    0.7159176468849182,
    0.736369252204895,
    0.7522445321083069,
    0.7662525773048401,
    0.7962319850921631,
    0.8046265244483948,
    0.8535685539245605,
    0.8769437074661255,
    0.9030376076698303,
    0.9369813799858093,
    0.9506743550300598,
    1.0199233293533325,
    1.0574800968170166,
    1.0966624021530151,
    1.1451460123062134,
    1.2033518552780151,
    1.2346110343933105,
    1.339461088180542,
    1.4077930450439453,
    1.4943643808364868,
    1.5616816282272339,
    1.7298434972763062,
    1.8244001865386963,
    1.8597135543823242,
    1.8490854501724243,
    1.8511492013931274,
    1.8540935516357422,
    1.8415613174438477,
    1.8338114023208618,
    1.8304665088653564,
    1.8172245025634766,
    1.8311877250671387,
    1.830466628074646,
    1.8201960325241089,
    1.8281368017196655,
    1.8266510963439941,
    1.8250221014022827,
    1.8232955932617188,
    1.834246277809143,
    1.8322886228561401,
    1.824660301208496,
    1.8407495021820068,
    1.838796854019165,
    1.8432848453521729,
    1.4712014198303223,
    1.313886046409607,
    1.204447865486145,
    1.102921485900879,
    0.9929320216178894,
    0.9445949792861938,
    0.881619393825531,
    0.8321226239204407,
    0.7687885761260986,
    0.737866997718811,
    0.7151895761489868,
    0.6646181344985962,
    0.634892463684082,
    0.569640040397644,
    0.6055987477302551,
    0.6025243997573853,
    0.5451624393463135,
    0.5402511954307556,
    0.5175396203994751,
    0.521379292011261,
    0.5254070162773132,
    0.529629111289978,
    0.5340525507926941,
    0.5386844277381897,
    2.0778462886810303,
    2.112351655960083,
    2.1213653087615967,
    2.142618417739868,
    2.164841413497925,
    2.1880760192871094,
    2.2123663425445557,
    2.237760543823242,
    2.2643096446990967,
    2.2920684814453125,
    2.321096181869507,
    2.3514559268951416,
    2.383216619491577,
    2.4030263423919678,
    1.729485273361206,
    1.747544527053833,
    1.7330316305160522,
    1.7610259056091309,
    1.7613646984100342,
    1.7749557495117188,
    1.7696906328201294,
    1.7878940105438232,
    1.8066705465316772,
    1.8104009628295898,
    1.8215124607086182,
    1.8452421426773071,
    1.118880271911621,
    1.1061830520629883,
    1.085126280784607,
    1.0824207067489624,
    1.0713090896606445,
    1.0655618906021118,
    1.038848638534546,
    1.0292426347732544,
    1.02006196975708,
    1.0112909078598022,
    1.0029147863388062,
    0.9949195384979248,
    0.9872925877571106,
    0.9800217151641846,
    0.9730952978134155,
    0.9665030241012573,
    0.9602347612380981,
    0.9542811512947083,
    0.9486336708068848,
    0.9432840943336487,
    0.9382245540618896,
    0.9334481954574585,
    0.928948163986206,
    0.9247183203697205,
    0.9207530617713928,
    0.9170470237731934,
    0.8622694611549377,
    0.8592471480369568,
    0.8439116477966309,
