{
  "step": 1365,
  "timestamp": 43.68,
  "robot_pose_odom": {
    "x": -1.8141562775167446,
    "y": 1.7403585189679547,
    "yaw_fused": 0.13103218179662182,
    "yaw_imu": 0.1380401678374934
  },
  "lidar_pose_relative_to_robot": {
    "x_offset": 0.0,
    "y_offset": 0.0,
    "yaw_offset": 0.0
  },
  "lidar_meta": {
    "fov": 6.283184,
    "horizontal_resolution": 400,
    "angle_min": -3.141592,
    "angle_increment": 0.015747328320802004
  },
  "ranges": [
    0.7576911449432373,
    0.7409636974334717,
    0.7249350547790527,
    0.7263705730438232,
    0.7186588048934937,
    0.7156500816345215,
    0.7016183137893677,
    0.6910187005996704,
    0.6945180296897888,
    0.684661328792572,
    0.6884849667549133,
    0.6793097257614136,
    0.6705390214920044,
    0.6621532440185547,
    0.666713535785675,
    0.6588963866233826,
    0.6514191627502441,
    0.656423032283783,
    0.6494526863098145,
    0.6427857875823975,
    0.6364098191261292,
    null,
    null,
    null,
    null,
    0.6310475468635559,
    0.6260169744491577,
    0.6212179660797119,
    0.627654492855072,
    0.6232184767723083,
    0.6189964413642883,
    null,
    null,
    null,
    0.5950719714164734,
    0.57337486743927,
    0.5489338636398315,
    0.5396112203598022,
    0.5188015103340149,
    0.5088735222816467,
    0.4929533898830414,
    0.4768686890602112,
    0.4738328754901886,
    0.4547846019268036,
    0.44318994879722595,
    0.4360584318637848,
    0.4306153655052185,
    0.4177730977535248,
    0.4011472761631012,
    0.40560048818588257,
    0.38539209961891174,
    0.3899644613265991,
    0.38201141357421875,
    0.3739543557167053,
    0.3657820522785187,
    0.3574824929237366,
    0.3490429222583771,
    0.34044986963272095,
    0.34550920128822327,
    0.32979556918144226,
    0.33677664399147034,
    0.3316888213157654,
    0.3268318772315979,
    0.3221935033798218,
    0.31776219606399536,
    0.3135274350643158,
    0.3094794750213623,
    0.3056090474128723,
    0.30190789699554443,
    0.29836806654930115,
    0.2949821650981903,
    0.2917434573173523,
    0.28864553570747375,
    0.28568243980407715,
    0.28284868597984314,
    0.2801389694213867,
    0.27754858136177063,
    0.2750728726387024,
    0.27270767092704773,
    0.2704489231109619,
    0.2682929039001465,
    0.26623621582984924,
    0.275287002325058,
    0.2733413875102997,
    0.27148962020874023,
    0.2589397132396698,
    0.25733423233032227,
    0.26647013425827026,
    0.2649674415588379,
    0.2635462284088135,
    0.2622045576572418,
    0.2609404921531677,
    0.2597523331642151,
    0.25863850116729736,
    0.2575974762439728,
    0.2566278278827667,
    0.2557283341884613,
    0.254897803068161,
    0.2541351318359375,
    0.25343936681747437,
    0.2528096139431,
    0.25224506855010986,
    0.25174498558044434,
    0.25130876898765564,
    0.2509359121322632,
    0.250625878572464,
    0.250378280878067,
    0.25019291043281555,
    0.25006940960884094,
    0.2500077188014984,
    0.2500077188014984,
    0.25006940960884094,
    0.25019291043281555,
    0.250378280878067,
    0.250625878572464,
    0.2509359121322632,
    0.25130876898765564,
    0.25174498558044434,
    0.25224506855010986,
    0.2528096139431,
    0.25343936681747437,
    0.2541351318359375,
    0.2548977732658386,
    0.2557283341884613,
    0.2566278278827667,
    0.2575974464416504,
    0.26898396015167236,
    0.2597522735595703,
    0.2609404921531677,
    0.2726926803588867,
    0.2740880250930786,
    0.27556613087654114,
    0.2771289348602295,
    0.2787787616252899,
    0.2805179953575134,
    0.28234919905662537,
    0.28427499532699585,
    0.2862984240055084,
    0.28842252492904663,
    0.2906506061553955,
    0.2929862439632416,
    0.2954331934452057,
    0.29799553751945496,
    0.3006775379180908,
    0.3034838140010834,
    0.306419312953949,
    0.30948925018310547,
    0.3126993179321289,
    0.31605541706085205,
    0.31956401467323303,
    0.3232320249080658,
    0.3270668387413025,
    0.3310764729976654,
    0.33526933193206787,
    0.3396546542644501,
    0.34424227476119995,
    0.3490428328514099,
    0.35406771302223206,
    0.3593294024467468,
    0.35785961151123047,
    0.3788738548755646,
    0.3869704604148865,
    0.39492201805114746,
    0.38931724429130554,
    0.39720287919044495,
    0.3919094502925873,
    0.38684943318367004,
    0.39474523067474365,
    0.3899645507335663,
    0.397824227809906,
    0.4056006073951721,
    0.40114742517471313,
    0.39688774943351746,
    0.40471699833869934,
    0.40070250630378723,
    0.4085361659526825,
    0.4047585427761078,
    0.4126094877719879,
    0.40906161069869995,
    0.41694214940071106,
    0.4247972369194031,
    0.4215407371520996,
    0.41843631863594055,
    0.4264126420021057,
    0.423523873090744,
    0.4315662980079651,
    0.4552037715911865,
    0.4533715546131134,
    0.4619300663471222,
    0.46031099557876587,
    0.46901193261146545,
    0.46760863065719604,
    0.47646600008010864,
    0.47528207302093506,
    0.4833391010761261,
    0.49342015385627747,
    0.4925651550292969,
    0.5018718242645264,
    0.501251757144928,
    0.5105500221252441,
    0.5204012393951416,
    0.5201443433761597,
    0.5299897193908691,
    0.5399901270866394,
    0.5502350330352783,
    0.5604321360588074,
    0.5608473420143127,
    0.5717419981956482,
    0.5826027989387512,
    0.5936646461486816,
    0.6034339666366577,
    0.6164491176605225,
    0.6282010674476624,
    0.6402131915092468,
    0.650585949420929,
    0.6525382995605469,
    0.6546645164489746,
    0.6569672226905823,
    0.6594494581222534,
    0.6724599003791809,
    0.6753559112548828,
    0.6784452795982361,
    0.6922198534011841,
    0.6957619190216064,
    0.6995140314102173,
    0.703481137752533,
    0.7076691389083862,
    0.7120841145515442,
    0.7275921106338501,
    0.7325547933578491,
    0.7487804889678955,
    0.754335880279541,
    0.7601631879806519,
    0.766271710395813,
    0.7840343117713928,
    0.790834367275238,
    0.7979519367218018,
    0.8170718550682068,
    0.8249750733375549,
    0.833240270614624,
    0.8539097309112549,
    0.8630743622779846,
    0.8726555705070496,
    0.8951041102409363,
    0.9057235717773438,
    0.9295608401298523,
    0.9593323469161987,
    1.4069854021072388,
    1.416689395904541,
    1.4119701385498047,
    1.4162708520889282,
    1.423497200012207,
    1.4102861881256104,
    1.4242491722106934,
    1.429675817489624,
    1.4345059394836426,
    1.4388195276260376,
    1.4436527490615845,
    2.722525119781494,
    2.7310473918914795,
    2.751664876937866,
    2.776127576828003,
    2.778027296066284,
    2.7965519428253174,
    2.7893893718719482,
    2.083174467086792,
    2.029215097427368,
    1.959226131439209,
    1.889846682548523,
    1.831225037574768,
    1.7728861570358276,
    1.7275192737579346,
    1.704444169998169,
    1.722015619277954,
    1.7364728450775146,
    1.7509232759475708,
    1.7558170557022095,
    1.7896485328674316,
    1.8216997385025024,
    1.8307218551635742,
    1.274788737297058,
    1.2705714702606201,
    1.2924224138259888,
    0.462482213973999,
    0.46591341495513916,
    0.4583337604999542,
    0.45074817538261414,
    0.45451274514198303,
    0.45845481753349304,
    0.45101648569107056,
    0.44355347752571106,
    0.4478437900543213,
    0.44042715430259705,
    0.4449952244758606,
    0.43761521577835083,
    0.44247326254844666,
    0.4351201057434082,
    0.4402824342250824,
    0.4329462945461273,
    0.4384292662143707,
    0.4311002492904663,
    0.4369230568408966,
    0.4295912981033325,
    0.4357758164405823,
    0.4284314215183258,
    0.4350031614303589,
    0.4350031614303589,
    0.4284314215183258,
    0.4357758164405823,
    0.4295913279056549,
    0.43692299723625183,
    0.44416385889053345,
    0.4384292662143707,
    0.43294617533683777,
    0.44028234481811523,
    0.4351201057434082,
