{
  "step": 1320,
  "timestamp": 42.24,
  "robot_pose_odom": {
    "x": -2.0473494318156384,
    "y": 1.6627230616684312,
    "yaw_fused": 0.36612580646926357,
    "yaw_imu": 0.3725196441256413
  },
  "lidar_pose_relative_to_robot": {
    "x_offset": 0.0,
    "y_offset": 0.0,
    "yaw_offset": 0.0
  },
  "lidar_meta": {
    "fov": 6.283184,
    "horizontal_resolution": 400,
    "angle_min": -3.141592,
    "angle_increment": 0.015747328320802004
  },
  "ranges": [
    0.6806703209877014,
    0.6707922220230103,
    0.6619673371315002,
    0.6419644355773926,
    0.6327221393585205,
    0.6235736012458801,
    0.6164491176605225,
    0.6055098176002502,
    0.5965709090232849,
    0.5876777768135071,
    0.5788182020187378,
    0.5728314518928528,
    0.5748463273048401,
    0.5708117485046387,
    0.5538042783737183,
    0.5506747961044312,
    0.5465131998062134,
    0.5376184582710266,
    0.5270923972129822,
    0.5299348831176758,
    0.5211001038551331,
    0.5174531936645508,
    null,
    null,
    null,
    null,
    0.4966154396533966,
    0.49187028408050537,
    0.48455414175987244,
    0.48860105872154236,
    0.48137742280960083,
    0.4703766703605652,
    null,
    null,
    0.4642338454723358,
    0.46904900670051575,
    0.4619271457195282,
    0.467055082321167,
    0.45998406410217285,
    0.4654413163661957,
    0.45841357111930847,
    0.45132410526275635,
    0.4572274088859558,
    0.45016300678253174,
    0.45644062757492065,
    0.4493936598300934,
    0.4560719132423401,
    0.44903531670570374,
    0.4490357041358948,
    0.44225195050239563,
    0.44939398765563965,
    0.4430161416530609,
    0.4501632750034332,
    0.44416406750679016,
    0.45132437348365784,
    0.44568008184432983,
    0.45286205410957336,
    0.44755226373672485,
    0.4424734115600586,
    0.4497714042663574,
    0.4449954032897949,
    0.45233073830604553,
    0.4478439688682556,
    0.45522600412368774,
    0.4510166645050049,
    0.458454966545105,
    0.45451289415359497,
    0.4507482349872589,
    0.4583338797092438,
    0.45482027530670166,
    0.46253111958503723,
    0.4482799768447876,
    0.44524306058883667,
    0.4315662980079651,
    0.444858193397522,
    0.4327637553215027,
    0.43113473057746887,
    0.41939446330070496,
    0.4180324077606201,
    0.4066161811351776,
    0.40550297498703003,
    0.40449535846710205,
    0.39350229501724243,
    0.39272215962409973,
    0.3920416533946991,
    0.38142257928848267,
    0.3809513449668884,
    0.3805749714374542,
    0.3702855110168457,
    0.37010273337364197,
    0.37001141905784607,
    0.36001110076904297,
    0.3600999414920807,
    0.36027777194976807,
    0.36054471135139465,
    0.35087621212005615,
    0.35131028294563293,
    0.3518322706222534,
    0.35244297981262207,
    0.34305331110954285,
    0.34382107853889465,
    0.34467753767967224,
    0.34562379121780396,
    0.3364650309085846,
    0.33756139874458313,
    0.3387487232685089,
    0.3297247290611267,
    0.33105719089508057,
    0.3324829041957855,
    0.33400383591651917,
    0.3251335918903351,
    0.3267972767353058,
    0.32855963706970215,
    0.330422967672348,
    0.33239006996154785,
    0.32367458939552307,
    0.3257875144481659,
    0.32800960540771484,
    0.3303443193435669,
    0.3217020332813263,
    0.3241872191429138,
    0.32679232954978943,
    0.3181588649749756,
    0.3209182918071747,
    0.3238065838813782,
    0.3268287479877472,
    0.329990029335022,
    0.33329612016677856,
    0.3247262239456177,
    0.32821136713027954,
    0.331854909658432,
    0.3232320249080658,
    0.3270668387413025,
    0.3310764729976654,
    0.33526933193206787,
    0.32659101486206055,
    0.33100220561027527,
    0.33561810851097107,
    0.3404497504234314,
    0.33168867230415344,
    0.3367764949798584,
    0.3437570631504059,
    0.3455093502998352,
    0.3404500186443329,
    0.3490430414676666,
    0.34424248337745667,
    0.3527185022830963,
    0.34816449880599976,
    0.3565440773963928,
    0.36480554938316345,
    0.36052820086479187,
    0.36872783303260803,
    0.3646794855594635,
    0.3728339672088623,
    0.3690066635608673,
    0.37713176012039185,
    0.3851912319660187,
    0.38162946701049805,
    0.3896867334842682,
    0.3976988196372986,
    0.39440470933914185,
    0.4024394750595093,
    0.4104475975036621,
    0.4074248671531677,
    0.417729914188385,
    0.423523873090744,
    0.4361269772052765,
    0.42889049649238586,
    0.4315662086009979,
    0.4452430307865143,
    0.4482799172401428,
    0.462482213973999,
    0.46591341495513916,
    0.4695126414299011,
    0.4845542907714844,
    0.4886012077331543,
    0.5043003559112549,
    0.5088391304016113,
    0.5135882496833801,
    0.5303413271903992,
    0.535654604434967,
    0.55323725938797,
    0.5713310241699219,
    0.5776734352111816,
    0.5967361330986023,
    0.6038159132003784,
    0.6245435476303101,
    0.6318539381027222,
    0.6401185393333435,
    0.6355244517326355,
    0.6443869471549988,
    0.6400457620620728,
    0.6495572924613953,
    0.6385074853897095,
    0.6524695158004761,
    0.6495572924613953,
    0.6672816872596741,
    0.6712364554405212,
    0.6752446889877319,
    0.6754215359687805,
    0.6834338307380676,
    0.6870284676551819,
    0.6918722987174988,
    0.6990374326705933,
    0.7099844217300415,
    0.7172026634216309,
    0.7247820496559143,
    0.7282013893127441,
    0.7375984787940979,
    0.7466739416122437,
    0.7554622292518616,
    0.771828293800354,
    0.7723021507263184,
    0.7804102897644043,
    0.7883452773094177,
    0.8012862205505371,
    0.8148009777069092,
    0.8222754597663879,
    0.8296669125556946,
    0.8477830290794373,
    0.8605656623840332,
    0.8740220069885254,
    0.8690931797027588,
    0.8765334486961365,
    0.8837285041809082,
    0.8871976137161255,
    0.8831579089164734,
    0.895206868648529,
    0.9026453495025635,
    0.9101622700691223,
    0.9206219911575317,
    0.9176320433616638,
    0.9231359362602234,
    0.9342029690742493,
    0.9392184019088745,
    0.9474700689315796,
    0.9558768272399902,
    0.9644495844841003,
    0.9731997847557068,
    0.9821382761001587,
    0.9917196035385132,
    1.0006258487701416,
    1.0101978778839111,
    1.020058035850525,
    1.0400586128234863,
    1.050373911857605,
    1.0609633922576904,
    1.0713975429534912,
    1.0930439233779907,
    1.104549527168274,
    1.1152349710464478,
    1.5608189105987549,
    1.5639194250106812,
    1.5674195289611816,
    1.56118643283844,
    1.5654723644256592,
    1.5599743127822876,
    1.565057396888733,
    1.5602971315383911,
    1.5661925077438354,
    1.572521686553955,
    1.5689036846160889,
    1.5656429529190063,
    1.5732269287109375,
    2.8056914806365967,
    2.80865478515625,
    2.8245832920074463,
    2.833461284637451,
    0.5394576787948608,
    0.5255987048149109,
    0.5138817429542542,
    0.5175394415855408,
    0.5077086091041565,
    0.4976949095726013,
    0.4874242842197418,
    0.477238267660141,
    0.48137742280960083,
    0.4741453528404236,
    0.46653518080711365,
    0.4596289396286011,
    0.45442265272140503,
    0.4449952244758606,
    0.43761515617370605,
    0.44247323274612427,
    0.4351200461387634,
    0.42770281434059143,
    0.42021244764328003,
    0.4255341589450836,
    0.41803649067878723,
    0.4104427397251129,
    0.4161664545536041,
    0.40853968262672424,
    0.4007904827594757,
    0.3859243392944336,
    0.39988651871681213,
    0.40079084038734436,
    0.39492201805114746,
    0.38931724429130554,
    0.3839627802371979,
    0.3919094502925873,
    0.38684943318367004,
    0.3820114731788635,
    0.3773850202560425,
    0.3729602098464966,
    0.3810187876224518,
    0.37683549523353577,
    0.3728339672088623,
    0.3690066635608673,
    0.37713176012039185,
    0.37351879477500916,
    0.37006494402885437,
    0.36676397919654846,
    0.36361032724380493,
    0.371867299079895,
