{
  "step": 205,
  "timestamp": 6.5600000000000005,
  "robot_pose_odom": {
    "x": 3.1932205146859706e-09,
    "y": -2.612120213394259e-09,
    "yaw_fused": -2.088400416489791,
    "yaw_imu": -2.09377980694027
  },
  "lidar_pose_relative_to_robot": {
    "x_offset": 0.0,
    "y_offset": 0.0,
    "yaw_offset": 0.0
  },
  "lidar_meta": {
    "fov": 6.283184,
    "horizontal_resolution": 400,
    "angle_min": -3.141592,
    "angle_increment": 0.015747328320802004
  },
  "ranges": [
    null,
    null,
    null,
    2.336897373199463,
    1.963729977607727,
    1.7222545146942139,
    1.5199265480041504,
    1.4345600605010986,
    1.4378035068511963,
    1.4503077268600464,
    0.8829554319381714,
    0.8241928219795227,
    0.7630842924118042,
    0.6944012641906738,
    0.6697814464569092,
    0.6245073080062866,
    0.6027553677558899,
    0.5687603950500488,
    0.5429064631462097,
    0.515067994594574,
    0.49314120411872864,
    0.4813653826713562,
    null,
    null,
    null,
    null,
    0.4000389277935028,
    0.3900385797023773,
    0.37002038955688477,
    0.3601321578025818,
    0.3503080904483795,
    0.34116625785827637,
    null,
    null,
    0.312163770198822,
    0.3127838969230652,
    0.3021383285522461,
    0.2939896583557129,
    0.29479673504829407,
    0.2878342568874359,
    0.27618658542633057,
    0.2771580219268799,
    0.26790133118629456,
    0.26898396015167236,
    0.2597522735595703,
    0.2505028545856476,
    0.2517163157463074,
    0.24246248602867126,
    0.243770033121109,
    0.23449371755123138,
    0.235889732837677,
    0.2373613715171814,
    0.22805127501487732,
    0.21867308020591736,
    0.22022953629493713,
    null,
    null,
    null,
    null,
    null,
    null,
    null,
    null,
    null,
    null,
    null,
    null,
    null,
    null,
    null,
    null,
    null,
    null,
    null,
    null,
    null,
    null,
    null,
    null,
    null,
    null,
    null,
    null,
    null,
    null,
    null,
    null,
    null,
    null,
    null,
    null,
    null,
    null,
    null,
    null,
    null,
    null,
    null,
    null,
    null,
    null,
    null,
    null,
    null,
    null,
    null,
    null,
    null,
    null,
    null,
    null,
    null,
    null,
    null,
    null,
    null,
    null,
    null,
    null,
    null,
    null,
    null,
    null,
    null,
    null,
    null,
    null,
    null,
    null,
    null,
    null,
    null,
    null,
    null,
    null,
    null,
    null,
    null,
    null,
    null,
    null,
    null,
    null,
    null,
    null,
    0.23308584094047546,
    0.2428549975156784,
    0.25215014815330505,
    0.24998202919960022,
    0.2479115128517151,
    0.2571140229701996,
    0.26623621582984924,
    0.26427552103996277,
    0.2733413875102997,
    0.27148962020874023,
    0.2805180251598358,
    0.29228588938713074,
    0.29844656586647034,
    0.29676353931427,
    0.30727359652519226,
    0.3146454393863678,
    0.3131285607814789,
    0.32676979899406433,
    0.34625789523124695,
    0.34623482823371887,
    0.3558461666107178,
    0.371101051568985,
    0.38509559631347656,
    0.3945348560810089,
    0.40704914927482605,
    0.42348670959472656,
    0.434832900762558,
    0.45163270831108093,
    0.4713084101676941,
    0.49269750714302063,
    0.5106465220451355,
    0.5312451720237732,
    0.5599948167800903,
    0.5904111266136169,
    0.6199392676353455,
    0.6499404311180115,
    0.6898621916770935,
    0.741299033164978,
    0.7900877594947815,
    0.8502377271652222,
    0.9264642596244812,
    0.9911508560180664,
    1.0998700857162476,
    1.1310290098190308,
    1.1439327001571655,
    1.1572294235229492,
    1.1709372997283936,
    1.1803768873214722,
    1.2098896503448486,
    1.2249807119369507,
    1.2405649423599243,
    1.2469552755355835,
    1.2836940288543701,
    1.3009454011917114,
    1.3242319822311401,
    1.3477963209152222,
    1.3669689893722534,
    1.3844633102416992,
    1.4209076166152954,
    1.4503064155578613,
    1.4812421798706055,
    1.50434148311615,
    1.5416550636291504,
    1.5615601539611816,
    1.6092867851257324,
    1.6622391939163208,
    1.6934287548065186,
    1.7152888774871826,
    1.773398756980896,
    1.8212659358978271,
    1.8551801443099976,
    1.8905534744262695,
    1.9243035316467285,
    1.960356593132019,
    1.1343884468078613,
    1.1188801527023315,
    1.119575023651123,
    1.1333003044128418,
    1.1476527452468872,
    1.1457127332687378,
    1.1518876552581787,
    1.167950987815857,
    1.171147108078003,
    1.1885510683059692,
    1.192750096321106,
    1.1997313499450684,
    1.208549976348877,
    1.2302359342575073,
    1.2327021360397339,
    1.2573269605636597,
    1.2710626125335693,
    1.28170645236969,
    1.299430251121521,
    1.3165291547775269,
    1.3149480819702148,
    1.3491123914718628,
    1.3460707664489746,
    1.376755952835083,
    1.396884799003601,
    1.435789704322815,
    1.4349846839904785,
    1.4380310773849487,
    1.4978132247924805,
    1.5105149745941162,
    1.5155365467071533,
    1.5655114650726318,
    1.5914802551269531,
    1.6078228950500488,
    1.6223622560501099,
    1.6745312213897705,
    1.7217044830322266,
    1.7173596620559692,
    1.7211321592330933,
    1.1021623611450195,
    1.0816203355789185,
    1.073749303817749,
    1.0680650472640991,
    1.067522644996643,
    1.0454593896865845,
    1.0395904779434204,
    1.0343862771987915,
    1.0161453485488892,
    1.0023455619812012,
    1.0034679174423218,
    0.9968762993812561,
    0.9900768399238586,
    0.9830372929573059,
    0.9757223725318909,
    0.9738723039627075,
    0.47241610288619995,
    0.47802093625068665,
    0.47114744782447815,
    0.46421921253204346,
    0.4702911674976349,
    0.46340325474739075,
    0.4674917161464691,
    0.49924924969673157,
    0.5328161716461182,
    0.5823078751564026,
    0.6033210158348083,
    0.623380720615387,
    0.7083671689033508,
    0.7580889463424683,
    0.8625323176383972,
    1.3978097438812256,
    1.3797626495361328,
    1.387974500656128,
    1.3794265985488892,
    1.3827974796295166,
    1.422123670578003,
    2.267421007156372,
    1.9964649677276611,
    1.9759701490402222,
    1.984820008277893,
    1.983591079711914,
    1.9815616607666016,
    2.368586778640747,
    2.3638358116149902,
    2.3156139850616455,
    2.247422933578491,
    2.2126972675323486,
    2.169358730316162,
    2.1275601387023926,
    2.0915613174438477,
    2.117565631866455,
    3.115025043487549,
    3.067373037338257,
    3.0198402404785156,
    2.96968150138855,
    2.9421331882476807,
    1.0391719341278076,
    1.026546597480774,
    0.9061877131462097,
    0.8881246447563171,
    0.8314409255981445,
    0.8166581988334656,
    0.767842173576355,
    0.745906412601471,
    0.7228601574897766,
    0.6952877044677734,
    0.6779595613479614,
    0.6560451984405518,
    0.6344501972198486,
    0.6118521094322205,
    0.621867299079895,
    0.6109229922294617,
    0.610470712184906,
    0.6201721429824829,
    0.6200191378593445,
    0.6200191378593445,
    0.6301749348640442,
    0.6304861307144165,
    0.6309532523155212,
    0.6416022181510925,
    0.6423959136009216,
    0.6433504223823547,
    0.6545369625091553,
    0.6558371782302856,
    0.6573049426078796,
    0.6690798997879028,
    0.670916736125946,
    0.6729300618171692,
    0.6853519082069397,
    0.6877625584602356,
    0.6903610825538635,
    0.7034965753555298,
    0.7065262198448181,
    0.7201957702636719,
    0.7236844301223755,
    0.7273874878883362,
    0.741908848285675,
    0.7461163401603699,
    0.7612804770469666,
    0.7660298943519592,
    0.7818900942802429,
    0.7872231006622314,
    0.8038378357887268,
    0.8098016977310181,
    0.8272364139556885,
    0.8338839411735535,
    null,
    null,
    2.1472320556640625,
    2.182749032974243,
    2.203861951828003,
    0.8353325128555298,
    0.8298559188842773,
