{
  "step": 1135,
  "timestamp": 36.32,
  "robot_pose_odom": {
    "x": -2.8538742370105328,
    "y": 0.7325445086318716,
    "yaw_fused": 1.0608162918846886,
    "yaw_imu": 1.060828696355391
  },
  "lidar_pose_relative_to_robot": {
    "x_offset": 0.0,
    "y_offset": 0.0,
    "yaw_offset": 0.0
  },
  "lidar_meta": {
    "fov": 6.283184,
    "horizontal_resolution": 400,
    "angle_min": -3.141592,
    "angle_increment": 0.015747328320802004
  },
  "ranges": [
    1.5902751684188843,
    1.5837152004241943,
    1.5918190479278564,
    1.5898046493530273,
    1.5988208055496216,
    1.576588749885559,
    1.3279609680175781,
    1.1684443950653076,
    1.056708574295044,
    0.9576610326766968,
    0.8745670914649963,
    0.865186333656311,
    0.7552148103713989,
    0.7033872008323669,
    0.6879693269729614,
    0.6053822040557861,
    0.5828967690467834,
    0.5559391975402832,
    0.5195665955543518,
    0.5019614696502686,
    0.4773273169994354,
    0.4699442386627197,
    null,
    null,
    null,
    0.3919534385204315,
    0.37884557247161865,
    0.3712037205696106,
    0.36246752738952637,
    0.3404497504234314,
    0.33168867230415344,
    0.3157625198364258,
    0.3227443993091583,
    0.31786859035491943,
    0.29959601163864136,
    0.29534411430358887,
    0.29128211736679077,
    0.2874002754688263,
    0.28368961811065674,
    0.2674080431461334,
    0.2641695439815521,
    0.26107215881347656,
    0.2581094801425934,
    0.2552756369113922,
    0.24053803086280823,
    0.23806880414485931,
    0.2357073426246643,
    null,
    null,
    null,
    null,
    null,
    null,
    null,
    null,
    null,
    null,
    null,
    null,
    null,
    null,
    null,
    null,
    null,
    null,
    null,
    null,
    null,
    null,
    null,
    null,
    null,
    null,
    null,
    null,
    null,
    null,
    null,
    null,
    null,
    null,
    null,
    null,
    null,
    null,
    null,
    null,
    null,
    null,
    null,
    null,
    null,
    null,
    null,
    null,
    null,
    null,
    null,
    null,
    null,
    null,
    null,
    null,
    null,
    null,
    null,
    null,
    null,
    null,
    null,
    null,
    null,
    null,
    null,
    null,
    null,
    null,
    null,
    null,
    null,
    null,
    null,
    null,
    null,
    null,
    null,
    null,
    null,
    null,
    null,
    null,
    null,
    null,
    null,
    null,
    null,
    null,
    null,
    null,
    null,
    null,
    null,
    null,
    null,
    null,
    null,
    null,
    0.22018079459667206,
    0.22960680723190308,
    0.2280513197183609,
    0.23736147582530975,
    0.23588977754116058,
    0.24815057218074799,
    0.24977046251296997,
    0.2514740824699402,
    0.26427555084228516,
    0.26623624563217163,
    0.26829293370246887,
    0.2817176282405853,
    0.2840704917907715,
    0.28653427958488464,
    0.30067765712738037,
    0.3034839332103729,
    0.3064194321632385,
    0.3213927447795868,
    0.3247262239456177,
    0.3403674066066742,
    0.34414589405059814,
    0.3605280816555023,
    0.3648054301738739,
    0.38201141357421875,
    0.39974433183670044,
    0.40497297048568726,
    0.42368295788764954,
    0.443015992641449,
    0.46301183104515076,
    0.4837128818035126,
    0.5051649212837219,
    0.5261783003807068,
    0.5589928030967712,
    0.5901902914047241,
    0.6127904057502747,
    0.6610413789749146,
    0.7107245922088623,
    0.724806010723114,
    0.8167330026626587,
    0.9104160666465759,
    0.9590583443641663,
    1.0613770484924316,
    1.132108211517334,
    1.3286491632461548,
    1.3471800088882446,
    1.362222671508789,
    1.3653141260147095,
    1.3608455657958984,
    1.3907421827316284,
    1.3968876600265503,
    1.4114577770233154,
    1.4201864004135132,
    1.4369574785232544,
    1.4534181356430054,
    1.4673610925674438,
    1.4617053270339966,
    1.5088127851486206,
    1.5197761058807373,
    1.5253905057907104,
    1.5479354858398438,
    1.557073712348938,
    1.5891579389572144,
    1.5894418954849243,
    1.6302082538604736,
    1.6510666608810425,
    1.6775461435317993,
    1.7074083089828491,
    1.7344279289245605,
    1.7568455934524536,
    1.7833634614944458,
    1.8192644119262695,
    1.8493328094482422,
    1.8555521965026855,
    1.8629127740859985,
    1.8596848249435425,
    1.8669631481170654,
    1.8646565675735474,
    1.8730511665344238,
    0.9208556413650513,
    0.9103350639343262,
    0.9000011086463928,
    0.9100015163421631,
    0.9304229021072388,
    0.9505874514579773,
    0.9416438341140747,
    0.9229332804679871,
    0.8924689292907715,
    0.8757064938545227,
    0.8451091647148132,
    0.8384247422218323,
    0.8215695023536682,
    0.7977765202522278,
    0.7789047956466675,
    0.7693908214569092,
    0.743874728679657,
    0.7425205111503601,
    0.7171754837036133,
    0.7186967730522156,
    0.6904232501983643,
    0.6822022199630737,
    0.6685221791267395,
    0.6551547050476074,
    0.6462575793266296,
    0.6383469104766846,
    0.629828691482544,
    0.6212109327316284,
    0.6124753355979919,
    0.6013510227203369,
    0.6056312918663025,
    0.6212177872657776,
    0.6260167360305786,
    0.7043997645378113,
    0.6810306906700134,
    0.6608430743217468,
    0.6285113096237183,
    0.6182771325111389,
    0.6177175641059875,
    0.5853604078292847,
    0.5804592967033386,
    0.5591749548912048,
    0.5379114747047424,
    0.5249895453453064,
    0.5200769305229187,
    0.4966147243976593,
    0.4951132535934448,
    0.48335471749305725,
    0.476161926984787,
    0.45644062757492065,
    0.4493936598300934,
    0.4422515630722046,
    0.4280214011669159,
    0.4350033700466156,
    0.42843160033226013,
    0.42215803265571594,
    0.4161667227745056,
    0.4104430079460144,
    0.3919094502925873,
    0.38684943318367004,
    0.3941541314125061,
    0.3773850202560425,
    0.3729602098464966,
    0.36872783303260803,
    0.3646794855594635,
    0.36080706119537354,
    0.3571031987667084,
    0.35356101393699646,
    0.35017383098602295,
    0.346935898065567,
    0.34384122490882874,
    0.3408846855163574,
    0.3380611836910248,
    0.33536621928215027,
    0.33279532194137573,
    0.33034446835517883,
    0.3280097246170044,
    0.32578760385513306,
    0.329903244972229,
    1.4587211608886719,
    0.332390159368515,
    0.34525299072265625,
    0.3627045452594757,
    1.465109944343567,
    1.4755383729934692,
    1.4779701232910156,
    1.4693171977996826,
    1.2645450830459595,
    1.213603138923645,
    1.1380151510238647,
    1.0674443244934082,
    1.015504002571106,
    1.0253266096115112,
    1.023695468902588,
    1.0343132019042969,
    2.720515727996826,
    2.6982247829437256,
    2.6814162731170654,
    2.658217430114746,
    2.637061834335327,
    2.6074728965759277,
    2.6243929862976074,
    2.5676145553588867,
    2.5420210361480713,
    2.514944076538086,
    2.4753098487854004,
    2.4417009353637695,
    2.4486114978790283,
    2.432384729385376,
    2.4103851318359375,
    2.391975164413452,
    2.369976282119751,
    2.3514556884765625,
    2.339095115661621,
    2.317535400390625,
    2.3020477294921875,
    2.2846431732177734,
    1.4994927644729614,
    1.4830292463302612,
    1.4552545547485352,
    1.426320195198059,
    1.4024579524993896,
    1.3773499727249146,
    1.3646137714385986,
    1.3295189142227173,
    1.318087100982666,
    1.2959010601043701,
    1.2743912935256958,
    1.2646219730377197,
    1.244345784187317,
    1.2245694398880005,
    1.216273546218872,
    1.1975961923599243,
    1.1794487237930298,
    1.172468662261963,
    1.155258059501648,
    1.1490615606307983,
    1.1327235698699951,
    1.127262830734253,
    1.1117398738861084,
    null,
    null,
    1.0915346145629883,
    1.074059009552002,
    1.070570707321167,
    1.0572021007537842,
    1.0543076992034912,
    1.04157555103302,
    1.0392496585845947,
    1.027119517326355,
