{
  "step": 1100,
  "timestamp": 35.2,
  "robot_pose_odom": {
    "x": -2.9945003263283936,
    "y": 0.4811394102297181,
    "yaw_fused": 1.060754120545696,
    "yaw_imu": 1.0608286610921343
  },
  "lidar_pose_relative_to_robot": {
    "x_offset": 0.0,
    "y_offset": 0.0,
    "yaw_offset": 0.0
  },
  "lidar_meta": {
    "fov": 6.283184,
    "horizontal_resolution": 400,
    "angle_min": -3.141592,
    "angle_increment": 0.015747328320802004
  },
  "ranges": [
    1.2791160345077515,
    1.2699637413024902,
    1.290977120399475,
    1.291472315788269,
    1.298326015472412,
    1.288774013519287,
    1.2204962968826294,
    1.0867702960968018,
    0.985392689704895,
    0.9023179411888123,
    0.830621063709259,
    0.7793198227882385,
    0.7063609957695007,
    0.6750672459602356,
    0.6165400147438049,
    0.5972635746002197,
    0.5490326881408691,
    0.5256238579750061,
    0.5126072764396667,
    0.48529407382011414,
    0.465505987405777,
    0.4536178410053253,
    null,
    null,
    null,
    0.38042667508125305,
    0.37356439232826233,
    0.3560420870780945,
    0.34589719772338867,
    0.330422967672348,
    0.32855963706970215,
    0.3178154528141022,
    null,
    null,
    0.290922611951828,
    0.2793295681476593,
    0.2782052457332611,
    0.2668929398059845,
    0.26595744490623474,
    0.26509371399879456,
    0.2541351318359375,
    0.25343936681747437,
    0.24269722402095795,
    0.2421552538871765,
    0.2316053807735443,
    0.2312040627002716,
    0.23086102306842804,
    0.2205507755279541,
    0.22033289074897766,
    0.22016975283622742,
    0.22006107866764069,
    0.2100064754486084,
    0.2100064754486084,
    0.2100583016872406,
    0.20015431940555573,
    0.2003026157617569,
    null,
    null,
    null,
    null,
    null,
    null,
    null,
    null,
    null,
    null,
    null,
    null,
    null,
    null,
    null,
    null,
    null,
    null,
    null,
    null,
    null,
    null,
    null,
    null,
    null,
    null,
    null,
    null,
    null,
    null,
    null,
    null,
    null,
    null,
    null,
    null,
    null,
    null,
    null,
    null,
    null,
    null,
    null,
    null,
    null,
    null,
    null,
    null,
    null,
    null,
    null,
    null,
    null,
    null,
    null,
    null,
    null,
    null,
    null,
    null,
    null,
    null,
    null,
    null,
    null,
    null,
    null,
    null,
    null,
    null,
    null,
    null,
    null,
    null,
    null,
    null,
    null,
    null,
    null,
    null,
    null,
    null,
    null,
    null,
    null,
    null,
    null,
    null,
    null,
    null,
    null,
    null,
    null,
    null,
    null,
    null,
    null,
    null,
    null,
    null,
    null,
    null,
    null,
    0.27086812257766724,
    0.27804192900657654,
    0.28740015625953674,
    0.29658448696136475,
    0.3056090474128723,
    0.31448739767074585,
    0.31080007553100586,
    0.31956401467323303,
    0.3249671459197998,
    0.3456117808818817,
    0.3550111651420593,
    0.3722522258758545,
    0.38555440306663513,
    0.39696204662323,
    0.41652584075927734,
    0.4314175248146057,
    0.43660983443260193,
    0.4748671352863312,
    0.48294445872306824,
    0.5066251754760742,
    0.5203129053115845,
    0.5625157952308655,
    0.590512216091156,
    0.6409679055213928,
    0.666779100894928,
    0.709061324596405,
    0.7668129801750183,
    0.793984055519104,
    0.9030584096908569,
    0.9127601981163025,
    1.201761245727539,
    1.3453559875488281,
    1.416419506072998,
    1.6104984283447266,
    1.636043906211853,
    1.644879698753357,
    1.6539708375930786,
    1.66607666015625,
    1.6830542087554932,
    1.7010419368743896,
    1.7094756364822388,
    1.727302074432373,
    1.7437258958816528,
    1.762219786643982,
    1.7810819149017334,
    1.8003348112106323,
    1.820002794265747,
    1.8400037288665771,
    1.860351800918579,
    1.891749620437622,
    1.9133330583572388,
    1.9354617595672607,
    1.956437110900879,
    1.9915173053741455,
    2.0124518871307373,
    2.0511434078216553,
    2.086850881576538,
    2.1202988624572754,
    2.132819414138794,
    2.128596544265747,
    2.130511522293091,
    1.1736232042312622,
    1.1643404960632324,
    1.1690458059310913,
    1.2099277973175049,
    1.168179988861084,
    1.151375651359558,
    1.1127554178237915,
    1.0818560123443604,
    1.0587657690048218,
    1.013045310974121,
    1.0125112533569336,
    0.9534611701965332,
    0.9338634014129639,
    0.9140490293502808,
    0.8822991251945496,
    0.8612434267997742,
    0.8367540836334229,
    0.8298546671867371,
    0.813757061958313,
    0.8210809230804443,
    0.8287442922592163,
    0.836760401725769,
    1.1763474941253662,
    0.8532637357711792,
    0.7909594774246216,
    0.7287880182266235,
    0.6798644065856934,
    0.6329188942909241,
    0.5973007082939148,
    0.5646923184394836,
    0.5317215919494629,
    0.516844630241394,
    0.4856642186641693,
    0.4493936598300934,
    0.4484304189682007,
    0.41398897767066956,
    0.42097097635269165,
    0.41461119055747986,
    0.42215803265571594,
    0.42959144711494446,
    0.4236830770969391,
    0.43110039830207825,
    0.4333261251449585,
    1.7069090604782104,
    1.6982327699661255,
    1.678321123123169,
    1.6592754125595093,
    1.6532137393951416,
    1.6356587409973145,
    1.6307713985443115,
    1.6145954132080078,
    1.5991272926330566,
    1.5843406915664673,
    1.5816696882247925,
    1.568069577217102,
    1.5550814867019653,
    1.5538636445999146,
    1.5419516563415527,
    1.5305960178375244,
    1.5197783708572388,
    1.520342230796814,
    1.5104821920394897,
    1.5104488134384155,
    1.5043691396713257,
    1.4987064599990845,
    1.4934533834457397,
    1.488603115081787,
    1.4841490983963013,
    1.480085849761963,
    1.4764080047607422,
    1.4731111526489258,
    1.4701906442642212,
    1.467643141746521,
    1.4654656648635864,
    1.4636549949645996,
    1.4622091054916382,
    1.4611265659332275,
    0.9802720546722412,
    0.9800302386283875,
    0.9800302386283875,
    0.9802720546722412,
    1.461708903312683,
    1.501383662223816,
    2.9658353328704834,
    2.9195995330810547,
    2.8968048095703125,
    2.8474912643432617,
    2.8280582427978516,
    2.786085367202759,
    2.763604164123535,
    2.718581199645996,
    2.6948699951171875,
    2.6885886192321777,
    2.6381020545959473,
    2.615201950073242,
    2.5925114154815674,
    2.5419304370880127,
    2.547612428665161,
    2.5089988708496094,
    2.4941165447235107,
    2.4599497318267822,
    2.426663637161255,
    2.4208626747131348,
    2.4026429653167725,
    2.3369667530059814,
    2.3137550354003906,
    2.290531873703003,
    2.257852792739868,
    2.2688403129577637,
    2.217275857925415,
    2.1941308975219727,
    1.3292312622070312,
    1.2723557949066162,
    1.2595361471176147,
    1.227704644203186,
    1.1945277452468872,
    1.1722995042800903,
    1.136994481086731,
    1.1126956939697266,
    1.0844296216964722,
    1.0861542224884033,
    1.0447561740875244,
    1.023807168006897,
    1.022851586341858,
    0.9925253987312317,
    0.9689542055130005,
    0.957876443862915,
    0.9321430325508118,
    0.905121386051178,
    0.9121037721633911,
    0.8983242511749268,
    0.885170042514801,
    0.8726075887680054,
    0.8606062531471252,
    0.8491371273994446,
    0.8381738066673279,
    0.8276915550231934,
    0.8176676034927368,
    0.8080804944038391,
    0.7989103198051453,
    0.7901389002799988,
    0.7817486524581909,
    0.7737236618995667,
    0.7660488486289978,
    0.7587100267410278,
    0.7516944408416748,
    null,
    0.738583505153656,
    0.7324658632278442,
    0.7266268730163574,
    0.7210565209388733,
    0.7157463431358337,
    0.7106877565383911,
    0.7058731317520142,
    0.7012952566146851,
    0.7048841714859009,
    0.6967347264289856,
    0.6950134634971619,
