{
  "step": 1465,
  "timestamp": 46.88,
  "robot_pose_odom": {
    "x": -1.4459859759901634,
    "y": 1.3493779803744614,
    "yaw_fused": -1.15947105714629,
    "yaw_imu": -1.1445149496962037
  },
  "lidar_pose_relative_to_robot": {
    "x_offset": 0.0,
    "y_offset": 0.0,
    "yaw_offset": 0.0
  },
  "lidar_meta": {
    "fov": 6.283184,
    "horizontal_resolution": 400,
    "angle_min": -3.141592,
    "angle_increment": 0.015747328320802004
  },
  "ranges": [
    0.7545263171195984,
    0.7536706328392029,
    0.7526354789733887,
    0.7334880828857422,
    0.7421901822090149,
    0.7258214950561523,
    0.7272228002548218,
    0.7185002565383911,
    0.7144834995269775,
    0.7115103602409363,
    0.7081354260444641,
    0.7048384547233582,
    0.7016177177429199,
    0.6945661902427673,
    0.6910187005996704,
    0.6809000372886658,
    0.684661328792572,
    0.675244927406311,
    0.6793097257614136,
    0.6705390214920044,
    0.67488694190979,
    0.6836116313934326,
    null,
    null,
    null,
    null,
    0.6665927171707153,
    0.6481952667236328,
    0.6419854164123535,
    0.6360491514205933,
    0.6189141869544983,
    0.6135923862457275,
    0.6085100769996643,
    null,
    0.5879383683204651,
    0.5836085677146912,
    0.568550169467926,
    0.5646985173225403,
    0.550247073173523,
    0.5361131429672241,
    0.5241082310676575,
    0.5104005336761475,
    0.5138818621635437,
    0.5064795017242432,
    0.4991929233074188,
    0.5030492544174194,
    0.4958230257034302,
    0.4886012077331543,
    0.49283894896507263,
    0.4741455316543579,
    0.4785708487033844,
    0.4831998646259308,
    0.46423399448394775,
    0.46904900670051575,
    0.4619271755218506,
    0.46705514192581177,
    0.4599841237068176,
    0.4528619050979614,
    0.458413690328598,
    0.4513242542743683,
    0.4441639184951782,
    0.4501631557941437,
    0.443015992641449,
    0.4493938088417053,
    0.4422517716884613,
    0.4350031614303589,
    0.4350031614303589,
    0.4284314215183258,
    0.4357758164405823,
    0.4295913279056549,
    0.43692299723625183,
    0.43110018968582153,
    0.42553427815437317,
    0.42021244764328003,
    0.4151233434677124,
    0.4102560877799988,
    0.4056004583835602,
    0.4011472463607788,
    0.3968876004219055,
    0.3928133249282837,
    0.38891690969467163,
    0.38519108295440674,
    0.3931938111782074,
    0.37430864572525024,
    0.3863358795642853,
    0.38313597440719604,
    0.3800816237926483,
    0.3771679699420929,
    0.3743903338909149,
    0.371744304895401,
    0.3692258894443512,
    0.3668312728404999,
    0.36455684900283813,
    0.3623993992805481,
    0.3603557348251343,
    0.3584228754043579,
    0.3565981984138489,
    0.35487908124923706,
    0.35326316952705383,
    0.35174837708473206,
    0.3503325581550598,
    0.3490138351917267,
    0.34779053926467896,
    0.3466610014438629,
    0.34562379121780396,
    0.34467753767967224,
    0.34382107853889465,
    0.34305331110954285,
    0.34237319231033325,
    0.3417799174785614,
    0.34127283096313477,
    0.34085118770599365,
    0.35075119137763977,
    0.34011662006378174,
    0.3500971794128418,
    0.35001081228256226,
    0.35001081228256226,
    0.3500971794128418,
    0.3502700626850128,
    0.35052958130836487,
    0.35087621212005615,
    0.35131028294563293,
    0.3518322706222534,
    0.35244297981262207,
    0.3531430959701538,
    0.3539334535598755,
    0.3548150956630707,
    0.3557891845703125,
    0.3568568825721741,
    0.3580196499824524,
    0.35927894711494446,
    0.3606364130973816,
    0.36209380626678467,
    0.36365318298339844,
    0.3653166890144348,
    0.3670862913131714,
    0.36896467208862305,
    0.3709544241428375,
    0.37305817008018494,
    0.37527909874916077,
    0.3776203691959381,
    0.38008546829223633,
    0.3936115503311157,
    0.3964131772518158,
    0.3993542492389679,
    0.40243929624557495,
    0.40567323565483093,
    0.40906137228012085,
    0.4126092195510864,
    0.4163227379322052,
    0.4202083647251129,
    0.4242728650569916,
    0.42852357029914856,
    0.8747952580451965,
    0.8752303123474121,
    0.8697664141654968,
    0.8702400922775269,
    0.8679851293563843,
    0.8658923506736755,
    0.86396324634552,
    0.8752638697624207,
    0.8738457560539246,
    0.8591823577880859,
    0.8715513348579407,
    0.856862485408783,
    0.8700059652328491,
    0.8700067400932312,
    0.8706835508346558,
    0.871552050113678,
    0.8749807476997375,
    0.8738463521003723,
    0.8752644062042236,
    0.8819620609283447,
    0.8786264657974243,
    0.8805651068687439,
    0.8826725482940674,
    0.8820570111274719,
    0.8873867392539978,
    0.8931596875190735,
    2.156613826751709,
    2.1782679557800293,
    2.1703498363494873,
    2.181666851043701,
    2.192749500274658,
    2.2051279544830322,
    2.2256739139556885,
    2.236243963241577,
    2.257070779800415,
    2.2685117721557617,
    1.5654429197311401,
    1.5073277950286865,
    1.4548683166503906,
    2.265038251876831,
    1.2997606992721558,
    1.2702282667160034,
    1.2292882204055786,
    1.1850155591964722,
    1.1671682596206665,
    1.1647834777832031,
    1.1737815141677856,
    1.1832139492034912,
    1.1930960416793823,
    1.2149052619934082,
    1.225839614868164,
    1.248953104019165,
    1.2610337734222412,
    1.273667573928833,
    1.2989048957824707,
    1.3128455877304077,
    1.3397108316421509,
    1.3550883531570435,
    1.37116539478302,
    1.4007086753845215,
    1.4184476137161255,
    0.7799305319786072,
    0.7811654806137085,
    0.7675831913948059,
    0.7626076936721802,
    0.7739406228065491,
    0.806825578212738,
    0.8138064742088318,
    0.823043942451477,
    0.8489322066307068,
    0.8568090796470642,
    0.8875676393508911,
    0.9183428883552551,
    0.9182306528091431,
    0.9683538675308228,
    1.0024160146713257,
    1.02511465549469,
    1.0627977848052979,
    1.088370442390442,
    1.1210237741470337,
    1.148357629776001,
    1.2285302877426147,
    1.2504061460494995,
    1.2987351417541504,
    1.3795690536499023,
    1.4071416854858398,
    1.439314603805542,
    1.5650420188903809,
    1.5530445575714111,
    1.541607141494751,
    1.5416454076766968,
    1.5312013626098633,
    1.532059907913208,
    1.522560954093933,
    1.5135502815246582,
    1.5156136751174927,
    1.5074843168258667,
    1.499809980392456,
    1.4925795793533325,
    1.49617338180542,
    1.4897576570510864,
    1.494065284729004,
    1.4884413480758667,
    1.4832242727279663,
    1.488603115081787,
    1.4841490983963013,
    1.480085849761963,
    2.1640501022338867,
    2.159217596054077,
    2.165006637573242,
    2.161255359649658,
    2.168086051940918,
    2.165407419204712,
    2.173283338546753,
    2.1716742515563965,
    2.170602321624756,
    0.49006837606430054,
    0.4699879586696625,
    0.46004536747932434,
    0.4502016305923462,
    0.4406657814979553,
    0.4411015510559082,
    0.43160974979400635,
    0.43225106596946716,
    0.4330013394355774,
    0.4237717092037201,
    0.4247201383113861,
    0.4257781207561493,
    0.4269469976425171,
    0.4282282590866089,
    0.4296235740184784,
    0.43113473057746887,
    0.4327636957168579,
    0.43451255559921265,
    0.43638381361961365,
    0.4488176107406616,
    0.4509917199611664,
    0.4532994329929352,
    0.4660797417163849,
    0.47846490144729614,
    0.5063143968582153,
    0.8971689343452454,
    0.8774439692497253,
    0.8483221530914307,
    0.825812578201294,
    0.823472261428833,
    0.7941702008247375,
    0.7746703028678894,
    0.7609395384788513,
    0.7603664398193359,
    0.7323334813117981,
    0.7240551710128784,
    0.7168794274330139,
    null,
    null,
    null,
    null,
    null,
    null,
    null,
    null,
    null,
    null,
    null,
    null,
    null,
    null,
    null,
    null,
    null,
    0.3150741755962372,
    0.4530564248561859,
    1.3324921131134033,
