{
  "step": 1315,
  "timestamp": 42.08,
  "robot_pose_odom": {
    "x": -2.085784307556712,
    "y": 1.6480178993500028,
    "yaw_fused": 0.3642572347985176,
    "yaw_imu": 0.3725112171040172
  },
  "lidar_pose_relative_to_robot": {
    "x_offset": 0.0,
    "y_offset": 0.0,
    "yaw_offset": 0.0
  },
  "lidar_meta": {
    "fov": 6.283184,
    "horizontal_resolution": 400,
    "angle_min": -3.141592,
    "angle_increment": 0.015747328320802004
  },
  "ranges": [
    0.6371956467628479,
    0.6323109865188599,
    0.6166428923606873,
    0.6122847199440002,
    0.5972771644592285,
    0.5826143026351929,
    0.5790020227432251,
    0.5755754709243774,
    0.5617309212684631,
    0.5587179660797119,
    0.5558736324310303,
    0.542756199836731,
    0.5402848124504089,
    0.5276225209236145,
    0.5254988670349121,
    0.5132556557655334,
    0.5114566683769226,
    0.509795606136322,
    0.49810484051704407,
    0.4967411458492279,
    0.49550682306289673,
    0.4833391010761261,
    null,
    null,
    null,
    null,
    0.4606960117816925,
    0.46035492420196533,
    0.46012768149375916,
    0.4600141942501068,
    0.4500138759613037,
    0.45012491941452026,
    null,
    null,
    0.4411015510559082,
    0.4416472017765045,
    0.4423034191131592,
    0.443071186542511,
    0.43386149406433105,
    0.43483251333236694,
    0.43591567873954773,
    0.4269469976425171,
    0.4282282590866089,
    0.4296235740184784,
    0.43113473057746887,
    0.42245981097221375,
    0.42416703701019287,
    0.4259937107563019,
    0.41750475764274597,
    0.41952717304229736,
    0.42167389392852783,
    0.42394787073135376,
    0.42635220289230347,
    0.41816815733909607,
    0.42077696323394775,
    0.42352378368377686,
    0.4154788553714752,
    0.4184361398220062,
    0.42154061794281006,
    0.42479705810546875,
    0.41694197058677673,
    0.4204241931438446,
    0.4240705966949463,
    0.4278872609138489,
    0.4202083647251129,
    0.4242728650569916,
    0.42852357029914856,
    0.43296828866004944,
    0.42545920610427856,
    0.4301823079586029,
    0.4351200461387634,
    0.44028231501579285,
    0.43294617533683777,
    0.4384291470050812,
    0.44416379928588867,
    0.45016300678253174,
    0.4430158734321594,
    0.43577566742897034,
    0.4284312427043915,
    0.420970618724823,
    0.42097097635269165,
    0.41461119055747986,
    0.4085400104522705,
    0.4027419686317444,
    0.39720287919044495,
    0.3919094502925873,
    0.38684943318367004,
    0.3820114731788635,
    0.3899645507335663,
    0.3853922486305237,
    0.3810187876224518,
    0.37683549523353577,
    0.3728339672088623,
    0.3690066635608673,
    0.36534640192985535,
    0.36184632778167725,
    0.3585004508495331,
    0.355302631855011,
    0.35224753618240356,
    0.3605985939502716,
    0.35772398114204407,
    0.3549816906452179,
    0.35236743092536926,
    0.3498770296573639,
    0.3475067913532257,
    0.345253050327301,
    0.35174837708473206,
    0.3503325581550598,
    0.3490138351917267,
    0.34779053926467896,
    0.3466610014438629,
    0.34562379121780396,
    0.34467753767967224,
    0.34382107853889465,
    0.34305331110954285,
    0.34237319231033325,
    0.3417799174785614,
    0.34127283096313477,
    0.34085118770599365,
    0.3405144512653351,
    0.34026235342025757,
    0.3400943875312805,
    0.34001049399375916,
    0.34001049399375916,
    0.3400943875312805,
    0.34026235342025757,
    0.3405144512653351,
    0.34085118770599365,
    0.34127283096313477,
    0.3417799174785614,
    0.34237319231033325,
    0.34305331110954285,
    0.34382107853889465,
    0.34467753767967224,
    0.34562379121780396,
    0.3466609716415405,
    0.34779053926467896,
    0.3490138351917267,
    0.3503325283527374,
    0.3517482876777649,
    0.35326310992240906,
    0.35487908124923706,
    0.3565981090068817,
    0.3584228456020355,
    0.3603557348251343,
    0.3623993992805481,
    0.36455684900283813,
    0.3668312132358551,
    0.3692258894443512,
    0.3717442452907562,
    0.37439024448394775,
    0.3771679401397705,
    0.3800815939903259,
    0.3831358551979065,
    0.3863357603549957,
    0.3896864950656891,
    0.39319369196891785,
    0.39686349034309387,
    0.40070217847824097,
    0.40471670031547546,
    0.4089145362377167,
    0.4133032262325287,
    0.41789141297340393,
    0.4351200461387634,
    0.44028231501579285,
    0.4456798732280731,
    0.4384291470050812,
    0.44416379928588867,
    0.45016300678253174,
    0.4698653519153595,
    0.45839449763298035,
    0.48371267318725586,
    0.4911324083805084,
    0.49113282561302185,
    0.4975334405899048,
    0.5084819197654724,
    0.5235645771026611,
    0.5300860404968262,
    0.5486732125282288,
    0.5415892601013184,
    0.5608746409416199,
    0.5829756259918213,
    0.5871490240097046,
    0.605145275592804,
    0.6045557260513306,
    0.634256899356842,
    0.6406946778297424,
    0.6668857932090759,
    0.6766387224197388,
    0.6860747933387756,
    0.6876824498176575,
    0.693132221698761,
    0.6873911023139954,
    0.7042691111564636,
    0.6988701820373535,
    0.7046860456466675,
    0.7106877565383911,
    0.7058731317520142,
    0.7274341583251953,
    0.7183915376663208,
    0.7228733897209167,
    0.7275922298431396,
    0.7325549721717834,
    0.7377691864967346,
    0.7432428002357483,
    0.7601633667945862,
    0.7662719488143921,
    0.7726717591285706,
    0.7793732285499573,
    0.7863877415657043,
    0.7937272787094116,
    0.8014047145843506,
    0.821337103843689,
    0.8298559188842773,
    0.8387625217437744,
    0.8480737805366516,
    0.8578082323074341,
    0.8679853677749634,
    0.87862628698349,
    0.9026485085487366,
    0.9144550561904907,
    0.9135664105415344,
    0.9128814935684204,
    0.9260236620903015,
    0.9259645938873291,
    0.9261357188224792,
    0.9331166744232178,
    0.9459631443023682,
    0.9396416544914246,
    0.9555292725563049,
    0.9532865881919861,
    0.9628217220306396,
    0.9722272753715515,
    0.9810875654220581,
    0.9894621968269348,
    0.9917149543762207,
    1.0049666166305542,
    1.012190341949463,
    1.0254545211791992,
    1.0376906394958496,
    1.0440179109573364,
    1.0501577854156494,
    1.0486034154891968,
    1.0812853574752808,
    1.090461015701294,
    1.0901947021484375,
    1.1232417821884155,
    1.126348614692688,
    1.1452909708023071,
    1.5963135957717896,
    1.5854992866516113,
    1.5967949628829956,
    1.5868945121765137,
    1.5869805812835693,
    1.5900675058364868,
    1.591819167137146,
    1.583715558052063,
    1.5902750492095947,
    1.5943611860275269,
    1.5932130813598633,
    1.5971043109893799,
    1.5910924673080444,
    2.8175363540649414,
    2.8391616344451904,
    0.5610132217407227,
    0.5489751100540161,
    0.5371897220611572,
    0.5256410837173462,
    0.5135597586631775,
    0.5126698613166809,
    0.5014402270317078,
    0.4915418326854706,
    0.48072630167007446,
    0.4803703725337982,
    0.47004804015159607,
    0.4600141942501068,
    0.4600141942501068,
    0.45012491941452026,
    0.4503472149372101,
    0.4406657814979553,
    0.4411015510559082,
    0.43160974979400635,
    0.43225106596946716,
    0.42217758297920227,
    0.41368189454078674,
    0.4146077632904053,
    0.40550297498703003,
    0.4066161811351776,
    0.4078364074230194,
    0.3989361822605133,
    0.40033939480781555,
    0.39154812693595886,
    0.39313042163848877,
    0.3844333589076996,
    0.3861919343471527,
    0.37757447361946106,
    0.37950649857521057,
    0.38155311346054077,
    0.37305817008018494,
    0.37527909874916077,
    0.3668312132358551,
    0.3692258894443512,
    0.3608105778694153,
    0.36337873339653015,
    0.36607474088668823,
    0.35772383213043213,
    0.36059844493865967,
    0.3636101186275482,
    0.3553023934364319,
    0.3585001528263092,
    0.35017362236976624,
    0.3535607159137726,
    0.3571029603481293,
    0.3487800359725952,
