{
  "step": 335,
  "timestamp": 10.72,
  "robot_pose_odom": {
    "x": -0.4721232953482349,
    "y": -0.8203245391164328,
    "yaw_fused": -2.093739088221842,
    "yaw_imu": -2.093747265386748
  },
  "lidar_pose_relative_to_robot": {
    "x_offset": 0.0,
    "y_offset": 0.0,
    "yaw_offset": 0.0
  },
  "lidar_meta": {
    "fov": 6.283184,
    "horizontal_resolution": 400,
    "angle_min": -3.141592,
    "angle_increment": 0.015747328320802004
  },
  "ranges": [
    null,
    null,
    null,
    2.7156693935394287,
    2.405513048171997,
    1.6924687623977661,
    1.494159460067749,
    1.3357182741165161,
    1.2092053890228271,
    1.1085361242294312,
    1.0182186365127563,
    0.943352460861206,
    0.8753741383552551,
    0.8187246918678284,
    0.7765224575996399,
    0.7211469411849976,
    0.6897042393684387,
    0.664389967918396,
    0.6242592334747314,
    0.5950725674629211,
    0.5733756422996521,
    0.5421798229217529,
    null,
    null,
    null,
    null,
    0.4541434943675995,
    0.44307708740234375,
    0.42411860823631287,
    0.4198453724384308,
    0.4076085388660431,
    0.3949054777622223,
    0.38802894949913025,
    null,
    0.36583855748176575,
    0.36052805185317993,
    0.35654351115226746,
    0.34381017088890076,
    0.33526933193206787,
    0.32659101486206055,
    0.3177621066570282,
    0.3087686598300934,
    0.29959577322006226,
    0.30404797196388245,
    0.2946794331073761,
    0.2946796715259552,
    0.29022783041000366,
    0.2859780192375183,
    0.28191938996315,
    0.2780420184135437,
    0.2743366062641144,
    0.2707946300506592,
    0.2674080431461334,
    0.24727143347263336,
    0.25822749733924866,
    0.26099932193756104,
    0.24311965703964233,
    0.24053803086280823,
    0.23806880414485931,
    0.2357073426246643,
    0.23344923555850983,
    0.23129059374332428,
    0.2292274832725525,
    0.22725644707679749,
    0.22537411749362946,
    0.22357748448848724,
    0.2218635380268097,
    0.2202296406030655,
    0.21867313981056213,
    0.21719172596931458,
    0.21578314900398254,
    0.21444524824619293,
    null,
    null,
    null,
    null,
    null,
    null,
    null,
    null,
    null,
    null,
    null,
    null,
    null,
    null,
    null,
    null,
    null,
    null,
    null,
    null,
    null,
    null,
    null,
    null,
    null,
    null,
    null,
    null,
    null,
    null,
    null,
    null,
    null,
    null,
    null,
    null,
    null,
    null,
    null,
    null,
    null,
    null,
    null,
    null,
    null,
    null,
    null,
    null,
    null,
    null,
    null,
    0.21578308939933777,
    0.21444520354270935,
    0.21317610144615173,
    0.22257263958454132,
    0.22137881815433502,
    0.22025182843208313,
    0.21919000148773193,
    0.22858205437660217,
    0.23794740438461304,
    0.23698966205120087,
    0.23609758913516998,
    0.23527005314826965,
    0.24470189213752747,
    0.24396972358226776,
    0.24330179393291473,
    0.2528096139431,
    0.25224506855010986,
    0.25174498558044434,
    0.26136112213134766,
    0.26097333431243896,
    0.2606509029865265,
    0.2603934109210968,
    0.2602006196975708,
    0.26007217168807983,
    0.2600080072879791,
    0.2600080072879791,
    0.26007217168807983,
    0.2602006196975708,
    0.2603934109210968,
    0.2606509029865265,
    0.26097333431243896,
    0.26136112213134766,
    0.26181477308273315,
    0.2623348534107208,
    0.2629219889640808,
    0.2635769248008728,
    0.26430052518844604,
    0.26509368419647217,
    0.26595744490623474,
    0.2668929398059845,
    0.26790133118629456,
    0.26898396015167236,
    0.2701423466205597,
    0.2713780999183655,
    0.2726926803588867,
    0.2740880250930786,
    0.27556613087654114,
    0.2771289348602295,
    0.2787787616252899,
    0.2805179953575134,
    0.28234919905662537,
    0.28427499532699585,
    0.2862984240055084,
    0.28842252492904663,
    0.2906506061553955,
    0.2929862439632416,
    0.2954331934452057,
    0.29799553751945496,
    0.3006775379180908,
    0.3034838140010834,
    0.306419312953949,
    0.30948925018310547,
    0.3126993179321289,
    0.3314555883407593,
    0.31956401467323303,
    0.3232320249080658,
    0.3270668387413025,
    0.3310764729976654,
    0.33526933193206787,
    0.3396546542644501,
    0.34424227476119995,
    0.3490428328514099,
    0.35406771302223206,
    0.37932857871055603,
    0.36484119296073914,
    0.3788738548755646,
    0.3869704604148865,
    0.3813040256500244,
    0.38931724429130554,
    0.39720287919044495,
    0.4180367588996887,
    0.41263940930366516,
    0.4329463839530945,
    0.4359639883041382,
    0.44755226373672485,
    0.4518745243549347,
    0.46517083048820496,
    0.4842449426651001,
    0.4901321530342102,
    0.5116509199142456,
    0.5132243037223816,
    0.5166362524032593,
    0.5462287664413452,
    0.5571484565734863,
    0.5804428458213806,
    0.6090141534805298,
    0.6160620450973511,
    0.6385682225227356,
    0.6515175700187683,
    0.6646181344985962,
    0.7319948673248291,
    0.7716956734657288,
    0.7454063892364502,
    0.7569092512130737,
    0.8340049386024475,
    0.8705118298530579,
    0.9030873775482178,
    0.9480755925178528,
    0.9779165387153625,
    1.0057843923568726,
    1.0343862771987915,
    1.0505294799804688,
    1.1064262390136719,
    1.1318650245666504,
    1.1569918394088745,
    1.2162420749664307,
    1.257133960723877,
    1.3185135126113892,
    1.370071291923523,
    1.4353708028793335,
    1.4930168390274048,
    1.5644721984863281,
    1.6607648134231567,
    1.7360650300979614,
    1.828577995300293,
    1.906311273574829,
    1.9337551593780518,
    1.9624922275543213,
    1.9856140613555908,
    2.0346217155456543,
    2.0715911388397217,
    2.111020565032959,
    2.140836000442505,
    2.1964104175567627,
    2.2444586753845215,
    2.297722816467285,
    2.340635299682617,
    2.43253493309021,
    2.434878349304199,
    2.5297751426696777,
    2.5932884216308594,
    2.6661570072174072,
    2.703523874282837,
    2.8695480823516846,
    2.8973124027252197,
    2.990664005279541,
    3.14882493019104,
    3.1962788105010986,
    2.167020082473755,
    0.3912605047225952,
    0.3882611393928528,
    0.38540178537368774,
    0.38267794251441956,
    0.38008546829223633,
    0.3776203989982605,
    0.37527909874916077,
    0.37305817008018494,
    0.39267751574516296,
    0.40801215171813965,
    0.4245730936527252,
    0.4705260097980499,
    0.4743036925792694,
    0.5495842695236206,
    0.6243210434913635,
    0.6878289580345154,
    0.7564632892608643,
    0.8470104336738586,
    0.9562925696372986,
    1.0962293148040771,
    1.2756388187408447,
    1.3510620594024658,
    1.3594229221343994,
    1.357067346572876,
    1.3550539016723633,
    1.353379726409912,
    1.3520427942276,
    1.3510417938232422,
    1.3503748178482056,
    1.3500417470932007,
    1.3600419759750366,
    1.360377550125122,
    1.3610494136810303,
    1.3620578050613403,
    1.3634047508239746,
    1.365091323852539,
    1.3671196699142456,
    1.379562497138977,
    1.38230299949646,
    1.3853967189788818,
    1.3888477087020874,
    1.3926604986190796,
    1.3968398571014404,
    1.4013912677764893,
    1.4063204526901245,
    1.417840600013733,
    0.9262436628341675,
    0.9247180819511414,
    0.928948163986206,
    0.9334480166435242,
    0.9382244348526001,
    0.9432840943336487,
    0.959292471408844,
    0.9650034308433533,
    0.9710237979888916,
    0.9773626327514648,
    0.9840288758277893,
    0.9910329580307007,
    0.9983856678009033,
    1.0060982704162598,
    1.0141831636428833,
    1.0340162515640259,
    1.0429843664169312,
    1.0523713827133179,
    1.0621933937072754,
    1.072467565536499,
    1.0832123756408691,
    1.0944476127624512,
    1.1183499097824097,
    1.1307649612426758,
    1.1437441110610962,
    1.1573134660720825,
    1.1454421281814575,
    1.1140719652175903,
