{
  "step": 1170,
  "timestamp": 37.44,
  "robot_pose_odom": {
    "x": -2.73208404157748,
    "y": 0.9075783486303783,
    "yaw_fused": 0.8897043834488975,
    "yaw_imu": 0.8867147078999151
  },
  "lidar_pose_relative_to_robot": {
    "x_offset": 0.0,
    "y_offset": 0.0,
    "yaw_offset": 0.0
  },
  "lidar_meta": {
    "fov": 6.283184,
    "horizontal_resolution": 400,
    "angle_min": -3.141592,
    "angle_increment": 0.015747328320802004
  },
  "ranges": [
    0.9127066731452942,
    0.851384699344635,
    0.8006343245506287,
    0.7501296997070312,
    0.7099156975746155,
    0.6699389815330505,
    0.6400570273399353,
    0.6115875244140625,
    0.5805069208145142,
    0.5511960983276367,
    0.531622588634491,
    0.5150676965713501,
    0.4924579858779907,
    0.47774845361709595,
    0.45464491844177246,
    0.4491935074329376,
    0.42587947845458984,
    0.42224645614624023,
    0.3969070315361023,
    0.3874507546424866,
    0.387639582157135,
    null,
    null,
    null,
    null,
    0.33942127227783203,
    0.3316043019294739,
    0.31888309121131897,
    0.31288543343544006,
    0.29972973465919495,
    0.2952086329460144,
    0.29730987548828125,
    null,
    null,
    0.28171753883361816,
    0.27270758152008057,
    0.2750728130340576,
    0.2659839689731598,
    0.26846644282341003,
    0.259277880191803,
    0.24997207522392273,
    0.25256484746932983,
    0.24311953783035278,
    0.24581845104694366,
    null,
    null,
    null,
    null,
    null,
    null,
    null,
    null,
    null,
    null,
    null,
    null,
    null,
    null,
    null,
    null,
    null,
    null,
    null,
    null,
    null,
    null,
    null,
    null,
    null,
    null,
    null,
    null,
    null,
    null,
    null,
    null,
    null,
    null,
    null,
    null,
    null,
    null,
    null,
    null,
    null,
    null,
    null,
    null,
    null,
    null,
    null,
    null,
    null,
    null,
    null,
    null,
    null,
    null,
    null,
    null,
    null,
    null,
    null,
    null,
    null,
    null,
    null,
    null,
    null,
    null,
    null,
    null,
    null,
    null,
    null,
    null,
    null,
    null,
    null,
    null,
    null,
    null,
    null,
    null,
    null,
    0.22531084716320038,
    0.23861920833587646,
    0.23664280772209167,
    0.24593517184257507,
    0.24404986202716827,
    0.24225255846977234,
    0.2514740526676178,
    0.24977043271064758,
    0.2589397132396698,
    0.25733423233032227,
    0.26647013425827026,
    0.2649674415588379,
    0.274088054895401,
    0.2726927399635315,
    0.28181570768356323,
    0.28053250908851624,
    0.28967511653900146,
    0.2947153151035309,
    0.3079533874988556,
    0.30687397718429565,
    0.3160732686519623,
    0.31512755155563354,
    0.32285621762275696,
    0.334942102432251,
    0.34208187460899353,
    0.35168883204460144,
    0.36188462376594543,
    0.3613477051258087,
    0.3712414801120758,
    0.3903684914112091,
    0.40045440196990967,
    0.41003137826919556,
    0.4199863374233246,
    0.4299866855144501,
    0.45020726323127747,
    0.46020933985710144,
    0.48116931319236755,
    0.5018818378448486,
    0.522378146648407,
    0.5321986079216003,
    0.5654167532920837,
    0.5832661986351013,
    0.6193218231201172,
    0.6355753540992737,
    0.6868292689323425,
    0.7066674828529358,
    0.7683637142181396,
    0.7869492769241333,
    0.8757103085517883,
    0.8861339092254639,
    1.021335244178772,
    1.1168252229690552,
    1.1222351789474487,
    1.1279776096343994,
    1.1340606212615967,
    1.1511509418487549,
    1.1580040454864502,
    1.1652284860610962,
    1.172835111618042,
    1.1808345317840576,
    1.189239501953125,
    1.198062777519226,
    1.2073179483413696,
    1.2282885313034058,
    1.2385469675064087,
    1.2492891550064087,
    1.2605327367782593,
    1.2722976207733154,
    1.2846040725708008,
    1.2974741458892822,
    1.3229588270187378,
    1.3371576070785522,
    1.352001667022705,
    1.3675202131271362,
    1.383744478225708,
    1.4140337705612183,
    1.4313422441482544,
    1.4500641822814941,
    1.4696497917175293,
    1.4901443719863892,
    1.511596918106079,
    1.5478805303573608,
    1.571623682975769,
    1.5996179580688477,
    1.6293386220932007,
    1.6387759447097778,
    1.640190601348877,
    1.6412898302078247,
    1.6499085426330566,
    1.65566086769104,
    1.655974268913269,
    1.664812684059143,
    1.6687337160110474,
    1.6744561195373535,
    1.6807690858840942,
    0.7095872163772583,
    0.7023029923439026,
    0.695336639881134,
    0.7003476619720459,
    0.693871796131134,
    0.7256935238838196,
    0.7495760917663574,
    0.752133846282959,
    0.7319818139076233,
    0.7099633812904358,
    0.7047348618507385,
    0.6888204216957092,
    0.6841539740562439,
    0.6581386923789978,
    0.6621145606040955,
    0.653243362903595,
    0.6398698091506958,
    0.6211249232292175,
    0.6117547154426575,
    0.6099242568016052,
    0.5996630191802979,
    0.5865182876586914,
    0.585208535194397,
    0.5739785432815552,
    0.572983980178833,
    0.5625279545783997,
    0.5513769388198853,
    0.550832211971283,
    0.5404166579246521,
    0.5401498675346375,
    0.5300163626670837,
    0.5300163626670837,
    0.5200620293617249,
    0.510393500328064,
    0.5107716917991638,
    0.501251757144928,
    0.5018718242645264,
    0.5026175379753113,
    0.49342015385627747,
    0.4944003224372864,
    0.4853944480419159,
    0.48660358786582947,
    0.477774053812027,
    0.4792078137397766,
    0.4807692766189575,
    0.48929303884506226,
    0.5070001482963562,
    0.5538042783737183,
    0.5449619889259338,
    0.5360755920410156,
    0.5216876268386841,
    0.5181106925010681,
    0.5090004205703735,
    0.5009638667106628,
    0.5039462447166443,
    0.4917410612106323,
    0.4734830856323242,
    0.47014710307121277,
    0.4734935164451599,
    0.4659132957458496,
    0.4695125222206116,
    0.4536181688308716,
    0.4431498050689697,
    0.44699332118034363,
    0.44322043657302856,
    0.4318808317184448,
    0.43605825304985046,
    0.42852357029914856,
    0.42094141244888306,
    0.42545920610427856,
    0.41789141297340393,
    0.410256028175354,
    0.41512331366539,
    0.4074787497520447,
    0.3997442126274109,
    0.4049728512763977,
    0.39720261096954346,
    0.4027417004108429,
    0.3949216902256012,
    0.3869701325893402,
    0.39290592074394226,
    0.3929062485694885,
    0.3869704604148865,
    0.3813040256500244,
    0.3758925199508667,
    0.3839627802371979,
    0.37884581089019775,
    0.3739544749259949,
    0.3820114731788635,
    0.3773850202560425,
    0.3729602098464966,
    0.36872783303260803,
    0.37683549523353577,
    0.3728339672088623,
    0.3690066635608673,
    0.37713176012039185,
    0.37351879477500916,
    0.37006494402885437,
    0.36676397919654846,
    0.3749731481075287,
    0.371867299079895,
    0.36890286207199097,
    0.37716805934906006,
    0.3743903934955597,
    0.3717443645000458,
    0.36922597885131836,
    0.37762054800987244,
    0.37527918815612793,
    0.3776204586029053,
    0.3800854980945587,
    2.453640937805176,
    2.4444515705108643,
    2.4353432655334473,
    2.4477035999298096,
    2.405973196029663,
    2.396815299987793,
    2.3875932693481445,
    1.6419024467468262,
    1.610072374343872,
    1.6125683784484863,
    1.5635334253311157,
    1.545133113861084,
    1.525985598564148,
    1.5175623893737793,
    1.4850987195968628,
    1.463165044784546,
    1.4395012855529785,
    1.4235514402389526,
    1.4278252124786377,
    1.4039314985275269,
    1.3851207494735718,
    1.366416096687317,
    1.3605742454528809,
    1.3191121816635132,
    1.3330742120742798,
    1.3267552852630615,
    1.3073275089263916,
    1.3021986484527588,
    1.2975289821624756,
    1.2802369594573975,
    1.2637078762054443,
    1.2606372833251953,
    1.2579495906829834,
