{
  "step": 1605,
  "timestamp": 51.36,
  "robot_pose_odom": {
    "x": -1.6524608805246066,
    "y": 1.0758974292142889,
    "yaw_fused": -2.730313866282604,
    "yaw_imu": -2.7300918775648344
  },
  "lidar_pose_relative_to_robot": {
    "x_offset": 0.0,
    "y_offset": 0.0,
    "yaw_offset": 0.0
  },
  "lidar_meta": {
    "fov": 6.283184,
    "horizontal_resolution": 400,
    "angle_min": -3.141592,
    "angle_increment": 0.015747328320802004
  },
  "ranges": [
    0.6292908787727356,
    0.6366947889328003,
    0.6337956786155701,
    0.6310779452323914,
    0.6285378336906433,
    0.6364369988441467,
    0.6342062950134277,
    0.6321465373039246,
    0.6302551031112671,
    0.6285296082496643,
    0.637080192565918,
    0.635657548904419,
    1.883806586265564,
    1.8691612482070923,
    1.8573572635650635,
    1.8449214696884155,
    1.8329905271530151,
    1.8215501308441162,
    1.8104199171066284,
    1.1100608110427856,
    1.10000741481781,
    1.09038507938385,
    null,
    null,
    null,
    1.0534993410110474,
    1.0448684692382812,
    1.0364353656768799,
    1.028188705444336,
    1.0201176404953003,
    1.015303373336792,
    1.0082907676696777,
    null,
    null,
    0.9922835230827332,
    0.9850767850875854,
    0.9779713749885559,
    0.9662784934043884,
    0.9706986546516418,
    0.967633843421936,
    0.960868239402771,
    0.9541457295417786,
    0.9474523067474365,
    0.943558931350708,
    0.9494454860687256,
    0.9447838664054871,
    0.929360568523407,
    0.9359755516052246,
    0.9292492270469666,
    0.9332004189491272,
    1.1584415435791016,
    1.279199481010437,
    2.139359474182129,
    2.135667562484741,
    2.1356961727142334,
    2.1400561332702637,
    2.1328065395355225,
    2.1376194953918457,
    2.130540370941162,
    2.1357316970825195,
    2.1411497592926025,
    2.146775960922241,
    2.139855146408081,
    2.145669937133789,
    2.1516129970550537,
    2.1576530933380127,
    2.1590065956115723,
    2.169877529144287,
    2.1759755611419678,
    1.1593636274337769,
    1.4243929386138916,
    1.3282214403152466,
    1.243624210357666,
    1.1632055044174194,
    1.0998923778533936,
    1.0673304796218872,
    1.0702835321426392,
    1.070223331451416,
    1.086155652999878,
    1.084429383277893,
    1.0910028219223022,
    1.0972819328308105,
    0.6285677552223206,
    0.6049843430519104,
    0.5892683863639832,
    0.5952955484390259,
    0.5897909998893738,
    0.6035355925559998,
    0.6135923862457275,
    0.6085100769996643,
    0.6206620335578918,
    0.6323111057281494,
    0.627654492855072,
    0.6364030241966248,
    0.6450537443161011,
    0.6535780429840088,
    0.6572594046592712,
    0.66478031873703,
    0.6689276695251465,
    0.6841539144515991,
    0.6888203620910645,
    0.6937233209609985,
    0.7099632620811462,
    0.7154478430747986,
    0.7324658036231995,
    0.7385832667350769,
    0.7449890971183777,
    0.7632586359977722,
    0.770382285118103,
    0.7896192669868469,
    0.7975301742553711,
    0.8178290724754333,
    0.8266065716743469,
    0.8480737805366516,
    0.8578082323074341,
    0.8805648684501648,
    0.9040936827659607,
    0.9155434370040894,
    0.9275187253952026,
    0.9665267467498779,
    0.9800050854682922,
    1.0077316761016846,
    1.0365276336669922,
    1.073440432548523,
    1.087472677230835,
    1.0932731628417969,
    1.1531445980072021,
    1.186123251914978,
    1.2303653955459595,
    1.250221848487854,
    1.2508128881454468,
    1.2351698875427246,
    1.2327905893325806,
    1.2183362245559692,
    1.216801404953003,
    1.2034417390823364,
    1.20268976688385,
    1.202246904373169,
    1.1903215646743774,
    1.1905906200408936,
    1.1795814037322998,
    1.1690597534179688,
    1.17037034034729,
    1.1606765985488892,
    1.1626025438308716,
    1.1647833585739136,
    1.156205415725708,
    1.1480337381362915,
    1.151115894317627,
    1.1544394493103027,
    1.1472817659378052,
    1.1404920816421509,
    1.1446592807769775,
    1.1385196447372437,
    1.8171766996383667,
    1.819902777671814,
    1.8182663917541504,
    1.820815086364746,
    1.8134862184524536,
    1.8203576803207397,
    null,
    null,
    null,
    null,
    null,
    null,
    null,
    null,
    null,
    null,
    null,
    null,
    null,
    null,
    null,
    null,
    null,
    null,
    null,
    null,
    null,
    null,
    null,
    null,
    null,
    null,
    null,
    null,
    null,
    null,
    null,
    null,
    null,
    null,
    null,
    null,
    null,
    null,
    null,
    null,
    null,
    null,
    null,
    null,
    null,
    null,
    null,
    null,
    null,
    null,
    null,
    null,
    null,
    null,
    null,
    null,
    null,
    null,
    null,
    null,
    null,
    null,
    null,
    null,
    null,
    null,
    null,
    null,
    null,
    null,
    null,
    null,
    0.4277030825614929,
    0.4226882755756378,
    0.43018248677253723,
    0.4254594147205353,
    0.4209415912628174,
    0.4166204333305359,
    0.41248786449432373,
    0.4085361659526825,
    0.41632306575775146,
    0.3972308933734894,
    0.40906161069869995,
    0.40567341446876526,
    0.4024394750595093,
    0.4104475975036621,
    0.4074248671531677,
    0.4045453369617462,
    0.40180474519729614,
    0.39919885993003845,
    0.4034760594367981,
    0.4018520414829254,
    0.40033939480781555,
    0.3989361822605133,
    0.39764055609703064,
    0.39645078778266907,
    0.3953653872013092,
    0.3943829834461212,
    0.3843839168548584,
    0.3725825846195221,
    0.37193697690963745,
    0.36177927255630493,
    0.35119137167930603,
    0.3405144512653351,
    0.34026235342025757,
    0.330174058675766,
    0.32003650069236755,
    0.31000956892967224,
    0.31008607149124146,
    0.3002314865589142,
    0.30045393109321594,
    0.2907260060310364,
    0.2910856604576111,
    0.2814658284187317,
    0.2819543778896332,
    0.2724246680736542,
    0.27303436398506165,
    0.2635769248008728,
    0.26430052518844604,
    0.2548977732658386,
    0.2557283341884613,
    0.2566278278827667,
    0.24729354679584503,
    0.24829289317131042,
    0.23897208273410797,
    0.24006524682044983,
    0.2412281334400177,
    0.23192065954208374,
    0.23317134380340576,
    0.23449371755123138,
    0.22516746819019318,
    0.2265722155570984,
    0.22805127501487732,
    0.21867308020591736,
    0.22022953629493713,
    null,
    null,
    null,
    null,
    null,
    null,
    null,
    null,
    null,
    null,
    null,
    null,
    null,
    null,
    null,
    null,
    null,
    null,
    null,
    null,
    null,
    null,
    null,
    null,
    null,
    null,
    null,
    null,
    null,
    null,
    null,
    null,
    null,
    null,
    null,
    null,
    null,
    0.9451053738594055,
    0.9482914805412292,
    0.9473768472671509,
    0.9548473358154297,
    0.9353026151657104,
    0.9278466105461121,
    0.9207337498664856,
    0.9139530062675476,
    0.8965599536895752,
    0.8904861211776733,
    0.884710967540741,
    0.8764404058456421,
    0.8784819841384888,
    0.8622454404830933,
    0.8550761938095093,
    0.8478354215621948,
    0.8405036330223083,
    0.8330608010292053,
    0.8338841795921326,
    0.8291160464286804,
    0.821302056312561,
    0.821081280708313,
    0.8167086839675903,
    0.8131900429725647,
    0.807341992855072,
    0.8026337623596191,
    0.7901386022567749,
    0.7989100813865662,
    0.7956481575965881,
    0.7925083637237549,
    0.7900818586349487,
    0.7865937352180481,
    0.7838186025619507,
    0.7811654806137085,
    0.7786341905593872,
    0.7808421850204468,
    0.75394207239151,
    0.7577474117279053,
    0.7507664561271667,
    0.7462998032569885,
    0.7353716492652893,
    0.7249352931976318,
    0.7282050848007202,
    0.7185003757476807,
    0.7092238068580627,
    0.7003540992736816,
    0.7044517993927002,
    0.6961921453475952,
    0.6882917284965515,
