{
  "step": 635,
  "timestamp": 20.32,
  "robot_pose_odom": {
    "x": -2.2655350383119424,
    "y": -1.0696862781539718,
    "yaw_fused": 2.6184410235765965,
    "yaw_imu": 2.6122753084050547
  },
  "lidar_pose_relative_to_robot": {
    "x_offset": 0.0,
    "y_offset": 0.0,
    "yaw_offset": 0.0
  },
  "lidar_meta": {
    "fov": 6.283184,
    "horizontal_resolution": 400,
    "angle_min": -3.141592,
    "angle_increment": 0.015747328320802004
  },
  "ranges": [
    0.5360755920410156,
    0.5216876268386841,
    0.5149903893470764,
    0.4984017610549927,
    0.48912370204925537,
    0.4797170162200928,
    0.4792827367782593,
    0.4604411721229553,
    0.44827982783317566,
    0.45147058367729187,
    0.43263378739356995,
    0.43597590923309326,
    0.41694197058677673,
    0.4204241931438446,
    0.40869298577308655,
    0.4047582149505615,
    0.39686349034309387,
    0.40070217847824097,
    0.38090983033180237,
    0.38486072421073914,
    0.37683531641960144,
    0.37161681056022644,
    null,
    null,
    null,
    0.34816429018974304,
    0.3527182638645172,
    0.34424227476119995,
    0.33561810851097107,
    0.3404497504234314,
    0.33168867230415344,
    0.3367764949798584,
    0.32972466945648193,
    0.3316889703273773,
    0.32683199644088745,
    0.32219356298446655,
    0.3177623152732849,
    0.31352755427360535,
    0.30947956442832947,
    0.318342924118042,
    0.3144875466823578,
    0.3108001947402954,
    0.3072732090950012,
    0.3038995862007141,
    0.3006725609302521,
    0.29758602380752563,
    0.3064195513725281,
    0.3034839928150177,
    0.3006777763366699,
    0.29799574613571167,
    0.2954334020614624,
    0.29298636317253113,
    0.29065072536468506,
    0.2995157837867737,
    0.2973099946975708,
    0.29520875215530396,
    0.2932088375091553,
    0.2913072407245636,
    0.2793295681476593,
    0.2782052457332611,
    0.2771580219268799,
    0.2864157259464264,
    0.28548553586006165,
    0.2846313416957855,
    0.28385210037231445,
    0.28314676880836487,
    0.2825144827365875,
    0.2819543778896332,
    0.2814658284187317,
    0.2810482084751129,
    0.2807009816169739,
    0.28042367100715637,
    0.2802160680294037,
    0.28007772564888,
    0.2700083255767822,
    0.2700083255767822,
    0.2700749337673187,
    0.27020832896232605,
    0.2704085111618042,
    0.270675927400589,
    0.27101075649261475,
    0.26136112213134766,
    0.26181477308273315,
    0.2623348534107208,
    0.2629219889640808,
    0.2635769248008728,
    0.26430052518844604,
    0.26509368419647217,
    0.2557283341884613,
    0.2566278278827667,
    0.2575974464416504,
    0.2586384415626526,
    0.2597522735595703,
    0.2609404921531677,
    0.2517163157463074,
    0.2530043423175812,
    0.25436875224113464,
    0.25581133365631104,
    0.25733423233032227,
    0.2589396834373474,
    0.2606300413608551,
    0.26240769028663635,
    0.2532639801502228,
    0.2551429867744446,
    0.2571139931678772,
    0.25918012857437134,
    0.2613447606563568,
    0.26361143589019775,
    0.2544194459915161,
    0.2567940056324005,
    0.259277880191803,
    0.2618755102157593,
    0.2645917534828186,
    0.26743149757385254,
    0.2704003155231476,
    0.261072039604187,
    0.2724311947822571,
    0.26740792393684387,
    0.27079445123672485,
    0.27433645725250244,
    0.2780418395996094,
    0.2819192111492157,
    0.27235978841781616,
    0.2764072120189667,
    null,
    0.28064730763435364,
    0.29022783041000366,
    0.2859780192375183,
    0.29534411430358887,
    0.29128211736679077,
    0.2874002754688263,
    0.2965845763683319,
    0.30560919642448425,
    0.30190804600715637,
    0.3108001947402954,
    0.3072732090950012,
    0.316055566072464,
    0.31269943714141846,
    0.32139289379119873,
    0.32999029755592346,
    0.3268289566040039,
    0.33537137508392334,
    0.34384122490882874,
    0.3408846855163574,
    0.3493298888206482,
    0.35772398114204407,
    0.3549816906452179,
    0.3634277582168579,
    0.3717443645000458,
    0.36922597885131836,
    0.38840967416763306,
    0.38600143790245056,
    0.3991987705230713,
    0.40180468559265137,
    0.4154789447784424,
    0.41843628883361816,
    0.4326338768005371,
    0.4359760284423828,
    0.45074817538261414,
    0.4658755958080292,
    0.4699162244796753,
    0.4857100546360016,
    0.5019157528877258,
    0.5067705512046814,
    0.5237511992454529,
    0.5412103533744812,
    0.5624191164970398,
    0.5776734352111816,
    0.5967361330986023,
    0.6038159132003784,
    0.6360941529273987,
    0.6576439142227173,
    0.6831974983215332,
    0.7017248868942261,
    0.7359863519668579,
    0.7716091871261597,
    0.809223473072052,
    0.8629551529884338,
    0.8980005979537964,
    0.9136083722114563,
    0.971262514591217,
    1.067674160003662,
    1.1405742168426514,
    1.243533968925476,
    1.3150173425674438,
    1.40989089012146,
    1.5681190490722656,
    1.5692775249481201,
    1.5732381343841553,
    1.5559650659561157,
    1.5603283643722534,
    1.5614417791366577,
    1.5556676387786865,
    1.5520734786987305,
    1.5458779335021973,
    1.5548298358917236,
    1.5567063093185425,
    1.54381263256073,
    1.548508644104004,
    1.5504668951034546,
    1.552570104598999,
    1.5548303127288818,
    1.5572590827941895,
    1.559867262840271,
    1.5626651048660278,
    1.5680257081985474,
    1.5688700675964355,
    1.5722954273223877,
    1.5759484767913818,
    1.579837441444397,
    1.5839711427688599,
    1.5980682373046875,
    1.6156036853790283,
    1.2489773035049438,
    1.1620891094207764,
    1.1230998039245605,
    1.0648658275604248,
    1.0075727701187134,
    0.9757225513458252,
    0.9311760067939758,
    0.8939497470855713,
    0.8561778664588928,
    0.8217751383781433,
    0.7926080226898193,
    0.7707218527793884,
    0.7408625483512878,
    0.7203648090362549,
    0.7000748515129089,
    0.6800740957260132,
    0.6600185632705688,
    0.6402026414871216,
    0.6207166314125061,
    0.611842155456543,
    0.5917772650718689,
    0.583612322807312,
    0.5631548166275024,
    0.5559102892875671,
    0.5448355078697205,
    0.5388373732566833,
    0.5165199637413025,
    0.5121442675590515,
    0.4983755350112915,
    0.48929303884506226,
    0.4883805811405182,
    0.4710400402545929,
    0.46755409240722656,
    0.45549827814102173,
    0.453713059425354,
    0.4443177580833435,
    0.4345465898513794,
    0.4370110034942627,
    0.42610567808151245,
    0.42077696323394775,
    0.4170028567314148,
    0.40454521775245667,
    0.4074246883392334,
    0.3993542492389679,
    0.40243929624557495,
    0.3944045603275299,
    0.3863357603549957,
    0.3896864950656891,
    0.39319369196891785,
    0.39686349034309387,
    0.40070217847824097,
    0.416620135307312,
    1.7920078039169312,
    1.7958403825759888,
    1.8313475847244263,
    1.8523682355880737,
    1.8617652654647827,
    2.150813341140747,
    2.259038209915161,
    1.0803945064544678,
    1.0729284286499023,
    1.06292724609375,
    1.0532023906707764,
    1.0503474473953247,
    1.0314126014709473,
    1.0383951663970947,
    1.0365281105041504,
    1.0349680185317993,
    1.033704400062561,
    1.0194873809814453,
    1.0189645290374756,
    1.018703579902649,
    1.0186972618103027,
    1.0189396142959595,
    1.0069925785064697,
    1.0078561305999756,
    1.0089466571807861,
    1.010259747505188,
    0.9998890161514282,
    1.001756191253662,
    1.0038317441940308,
    0.9945495128631592,
    0.9971396327018738,
    0.9999284148216248,
    0.9916461706161499,
    1.006098747253418,
    0.9983859658241272,
    1.0020936727523804,
    0.942545473575592,
    0.9491222500801086,
    0.949445903301239,
    0.9310985803604126,
    0.946344256401062,
    0.9278673529624939,
    0.9230647683143616,
    0.9293608069419861,
    0.9359758496284485,
    0.9429199695587158,
    0.9390252828598022,
    0.9465712308883667,
    0.9431140422821045,
