{
  "step": 660,
  "timestamp": 21.12,
  "robot_pose_odom": {
    "x": -2.385962931855798,
    "y": -1.0190996468568922,
    "yaw_fused": 2.8724673911467344,
    "yaw_imu": 2.8813712845621278
  },
  "lidar_pose_relative_to_robot": {
    "x_offset": 0.0,
    "y_offset": 0.0,
    "yaw_offset": 0.0
  },
  "lidar_meta": {
    "fov": 6.283184,
    "horizontal_resolution": 400,
    "angle_min": -3.141592,
    "angle_increment": 0.015747328320802004
  },
  "ranges": [
    1.0960862636566162,
    1.0443153381347656,
    0.9910684823989868,
    0.9810382723808289,
    0.9088444709777832,
    0.896327018737793,
    0.8322741985321045,
    0.8177132606506348,
    0.7860614061355591,
    0.7842469811439514,
    0.7391470074653625,
    0.7143276333808899,
    0.70154869556427,
    0.674763023853302,
    0.6601853966712952,
    0.6354292035102844,
    0.6280947327613831,
    0.5964103937149048,
    0.6033914685249329,
    0.5804554224014282,
    0.5719557404518127,
    0.5638386011123657,
    null,
    null,
    null,
    0.5214902758598328,
    0.5031797885894775,
    0.497280091047287,
    0.49163690209388733,
    0.48623907566070557,
    0.46904900670051575,
    0.464233934879303,
    null,
    0.4555891454219818,
    0.4394519031047821,
    0.4355320632457733,
    0.4317871332168579,
    0.4282107949256897,
    0.4247971177101135,
    0.42154064774513245,
    0.4184362292289734,
    0.40454524755477905,
    0.401804655790329,
    0.3991987407207489,
    0.3967236280441284,
    0.3943758010864258,
    0.3921518325805664,
    0.39004841446876526,
    0.3880627453327179,
    0.37575429677963257,
    0.374043345451355,
    0.3724394142627716,
    0.37094035744667053,
    0.3558461666107178,
    0.371101051568985,
    0.35685691237449646,
    0.3557891845703125,
    0.3548150956630707,
    0.3539334535598755,
    0.3531430959701538,
    0.35244297981262207,
    0.3518322706222534,
    0.34084126353263855,
    0.33082613348960876,
    0.3304993212223053,
    0.33025461435317993,
    0.32008883357048035,
    0.32000988721847534,
    0.31000956892967224,
    0.31008607149124146,
    0.3002314865589142,
    0.30045393109321594,
    0.3007510304450989,
    0.2910856604576111,
    0.2915181517601013,
    0.2819543778896332,
    0.2825144827365875,
    0.28314676880836487,
    0.28385210037231445,
    0.2744659185409546,
    0.2752895653247833,
    0.27618658542633057,
    0.2668929398059845,
    0.26790133118629456,
    0.26898396015167236,
    0.2597522735595703,
    0.2609404921531677,
    0.26220449805259705,
    0.2530043423175812,
    0.25436875224113464,
    0.25581133365631104,
    0.25733423233032227,
    0.2481505274772644,
    0.24977043271064758,
    0.2514740228652954,
    0.24225251376628876,
    0.2440498322248459,
    0.24593514204025269,
    0.24791143834590912,
    0.2386191338300705,
    0.24068871140480042,
    0.24285492300987244,
    0.2334490865468979,
    0.2357071489095688,
    null,
    null,
    null,
    null,
    null,
    null,
    null,
    null,
    null,
    null,
    null,
    null,
    null,
    null,
    null,
    null,
    null,
    null,
    null,
    null,
    null,
    null,
    null,
    null,
    null,
    null,
    0.24053803086280823,
    0.23806880414485931,
    0.247492715716362,
    0.24512170255184174,
    0.24285513162612915,
    0.2521502375602722,
    0.2499821037054062,
    0.24791154265403748,
    0.25711411237716675,
    0.25514307618141174,
    0.26427558064460754,
    0.2624077796936035,
    0.2606301009654999,
    0.25893980264663696,
    0.26898401975631714,
    0.26805657148361206,
    0.2697288990020752,
    0.2714896500110626,
    0.27334141731262207,
    0.27528703212738037,
    0.2773294150829315,
    0.27947181463241577,
    0.2817176282405853,
    0.2840704917907715,
    0.28653427958488464,
    0.2891131341457367,
    0.2918114960193634,
    0.294634073972702,
    0.2975859045982361,
    0.3006724417209625,
    0.31605544686317444,
    0.3195640444755554,
    0.3232320547103882,
    0.32706695795059204,
    0.33107656240463257,
    0.33526942133903503,
    0.33965474367141724,
    0.3442423939704895,
    0.3490429222583771,
    0.354067862033844,
    0.37314990162849426,
    0.37887370586395264,
    0.37887370586395264,
    0.38697031140327454,
    0.3995383679866791,
    0.40274184942245483,
    0.41044285893440247,
    0.43110018968582153,
    0.42553427815437317,
    0.44627174735069275,
    0.46112337708473206,
    0.4752613604068756,
    0.49452608823776245,
    0.5016393065452576,
    0.5203248262405396,
    0.521659255027771,
    0.5490326881408691,
    0.5606412291526794,
    0.5857626795768738,
    0.6267470121383667,
    0.6355786323547363,
    0.6593242287635803,
    0.6935597658157349,
    0.7262116074562073,
    0.7489263415336609,
    0.7939769625663757,
    0.8014532923698425,
    0.8834881782531738,
    0.9403568506240845,
    1.007834792137146,
    1.0582927465438843,
    1.1170579195022583,
    1.2411197423934937,
    1.270890235900879,
    1.4281197786331177,
    1.4276845455169678,
    1.4322419166564941,
    1.42685067653656,
    1.4218494892120361,
    1.417231798171997,
    1.4129912853240967,
    1.4192603826522827,
    1.415733814239502,
    1.4125723838806152,
    1.4097719192504883,
    1.4173814058303833,
    1.4152785539627075,
    1.413529872894287,
    1.422148585319519,
    1.4210957288742065,
    1.4203941822052002,
    1.4200438261032104,
    1.4300440549850464,
    1.4303969144821167,
    1.4311033487319946,
    1.4321637153625488,
    1.4436049461364746,
    1.4453908205032349,
    1.4475384950637817,
    1.4500510692596436,
    1.4630212783813477,
    1.4662957191467285,
    1.4699482917785645,
    1.473983645439148,
    1.4862542152404785,
    1.0700281858444214,
    1.023046851158142,
    0.9830886721611023,
    0.9815536737442017,
    0.8795157670974731,
    0.8671558499336243,
    0.8340088725090027,
    0.808601975440979,
    0.7848295569419861,
    0.7650712728500366,
    0.756127655506134,
    0.7137532830238342,
    0.6906748414039612,
    0.6733837127685547,
    0.6606403589248657,
    0.6570746302604675,
    0.6318413615226746,
    0.6113799214363098,
    0.6018601059913635,
    0.5999073386192322,
    0.5782260298728943,
    0.5599148273468018,
    0.5539118051528931,
    0.5377466678619385,
    0.5291835069656372,
    0.5259512066841125,
    0.5133296251296997,
    0.5097121000289917,
    0.498862087726593,
    0.48388102650642395,
    0.4720098674297333,
    0.47029104828834534,
    0.4634030759334564,
    0.45644062757492065,
    0.4493936598300934,
    0.4422515630722046,
    0.4280214011669159,
    0.4350033700466156,
    0.42843160033226013,
    0.42215803265571594,
    0.4161667227745056,
    0.4236830770969391,
    0.4180367588996887,
    0.41263940930366516,
    0.407478928565979,
    0.4025440514087677,
    0.397824227809906,
    0.39330971240997314,
    0.38899147510528564,
    0.3848608732223511,
    0.38091009855270386,
    0.37713176012039185,
    0.37351879477500916,
    0.38162946701049805,
    0.3782253563404083,
    0.3749731481075287,
    0.371867299079895,
    0.36890286207199097,
    0.3660748600959778,
    0.3633789122104645,
    0.36081069707870483,
    0.35836637020111084,
    0.35604220628738403,
    0.35174837708473206,
    0.3503325581550598,
    0.39010751247406006,
    1.043371558189392,
    1.0399830341339111,
    1.036871314048767,
    1.0340325832366943,
    1.0314631462097168,
    1.0291599035263062,
    1.027119517326355,
    1.0253397226333618,
    1.0238184928894043,
    1.022553563117981,
    1.0215433835983276,
    1.020787000656128,
    1.0202832221984863,
    1.020031452178955,
    1.020031452178955,
    1.0202832221984863,
    1.020787000656128,
    1.0215433835983276,
    1.022553563117981,
    1.0238184928894043,
    1.0253397226333618,
    1.027119517326355,
    1.0291599035263062,
    1.0314631462097168,
    1.0340325832366943,
    1.0286216735839844,
    0.9788074493408203,
    0.9819967746734619,
