{
  "step": 535,
  "timestamp": 17.12,
  "robot_pose_odom": {
    "x": -1.603715179822592,
    "y": -1.079920450745023,
    "yaw_fused": -3.082077205351531,
    "yaw_imu": -3.0818750655012974
  },
  "lidar_pose_relative_to_robot": {
    "x_offset": 0.0,
    "y_offset": 0.0,
    "yaw_offset": 0.0
  },
  "lidar_meta": {
    "fov": 6.283184,
    "horizontal_resolution": 400,
    "angle_min": -3.141592,
    "angle_increment": 0.015747328320802004
  },
  "ranges": [
    1.2453727722167969,
    1.233375906944275,
    1.214662790298462,
    1.1472327709197998,
    1.0915793180465698,
    1.0368351936340332,
    0.9749018549919128,
    0.9500241875648499,
    0.9132267236709595,
    0.8845082521438599,
    0.8543419241905212,
    0.822591245174408,
    0.8046584129333496,
    0.7674436569213867,
    0.740733802318573,
    0.7127522230148315,
    0.684840202331543,
    0.6665722131729126,
    0.6595209240913391,
    0.6495572924613953,
    0.6264277100563049,
    0.6175374984741211,
    null,
    null,
    null,
    0.5602833032608032,
    0.5409182906150818,
    0.5345761179924011,
    0.5285096764564514,
    0.5227069854736328,
    0.5051296949386597,
    0.4999442398548126,
    null,
    0.47857075929641724,
    0.4741455018520355,
    0.4699161648750305,
    0.4658755958080292,
    0.45074817538261414,
    0.44715481996536255,
    0.4437269866466522,
    0.4404591917991638,
    0.42641255259513855,
    0.42352378368377686,
    0.42077702283859253,
    0.41816815733909607,
    0.405034601688385,
    0.40275049209594727,
    0.39004841446876526,
    0.3880627453327179,
    0.3861919343471527,
    0.374043345451355,
    0.36209389567375183,
    0.36063647270202637,
    0.35927894711494446,
    0.34779053926467896,
    0.3466610014438629,
    0.34562379121780396,
    0.3345399498939514,
    0.33370867371559143,
    0.3329634666442871,
    0.3222335875034332,
    0.32167521119117737,
    0.3211979568004608,
    0.31077608466148376,
    0.3104690611362457,
    0.3102392256259918,
    0.3000832796096802,
    0.30000925064086914,
    0.30000925064086914,
    0.3000832796096802,
    0.3002314865589142,
    0.29043880105018616,
    0.2907260060310364,
    0.2910856604576111,
    0.2915181517601013,
    0.2819543778896332,
    0.2825144827365875,
    0.28314676880836487,
    0.28385210037231445,
    0.2744659185409546,
    0.2752895653247833,
    0.27618658542633057,
    0.2771580219268799,
    0.26790133118629456,
    0.26898396015167236,
    0.2701423466205597,
    0.2713780999183655,
    0.2726926803588867,
    0.2635461986064911,
    0.2649674415588379,
    0.26647013425827026,
    0.2680565118789673,
    0.2697288393974304,
    0.2606300413608551,
    0.26240769028663635,
    0.264275461435318,
    0.26623618602752686,
    0.2682928740978241,
    0.25918012857437134,
    0.2613447606563568,
    0.26361143589019775,
    0.2506507933139801,
    0.2681034803390503,
    0.259277880191803,
    0.2618755102157593,
    0.2645917534828186,
    0.25527551770210266,
    0.2581093907356262,
    0.261072039604187,
    0.2641693949699402,
    0.26740792393684387,
    0.2578994929790497,
    0.2612727880477905,
    0.2648017406463623,
    null,
    null,
    null,
    null,
    null,
    null,
    0.2723599970340729,
    0.2684946358203888,
    0.2780420184135437,
    0.2743366062641144,
    0.28368961811065674,
    0.28014177083969116,
    0.27674904465675354,
    0.285936176776886,
    0.2826913297176361,
    0.29174360632896423,
    0.2886456549167633,
    0.29758602380752563,
    0.2946341931819916,
    0.3034839928150177,
    0.3006777763366699,
    0.30945709347724915,
    0.30679619312286377,
    0.30425503849983215,
    0.31300848722457886,
    0.32170215249061584,
    0.3193329870700836,
    0.31707605719566345,
    0.32144948840141296,
    0.3344639241695404,
    0.3414027988910675,
    0.34032729268074036,
    0.33902424573898315,
    0.34750673174858093,
    0.3498769998550415,
    0.3523674011230469,
    0.366074800491333,
    0.3689027726650238,
    0.37186723947525024,
    0.37497302889823914,
    0.38968661427497864,
    0.3931938707828522,
    0.3968636393547058,
    0.4007023572921753,
    0.41662025451660156,
    0.42094141244888306,
    0.43761521577835083,
    0.44247326254844666,
    0.4599841237068176,
    0.46544143557548523,
    0.47114744782447815,
    0.4900091886520386,
    0.49641847610473633,
    0.5163636207580566,
    0.5235643982887268,
    0.5447197556495667,
    0.5528146624565125,
    0.5753267407417297,
    0.5963400602340698,
    0.6142743229866028,
    0.6218112111091614,
    0.642013430595398,
    0.6757262349128723,
    0.7146124839782715,
    0.7272226810455322,
    0.7391470670700073,
    0.7590876221656799,
    0.7611974477767944,
    0.7714390158653259,
    0.7812268137931824,
    0.7906069755554199,
    0.795438289642334,
    0.8200960159301758,
    0.8291077613830566,
    0.8479784727096558,
    0.8671475648880005,
    0.8753066658973694,
    0.8844883441925049,
    0.922491729259491,
    0.9344043731689453,
    0.9579501748085022,
    0.9599103927612305,
    0.9968991875648499,
    1.0340899229049683,
    1.0452117919921875,
    1.068243384361267,
    1.0924543142318726,
    1.1127560138702393,
    1.1618635654449463,
    1.1907217502593994,
    1.1912200450897217,
    1.3022675514221191,
    1.3128119707107544,
    1.3789911270141602,
    1.3973591327667236,
    1.469760775566101,
    1.5261410474777222,
    1.572184443473816,
    1.6456067562103271,
    1.723037600517273,
    1.7984572649002075,
    1.8849740028381348,
    1.981690526008606,
    2.0886738300323486,
    2.203328847885132,
    2.201697587966919,
    2.190690517425537,
    2.180067300796509,
    2.180067300796509,
    2.170520067214966,
    2.1616666316986084,
    2.1632680892944336,
    2.1550674438476562,
    2.1480112075805664,
    2.151202917098999,
    2.144113302230835,
    2.1380670070648193,
    2.1337130069732666,
    2.1390280723571777,
    2.134735107421875,
    2.141141176223755,
    2.1407406330108643,
    0.7904136776924133,
    0.7934001088142395,
    0.7862608432769775,
    0.7896469235420227,
    2.1434688568115234,
    2.1395885944366455,
    2.1505370140075684,
    2.1515355110168457,
    2.1637375354766846,
    2.163111925125122,
    2.1686198711395264,
    2.171916961669922,
    2.1867308616638184,
    2.1913323402404785,
    2.19644832611084,
    2.21341609954834,
    2.2199339866638184,
    2.226742744445801,
    2.234966516494751,
    2.2435169219970703,
    2.264456272125244,
    2.274574041366577,
    2.285459041595459,
    2.30916428565979,
    2.321791648864746,
    2.335275411605835,
    2.3496482372283936,
    2.3775243759155273,
    2.3812038898468018,
    2.398465394973755,
    2.429837226867676,
    2.449416160583496,
    2.470149278640747,
    1.8702819347381592,
    1.859570026397705,
    1.8593214750289917,
    1.880265235900879,
    1.8733935356140137,
    1.1847660541534424,
    1.1679517030715942,
    1.138648271560669,
    1.1104100942611694,
    1.0960733890533447,
    1.0696321725845337,
    1.0566781759262085,
    1.031856656074524,
    1.0201470851898193,
    0.9967906475067139,
    0.9862059950828552,
    0.964178740978241,
    0.9546148180961609,
    0.9337969422340393,
    0.9251623749732971,
    0.91690993309021,
    0.8972927927970886,
    0.8226155042648315,
    0.7878761887550354,
    0.7654292583465576,
    0.7597922682762146,
    0.7544223666191101,
    0.7493115067481995,
    0.7336627840995789,
    0.7138422727584839,
    0.7109690308570862,
    0.6980276703834534,
    0.6955810785293579,
    0.6933220028877258,
    0.6810821294784546,
    0.6792174577713013,
    0.6775296926498413,
    0.6659269332885742,
    0.6646067500114441,
    0.6634551286697388,
    0.6524333357810974,
    0.651627242565155,
    0.640968382358551,
    0.6404938101768494,
    0.6401776671409607,
    0.6300194263458252,
    0.6300194263458252,
    0.6301749348640442,
    0.6304861307144165,
    0.6209381222724915,
