{
  "step": 1040,
  "timestamp": 33.28,
  "robot_pose_odom": {
    "x": -3.235766701242963,
    "y": 0.050275515726140974,
    "yaw_fused": 1.0591934552040323,
    "yaw_imu": 1.0608598389140507
  },
  "lidar_pose_relative_to_robot": {
    "x_offset": 0.0,
    "y_offset": 0.0,
    "yaw_offset": 0.0
  },
  "lidar_meta": {
    "fov": 6.283184,
    "horizontal_resolution": 400,
    "angle_min": -3.141592,
    "angle_increment": 0.015747328320802004
  },
  "ranges": [
    0.801404595375061,
    0.8053995370864868,
    0.7979521751403809,
    0.8022958636283875,
    0.8067601919174194,
    0.8000780344009399,
    0.816057562828064,
    0.8098017573356628,
    0.8148495554924011,
    0.8090904951095581,
    0.803609311580658,
    0.7257646322250366,
    0.6671478152275085,
    0.6324137449264526,
    0.5930014252662659,
    0.5723797678947449,
    0.5294548869132996,
    0.5039295554161072,
    0.4976881742477417,
    0.4503486454486847,
    0.424568235874176,
    null,
    null,
    null,
    null,
    0.36804503202438354,
    0.34382107853889465,
    0.34305331110954285,
    0.3330574929714203,
    0.32225126028060913,
    0.3107289671897888,
    0.300435870885849,
    null,
    0.29036951065063477,
    0.27999529242515564,
    0.2700083255767822,
    0.2700083255767822,
    0.25998982787132263,
    0.25019291043281555,
    0.250378280878067,
    0.2406008392572403,
    0.2408984750509262,
    0.2312040627002716,
    0.2316053807735443,
    0.23206545412540436,
    0.22247245907783508,
    0.22302664816379547,
    0.21347349882125854,
    0.21411412954330444,
    0.2148117870092392,
    0.2087346315383911,
    null,
    null,
    null,
    null,
    null,
    null,
    null,
    null,
    null,
    null,
    null,
    null,
    null,
    null,
    null,
    null,
    null,
    null,
    null,
    null,
    null,
    null,
    null,
    null,
    null,
    null,
    null,
    null,
    null,
    null,
    null,
    null,
    null,
    null,
    null,
    null,
    null,
    null,
    null,
    null,
    null,
    null,
    null,
    null,
    null,
    null,
    null,
    null,
    null,
    null,
    null,
    null,
    null,
    null,
    null,
    null,
    null,
    null,
    null,
    null,
    null,
    null,
    null,
    null,
    null,
    null,
    null,
    null,
    null,
    null,
    null,
    null,
    null,
    null,
    null,
    null,
    null,
    null,
    null,
    null,
    null,
    null,
    null,
    null,
    null,
    null,
    null,
    null,
    null,
    null,
    null,
    null,
    null,
    null,
    null,
    null,
    null,
    null,
    null,
    null,
    null,
    null,
    null,
    0.23082788288593292,
    0.24512159824371338,
    0.2428549975156784,
    0.25215014815330505,
    0.24998202919960022,
    0.2563105523586273,
    0.2682929039001465,
    0.274751752614975,
    0.2862984836101532,
    0.28427502512931824,
    0.28887027502059937,
    0.30209633708000183,
    0.3081606924533844,
    0.3209455609321594,
    0.32882246375083923,
    0.338899165391922,
    0.34338879585266113,
    0.3690735995769501,
    0.36936643719673157,
    0.3979856073856354,
    0.42035144567489624,
    0.4242691993713379,
    0.4443773925304413,
    0.4737100601196289,
    0.4841075539588928,
    0.5099710822105408,
    0.5396565794944763,
    0.5679431557655334,
    0.6072044372558594,
    0.6410462856292725,
    0.6842719316482544,
    0.7334032654762268,
    0.7925251126289368,
    0.8616839051246643,
    0.9510058760643005,
    1.0502986907958984,
    1.1697174310684204,
    1.3290517330169678,
    1.5479925870895386,
    1.8487648963928223,
    2.1155972480773926,
    2.127504825592041,
    2.1517789363861084,
    2.1657605171203613,
    2.1784260272979736,
    2.205733060836792,
    2.218583106994629,
    2.2484703063964844,
    2.261143445968628,
    2.294177770614624,
    2.306217908859253,
    2.347179412841797,
    2.3739826679229736,
    2.401146411895752,
    2.4348888397216797,
    2.4724888801574707,
    2.4999778270721436,
    2.532562732696533,
    2.571134567260742,
    2.5999398231506348,
    1.647849678993225,
    1.6463183164596558,
    1.675100564956665,
    1.6518663167953491,
    1.5708597898483276,
    1.56363046169281,
    1.4200682640075684,
    1.3763772249221802,
    1.3138537406921387,
    1.2489681243896484,
    1.2606250047683716,
    0.8249750733375549,
    0.8234291076660156,
    0.8178290724754333,
    0.8112061619758606,
    0.8987062573432922,
    1.5912961959838867,
    1.6101752519607544,
    1.604447603225708,
    1.6427658796310425,
    1.6774342060089111,
    2.5014142990112305,
    2.494624614715576,
    4.9752373695373535,
    3.9082369804382324,
    3.8029062747955322,
    3.809751510620117,
    3.759141683578491,
    2.9142520427703857,
    2.8594679832458496,
    2.8069002628326416,
    2.756429672241211,
    2.7208411693573,
    2.6740803718566895,
    2.6291158199310303,
    2.5830130577087402,
    2.018602132797241,
    1.9814252853393555,
    1.948358178138733,
    1.928357481956482,
    1.9092296361923218,
    1.879266381263733,
    1.861889362335205,
    1.83381986618042,
    1.8180515766143799,
    1.7917242050170898,
    1.766262173652649,
    1.7527220249176025,
    1.7398141622543335,
    1.7165842056274414,
    1.7049551010131836,
    1.6831086874008179,
    1.6759774684906006,
    1.654829978942871,
    1.6389851570129395,
    1.1047463417053223,
    1.1011583805084229,
    1.0978636741638184,
    1.1292237043380737,
    1.177970290184021,
    1.2257230281829834,
    1.2650240659713745,
    1.3197380304336548,
    1.3825769424438477,
    1.4454959630966187,
    1.5120632648468018,
    1.5211728811264038,
    1.5204219818115234,
    1.5600481033325195,
    1.5600481033325195,
    1.669557809829712,
    1.789633870124817,
    1.929819107055664,
    2.090191602706909,
    2.2899439334869385,
    2.5199451446533203,
    3.09067440032959,
    3.0884506702423096,
    3.0162038803100586,
    2.961033582687378,
    2.9059770107269287,
    2.8533072471618652,
    2.808980941772461,
    2.7990076541900635,
    2.7203497886657715,
    2.6759116649627686,
    2.626621961593628,
    2.5630640983581543,
    2.5595128536224365,
    2.5257420539855957,
    2.491745710372925,
    2.45745849609375,
    2.42281436920166,
    2.4242212772369385,
    1.1467252969741821,
    1.0325899124145508,
    0.9466977119445801,
    0.8745670914649963,
    0.865186333656311,
    0.7523446083068848,
    0.716964840888977,
    0.6644719839096069,
    0.6169466972351074,
    0.594569206237793,
    0.5677245855331421,
    0.5398389101028442,
    0.5139883160591125,
    0.4894832968711853,
    0.4764568507671356,
    0.4503974914550781,
    0.4359646439552307,
    0.42080429196357727,
    0.41263920068740845,
    0.4088604748249054,
    0.38348132371902466,
    0.3758922815322876,
    0.35406771302223206,
    0.34550905227661133,
    0.32979488372802734,
    0.32979652285575867,
    0.31786859035491943,
    0.3132140040397644,
    0.3087688386440277,
    0.30452221632003784,
    0.3004639148712158,
    0.28368961811065674,
    0.28014177083969116,
    0.27674904465675354,
    0.2735041677951813,
    0.27040043473243713,
    0.2674316465854645,
    0.26459184288978577,
    0.2618756890296936,
    0.2710634469985962,
    0.28013908863067627,
    0.27754873037338257,
    0.2865343689918518,
    0.2954334020614624,
    0.29298636317253113,
    1.0508142709732056,
    1.0427587032318115,
    1.0350793600082397,
    1.0168302059173584,
    1.009941577911377,
    0.992602527141571,
    0.9729407429695129,
    0.9664636254310608,
    0.9513053297996521,
    0.942545473575592,
    0.9359272122383118,
    0.9344045519828796,
    null,
    0.9156347513198853,
    0.9086558222770691,
    0.9015316367149353,
    0.8942365646362305,
    0.886743426322937,
    0.8790227174758911,
    0.8710424900054932,
    0.862768292427063,
    0.8630744814872742,
    0.8574754595756531,
    0.8425309658050537,
    0.8428263068199158,
