{
  "step": 1005,
  "timestamp": 32.160000000000004,
  "robot_pose_odom": {
    "x": -3.2776347320325208,
    "y": -0.0003427640549137313,
    "yaw_fused": 1.1112877396162735,
    "yaw_imu": 1.112123177191946
  },
  "lidar_pose_relative_to_robot": {
    "x_offset": 0.0,
    "y_offset": 0.0,
    "yaw_offset": 0.0
  },
  "lidar_meta": {
    "fov": 6.283184,
    "horizontal_resolution": 400,
    "angle_min": -3.141592,
    "angle_increment": 0.015747328320802004
  },
  "ranges": [
    0.7364975810050964,
    0.73410564661026,
    0.7420745491981506,
    0.7400429248809814,
    0.7382040023803711,
    0.7365555763244629,
    0.7350953221321106,
    0.7338215708732605,
    0.7427703142166138,
    0.7418525815010071,
    0.7411197423934937,
    0.750578761100769,
    0.7502082586288452,
    0.7299692630767822,
    0.6801537275314331,
    0.6298455595970154,
    0.5898728370666504,
    0.5501676797866821,
    0.5203566551208496,
    0.4905400276184082,
    0.4612561762332916,
    0.4445791244506836,
    null,
    null,
    null,
    null,
    0.35215938091278076,
    0.33470940589904785,
    0.3250512480735779,
    0.32351821660995483,
    0.3055114448070526,
    0.286245197057724,
    null,
    0.27541401982307434,
    0.2635461986064911,
    0.2649674415588379,
    0.2546299993991852,
    0.24661198258399963,
    0.2481505274772644,
    0.23891086876392365,
    0.2296067327260971,
    0.23124101758003235,
    0.2244408279657364,
    null,
    null,
    null,
    null,
    null,
    null,
    null,
    null,
    null,
    null,
    null,
    null,
    null,
    null,
    null,
    null,
    null,
    null,
    null,
    null,
    null,
    null,
    null,
    null,
    null,
    null,
    null,
    null,
    null,
    null,
    null,
    null,
    null,
    null,
    null,
    null,
    null,
    null,
    null,
    null,
    null,
    null,
    null,
    null,
    null,
    null,
    null,
    null,
    null,
    null,
    null,
    null,
    null,
    null,
    null,
    null,
    null,
    null,
    null,
    null,
    null,
    null,
    null,
    null,
    null,
    null,
    null,
    null,
    null,
    null,
    null,
    null,
    null,
    null,
    null,
    null,
    null,
    null,
    null,
    null,
    null,
    null,
    null,
    null,
    null,
    null,
    null,
    null,
    null,
    null,
    null,
    null,
    null,
    null,
    null,
    null,
    null,
    null,
    null,
    null,
    null,
    null,
    null,
    null,
    null,
    null,
    null,
    null,
    null,
    null,
    null,
    null,
    null,
    null,
    null,
    null,
    null,
    null,
    null,
    null,
    null,
    null,
    null,
    0.25148481130599976,
    0.2581094801425934,
    0.2674316465854645,
    0.27661874890327454,
    0.27377912402153015,
    0.2946341931819916,
    0.2918115556240082,
    0.3044453561306,
    0.3170012831687927,
    0.3291516900062561,
    0.3351917266845703,
    0.3523690700531006,
    0.3686528205871582,
    0.3853530287742615,
    0.39136072993278503,
    0.42134058475494385,
    0.4469161331653595,
    0.47734975814819336,
    0.48718035221099854,
    0.5343028903007507,
    0.573052167892456,
    0.605777382850647,
    0.6356708407402039,
    0.6658473014831543,
    0.7773308753967285,
    0.8393697142601013,
    0.8934096097946167,
    1.1172105073928833,
    1.1989917755126953,
    1.2898566722869873,
    1.7496532201766968,
    2.0528483390808105,
    2.1880760192871094,
    2.2123663425445557,
    2.2253284454345703,
    2.25173020362854,
    2.266601085662842,
    2.2953062057495117,
    2.312264919281006,
    2.343496322631836,
    2.3627521991729736,
    2.3831491470336914,
    2.4185643196105957,
    2.434649705886841,
    2.4766058921813965,
    2.4753100872039795,
    2.542180061340332,
    2.5712437629699707,
    2.6097428798675537,
    2.6533195972442627,
    2.6539487838745117,
    1.7190510034561157,
    1.7273346185684204,
    1.7433255910873413,
    1.6925240755081177,
    1.6386336088180542,
    1.5369206666946411,
    1.4823014736175537,
    1.4004312753677368,
    1.3547316789627075,
    1.3258920907974243,
    0.8900702595710754,
    0.8976626992225647,
    0.8902276754379272,
    0.9769768118858337,
    1.2436772584915161,
    1.6736963987350464,
    1.6751004457473755,
    1.6680375337600708,
    1.7291560173034668,
    2.581279754638672,
    2.5794308185577393,
    2.564884662628174,
    2.596036672592163,
    4.573079586029053,
    3.944586992263794,
    3.8973212242126465,
    3.823629856109619,
    2.99421763420105,
    2.9392881393432617,
    2.8857953548431396,
    2.8336637020111084,
    2.7828195095062256,
    2.7316460609436035,
    2.6861937046051025,
    2.6285815238952637,
    2.0665712356567383,
    2.031726837158203,
    2.006624221801758,
    1.9755620956420898,
    1.9525072574615479,
    1.921773076057434,
    1.900692343711853,
    1.8800047636032104,
    1.850003957748413,
    1.8303433656692505,
    1.8111053705215454,
    1.7922654151916504,
    1.7738012075424194,
    1.7556884288787842,
    1.740208625793457,
    1.7204276323318481,
    1.7071188688278198,
    1.151578664779663,
    1.1455459594726562,
    1.1486908197402954,
    1.1999677419662476,
    1.218940019607544,
    1.2523118257522583,
    1.3249844312667847,
    1.3358466625213623,
    1.4629319906234741,
    1.5218021869659424,
    1.565460205078125,
    1.5586333274841309,
    1.5577455759048462,
    1.597639560699463,
    1.600401520729065,
    1.6387296915054321,
    1.8547805547714233,
    1.9423346519470215,
    2.036689281463623,
    2.1373953819274902,
    2.2497754096984863,
    3.1271705627441406,
    3.1255125999450684,
    3.1292407512664795,
    3.0487475395202637,
    3.001635789871216,
    2.933730125427246,
    2.879188299179077,
    2.8256747722625732,
    2.7585856914520264,
    2.7293193340301514,
    2.6814165115356445,
    2.6798055171966553,
    2.599452495574951,
    2.5685174465179443,
    2.559072732925415,
    2.4905803203582764,
    2.4519762992858887,
    1.0672874450683594,
    0.9153973460197449,
    0.7438531517982483,
    0.7157225012779236,
    0.6372027397155762,
    0.5809581279754639,
    0.5346161723136902,
    0.49036577343940735,
    0.46111637353897095,
    0.44353264570236206,
    0.40688782930374146,
    0.38170361518859863,
    0.35768356919288635,
    0.33185502886772156,
    0.3282115161418915,
    0.3006725609302521,
    0.29758602380752563,
    0.2828488051891327,
    0.26846662163734436,
    0.2659841775894165,
    0.2521502375602722,
    0.23861928284168243,
    0.23664282262325287,
    0.24593524634838104,
    0.24404990673065186,
    0.24225261807441711,
    0.24054047465324402,
    0.24977049231529236,
    0.24815063178539276,
    0.2482929527759552,
    0.25733429193496704,
    0.2589397430419922,
    0.2606300711631775,
    0.26240774989128113,
    0.26427555084228516,
    1.237280249595642,
    1.2403852939605713,
    1.1889532804489136,
    1.1711097955703735,
    1.1383037567138672,
    1.1179908514022827,
    1.108156681060791,
    1.1057977676391602,
    1.061497449874878,
    1.0615352392196655,
    1.0243462324142456,
    1.0172574520111084,
    0.9974054098129272,
    0.9894622564315796,
    0.9683538675308228,
    0.9491246342658997,
    0.9497579336166382,
    0.9395648837089539,
    0.9286799430847168,
    0.9170221090316772,
    0.9045020937919617,
    0.877057671546936,
    0.8840386867523193,
    0.8706831932067871,
    0.8715516328811646,
    0.8591826558113098,
    0.8473658561706543,
    0.8491367697715759,
    0.8381735682487488,
    0.8276911973953247,
    0.8302466869354248,
    0.8205121755599976,
    0.8112009167671204,
    0.8022944927215576,
    0.8058021068572998,
    0.7975301146507263,
    0.7896192073822021,
    0.782054603099823,
    0.7748230695724487,
    0.7793731689453125,
    0.7726717591285706,
    0.7662719488143921,
    0.7713420987129211,
    0.7654290795326233,
    0.759792149066925,
    0.7544222474098206,
