{
  "step": 905,
  "timestamp": 28.96,
  "robot_pose_odom": {
    "x": -3.452244806224246,
    "y": -0.40595223585076967,
    "yaw_fused": 1.650741429660338,
    "yaw_imu": 1.671015176905307
  },
  "lidar_pose_relative_to_robot": {
    "x_offset": 0.0,
    "y_offset": 0.0,
    "yaw_offset": 0.0
  },
  "lidar_meta": {
    "fov": 6.283184,
    "horizontal_resolution": 400,
    "angle_min": -3.141592,
    "angle_increment": 0.015747328320802004
  },
  "ranges": [
    0.3356183171272278,
    0.331002414226532,
    0.32659122347831726,
    0.322374552488327,
    0.318342924118042,
    0.3144875466823578,
    0.3108001947402954,
    0.3195641338825226,
    0.316055566072464,
    0.31269943714141846,
    0.3094894587993622,
    0.3064195513725281,
    0.3034839928150177,
    0.3006777763366699,
    0.29799574613571167,
    0.2954334020614624,
    0.29298636317253113,
    0.29065072536468506,
    0.2884226143360138,
    0.2973588705062866,
    0.284275084733963,
    0.28234925866127014,
    null,
    null,
    null,
    0.29754701256752014,
    0.2842750549316406,
    0.2862985134124756,
    0.2884225845336914,
    0.2906506657600403,
    0.29298633337020874,
    0.28444021940231323,
    null,
    0.2928812801837921,
    0.2801390290260315,
    0.2828487157821655,
    0.28568246960639954,
    0.28864553570747375,
    0.2917434871196747,
    0.28269127011299133,
    0.28593605756759644,
    0.2893284559249878,
    0.29287540912628174,
    0.2836895287036896,
    0.28740015625953674,
    0.291282057762146,
    0.2953440248966217,
    0.28597787022590637,
    0.2902277112007141,
    0.29467955231666565,
    0.29467955231666565,
    0.2902277112007141,
    0.28597787022590637,
    0.2953440248966217,
    0.2912820279598236,
    0.3004637658596039,
    0.29658448696136475,
    0.3056090474128723,
    0.30190789699554443,
    0.29836806654930115,
    0.30727308988571167,
    0.3038994371891022,
    0.3126993179321289,
    0.30948930978775024,
    0.31820473074913025,
    0.31515634059906006,
    0.3122421205043793,
    0.32091835141181946,
    0.3295217752456665,
    0.326792448759079,
    0.3353661298751831,
    0.33279523253440857,
    0.33034437894821167,
    0.32800963521003723,
    0.3257875144481659,
    0.31288549304008484,
    0.3109455406665802,
    0.29844656586647034,
    0.29676353931427,
    0.2846299111843109,
    0.2831808924674988,
    0.28181570768356323,
    0.27014240622520447,
    0.26898401975631714,
    0.2575974762439728,
    0.2566278278827667,
    0.2557283341884613,
    0.254897803068161,
    0.24396972358226776,
    0.24330179393291473,
    0.24269722402095795,
    0.23206545412540436,
    0.2316053807735443,
    0.2312040627002716,
    0.23086102306842804,
    0.2305757999420166,
    0.22033289074897766,
    0.22016975283622742,
    0.22006107866764069,
    0.2100064754486084,
    0.2100064754486084,
    0.2100583016872406,
    0.21016204357147217,
    0.21031774580478668,
    0.2005006968975067,
    0.20074871182441711,
    0.20104700326919556,
    null,
    null,
    null,
    null,
    null,
    null,
    null,
    null,
    null,
    null,
    null,
    null,
    null,
    null,
    null,
    null,
    null,
    null,
    null,
    null,
    null,
    null,
    null,
    null,
    null,
    null,
    null,
    null,
    null,
    null,
    null,
    null,
    null,
    null,
    null,
    null,
    null,
    null,
    null,
    null,
    null,
    null,
    null,
    null,
    null,
    null,
    null,
    null,
    null,
    null,
    null,
    null,
    null,
    null,
    null,
    null,
    null,
    null,
    null,
    null,
    null,
    null,
    null,
    null,
    null,
    null,
    null,
    null,
    0.21122249960899353,
    0.22760188579559326,
    0.21444524824619293,
    0.21578310430049896,
    0.21719171106815338,
    0.2296067774295807,
    0.2312411069869995,
    0.23295670747756958,
    0.23475632071495056,
    0.23664280772209167,
    0.23861920833587646,
    0.24068878591060638,
    0.2428550273180008,
    0.24512164294719696,
    0.24749261140823364,
    0.26187559962272644,
    0.2645917534828186,
    0.2674315273761749,
    0.27040034532546997,
    0.2735040783882141,
    0.2893284559249878,
    0.29287540912628174,
    0.29658448696136475,
    0.30046379566192627,
    0.3045221269130707,
    0.3221934735774994,
    0.3268318772315979,
    0.3316888213157654,
    0.33677664399147034,
    0.3508090078830719,
    0.35932955145835876,
    0.3630693256855011,
    0.37589243054389954,
    0.39768433570861816,
    0.4180365800857544,
    0.4126392900943756,
    0.4335380494594574,
    0.4571797847747803,
    0.4752613604068756,
    0.501038670539856,
    0.5137952566146851,
    0.5348739624023438,
    0.5636451244354248,
    0.5912947654724121,
    0.6193668246269226,
    0.658918023109436,
    0.7223545908927917,
    0.7488372325897217,
    0.7689316272735596,
    0.9099035263061523,
    0.9583855867385864,
    1.0133960247039795,
    1.0753554105758667,
    1.1446481943130493,
    1.5203781127929688,
    1.6771262884140015,
    1.904303789138794,
    2.1857821941375732,
    2.619058609008789,
    2.640697479248047,
    2.662426233291626,
    2.6842844486236572,
    2.7354421615600586,
    2.738847494125366,
    2.78187894821167,
    2.7942256927490234,
    2.8313148021698,
    2.8488152027130127,
    2.883024215698242,
    2.918778657913208,
    2.94913649559021,
    2.9877140522003174,
    3.028061628341675,
    2.1593434810638428,
    2.124361753463745,
    2.1539177894592285,
    2.09073805809021,
    1.9594720602035522,
    1.3000667095184326,
    1.2900663614273071,
    1.3101990222930908,
    1.399769902229309,
    1.5000544786453247,
    1.6202751398086548,
    1.750942587852478,
    2.0601558685302734,
    2.05423903465271,
    2.0583198070526123,
    2.071805477142334,
    2.103977680206299,
    2.9644665718078613,
    2.9521164894104004,
    2.9516942501068115,
    0.3729444444179535,
    0.3606364130973816,
    0.36209380626678467,
    0.3324829041957855,
    0.33400383591651917,
    0.33562174439430237,
    0.3478809595108032,
    0.34975701570510864,
    0.3517405688762665,
    0.3538345694541931,
    0.3560420572757721,
    0.3583662807941437,
    0.3717442452907562,
    0.37439024448394775,
    0.3771679401397705,
    0.3800815939903259,
    0.3831358551979065,
    0.3863357603549957,
    0.40114787220954895,
    0.4047582149505615,
    0.4085359275341034,
    0.41248753666877747,
    0.42852357029914856,
    0.43296828866004944,
    0.43761515617370605,
    0.454764187335968,
    0.45998406410217285,
    0.4654413163661957,
    0.4711472988128662,
    0.49000903964042664,
    0.4964183270931244,
    0.5031233429908752,
    0.5235642194747925,
    0.5311015844345093,
    0.5528144240379333,
    0.5612941384315491,
    0.5823072791099548,
    0.5880986452102661,
    0.6174259185791016,
    0.633335530757904,
    0.649246871471405,
    0.6754210591316223,
    0.6783307194709778,
    0.7264129519462585,
    0.7634072303771973,
    0.7764737606048584,
    0.8177124857902527,
    0.832275927066803,
    0.8963285684585571,
    0.9102916717529297,
    1.0046112537384033,
    1.025720477104187,
    1.0488665103912354,
    1.1886464357376099,
    2.9327187538146973,
    2.8649117946624756,
    2.788425922393799,
    2.710094690322876,
    2.6649250984191895,
    2.606391191482544,
    2.5498478412628174,
    2.4831743240356445,
    2.4062910079956055,
    2.353505849838257,
    2.306283950805664,
    2.2156898975372314,
    2.1756274700164795,
    2.1036529541015625,
    2.029921531677246,
    1.986961007118225,
    1.9333564043045044,
    1.8860690593719482,
    1.8418842554092407,
    1.7984273433685303,
    1.7531205415725708,
    1.7132521867752075,
    1.680859088897705,
    1.640702724456787,
    1.6099698543548584,
    1.579969048500061,
    1.5501831769943237,
    1.5216096639633179,
    1.3999031782150269,
    1.3004192113876343,
    1.21107816696167,
    1.1324598789215088,
