{
  "step": 1500,
  "timestamp": 48.0,
  "robot_pose_odom": {
    "x": -1.455492956237397,
    "y": 1.1685677899455886,
    "yaw_fused": -1.6139648034100051,
    "yaw_imu": -1.6023246428192286
  },
  "lidar_pose_relative_to_robot": {
    "x_offset": 0.0,
    "y_offset": 0.0,
    "yaw_offset": 0.0
  },
  "lidar_meta": {
    "fov": 6.283184,
    "horizontal_resolution": 400,
    "angle_min": -3.141592,
    "angle_increment": 0.015747328320802004
  },
  "ranges": [
    0.7546852231025696,
    0.7446276545524597,
    0.7350137829780579,
    0.7258214950561523,
    0.7170312404632568,
    0.7086241841316223,
    0.7005826234817505,
    0.6928907036781311,
    0.6855331659317017,
    0.6784957647323608,
    0.6717656254768372,
    0.6653300523757935,
    0.6591778993606567,
    0.6532980799674988,
    0.6476806998252869,
    0.6423161625862122,
    0.6371956467628479,
    0.6323109865188599,
    0.6276543736457825,
    0.6232183575630188,
    0.6189963221549988,
    0.6149818301200867,
    null,
    null,
    null,
    null,
    0.597826361656189,
    0.5949442982673645,
    0.5922353267669678,
    0.5842053890228271,
    0.5667144656181335,
    0.5645812153816223,
    null,
    null,
    0.5406823754310608,
    0.5271538496017456,
    0.5258439779281616,
    0.5145799517631531,
    0.5135597586631775,
    0.5026175379753113,
    0.5018718242645264,
    0.4912267029285431,
    0.49074140191078186,
    0.49037808179855347,
    0.4801332652568817,
    0.4800148010253906,
    0.4700145125389099,
    0.4701305031776428,
    0.46035492420196533,
    0.4606960117816925,
    0.4511265754699707,
    0.4516846239566803,
    0.4523557722568512,
    0.443071186542511,
    0.4439513087272644,
    0.44494491815567017,
    0.43591567873954773,
    0.43711239099502563,
    0.43842414021492004,
    0.4296235740184784,
    0.43113473057746887,
    0.4327636957168579,
    0.42416703701019287,
    0.4259937107563019,
    0.41750475764274597,
    0.41952717304229736,
    0.42167389392852783,
    0.4133491814136505,
    0.41569340229034424,
    0.41816815733909607,
    0.42077696323394775,
    0.4126642048358917,
    0.4154788553714752,
    0.4074246883392334,
    0.41044744849205017,
    0.41361820697784424,
    0.41694197058677673,
    0.40906137228012085,
    0.4126092195510864,
    0.4047582149505615,
    0.4085359275341034,
    0.41248753666877747,
    0.416620135307312,
    0.4089145362377167,
    0.4133032262325287,
    0.41789141297340393,
    0.410256028175354,
    0.41512331366539,
    0.42021244764328003,
    0.41263920068740845,
    0.41803649067878723,
    0.4236828088760376,
    1.613340973854065,
    1.6115399599075317,
    1.5955204963684082,
    1.5786744356155396,
    0.9121037721633911,
    0.8983242511749268,
    0.8987879753112793,
    0.8860322833061218,
    0.8870863914489746,
    0.8752644062042236,
    0.8768587708473206,
    0.865892767906189,
    0.8679856061935425,
    0.857808530330658,
    0.8480740785598755,
    0.8509188294410706,
    0.8418831825256348,
    0.8332408666610718,
    0.8367610573768616,
    0.8287447690963745,
    0.8210816383361816,
    0.8252189755439758,
    0.8181232213973999,
    0.8113468289375305,
    0.8160578012466431,
    0.8098019361495972,
    0.8038381934165955,
    0.8090906739234924,
    0.8036094903945923,
    0.8091868758201599,
    0.8069521188735962,
    0.8140079975128174,
    0.8109439015388489,
    0.8081014752388,
    0.8054770231246948,
    0.8030669689178467,
    0.8110059499740601,
    0.8089907169342041,
    0.8071841597557068,
    0.8055838942527771,
    0.8041880130767822,
    0.8029948472976685,
    0.8020027875900269,
    0.8012104630470276,
    2.0315663814544678,
    2.0305635929107666,
    2.04006290435791,
    2.04006290435791,
    2.0505690574645996,
    2.051581859588623,
    2.063117027282715,
    2.065157175064087,
    2.077749252319336,
    2.080836534500122,
    2.0945181846618652,
    2.0986788272857666,
    2.11348819732666,
    2.118752956390381,
    2.132819414138794,
    1.4541186094284058,
    1.4287322759628296,
    1.337833046913147,
    1.288108229637146,
    1.24273681640625,
    1.1881121397018433,
    1.1368671655654907,
    1.1199110746383667,
    1.0811299085617065,
    1.0500599145889282,
    1.0244266986846924,
    1.0372745990753174,
    1.0403187274932861,
    1.0533796548843384,
    1.060564398765564,
    1.0681133270263672,
    1.0871310234069824,
    1.0955291986465454,
    1.104332685470581,
    1.1249186992645264,
    1.13467538356781,
    1.1448874473571777,
    1.1672455072402954,
    1.17853581905365,
    1.1903432607650757,
    1.2147166728973389,
    0.6353550553321838,
    0.6268370747566223,
    0.6187546253204346,
    0.612077534198761,
    0.6112180948257446,
    0.6189587712287903,
    0.627054750919342,
    0.6355242133140564,
    0.6578114628791809,
    0.6672815084457397,
    0.6771976947784424,
    0.6875853538513184,
    0.7085986137390137,
    0.7248368859291077,
    0.7307561039924622,
    0.7494118809700012,
    0.7806834578514099,
    0.8007712960243225,
    0.8174871206283569,
    0.8392430543899536,
    0.8723042011260986,
    0.8883618116378784,
    0.9160399436950684,
    0.929523766040802,
    0.9925437569618225,
    1.0159746408462524,
    1.0578279495239258,
    1.0961192846298218,
    1.1104567050933838,
    1.2037346363067627,
    1.2370671033859253,
    1.2618861198425293,
    1.3754706382751465,
    1.397740364074707,
    1.3874467611312866,
    1.3776408433914185,
    1.3791675567626953,
    1.370223045349121,
    1.3589422702789307,
    1.3548732995986938,
    1.3509268760681152,
    1.347090721130371,
    1.3434494733810425,
    1.3396965265274048,
    1.33610999584198,
    1.3325767517089844,
    1.3294498920440674,
    1.3409804105758667,
    1.333688497543335,
    1.3302969932556152,
    1.3268665075302124,
    1.3212814331054688,
    1.334985613822937,
    1.3217575550079346,
    1.3303091526031494,
    1.9987071752548218,
    2.00840163230896,
    2.0125184059143066,
    2.0167202949523926,
    2.0209767818450928,
    2.0252525806427,
    2.029507637023926,
    2.0336978435516357,
    2.0377721786499023,
    2.0277111530303955,
    2.0557053089141846,
    2.065412759780884,
    2.0517008304595947,
    2.065034866333008,
    2.0914528369903564,
    2.095470666885376,
    2.106985569000244,
    2.1149797439575195,
    2.1471500396728516,
    0.3921336531639099,
    0.3687276840209961,
    0.3525233268737793,
    0.3487800359725952,
    0.3451996147632599,
    0.34177547693252563,
    0.32682880759239197,
    0.32380667328834534,
    0.32091835141181946,
    0.31815895438194275,
    0.31552374362945557,
    0.3241872489452362,
    0.3217020630836487,
    0.31933292746543884,
    0.3170759975910187,
    0.31492793560028076,
    0.31288549304008484,
    0.32166779041290283,
    0.3197641372680664,
    0.3179609179496765,
    0.31625545024871826,
    0.32513365149497986,
    0.323566198348999,
    0.3220928907394409,
    0.33105728030204773,
    0.34002864360809326,
    0.3387487232685089,
    0.34779053926467896,
    0.3466610014438629,
    0.3640386462211609,
    0.37663644552230835,
    0.6989879012107849,
    0.6861066222190857,
    0.6847463846206665,
    0.6740834712982178,
    0.662902295589447,
    0.651627242565155,
    0.6509835124015808,
    0.64063960313797,
    0.6301749348640442,
    0.6300194263458252,
    0.6200191378593445,
    0.6201721429824829,
    0.6106163263320923,
    0.6009078621864319,
    0.6015020608901978,
    0.592208743095398,
    0.593088686466217,
    0.5832943916320801,
    0.5751187205314636,
    0.5764058828353882,
    0.5677042007446289,
    0.569262683391571,
    0.560775101184845,
    0.5626023411750793,
    0.5577484965324402,
    0.5439974069595337,
    0.4820217490196228,
    0.45041579008102417,
    0.4145811200141907,
    0.3826199769973755,
    0.37208497524261475,
    0.3502829074859619,
    0.32924163341522217,
    0.31888309121131897,
    0.31744542717933655,
    0.28668782114982605,
