{
  "step": 90,
  "timestamp": 2.88,
  "robot_pose_odom": {
    "x": -4.52752342283701e-11,
    "y": 1.931261130043281e-18,
    "yaw_fused": -3.7554570681746296e-07,
    "yaw_imu": -3.807810600164885e-07
  },
  "lidar_pose_relative_to_robot": {
    "x_offset": 0.0,
    "y_offset": 0.0,
    "yaw_offset": 0.0
  },
  "lidar_meta": {
    "fov": 6.283184,
    "horizontal_resolution": 400,
    "angle_min": -3.141592,
    "angle_increment": 0.015747328320802004
  },
  "ranges": [
    1.0311448574066162,
    1.0243463516235352,
    1.0172574520111084,
    1.004146695137024,
    1.0020418167114258,
    0.4966147243976593,
    0.49000903964042664,
    0.4964183270931244,
    0.48988327383995056,
    0.48329004645347595,
    0.49024760723114014,
    0.49753302335739136,
    0.5261787176132202,
    0.5402101874351501,
    0.5789901614189148,
    0.5945761203765869,
    0.6491333842277527,
    0.7007607221603394,
    0.7693576216697693,
    0.8147986531257629,
    0.8762620091438293,
    1.585590124130249,
    null,
    null,
    null,
    null,
    1.4010668992996216,
    2.529073715209961,
    2.0430448055267334,
    2.008460760116577,
    1.9903620481491089,
    1.9888643026351929,
    1.988822102546692,
    null,
    2.385033130645752,
    2.3674685955047607,
    2.3333709239959717,
    2.267498731613159,
    2.2026562690734863,
    2.177037477493286,
    2.107222080230713,
    2.111097812652588,
    3.1096603870391846,
    3.105334997177124,
    3.048827648162842,
    3.0562477111816406,
    1.0623376369476318,
    0.9984491467475891,
    0.9470884203910828,
    0.89020836353302,
    0.8509989380836487,
    0.8396139144897461,
    0.7660032510757446,
    0.7520042657852173,
    0.7115350365638733,
    0.6940704584121704,
    0.6560508608818054,
    0.6372362971305847,
    0.611218273639679,
    0.606063961982727,
    0.6139912605285645,
    0.6222843527793884,
    0.6175374388694763,
    0.6264277100563049,
    0.6219165325164795,
    0.631456196308136,
    0.631456196308136,
    0.635736882686615,
    0.6400457620620728,
    0.6443870067596436,
    0.6487644910812378,
    0.6531821489334106,
    0.6447489261627197,
    0.6621529459953308,
    0.6667132377624512,
    0.6588961482048035,
    0.6760008335113525,
    0.6685788035392761,
    0.6823649406433105,
    0.6903992295265198,
    0.6904569864273071,
    0.7007107138633728,
    0.7092041969299316,
    0.7106049656867981,
    0.7268508672714233,
    0.7324658036231995,
    0.7324509024620056,
    0.7458203434944153,
    0.759792149066925,
    0.7544222474098206,
    0.7753689885139465,
    0.7921684384346008,
    0.7962321639060974,
    0.808887779712677,
    0.8163625597953796,
    0.8207042217254639,
    0.8417757153511047,
    0.8416903018951416,
    0.853023886680603,
    2.1373069286346436,
    2.186415910720825,
    0.8212090134620667,
    0.8183306455612183,
    0.8156729340553284,
    0.8132323622703552,
    0.90447598695755,
    1.0146936178207397,
    1.1648083925247192,
    1.3752596378326416,
    1.6759191751480103,
    2.437802314758301,
    2.466158628463745,
    2.4637222290039062,
    2.4520363807678223,
    2.4405949115753174,
    2.43007493019104,
    2.43007493019104,
    2.4106688499450684,
    2.4118595123291016,
    2.403409719467163,
    2.3956682682037354,
    2.3884782791137695,
    2.381831169128418,
    2.375718593597412,
    2.371103525161743,
    2.3764102458953857,
    2.3706464767456055,
    2.366623640060425,
    2.363102436065674,
    2.3600778579711914,
    2.364408493041992,
    null,
    null,
    null,
    null,
    null,
    2.0856821537017822,
    1.785840392112732,
    1.5597831010818481,
    1.4204912185668945,
    1.4088190793991089,
    1.4117460250854492,
    0.8422148823738098,
    0.7815737724304199,
    0.7218400239944458,
    0.6770272850990295,
    0.6283890604972839,
    0.5901281833648682,
    0.5809008479118347,
    0.5395052433013916,
    0.5143139958381653,
    0.4852270483970642,
    0.45442265272140503,
    0.4481634497642517,
    0.4287034273147583,
    0.4207805395126343,
    0.3978240489959717,
    0.37738481163978577,
    0.3698694705963135,
    0.34816429018974304,
    0.3527182638645172,
    0.33100220561027527,
    0.3221933841705322,
    0.3178309500217438,
    0.30404797196388245,
    0.28769782185554504,
    0.2946796715259552,
    0.29022783041000366,
    0.2723599970340729,
    0.2684946358203888,
    0.26480191946029663,
    null,
    null,
    null,
    null,
    null,
    null,
    null,
    null,
    null,
    null,
    null,
    null,
    null,
    null,
    null,
    null,
    null,
    null,
    null,
    null,
    null,
    null,
    null,
    null,
    null,
    null,
    null,
    null,
    null,
    null,
    null,
    null,
    null,
    null,
    null,
    null,
    null,
    null,
    null,
    null,
    null,
    null,
    null,
    null,
    null,
    null,
    null,
    null,
    null,
    null,
    null,
    null,
    null,
    null,
    null,
    null,
    null,
    null,
    null,
    null,
    null,
    null,
    null,
    null,
    null,
    null,
    null,
    null,
    null,
    null,
    null,
    null,
    null,
    null,
    null,
    null,
    null,
    null,
    null,
    null,
    null,
    null,
    null,
    null,
    null,
    null,
    null,
    null,
    null,
    null,
    null,
    null,
    null,
    null,
    null,
    null,
    null,
    null,
    null,
    null,
    null,
    null,
    null,
    null,
    0.20074871182441711,
    0.20104700326919556,
    0.2114657759666443,
    0.21188585460186005,
    0.21236006915569305,
    0.21288906037807465,
    0.22363892197608948,
    0.224310040473938,
    0.22504092752933502,
    0.23609758913516998,
    0.23698963224887848,
    0.23794735968112946,
    0.24936217069625854,
    0.2505028545856476,
    0.2517163157463074,
    0.2635461986064911,
    0.2649674415588379,
    0.26647013425827026,
    0.2787787616252899,
    0.2805179953575134,
    0.2932087779045105,
    0.30614233016967773,
    0.30832138657569885,
    0.3106088936328888,
    0.3241872191429138,
    0.33806103467941284,
    0.3408844769001007,
    0.35921862721443176,
    0.3700646460056305,
    0.3851909935474396,
    0.3889167904853821,
    0.416620135307312,
    0.42094141244888306,
    0.4465269446372986,
    0.467055082321167,
    0.4820025861263275,
    0.498862087726593,
    0.5342239737510681,
    0.5724831223487854,
    0.6048151254653931,
    0.6360054612159729,
    0.68228679895401,
    0.7446057200431824,
    0.789223313331604,
    0.883969247341156,
    0.9330445528030396,
    0.9703571796417236,
    1.130523681640625,
    1.152153730392456,
    1.165610671043396,
    1.1849033832550049,
    1.1812350749969482,
    1.2230279445648193,
    1.2540076971054077,
    1.2584774494171143,
    1.2724769115447998,
    1.2950210571289062,
    1.3166215419769287,
    1.3373676538467407,
    1.37686288356781,
    1.3882948160171509,
    1.3917728662490845,
    1.451967716217041,
    1.4646936655044556,
    1.478860855102539,
    1.5266199111938477,
    1.5718718767166138,
    1.5965183973312378,
    1.6114286184310913,
    1.668009638786316,
    1.744507908821106,
    1.7933628559112549,
    1.7929974794387817,
    1.8442542552947998,
    1.8838328123092651,
    1.9238786697387695,
    1.9440940618515015,
    1.9931492805480957,
    1.1641576290130615,
    1.1492661237716675,
    1.158026933670044,
    1.1560202836990356,
    1.163910984992981,
    1.1726139783859253,
    1.1815638542175293,
    1.1907724142074585,
    1.2002506256103516,
    1.2100638151168823,
    1.2200642824172974,
    1.2302590608596802,
    1.2506732940673828,
    null,
    1.2734944820404053,
    1.285223364830017,
    1.2973291873931885,
    1.3098278045654297,
    1.3207929134368896,
    1.3461803197860718,
    1.356889009475708,
    1.374245524406433,
    1.3842952251434326,
    1.4144723415374756,
    1.4302830696105957,
    1.4466429948806763,
    1.4538661241531372,
    1.5008503198623657,
