{
  "step": 1225,
  "timestamp": 39.2,
  "robot_pose_odom": {
    "x": -2.4761571040822106,
    "y": 1.229619764690482,
    "yaw_fused": 0.9692543475073386,
    "yaw_imu": 0.9684840394485974
  },
  "lidar_pose_relative_to_robot": {
    "x_offset": 0.0,
    "y_offset": 0.0,
    "yaw_offset": 0.0
  },
  "lidar_meta": {
    "fov": 6.283184,
    "horizontal_resolution": 400,
    "angle_min": -3.141592,
    "angle_increment": 0.015747328320802004
  },
  "ranges": [
    2.065735340118408,
    1.7262612581253052,
    1.6630107164382935,
    1.5093485116958618,
    1.4211194515228271,
    1.2816534042358398,
    1.1930530071258545,
    1.1051217317581177,
    1.0675959587097168,
    0.9944131374359131,
    0.9265647530555725,
    0.8894137144088745,
    0.8386720418930054,
    0.8176947236061096,
    0.7665532231330872,
    0.7359211444854736,
    0.7022423148155212,
    0.6773658394813538,
    0.6554096937179565,
    0.6264587640762329,
    0.6139618158340454,
    0.6001109480857849,
    null,
    null,
    null,
    0.5248154401779175,
    0.5212600827217102,
    0.5008612275123596,
    0.48528656363487244,
    0.46898743510246277,
    0.4663426876068115,
    0.4548594653606415,
    null,
    null,
    0.42599382996559143,
    0.41382157802581787,
    0.4121559262275696,
    0.40033939480781555,
    0.3989361822605133,
    0.38979372382164,
    0.376120001077652,
    0.37509027123451233,
    0.3640458285808563,
    0.36323288083076477,
    0.3625127673149109,
    0.3518322706222534,
    0.35131028294563293,
    0.34085118770599365,
    0.3405144512653351,
    0.34026235342025757,
    0.33009159564971924,
    0.33001017570495605,
    0.32000988721847534,
    0.32008883357048035,
    0.3202469050884247,
    0.3104690611362457,
    0.31077608466148376,
    0.30112308263778687,
    0.30157050490379333,
    0.3020939528942108,
    0.30269405245780945,
    0.2932591438293457,
    0.2939896583557129,
    0.29479673504829407,
    0.28548550605773926,
    0.2864157259464264,
    0.28742316365242004,
    0.2885091304779053,
    0.2793295085430145,
    0.28053244948387146,
    0.28181570768356323,
    0.2726926803588867,
    0.2740880250930786,
    0.27556613087654114,
    0.2771289348602295,
    0.2680565118789673,
    0.2697288393974304,
    0.27148962020874023,
    0.2733413577079773,
    0.264275461435318,
    0.26623618602752686,
    0.2682928740978241,
    0.25918012857437134,
    0.2613447606563568,
    0.26361143589019775,
    0.2659839689731598,
    0.26846644282341003,
    0.259277880191803,
    0.2618755102157593,
    0.2645917534828186,
    0.25527551770210266,
    0.2581093907356262,
    0.261072039604187,
    0.2641693949699402,
    0.2540823519229889,
    0.2578994929790497,
    0.2612727880477905,
    null,
    null,
    null,
    null,
    null,
    null,
    null,
    null,
    null,
    0.26480191946029663,
    0.2743366062641144,
    0.2707946300506592,
    0.2674080431461334,
    0.27674904465675354,
    0.2735041677951813,
    0.27040043473243713,
    0.27958759665489197,
    0.27661874890327454,
    0.2856825888156891,
    0.2828488051891327,
    0.28013908863067627,
    0.28911325335502625,
    0.2865343689918518,
    0.2954334020614624,
    0.29298636317253113,
    0.29065072536468506,
    0.2995157837867737,
    0.2973099946975708,
    0.3061424195766449,
    0.3040684461593628,
    0.312885582447052,
    0.3103661835193634,
    0.310945600271225,
    0.3128855228424072,
    0.31492799520492554,
    0.328009694814682,
    0.33034440875053406,
    0.33279529213905334,
    0.3353661596775055,
    0.33806112408638,
    0.34088456630706787,
    0.3438411056995392,
    0.35850030183792114,
    0.36184626817703247,
    0.3653462529182434,
    0.36900651454925537,
    0.37283381819725037,
    0.3889912962913513,
    0.3933095932006836,
    0.39782407879829407,
    0.40254393219947815,
    0.40747886896133423,
    0.4126392900943756,
    0.4311002492904663,
    0.4369230568408966,
    0.443015992641449,
    0.4493938088417053,
    0.4698925316333771,
    0.4771002531051636,
    0.4840812087059021,
    0.49753323197364807,
    0.5084823369979858,
    0.5259379148483276,
    0.5423621535301208,
    0.5656245350837708,
    0.5724829435348511,
    0.5851588249206543,
    0.6120772957801819,
    0.6187549233436584,
    0.6543080806732178,
    0.6750672459602356,
    0.7159233689308167,
    0.7302932739257812,
    0.7424777746200562,
    0.7466739416122437,
    0.7516940236091614,
    0.7525337934494019,
    0.7613088488578796,
    0.7550032138824463,
    0.7601632475852966,
    0.7628514766693115,
    0.7707550525665283,
    0.7762895226478577,
    0.7710304856300354,
    0.78760826587677,
    0.7827249765396118,
    0.7875701785087585,
    0.7951651811599731,
    0.8011805415153503,
    0.7971018552780151,
    0.8074536323547363,
    0.8151041269302368,
    0.83249831199646,
    0.8305180668830872,
    0.8383064866065979,
    0.8461657762527466,
    0.8541075587272644,
    0.8621434569358826,
    0.8733775019645691,
    0.8785440921783447,
    0.8869312405586243,
    0.8954580426216125,
    0.9052875638008118,
    0.9230125546455383,
    0.9320131540298462,
    0.9412006735801697,
    0.9508788585662842,
    0.9701868295669556,
    0.9800035953521729,
    0.9900040030479431,
    1.0103627443313599,
    1.020641565322876,
    1.0417951345443726,
    1.0523135662078857,
    1.073142647743225,
    1.0962822437286377,
    1.1069239377975464,
    1.132000207901001,
    1.155278205871582,
    1.1790505647659302,
    1.201433539390564,
    1.210964560508728,
    1.237725019454956,
    1.2420786619186401,
    1.236467719078064,
    1.2414644956588745,
    1.246810793876648,
    1.2525142431259155,
    1.258581519126892,
    1.2650216817855835,
    1.271843671798706,
    1.2683978080749512,
    1.2759488821029663,
    1.2839092016220093,
    1.2922905683517456,
    1.3011047840118408,
    1.3103657960891724,
    1.3200876712799072,
    1.3302854299545288,
    1.3409754037857056,
    1.3411813974380493,
    1.359986424446106,
    1.36461341381073,
    1.377349615097046,
    1.3740078210830688,
    1.3688946962356567,
    1.383093237876892,
    1.3768696784973145,
    1.3736944198608398,
    1.3799521923065186,
    1.3794268369674683,
    1.387974500656128,
    1.3848663568496704,
    1.3886334896087646,
    0.35748234391212463,
    0.3490428328514099,
    0.35406771302223206,
    0.34550905227661133,
    0.35080885887145996,
    0.35080915689468384,
    0.3455093502998352,
    0.35406801104545593,
    0.3490430414676666,
    0.4236830770969391,
    0.4180367588996887,
    0.41263940930366516,
    0.407478928565979,
    0.4025440514087677,
    0.397824227809906,
    0.4056006073951721,
    0.40114742517471313,
    0.39688774943351746,
    0.3928135335445404,
    0.38891711831092834,
    0.3851912319660187,
    0.38162946701049805,
    0.3896867334842682,
    0.38633599877357483,
    0.38313600420951843,
    0.38008174300193787,
    0.37716805934906006,
    0.3743903934955597,
    0.3717443645000458,
    0.36922597885131836,
    0.37762054800987244,
    0.3724394142627716,
    0.37094035744667053,
    0.36954405903816223,
    0.3682487905025482,
    0.36705282330513,
    0.376120001077652,
    0.37509027123451233,
    0.37415823340415955,
    0.3733226954936981,
    0.36175861954689026,
    0.37193697690963745,
    0.3713851571083069,
    0.37092629075050354,
    0.3705598711967468,
    0.3702855110168457,
    0.37010273337364197,
    0.37001141905784607,
    0.37001141905784607,
    0.37010273337364197,
    0.3702855110168457,
    0.3705598711967468,
    0.37092629075050354,
    0.3713851571083069,
    0.3814133405685425,
    0.3733365535736084,
    0.38341251015663147,
    0.3842706084251404,
    0.38522782921791077,
    0.3862853944301605,
    0.3874446153640747,
    0.38870707154273987,
    0.3900742828845978,
    0.39154812693595886,
    0.39313042163848877,
    0.39482346177101135,
    0.39662954211235046,
    0.3985508382320404,
    0.4005902111530304,
