{
  "step": 710,
  "timestamp": 22.72,
  "robot_pose_odom": {
    "x": -2.6250614756603436,
    "y": -0.9355353152955114,
    "yaw_fused": 2.599845535895927,
    "yaw_imu": 2.5980489407102625
  },
  "lidar_pose_relative_to_robot": {
    "x_offset": 0.0,
    "y_offset": 0.0,
    "yaw_offset": 0.0
  },
  "lidar_meta": {
    "fov": 6.283184,
    "horizontal_resolution": 400,
    "angle_min": -3.141592,
    "angle_increment": 0.015747328320802004
  },
  "ranges": [
    0.7624136805534363,
    0.7545022964477539,
    0.733587384223938,
    0.7144336104393005,
    0.6965213418006897,
    0.6909010410308838,
    0.669001042842865,
    0.6603854298591614,
    0.6575164794921875,
    0.6330046057701111,
    0.6326351761817932,
    0.6158775091171265,
    0.6073025465011597,
    0.5911873579025269,
    0.5795713067054749,
    0.569259762763977,
    0.5723296403884888,
    0.56373530626297,
    0.5547728538513184,
    0.5456868410110474,
    0.5255987048149109,
    0.5116303563117981,
    null,
    null,
    null,
    null,
    0.43141788244247437,
    0.42798683047294617,
    0.4085268974304199,
    0.397226482629776,
    0.3840378224849701,
    0.3690064251422882,
    0.37283381819725037,
    null,
    0.34414586424827576,
    0.3356640338897705,
    0.3396463394165039,
    0.3310764729976654,
    0.3223743736743927,
    0.30963972210884094,
    0.30452200770378113,
    0.29534393548965454,
    0.29959577322006226,
    0.29022759199142456,
    0.2736654579639435,
    0.28064730763435364,
    0.2764074504375458,
    null,
    null,
    null,
    null,
    null,
    null,
    null,
    null,
    null,
    null,
    null,
    null,
    null,
    null,
    null,
    null,
    null,
    null,
    null,
    null,
    null,
    null,
    null,
    null,
    null,
    null,
    null,
    null,
    null,
    null,
    null,
    null,
    null,
    null,
    null,
    null,
    null,
    null,
    null,
    null,
    null,
    null,
    null,
    null,
    null,
    null,
    null,
    null,
    null,
    null,
    null,
    null,
    null,
    null,
    null,
    null,
    null,
    null,
    null,
    null,
    null,
    null,
    null,
    null,
    null,
    null,
    null,
    null,
    null,
    null,
    null,
    null,
    null,
    null,
    null,
    null,
    null,
    0.21166034042835236,
    0.22383490204811096,
    0.22257263958454132,
    0.22137881815433502,
    0.22025182843208313,
    0.21919000148773193,
    0.22858205437660217,
    0.22760188579559326,
    0.23698966205120087,
    0.23609758913516998,
    0.23527005314826965,
    0.24470189213752747,
    0.24396972358226776,
    0.24330179393291473,
    0.2528096139431,
    0.25224506855010986,
    0.25174498558044434,
    0.26136112213134766,
    0.26097333431243896,
    0.2606509029865265,
    0.2704085111618042,
    0.27020832896232605,
    0.28007772564888,
    0.2800086438655853,
    0.29000893235206604,
    0.2900805175304413,
    0.3002314865589142,
    0.30045393109321594,
    0.31077608466148376,
    0.31116053462028503,
    0.32167521119117737,
    0.3222335875034332,
    0.3319922983646393,
    0.3450542688369751,
    0.3548150956630707,
    0.3557891845703125,
    0.36705276370048523,
    0.3682487905025482,
    0.38324156403541565,
    0.39564546942710876,
    0.40833061933517456,
    0.42131638526916504,
    0.43462303280830383,
    0.453713059425354,
    0.46228116750717163,
    0.4772043526172638,
    0.5021451711654663,
    0.5174531936645508,
    0.5241085290908813,
    0.5690369606018066,
    0.5949200987815857,
    0.6167391538619995,
    0.64598149061203,
    0.6541990637779236,
    0.7154566049575806,
    0.749207615852356,
    0.8025830388069153,
    0.8560330271720886,
    0.9093624949455261,
    0.9859152436256409,
    1.0727512836456299,
    1.1609185934066772,
    1.1823740005493164,
    1.1770395040512085,
    1.1686081886291504,
    1.1824724674224854,
    1.1720932722091675,
    1.1734427213668823,
    1.171839952468872,
    1.1651277542114258,
    1.1655769348144531,
    1.1575291156768799,
    1.1609103679656982,
    1.1577037572860718,
    1.1716666221618652,
    1.1609113216400146,
    1.1711480617523193,
    1.1703249216079712,
    1.165128469467163,
    1.171839714050293,
    1.1785465478897095,
    1.1848267316818237,
    1.1824731826782227,
    1.1838853359222412,
    1.1893302202224731,
    1.1945297718048096,
    1.1995214223861694,
    1.204338550567627,
    1.209012746810913,
    1.2135720252990723,
    1.2180432081222534,
    1.222449779510498,
    1.2275550365447998,
    1.2311584949493408,
    1.2466790676116943,
    1.2509511709213257,
    1.2553578615188599,
    1.2705552577972412,
    1.2749097347259521,
    1.3038201332092285,
    0.8994265794754028,
    0.8708701729774475,
    0.8432224988937378,
    0.805792510509491,
    0.7917252779006958,
    0.7707064151763916,
    0.7517582178115845,
    0.7543390989303589,
    0.7127980589866638,
    0.7048645615577698,
    0.6837655901908875,
    0.6629460453987122,
    0.6532942056655884,
    0.6530745029449463,
    0.6210703253746033,
    0.6102034449577332,
    0.5988870859146118,
    0.5870750546455383,
    0.58430415391922,
    0.5743388533592224,
    0.5596919059753418,
    0.541589081287384,
    0.5486730337142944,
    0.5296036601066589,
    0.5235643982887268,
    0.5221003293991089,
    0.511353611946106,
    0.5051649212837219,
    0.5051649212837219,
    0.49753323197364807,
    0.48124632239341736,
    0.4832902252674103,
    0.47664329409599304,
    0.4702911376953125,
    0.46421921253204346,
    0.45841357111930847,
    0.45286184549331665,
    0.4475520849227905,
    0.44247323274612427,
    0.43761515617370605,
    0.43296828866004944,
    0.43833523988723755,
    0.4360584020614624,
    0.431880921125412,
    0.42009109258651733,
    0.42407068610191345,
    0.42042434215545654,
    0.4169420897960663,
    0.4136182367801666,
    0.41044750809669495,
    0.40742477774620056,
    0.40454524755477905,
    0.401804655790329,
    0.3991987407207489,
    0.3967236280441284,
    0.3943758010864258,
    0.3921518325805664,
    0.39004841446876526,
    0.3880627453327179,
    0.3861919343471527,
    0.3948235511779785,
    0.39313051104545593,
    0.39154815673828125,
    0.3900742828845978,
    0.38870707154273987,
    0.3874446451663971,
    0.3862853944301605,
    0.38522782921791077,
    0.3842706084251404,
    0.38341251015663147,
    0.3826523721218109,
    0.38198933005332947,
    0.38142257928848267,
    0.3809513449668884,
    0.3805749714374542,
    0.38029322028160095,
    0.3901907205581665,
    0.37998512387275696,
    0.3900120258331299,
    0.39010825753211975,
    0.38043883442878723,
    0.390590101480484,
    0.3909763693809509,
    0.39146000146865845,
    0.3920416533946991,
    0.39272215962409973,
    0.39350229501724243,
    0.3943829834461212,
    0.3953653872013092,
    0.39645078778266907,
    0.39764052629470825,
    0.3989361822605133,
    0.40033939480781555,
    0.401852011680603,
    0.40347594022750854,
    0.4156036078929901,
    0.41750475764274597,
    0.40631765127182007,
    0.42167389392852783,
    0.42394787073135376,
    0.42635220289230347,
    0.4288904070854187,
    1.1129519939422607,
    1.1076775789260864,
    1.1152327060699463,
    1.1231707334518433,
    1.131503701210022,
    1.1514235734939575,
    1.1606762409210205,
    1.1703699827194214,
    1.18052077293396,
    1.2027101516723633,
    1.2139352560043335,
    1.225677251815796,
    1.2379570007324219,
    1.2507972717285156,
    1.276377558708191,
    1.2905468940734863,
    1.3053600788116455,
    1.3208469152450562,
    1.337039589881897,
    1.3668673038482666,
    1.3847458362579346,
    1.403449296951294,
    1.4364453554153442,
    1.4571248292922974,
    1.478778600692749,
    1.5014618635177612,
    1.5365082025527954,
    1.535526990890503,
    1.5750720500946045,
    1.6196461915969849,
    1.667287826538086,
    1.6996718645095825,
    1.7126177549362183,
    1.7809470891952515,
