{
  "step": 1145,
  "timestamp": 36.64,
  "robot_pose_odom": {
    "x": -2.8136971004048283,
    "y": 0.8043755134064725,
    "yaw_fused": 1.060821296375469,
    "yaw_imu": 1.0608287766297186
  },
  "lidar_pose_relative_to_robot": {
    "x_offset": 0.0,
    "y_offset": 0.0,
    "yaw_offset": 0.0
  },
  "lidar_meta": {
    "fov": 6.283184,
    "horizontal_resolution": 400,
    "angle_min": -3.141592,
    "angle_increment": 0.015747328320802004
  },
  "ranges": [
    1.6508785486221313,
    1.658431053161621,
    1.654727578163147,
    1.6615169048309326,
    1.6586378812789917,
    1.5514869689941406,
    1.358107089996338,
    1.2044751644134521,
    1.0822908878326416,
    0.9810141324996948,
    0.8901872038841248,
    0.8298662900924683,
    0.7698020339012146,
    0.7198275327682495,
    0.6701276898384094,
    0.6306321024894714,
    0.6035405397415161,
    0.5617796778678894,
    0.5452771186828613,
    0.5126376152038574,
    0.49304044246673584,
    0.4795578718185425,
    null,
    null,
    null,
    null,
    0.3874507546424866,
    0.387639582157135,
    0.34858575463294983,
    0.34819841384887695,
    0.33834308385849,
    0.3252371549606323,
    null,
    null,
    0.30816084146499634,
    0.30665627121925354,
    0.2932087779045105,
    0.2865264117717743,
    0.2752869427204132,
    0.27732935547828674,
    0.2682928740978241,
    0.25918012857437134,
    0.2613447606563568,
    0.2521500885486603,
    0.24285492300987244,
    0.2451215535402298,
    0.2357071489095688,
    null,
    null,
    null,
    null,
    null,
    null,
    null,
    null,
    null,
    null,
    null,
    null,
    null,
    null,
    null,
    null,
    null,
    null,
    null,
    null,
    null,
    null,
    null,
    null,
    null,
    null,
    null,
    null,
    null,
    null,
    null,
    null,
    null,
    null,
    null,
    null,
    null,
    null,
    null,
    null,
    null,
    null,
    null,
    null,
    null,
    null,
    null,
    null,
    null,
    null,
    null,
    null,
    null,
    null,
    null,
    null,
    null,
    null,
    null,
    null,
    null,
    null,
    null,
    null,
    null,
    null,
    null,
    null,
    null,
    null,
    null,
    null,
    null,
    null,
    null,
    null,
    null,
    null,
    null,
    null,
    null,
    null,
    null,
    null,
    null,
    null,
    null,
    null,
    null,
    null,
    null,
    null,
    null,
    null,
    null,
    0.21197393536567688,
    0.2108369767665863,
    0.22025182843208313,
    0.21919000148773193,
    0.2181919515132904,
    0.22760188579559326,
    0.23698966205120087,
    0.23609758913516998,
    0.23527005314826965,
    0.24470189213752747,
    0.24396972358226776,
    0.25343936681747437,
    0.2528096139431,
    0.2613634467124939,
    0.271884560585022,
    0.2714134454727173,
    0.2810482084751129,
    0.2807009816169739,
    0.29021719098091125,
    0.30037721991539,
    0.31008607149124146,
    0.31000956892967224,
    0.3200364410877228,
    0.3300092816352844,
    0.34040796756744385,
    0.3507510721683502,
    0.3605861961841583,
    0.37181660532951355,
    0.3814133405685425,
    0.40354594588279724,
    0.41465309262275696,
    0.42348694801330566,
    0.44759923219680786,
    0.45552754402160645,
    0.4839053153991699,
    0.4955235719680786,
    0.5303854942321777,
    0.5379118323326111,
    0.5939141511917114,
    0.6301536560058594,
    0.6897162199020386,
    0.7213603258132935,
    0.7652536034584045,
    0.8174145221710205,
    0.8905875086784363,
    0.9296354055404663,
    0.993049681186676,
    1.2184559106826782,
    1.2573702335357666,
    1.2663198709487915,
    1.2757149934768677,
    1.2855700254440308,
    1.2959007024765015,
    1.3067238330841064,
    1.3180572986602783,
    1.3299198150634766,
    1.342332363128662,
    1.355316162109375,
    1.3688946962356567,
    1.383093237876892,
    1.3979374170303345,
    1.4134562015533447,
    1.4296802282333374,
    1.4466418027877808,
    1.4516429901123047,
    1.4700270891189575,
    1.4892549514770508,
    1.5093700885772705,
    1.5304185152053833,
    1.5524508953094482,
    1.5755212306976318,
    1.5996884107589722,
    1.6276826858520508,
    1.6569793224334717,
    1.6842458248138428,
    1.709687352180481,
    1.7354168891906738,
    1.7688789367675781,
    1.7846107482910156,
    1.7833114862442017,
    1.7906076908111572,
    1.7930537462234497,
    1.7973651885986328,
    1.8023289442062378,
    1.8072041273117065,
    1.805140733718872,
    0.8485464453697205,
    0.8404172658920288,
    0.8326461315155029,
    0.8403072953224182,
    0.8628342151641846,
    0.878959059715271,
    0.8661283254623413,
    0.8456594944000244,
    0.8259100317955017,
    0.8113415837287903,
    0.7884116768836975,
    0.7768193483352661,
    0.7600795030593872,
    0.747773289680481,
    0.7490121126174927,
    0.7123944163322449,
    0.7020050287246704,
    0.6936746835708618,
    0.6851992011070251,
    0.6872658729553223,
    0.6619839668273926,
    0.6473109722137451,
    0.6379201412200928,
    0.6244843006134033,
    0.6303128004074097,
    0.6197447180747986,
    0.6091669201850891,
    0.6045131683349609,
    0.5956429243087769,
    0.5870750546455383,
    0.5718721151351929,
    0.5786569118499756,
    0.5602834224700928,
    0.5544840693473816,
    0.5617366433143616,
    0.5560839176177979,
    0.563838541507721,
    0.5719557404518127,
    0.6557355523109436,
    0.6244751811027527,
    0.6174238324165344,
    0.608096182346344,
    0.5855737328529358,
    0.5772632956504822,
    0.5693238973617554,
    0.5486729741096497,
    0.541589081287384,
    0.5348158478736877,
    0.5157593488693237,
    0.5097121000289917,
    0.5039278864860535,
    0.49839508533477783,
    0.48107588291168213,
    0.4761373698711395,
    0.4714144468307495,
    0.46689826250076294,
    0.4510164260864258,
    0.4469934105873108,
    0.44314995408058167,
    0.4394794702529907,
    0.4247971177101135,
    0.42154064774513245,
    0.4184362292289734,
    0.41547891497612,
    0.4126642048358917,
    0.3991987407207489,
    0.3967236280441284,
    0.3943758010864258,
    0.3921518325805664,
    0.39004841446876526,
    0.3880627453327179,
    0.3861919343471527,
    0.38443344831466675,
    0.3724394142627716,
    0.37094035744667053,
    0.36954405903816223,
    0.3682487905025482,
    0.36705282330513,
    0.36595457792282104,
    0.3649526834487915,
    0.35270002484321594,
    0.3642042875289917,
    0.35244297981262207,
    0.3518322706222534,
    0.35131028294563293,
    0.35087621212005615,
    0.35052958130836487,
    0.34026235342025757,
    0.3400943875312805,
    0.34001049399375916,
    0.34001049399375916,
    0.3400943875312805,
    0.35012444853782654,
    0.3799104690551758,
    1.0526286363601685,
    1.0539307594299316,
    2.7029306888580322,
    2.6871283054351807,
    2.6718552112579346,
    2.6620235443115234,
    2.631131649017334,
    2.606761932373047,
    2.5827150344848633,
    2.5589566230773926,
    2.5354509353637695,
    2.5367469787597656,
    2.489055871963501,
    2.453096866607666,
    2.453673839569092,
    2.430933713912964,
    2.4066617488861084,
    2.39583158493042,
    2.38993501663208,
    2.3640501499176025,
    2.3719446659088135,
    2.3109352588653564,
    1.5680153369903564,
    1.5527148246765137,
    1.5231258869171143,
    1.498439073562622,
    1.47067129611969,
    1.4551786184310913,
    1.4248385429382324,
    1.4068442583084106,
    1.388296127319336,
    1.369128942489624,
    1.3471800088882446,
    1.350180745124817,
    1.3193340301513672,
    1.299948811531067,
    1.283341646194458,
    1.2874261140823364,
    1.2600454092025757,
    1.2430217266082764,
    1.237158179283142,
    1.217606782913208,
    1.2105993032455444,
    1.2030003070831299,
    1.1823722124099731,
    1.1577037572860718,
    1.1646863222122192,
    1.1609113216400146,
    1.1439120769500732,
    1.1411021947860718,
