{
  "step": 1115,
  "timestamp": 35.68,
  "robot_pose_odom": {
    "x": -2.934230177889678,
    "y": 0.5888834318741056,
    "yaw_fused": 1.0607941773749359,
    "yaw_imu": 1.060828749056422
  },
  "lidar_pose_relative_to_robot": {
    "x_offset": 0.0,
    "y_offset": 0.0,
    "yaw_offset": 0.0
  },
  "lidar_meta": {
    "fov": 6.283184,
    "horizontal_resolution": 400,
    "angle_min": -3.141592,
    "angle_increment": 0.015747328320802004
  },
  "ranges": [
    1.4108730554580688,
    1.4162081480026245,
    1.4095959663391113,
    1.4208881855010986,
    1.4096769094467163,
    1.3262304067611694,
    1.2420439720153809,
    1.1579803228378296,
    0.9938843846321106,
    0.9200012683868408,
    0.8350904583930969,
    0.7629778981208801,
    0.7170157432556152,
    0.6737047433853149,
    0.6246564984321594,
    0.5938917398452759,
    0.562492847442627,
    0.5316197872161865,
    0.5082987546920776,
    0.4901321530342102,
    0.4547491669654846,
    null,
    null,
    null,
    null,
    0.38313600420951843,
    0.37425777316093445,
    0.3549816906452179,
    0.35236743092536926,
    0.3411943316459656,
    0.32578760385513306,
    null,
    null,
    null,
    0.2975359857082367,
    0.2932088077068329,
    0.286526083946228,
    0.27528703212738037,
    0.2773294150829315,
    0.26829293370246887,
    0.2591802179813385,
    0.261344850063324,
    0.25215017795562744,
    0.2428550273180008,
    0.24512164294719696,
    0.2405867576599121,
    null,
    null,
    null,
    null,
    null,
    null,
    null,
    null,
    null,
    null,
    null,
    null,
    null,
    null,
    null,
    null,
    null,
    null,
    null,
    null,
    null,
    null,
    null,
    null,
    null,
    null,
    null,
    null,
    null,
    null,
    null,
    null,
    null,
    null,
    null,
    null,
    null,
    null,
    null,
    null,
    null,
    null,
    null,
    null,
    null,
    null,
    null,
    null,
    null,
    null,
    null,
    null,
    null,
    null,
    null,
    null,
    null,
    null,
    null,
    null,
    null,
    null,
    null,
    null,
    null,
    null,
    null,
    null,
    null,
    null,
    null,
    null,
    null,
    null,
    null,
    null,
    null,
    null,
    null,
    null,
    null,
    null,
    null,
    null,
    null,
    null,
    null,
    null,
    null,
    null,
    null,
    null,
    null,
    null,
    null,
    null,
    null,
    null,
    null,
    null,
    null,
    null,
    null,
    null,
    null,
    null,
    null,
    null,
    null,
    null,
    null,
    null,
    null,
    null,
    null,
    0.29022783041000366,
    0.29959601163864136,
    0.3087688386440277,
    0.30452221632003784,
    0.32659122347831726,
    0.322374552488327,
    0.3438103199005127,
    0.34790748357772827,
    0.36052820086479187,
    0.3810187876224518,
    0.37683549523353577,
    0.40574580430984497,
    0.41871151328086853,
    0.4311784505844116,
    0.4439176023006439,
    0.4663487374782562,
    0.5006735920906067,
    0.510586678981781,
    0.5238903164863586,
    0.5920113325119019,
    0.6023909449577332,
    0.6388125419616699,
    0.6602003574371338,
    0.688520610332489,
    0.821200966835022,
    0.887810468673706,
    0.9560351967811584,
    1.0334432125091553,
    1.1463502645492554,
    1.2744390964508057,
    1.3938318490982056,
    1.5074063539505005,
    1.5257365703582764,
    1.5346213579177856,
    1.549994945526123,
    1.5586903095245361,
    1.5754458904266357,
    1.5842705965042114,
    1.6021993160247803,
    1.611388087272644,
    1.6302876472473145,
    1.6500242948532104,
    1.660024642944336,
    1.6806310415267944,
    1.7016029357910156,
    1.7221593856811523,
    1.7449861764907837,
    1.7674517631530762,
    1.7904703617095947,
    1.814071774482727,
    1.838286280632019,
    1.8582122325897217,
    1.8886808156967163,
    1.91492760181427,
    1.932525634765625,
    1.979926586151123,
    2.008561849594116,
    2.025770425796509,
    2.0228705406188965,
    2.0260677337646484,
    1.0930263996124268,
    1.0725157260894775,
    1.0647265911102295,
    1.0704684257507324,
    1.0860167741775513,
    1.1095457077026367,
    1.1096136569976807,
    1.0338428020477295,
    1.010075569152832,
    0.9908882975578308,
    0.9599514007568359,
    0.9394955039024353,
    0.9072363376617432,
    0.8855614066123962,
    0.8632314801216125,
    0.8404412865638733,
    0.828018307685852,
    0.8083107471466064,
    0.7877187728881836,
    0.7849165201187134,
    0.7569148540496826,
    0.7526354789733887,
    0.7210561037063599,
    0.7296106815338135,
    0.7385551929473877,
    0.7479085326194763,
    1.106521725654602,
    0.8066829442977905,
    0.7699576020240784,
    0.7309877872467041,
    0.6833765506744385,
    0.6315250396728516,
    0.6244761943817139,
    0.6080964803695679,
    0.5719560384750366,
    0.5504140257835388,
    0.5296038389205933,
    0.5094822645187378,
    0.5029042959213257,
    0.48388123512268066,
    0.46544158458709717,
    0.44755226373672485,
    0.43018248677253723,
    0.4254594147205353,
    0.4089146852493286,
    0.40471699833869934,
    0.38891711831092834,
    0.37351879477500916,
    0.37006494402885437,
    0.36676397919654846,
    0.351877361536026,
    0.3634680211544037,
    0.36890286207199097,
    0.37716805934906006,
    0.3743903934955597,
    0.3826780319213867,
    0.3800855576992035,
    1.5320603847503662,
    1.5197762250900269,
    1.516710638999939,
    1.5029610395431519,
    1.50016188621521,
    1.4976102113723755,
    1.4839078187942505,
    1.4814352989196777,
    1.4790699481964111,
    1.4767967462539673,
    1.4746001958847046,
    1.472462773323059,
    1.4703664779663086,
    1.46829092502594,
    1.4662142992019653,
    1.4704499244689941,
    1.4619615077972412,
    1.459730625152588,
    1.4573895931243896,
    1.4549037218093872,
    1.4522349834442139,
    1.4571325778961182,
    1.459240198135376,
    1.4559285640716553,
    1.463295340538025,
    1.3126391172409058,
    1.081239104270935,
    0.9752841591835022,
    0.9892461895942688,
    0.9812461137771606,
    0.9894970655441284,
    2.8460423946380615,
    2.8201394081115723,
    2.795619487762451,
    2.7595252990722656,
    2.7377476692199707,
    2.7045915126800537,
    2.685312509536743,
    2.654839277267456,
    2.6378469467163086,
    2.621863842010498,
    2.5949490070343018,
    2.5809943675994873,
    2.5562682151794434,
    2.521066427230835,
    2.487117052078247,
    2.465731620788574,
    2.434040069580078,
    2.4034571647644043,
    2.3850326538085938,
    2.3564565181732178,
    2.3398020267486572,
    2.313091516494751,
    2.2873005867004395,
    2.2731192111968994,
    2.2490079402923584,
    2.2363250255584717,
    2.215348243713379,
    1.3894858360290527,
    1.3748419284820557,
    1.325255036354065,
    1.3029028177261353,
    1.2591841220855713,
    1.2489441633224487,
    1.2229713201522827,
    1.1952707767486572,
    1.1772710084915161,
    1.1572296619415283,
    1.1414660215377808,
    1.1209394931793213,
    1.1069238185882568,
    1.0862298011779785,
    1.0735740661621094,
    1.0529438257217407,
    1.041795253753662,
    1.030648946762085,
    1.0103628635406494,
    1.0000041723251343,
    0.9900040030479431,
    0.980354368686676,
    0.9605951309204102,
    0.951215922832489,
    0.9420382976531982,
    0.9339130520820618,
    0.924240231513977,
    0.9155977368354797,
    0.909053385257721,
    null,
    null,
    0.8824746012687683,
    0.8744995594024658,
    0.869476318359375,
    0.8725345730781555,
    0.8552234768867493,
    0.8586795926094055,
    0.8369200825691223,
    0.8350095152854919,
    0.8390543460845947,
    0.8343660831451416,
    0.8269613981246948,
    0.8207280039787292,
    0.8256140351295471,
    0.8154156804084778,
    0.8144688606262207,
    0.8090904355049133,
    0.8148493766784668,
    1.4480509757995605,
    1.4367200136184692,
    1.433995246887207,
