{
  "step": 1340,
  "timestamp": 42.88,
  "robot_pose_odom": {
    "x": -1.8937997985735557,
    "y": 1.7220363987768994,
    "yaw_fused": 0.3702298243282195,
    "yaw_imu": 0.37252368192595275
  },
  "lidar_pose_relative_to_robot": {
    "x_offset": 0.0,
    "y_offset": 0.0,
    "yaw_offset": 0.0
  },
  "lidar_meta": {
    "fov": 6.283184,
    "horizontal_resolution": 400,
    "angle_min": -3.141592,
    "angle_increment": 0.015747328320802004
  },
  "ranges": [
    0.8450510501861572,
    0.8112061619758606,
    0.7960208654403687,
    0.7860615849494934,
    0.7756109833717346,
    0.764614462852478,
    0.7530127167701721,
    0.7407398223876953,
    0.7286860942840576,
    0.7249350547790527,
    0.712752640247345,
    0.6910181045532227,
    0.6806036829948425,
    0.6875858902931213,
    0.6771982908248901,
    0.667281985282898,
    0.6578118801116943,
    0.662004828453064,
    0.6531824469566345,
    0.644749104976654,
    0.636685848236084,
    0.6289750933647156,
    null,
    null,
    null,
    null,
    0.6070754528045654,
    0.6010537147521973,
    0.5952955484390259,
    0.5897909998893738,
    0.5845301151275635,
    0.5795039534568787,
    0.5831032991409302,
    null,
    0.5768452286720276,
    0.572597086429596,
    0.568550169467926,
    0.5646985173225403,
    0.561036229133606,
    0.5682799220085144,
    0.5610361099243164,
    0.5646984577178955,
    0.5576164722442627,
    0.561585545539856,
    0.554658830165863,
    0.5589436292648315,
    0.5521665215492249,
    0.5567781329154968,
    0.5501458048820496,
    0.54353266954422,
    0.5486056208610535,
    0.5539120435714722,
    0.5475580096244812,
    0.55323725938797,
    0.5259512066841125,
    0.5133295059204102,
    0.497280091047287,
    0.5031799077987671,
    0.48447269201278687,
    0.46421921253204346,
    0.4702911674976349,
    0.45064491033554077,
    0.443015992641449,
    0.4357758164405823,
    0.41461101174354553,
    0.3999573886394501,
    0.40693843364715576,
    0.40079066157341003,
    0.39492183923721313,
    0.389317125082016,
    0.3839626610279083,
    0.3618941009044647,
    0.3739543557167053,
    0.36927759647369385,
    0.3522258996963501,
    0.3480960726737976,
    0.34414586424827576,
    0.3403673768043518,
    0.33675312995910645,
    0.33329617977142334,
    0.32999011874198914,
    0.32682880759239197,
    0.32380667328834534,
    0.32091835141181946,
    0.31815895438194275,
    0.31552374362945557,
    0.3130083978176117,
    0.3106089234352112,
    0.30832144618034363,
    0.3061423599720001,
    0.304068386554718,
    0.30209633708000183,
    0.30022329092025757,
    0.29844656586647034,
    0.29676353931427,
    0.28618988394737244,
    0.29094791412353516,
    0.28181570768356323,
    0.28053250908851624,
    0.2793295681476593,
    0.2782052457332611,
    0.2771580219268799,
    0.27618658542633057,
    0.2752895951271057,
    0.2744659185409546,
    0.27371448278427124,
    0.27303436398506165,
    0.2724246680736542,
    0.271884560585022,
    0.2714134454727173,
    0.27101075649261475,
    0.270675927400589,
    0.2704085111618042,
    0.27020832896232605,
    0.2700749337673187,
    0.2700083255767822,
    0.2700083255767822,
    0.2700749337673187,
    0.27020832896232605,
    0.2704085111618042,
    0.270675927400589,
    0.26140478253364563,
    0.2714134454727173,
    0.271884560585022,
    0.2623348534107208,
    0.2629219889640808,
    0.2635769248008728,
    0.26430052518844604,
    0.26509368419647217,
    0.26595744490623474,
    0.2668929398059845,
    0.26790133118629456,
    0.26898396015167236,
    0.2701423466205597,
    0.2713780999183655,
    0.2726926803588867,
    0.2740880250930786,
    0.27556613087654114,
    0.2771289348602295,
    0.2787787616252899,
    0.2805179953575134,
    0.28234919905662537,
    0.28427499532699585,
    0.2862984240055084,
    0.28842252492904663,
    0.2906506061553955,
    0.2929862439632416,
    0.2954331934452057,
    0.29799553751945496,
    0.28911301493644714,
    0.30312082171440125,
    0.2946339547634125,
    0.31158143281936646,
    0.3006724417209625,
    0.3038994371891022,
    0.30727308988571167,
    0.31080004572868347,
    0.31448736786842346,
    0.31834277510643005,
    0.3223743736743927,
    0.32659101486206055,
    0.33100220561027527,
    0.33561810851097107,
    0.3404497504234314,
    0.34550905227661133,
    0.35080885887145996,
    0.35080915689468384,
    0.3593297004699707,
    0.35406801104545593,
    0.36246776580810547,
    0.3707227110862732,
    0.37884581089019775,
    0.38684943318367004,
    0.39474523067474365,
    0.4025440514087677,
    0.397824227809906,
    0.41789156198501587,
    0.4133034348487854,
    0.4361373484134674,
    0.44042733311653137,
    0.4429638087749481,
    0.45486196875572205,
    0.4588136076927185,
    0.46991637349128723,
    0.47723856568336487,
    0.47328564524650574,
    0.4806916117668152,
    0.47700661420822144,
    0.48450523614883423,
    0.48108094930648804,
    0.4886814057826996,
    0.4855121076107025,
    0.5069314241409302,
    0.4825018048286438,
    0.48551201820373535,
    0.4886813461780548,
    0.4920145273208618,
    0.49551665782928467,
    0.4991929233074188,
    0.5030492544174194,
    0.5070917010307312,
    0.5113268494606018,
    0.51576167345047,
    0.5204036235809326,
    0.5252606868743896,
    0.5303413271903992,
    0.535654604434967,
    0.5412103533744812,
    0.5470190048217773,
    0.5530915856361389,
    0.5594401359558105,
    0.5660774111747742,
    0.5730171203613281,
    0.5802740454673767,
    0.5878639817237854,
    0.5958041548728943,
    0.5883142352104187,
    0.5991917848587036,
    0.6219165325164795,
    0.631456196308136,
    0.631456196308136,
    0.629558801651001,
    0.6582802534103394,
    0.65781170129776,
    0.6747631430625916,
    0.6884851455688477,
    0.6912248730659485,
    0.7136796712875366,
    0.7170312404632568,
    0.7210561633110046,
    0.7222753167152405,
    0.7293586134910583,
    0.7304725646972656,
    0.7401047945022583,
    0.749383807182312,
    0.758709728717804,
    0.7516940236091614,
    0.771828293800354,
    0.7723021507263184,
    0.7804102897644043,
    0.7883452773094177,
    0.7961309552192688,
    0.8038865923881531,
    0.8113418221473694,
    0.8188073039054871,
    0.8353250622749329,
    0.8442736864089966,
    0.8538858294487,
    0.8587573766708374,
    0.8628716468811035,
    0.8837285041809082,
    0.8834407329559326,
    0.908614993095398,
    0.9213883876800537,
    0.9438608884811401,
    0.9580882787704468,
    0.9660631418228149,
    0.9843053221702576,
    1.010206937789917,
    1.448127031326294,
    1.4561833143234253,
    1.452931523323059,
    1.459366798400879,
    1.467643141746521,
    1.4654656648635864,
    1.473680019378662,
    1.472224235534668,
    1.4811420440673828,
    1.4804109334945679,
    1.4900460243225098,
    1.4900460243225098,
    2.7508456707000732,
    2.762275218963623,
    2.7744128704071045,
    2.7872748374938965,
    2.800013303756714,
    2.825286388397217,
    2.8389294147491455,
    2.1312687397003174,
    2.072791814804077,
    1.9761430025100708,
    1.9346715211868286,
    1.8415632247924805,
    1.817439317703247,
    1.7416367530822754,
    1.7413586378097534,
    1.7483958005905151,
    1.7663153409957886,
    0.49432510137557983,
    0.485177606344223,
    0.474383145570755,
    0.47694137692451477,
    0.46898743510246277,
    0.471779465675354,
    0.4639335870742798,
    0.45610255002975464,
    0.4592134654521942,
    0.45147058367729187,
    0.4548201262950897,
    0.45833367109298706,
    0.4507480263710022,
    0.4431498050689697,
    0.44699332118034363,
    0.43945178389549255,
    0.4318808317184448,
    0.43605825304985046,
    0.4404270052909851,
    0.43296828866004944,
    0.42545920610427856,
    0.4301823079586029,
    0.4226880669593811,
    0.42770281434059143,
    0.43294617533683777,
    0.4255341589450836,
    0.43110013008117676,
