{
  "step": 1385,
  "timestamp": 44.32,
  "robot_pose_odom": {
    "x": -1.781519864544413,
    "y": 1.7446870971555617,
    "yaw_fused": -0.518613439558028,
    "yaw_imu": -0.5234468928967807
  },
  "lidar_pose_relative_to_robot": {
    "x_offset": 0.0,
    "y_offset": 0.0,
    "yaw_offset": 0.0
  },
  "lidar_meta": {
    "fov": 6.283184,
    "horizontal_resolution": 400,
    "angle_min": -3.141592,
    "angle_increment": 0.015747328320802004
  },
  "ranges": [
    0.5152003169059753,
    0.5007112622261047,
    0.4864851236343384,
    0.4772043526172638,
    0.4701687693595886,
    0.4582724869251251,
    0.4485844671726227,
    0.43872198462486267,
    0.4286639094352722,
    0.4183879494667053,
    0.41302481293678284,
    0.40243929624557495,
    0.3972746729850769,
    0.38670486211776733,
    0.3782251179218292,
    0.3738333284854889,
    0.36184611916542053,
    0.36534610390663147,
    0.3571029603481293,
    0.3487800359725952,
    0.3403673768043518,
    0.34414586424827576,
    null,
    null,
    null,
    0.3223743736743927,
    0.32659101486206055,
    0.3177621066570282,
    0.3087686598300934,
    0.3132137656211853,
    0.30404797196388245,
    0.28769782185554504,
    0.2946796715259552,
    0.29022783041000366,
    0.29959601163864136,
    0.29534411430358887,
    0.29128211736679077,
    0.2874002754688263,
    0.28368961811065674,
    0.28014177083969116,
    0.27674904465675354,
    0.2735041677951813,
    0.2826913297176361,
    0.27958759665489197,
    0.27661874890327454,
    0.27377912402153015,
    0.2710634469985962,
    0.26846662163734436,
    0.2659841775894165,
    0.2636116147041321,
    0.26134490966796875,
    0.2591802477836609,
    0.26829299330711365,
    0.266236275434494,
    0.26427558064460754,
    0.2624077796936035,
    0.2606301009654999,
    0.25893980264663696,
    0.25863850116729736,
    0.2575974762439728,
    0.2566278278827667,
    0.2557283341884613,
    0.254897803068161,
    0.2541351318359375,
    0.25343936681747437,
    0.2528096139431,
    0.25224506855010986,
    0.25174498558044434,
    0.25130876898765564,
    0.2614049017429352,
    0.250625878572464,
    0.250378280878067,
    0.25019291043281555,
    0.25006940960884094,
    0.2500077188014984,
    0.2500077188014984,
    0.25006940960884094,
    0.25019291043281555,
    0.250378280878067,
    0.250625878572464,
    0.2509359121322632,
    0.26078513264656067,
    0.25174498558044434,
    0.25224506855010986,
    0.2528096139431,
    0.2620309889316559,
    0.25605082511901855,
    0.26509368419647217,
    0.26595744490623474,
    0.2566278278827667,
    0.2575974464416504,
    0.26898396015167236,
    0.2701423466205597,
    0.2713780999183655,
    0.2726926803588867,
    0.2740880250930786,
    0.26470449566841125,
    0.2771289348602295,
    0.2787787616252899,
    0.2805179953575134,
    0.28234919905662537,
    0.28427499532699585,
    0.2862984240055084,
    0.28842252492904663,
    0.2906506061553955,
    0.2929862439632416,
    0.2954331934452057,
    0.29799553751945496,
    0.3006775379180908,
    0.3034838140010834,
    0.306419312953949,
    0.30948925018310547,
    0.3126993179321289,
    0.31605541706085205,
    0.31956401467323303,
    0.3232320249080658,
    0.3270668387413025,
    0.3310764729976654,
    0.33526933193206787,
    0.3396546542644501,
    0.34424227476119995,
    0.3490428328514099,
    0.35406771302223206,
    0.3593294024467468,
    0.36484119296073914,
    0.3648415207862854,
    0.3593297004699707,
    0.367686003446579,
    0.36246776580810547,
    0.35748258233070374,
    0.3657821714878082,
    0.3610594868659973,
    0.3692777752876282,
    0.36480554938316345,
    0.36052820086479187,
    0.36872783303260803,
    0.3646794855594635,
    0.3728339672088623,
    0.3690066635608673,
    0.37713176012039185,
    0.37351879477500916,
    0.37006494402885437,
    0.3782253563404083,
    0.3749731481075287,
    0.38313600420951843,
    0.39126062393188477,
    0.38826122879981995,
    0.3854018747806549,
    0.3936116695404053,
    0.3909451365470886,
    0.39919885993003845,
    0.4074459969997406,
    0.4099879264831543,
    0.42352384328842163,
    0.42641258239746094,
    0.429447740316391,
    0.4326338768005371,
    0.4359760284423828,
    0.4394794702529907,
    0.44314995408058167,
    0.44699347019195557,
    0.45101648569107056,
    0.4552259147167206,
    0.4714144766330719,
    0.4761374294757843,
    0.48107588291168213,
    0.48623910546302795,
    0.4916369616985321,
    0.497280091047287,
    0.5031799077987671,
    0.5087569952011108,
    0.5286940932273865,
    0.5356094241142273,
    0.5428438186645508,
    0.5504138469696045,
    0.5583378076553345,
    0.5666350722312927,
    0.5893591046333313,
    0.5963400602340698,
    0.5942757725715637,
    0.5991917848587036,
    0.6041128039360046,
    0.6090441942214966,
    0.6101033091545105,
    0.6189589500427246,
    0.62395179271698,
    0.6246568560600281,
    0.634032130241394,
    0.6362388730049133,
    0.6475110054016113,
    0.6494524478912354,
    0.6567807793617249,
    0.6668863296508789,
    0.676639199256897,
    0.6860750913619995,
    0.6952270269393921,
    0.704494833946228,
    0.6986597180366516,
    0.7212720513343811,
    0.7295718789100647,
    0.7378177046775818,
    0.7457398772239685,
    0.7449728846549988,
    0.7722589373588562,
    0.7855098247528076,
    0.7970475554466248,
    0.8163625597953796,
    0.8207042217254639,
    0.8417757153511047,
    0.8416903018951416,
    0.8717315196990967,
    0.9097722768783569,
    1.356016755104065,
    1.3618272542953491,
    1.3735560178756714,
    1.376448154449463,
    1.3723297119140625,
    1.3771640062332153,
    1.3841632604599,
    1.3914214372634888,
    1.3997020721435547,
    1.397276759147644,
    1.4056726694107056,
    2.6860790252685547,
    2.7036423683166504,
    2.7218072414398193,
    2.740678310394287,
    2.7501115798950195,
    2.7700324058532715,
    2.119929790496826,
    2.0405547618865967,
    1.9716516733169556,
    1.9166719913482666,
    1.8543368577957153,
    1.7964909076690674,
    1.7559150457382202,
    1.7022631168365479,
    1.678655743598938,
    1.6828373670578003,
    1.6995383501052856,
    1.7105642557144165,
    1.741804599761963,
    1.7587666511535645,
    1.7681729793548584,
    1.7946327924728394,
    1.2769458293914795,
    1.2562713623046875,
    1.24537193775177,
    1.2634614706039429,
    1.282705307006836,
    1.3003742694854736,
    1.308115839958191,
    1.3316259384155273,
    0.4452429711818695,
    0.44827982783317566,
    0.44045907258987427,
    0.44372695684432983,
    0.44715479016304016,
    0.43947935104370117,
    0.4431498050689697,
    0.43553197383880615,
    0.43945178389549255,
    0.4318808317184448,
    0.43605825304985046,
    0.42852357029914856,
    0.43296828866004944,
    0.43761515617370605,
    0.4301823079586029,
    0.4351200461387634,
    0.42770281434059143,
    0.43294617533683777,
    0.4255341589450836,
    0.43110013008117676,
    0.4369228780269623,
    0.42959117889404297,
    0.43577566742897034,
    0.4284312427043915,
    0.43500298261642456,
    0.4350033700466156,
    0.44225195050239563,
    0.435776025056839,
    0.4430161416530609,
    0.43692317605018616,
    0.44416406750679016,
    0.4384293854236603,
    0.44568008184432983,
    0.45286205410957336,
    0.44755226373672485,
    0.45476436614990234,
    0.4497714042663574,
    0.4570222795009613,
    0.45233073830604553,
    0.4596293270587921,
    0.46689847111701965,
    0.46258118748664856,
    0.46991637349128723,
    0.47723856568336487,
    0.47328564524650574,
    0.48604652285575867,
    0.4880998134613037,
    0.48450523614883423,
    0.4920145869255066,
    0.4886814057826996,
    0.5070904493331909,
    0.4862403869628906,
    0.5253908634185791,
    0.5286686420440674,
    0.5321196913719177,
    0.5357491374015808,
    0.5505740642547607,
    0.554658830165863,
    0.5589436292648315,
