{
  "step": 1230,
  "timestamp": 39.36,
  "robot_pose_odom": {
    "x": -2.4528647508172665,
    "y": 1.2635461616402641,
    "yaw_fused": 0.9690888140507976,
    "yaw_imu": 0.9685381659698542
  },
  "lidar_pose_relative_to_robot": {
    "x_offset": 0.0,
    "y_offset": 0.0,
    "yaw_offset": 0.0
  },
  "lidar_meta": {
    "fov": 6.283184,
    "horizontal_resolution": 400,
    "angle_min": -3.141592,
    "angle_increment": 0.015747328320802004
  },
  "ranges": [
    2.1796138286590576,
    1.8708488941192627,
    1.6904492378234863,
    1.527963399887085,
    1.40729820728302,
    1.2969034910202026,
    1.216774344444275,
    1.1356446743011475,
    1.0686976909637451,
    1.0012130737304688,
    0.9453853964805603,
    0.9018779993057251,
    0.8589494228363037,
    0.8159685134887695,
    0.7842146754264832,
    0.7509321570396423,
    0.7217543125152588,
    0.6908239722251892,
    0.6700210571289062,
    0.6400730013847351,
    0.6200722455978394,
    0.6003312468528748,
    null,
    null,
    null,
    0.5411586165428162,
    0.5215702652931213,
    0.50273597240448,
    0.49342915415763855,
    0.48416125774383545,
    0.47801193594932556,
    0.4695243537425995,
    null,
    null,
    0.437967449426651,
    0.4286663234233856,
    0.4290217161178589,
    0.4098908603191376,
    0.39662954211235046,
    0.3985508382320404,
    0.388488233089447,
    0.3818160593509674,
    0.37305817008018494,
    0.37527909874916077,
    0.3713912069797516,
    0.3583662807941437,
    0.34987694025039673,
    0.3523672819137573,
    0.34388840198516846,
    0.3465449810028076,
    0.33806103467941284,
    0.32952165603637695,
    0.33237963914871216,
    0.3238065838813782,
    0.3151562511920929,
    0.3182046413421631,
    0.30948925018310547,
    0.3126993179321289,
    0.3038994371891022,
    0.30727308988571167,
    0.29836803674697876,
    0.30190786719322205,
    0.29287534952163696,
    0.2965843975543976,
    0.3004637062549591,
    0.29128193855285645,
    0.2819192111492157,
    0.2859777808189392,
    0.29022759199142456,
    0.28064706921577454,
    0.28064730763435364,
    0.2764074504375458,
    0.2723599970340729,
    0.28191938996315,
    0.2780420184135437,
    0.2743366062641144,
    0.2707946300506592,
    0.2674080431461334,
    0.27674904465675354,
    0.2735041677951813,
    0.27040043473243713,
    0.2674316465854645,
    0.27661874890327454,
    0.27377912402153015,
    0.2710634469985962,
    0.26846662163734436,
    0.2659841775894165,
    0.2636116147041321,
    0.2727077603340149,
    0.2704489529132843,
    0.26829299330711365,
    0.266236275434494,
    0.26427558064460754,
    0.2624077796936035,
    0.2606301009654999,
    0.26972895860671997,
    0.26898401975631714,
    0.26805657148361206,
    0.2697288990020752,
    0.2714896500110626,
    0.27334141731262207,
    0.27528703212738037,
    0.26623624563217163,
    0.26829293370246887,
    0.2704489231109619,
    0.27270767092704773,
    0.2750729024410248,
    0.277548611164093,
    0.2801390290260315,
    0.2828487157821655,
    0.2737790048122406,
    0.276618629693985,
    0.2795875072479248,
    0.28269127011299133,
    0.28593605756759644,
    0.2893284559249878,
    0.29287540912628174,
    0.2836895287036896,
    0.28740015625953674,
    0.291282057762146,
    0.2953440248966217,
    0.2995958924293518,
    0.304048091173172,
    0.2876984775066376,
    0.3016605079174042,
    0.304048091173172,
    0.31321385502815247,
    0.30876874923706055,
    0.31776219606399536,
    0.3265910744667053,
    0.32237446308135986,
    0.31834277510643005,
    0.3270668685436249,
    0.3356640636920929,
    0.331854909658432,
    0.3403673768043518,
    0.3487800359725952,
    0.3451996147632599,
    0.35356083512306213,
    0.3618461787700653,
    0.35850024223327637,
    0.378225177526474,
    0.37497302889823914,
    0.38313597440719604,
    0.3859059512615204,
    0.39935430884361267,
    0.39641326665878296,
    0.40679651498794556,
    0.41700270771980286,
    0.4361262917518616,
    0.4396126866340637,
    0.4370110034942627,
    0.44488245248794556,
    0.4654013514518738,
    0.47468939423561096,
    0.476373553276062,
    0.4930112957954407,
    0.5124219059944153,
    0.5295965671539307,
    0.5406181812286377,
    0.5552254319190979,
    0.5662729740142822,
    0.5857616066932678,
    0.6113467812538147,
    0.6245009899139404,
    0.6438045501708984,
    0.6661149859428406,
    0.6924601197242737,
    0.7126579880714417,
    0.7117774486541748,
    0.7110742926597595,
    0.7105478644371033,
    0.7201998829841614,
    0.7200222015380859,
    0.7200222015380859,
    0.7201998829841614,
    0.7305632829666138,
    0.7311045527458191,
    0.7318274974822998,
    0.7327328324317932,
    0.7438739538192749,
    0.7451651692390442,
    0.7466453909873962,
    0.7483164668083191,
    0.7603181004524231,
    0.7624053955078125,
    0.7646933197975159,
    0.7774141430854797,
    0.7801485657691956,
    0.7830962538719177,
    0.7966063618659973,
    0.8000369668006897,
    0.8036966919898987,
    0.8180779814720154,
    0.8222641348838806,
    0.826698362827301,
    0.8420456051826477,
    0.8470585346221924,
    0.8523430824279785,
    0.868766725063324,
    0.8746923208236694,
    0.8919296860694885,
    0.8985471129417419,
    0.9054884910583496,
    0.924033522605896,
    0.9317508935928345,
    0.9512934684753418,
    0.9598551988601685,
    0.9804862141609192,
    0.9899700284004211,
    1.011791706085205,
    1.022286295890808,
    1.0454139709472656,
    1.0570193529129028,
    1.0815842151641846,
    1.0944160223007202,
    1.1205666065216064,
    1.1476527452468872,
    1.1626639366149902,
    1.19160795211792,
    1.1971745491027832,
    1.198383092880249,
    1.2023714780807495,
    1.2067824602127075,
    1.21376371383667,
    1.2223703861236572,
    1.2120020389556885,
    1.2240238189697266,
    1.2308467626571655,
    1.237157940864563,
    1.2430214881896973,
    1.24849534034729,
    1.2662111520767212,
    1.2709095478057861,
    1.2753666639328003,
    1.2796216011047363,
    1.2957364320755005,
    1.2995661497116089,
    1.315081000328064,
    1.3193522691726685,
    1.333688497543335,
    1.3524421453475952,
    1.3408130407333374,
    1.3438454866409302,
    1.341464877128601,
    1.344852328300476,
    1.3433520793914795,
    1.3470909595489502,
    1.3509268760681152,
    1.3548732995986938,
    1.3759567737579346,
    1.3704185485839844,
    1.378957748413086,
    1.383785367012024,
    0.33646509051322937,
    0.335458368062973,
    0.3345399498939514,
    0.33370867371559143,
    0.3329634666442871,
    0.33230337500572205,
    0.3317275643348694,
    0.3312353789806366,
    0.34085118770599365,
    0.3405144512653351,
    0.4104621112346649,
    0.40011101961135864,
    0.4000123143196106,
    0.4000123143196106,
    0.39010825753211975,
    0.3903009295463562,
    0.390590101480484,
    0.3909763693809509,
    0.38142257928848267,
    0.38198933005332947,
    0.3826523721218109,
    0.38341251015663147,
    0.37415823340415955,
    0.37509027123451233,
    0.376120001077652,
    0.37724870443344116,
    0.3682487905025482,
    0.36954405903816223,
    0.37094029784202576,
    0.37243935465812683,
    0.36365318298339844,
    0.3653166890144348,
    0.3670862913131714,
    0.36896467208862305,
    0.3709544241428375,
    0.3623993992805481,
    0.36455684900283813,
    0.3668312132358551,
    0.3692258894443512,
    0.3717442452907562,
    0.36337873339653015,
    0.36607474088668823,
    0.36890268325805664,
    0.36059844493865967,
    0.3636101186275482,
    0.36676374077796936,
    0.3700646460056305,
    0.37351855635643005,
    0.36534610390663147,
    0.3690064251422882,
    0.37283381819725037,
    0.3646793067455292,
    0.3687276840209961,
    0.37296003103256226,
    0.37738481163978577,
    0.3820112943649292,
    0.37395426630973816,
    0.37884557247161865,
    0.3839625418186188,
    0.38931700587272644,
