{
  "step": 290,
  "timestamp": 9.28,
  "robot_pose_odom": {
    "x": -0.33237325602828927,
    "y": -0.5778913400459808,
    "yaw_fused": -2.0936772122177962,
    "yaw_imu": -2.093745324819881
  },
  "lidar_pose_relative_to_robot": {
    "x_offset": 0.0,
    "y_offset": 0.0,
    "yaw_offset": 0.0
  },
  "lidar_meta": {
    "fov": 6.283184,
    "horizontal_resolution": 400,
    "angle_min": -3.141592,
    "angle_increment": 0.015747328320802004
  },
  "ranges": [
    null,
    null,
    2.839934825897217,
    2.328099250793457,
    2.079026222229004,
    2.0705718994140625,
    1.328406572341919,
    1.2050130367279053,
    1.1014394760131836,
    1.0142560005187988,
    0.9339509010314941,
    0.8705838322639465,
    0.7930300831794739,
    0.7603194117546082,
    0.7214999794960022,
    0.6805402040481567,
    0.6448249220848083,
    0.6337710022926331,
    0.582881510257721,
    0.5580238103866577,
    0.5173033475875854,
    null,
    null,
    null,
    null,
    0.449145644903183,
    0.42595356702804565,
    0.4127104878425598,
    0.4035460948944092,
    0.39261770248413086,
    0.3818541467189789,
    0.37061116099357605,
    null,
    0.3502700626850128,
    0.3500971794128418,
    0.33998388051986694,
    0.3299836218357086,
    0.32008883357048035,
    0.3202469050884247,
    0.31069058179855347,
    0.3007510304450989,
    0.30112308263778687,
    0.2915181517601013,
    0.292024165391922,
    0.2825144827365875,
    0.28314676880836487,
    0.2721685767173767,
    0.26430052518844604,
    0.26509368419647217,
    0.26595744490623474,
    0.2566278278827667,
    0.2575974464416504,
    0.24829289317131042,
    0.23897208273410797,
    0.24006524682044983,
    0.2412281334400177,
    0.23192065954208374,
    0.23317134380340576,
    0.23449371755123138,
    0.235889732837677,
    0.2265722155570984,
    0.22805127501487732,
    0.21867308020591736,
    0.22022953629493713,
    null,
    null,
    null,
    null,
    null,
    null,
    null,
    null,
    null,
    null,
    null,
    null,
    null,
    null,
    null,
    null,
    null,
    null,
    null,
    null,
    null,
    null,
    null,
    null,
    null,
    null,
    null,
    null,
    null,
    null,
    null,
    null,
    null,
    null,
    null,
    null,
    null,
    null,
    null,
    null,
    null,
    null,
    null,
    null,
    null,
    null,
    null,
    null,
    null,
    null,
    null,
    null,
    null,
    null,
    null,
    null,
    null,
    null,
    null,
    null,
    null,
    null,
    null,
    null,
    null,
    null,
    null,
    null,
    null,
    null,
    null,
    null,
    null,
    null,
    null,
    null,
    null,
    null,
    null,
    null,
    null,
    null,
    0.26300346851348877,
    0.26740792393684387,
    0.2767488956451416,
    0.2735040783882141,
    0.28269124031066895,
    0.2795874774456024,
    0.28864553570747375,
    0.2975858747959137,
    0.30641940236091614,
    0.30348387360572815,
    0.3122421205043793,
    0.3170018196105957,
    0.3291521370410919,
    0.33806112408638,
    0.3411904573440552,
    0.35240399837493896,
    0.36342740058898926,
    0.3739955425262451,
    0.38008546829223633,
    0.3946385979652405,
    0.40466102957725525,
    0.41451194882392883,
    0.4236850440502167,
    0.44431763887405396,
    0.44827061891555786,
    0.47344979643821716,
    0.4732673764228821,
    0.4862403869628906,
    0.4904893934726715,
    0.5029905438423157,
    0.5012274980545044,
    0.4995996654033661,
    0.508270263671875,
    0.5068787336349487,
    0.514498233795166,
    0.5246697068214417,
    0.5236295461654663,
    0.5327745676040649,
    0.5319840908050537,
    0.5416669845581055,
    0.550832211971283,
    0.5504243969917297,
    0.5600730180740356,
    0.5700175762176514,
    0.5700175762176514,
    0.5802433490753174,
    0.5904552340507507,
    0.5908927321434021,
    0.6011870503425598,
    0.6127151250839233,
    0.6238217353820801,
    0.6343973875045776,
    0.635657548904419,
    0.648425817489624,
    0.6604883074760437,
    0.6728324294090271,
    0.6807772517204285,
    0.6984330415725708,
    0.7117252349853516,
    0.7253702282905579,
    0.7393878698348999,
    0.7641894221305847,
    0.7790644764900208,
    0.7943803668022156,
    0.8132823705673218,
    0.8370341062545776,
    0.8515229821205139,
    0.8657183647155762,
    0.900059700012207,
    0.9295855760574341,
    0.9534793496131897,
    0.980117917060852,
    1.0120562314987183,
    1.023101806640625,
    1.0760550498962402,
    1.112817645072937,
    1.138304352760315,
    1.1989414691925049,
    1.22597074508667,
    1.2541269063949585,
    1.2876627445220947,
    1.3141001462936401,
    1.3460692167282104,
    1.3794724941253662,
    1.4200936555862427,
    1.4635390043258667,
    1.501986026763916,
    1.542292833328247,
    1.576812744140625,
    1.6422522068023682,
    1.7025657892227173,
    1.7613378763198853,
    1.8304665088653564,
    1.9013495445251465,
    1.9643875360488892,
    1.9930648803710938,
    0.5583380460739136,
    0.5504140257835388,
    0.5428439378738403,
    0.5356096029281616,
    0.5286942720413208,
    0.5475497841835022,
    0.5491794943809509,
    0.5622850060462952,
    0.577673614025116,
    0.5713312029838562,
    0.592487096786499,
    0.5972631573677063,
    0.6197443008422852,
    0.6306769847869873,
    0.6398167610168457,
    0.6572155952453613,
    0.6700363159179688,
    0.6732528805732727,
    0.6935592889785767,
    0.7159005999565125,
    0.7377204298973083,
    0.7412377595901489,
    0.7688473463058472,
    0.8075190186500549,
    0.8441144824028015,
    0.8984285593032837,
    0.903296709060669,
    0.9496369361877441,
    0.9615644812583923,
    1.0019574165344238,
    1.0278478860855103,
    1.0768463611602783,
    1.1151111125946045,
    1.1643260717391968,
    1.2192145586013794,
    1.272165060043335,
    1.3352205753326416,
    1.4018967151641846,
    1.411087989807129,
    1.4103914499282837,
    1.400043249130249,
    1.400043249130249,
    1.3903858661651611,
    1.3910725116729736,
    1.381866693496704,
    1.373429775238037,
    1.3751287460327148,
    1.3671196699142456,
    1.369492769241333,
    1.3722132444381714,
    1.3651719093322754,
    1.3685725927352905,
    1.3621642589569092,
    1.3662519454956055,
    1.360474705696106,
    1.3652600049972534,
    0.8820378184318542,
    0.8793706893920898,
    0.8831576704978943,
    0.8767600059509277,
    0.8810070753097534,
    0.8855152130126953,
    0.8796918988227844,
    0.8846808075904846,
    0.8899475932121277,
    0.8954997062683105,
    0.890485942363739,
    0.8965596556663513,
    0.8919296860694885,
    0.8985471129417419,
    0.9054884910583496,
    0.9014960527420044,
    0.909025251865387,
    0.9169093370437622,
    0.9135971069335938,
    0.922123908996582,
    0.931043267250061,
    0.9284676909446716,
    0.9380980134010315,
    0.9360102415084839,
    0.9464011192321777,
    0.9572641253471375,
    0.9560415744781494,
    0.9677620530128479,
    0.9800180792808533,
    0.9797730445861816,
    0.9930065870285034,
    0.9823789596557617,
    0.9624935984611511,
    0.9197853803634644,
    0.8910890221595764,
    0.884039044380188,
    0.8706835508346558,
    0.8443160653114319,
    0.81890869140625,
    0.8076459169387817,
    0.7838189005851746,
    0.7736988663673401,
    0.7512892484664917,
    0.7421905994415283,
    0.7334884405136108,
    0.7128738164901733,
    0.7050470113754272,
    0.6855334043502808,
    0.6784961223602295,
    0.671765923500061,
    0.6536579132080078,
    0.6476137042045593,
    0.6418370008468628,
    0.6363180875778198,
    0.6451857089996338,
    0.6814423203468323,
    1.2006410360336304,
    1.178228497505188,
    1.1699013710021973,
    1.1619757413864136,
    1.132861614227295,
    1.1309895515441895,
    1.1175118684768677,
    1.1033395528793335,
    1.0956165790557861,
    1.090185284614563,
    1.0811936855316162,
    null,
