{
  "step": 135,
  "timestamp": 4.32,
  "robot_pose_odom": {
    "x": 1.2987802300381807e-09,
    "y": 6.667193940741572e-10,
    "yaw_fused": -0.8805411641895986,
    "yaw_imu": -0.899672140869223
  },
  "lidar_pose_relative_to_robot": {
    "x_offset": 0.0,
    "y_offset": 0.0,
    "yaw_offset": 0.0
  },
  "lidar_meta": {
    "fov": 6.283184,
    "horizontal_resolution": 400,
    "angle_min": -3.141592,
    "angle_increment": 0.015747328320802004
  },
  "ranges": [
    0.7193624377250671,
    0.7081506848335266,
    0.6820998191833496,
    0.6576451659202576,
    0.6371656060218811,
    0.6218910813331604,
    0.6257708668708801,
    0.6189963221549988,
    0.623218297958374,
    0.6276541948318481,
    0.6323109269142151,
    0.6371955871582031,
    0.6310473084449768,
    0.6363177299499512,
    0.6418365836143494,
    0.6476131677627563,
    0.6536574959754944,
    0.6481947302818298,
    0.654688835144043,
    0.6614794135093689,
    0.6685788035392761,
    0.6760008335113525,
    null,
    null,
    null,
    0.6963285803794861,
    0.7054365277290344,
    0.701724648475647,
    0.7115103602409363,
    0.7217534184455872,
    0.7324791550636292,
    0.7437147498130798,
    0.7437153458595276,
    0.7401226758956909,
    0.7672238945960999,
    0.7652097344398499,
    0.7806834578514099,
    0.7929939031600952,
    0.8045921921730042,
    0.8155489563941956,
    0.8259284496307373,
    0.8300998210906982,
    0.8574751615524292,
    0.8663182854652405,
    2.131282091140747,
    2.158704996109009,
    2.206718921661377,
    0.8283807039260864,
    0.8326461315155029,
    0.8252189755439758,
    0.8181232213973999,
    0.85334312915802,
    1.132076382637024,
    1.2426698207855225,
    1.399337649345398,
    1.5969600677490234,
    2.4607596397399902,
    2.476945638656616,
    1.2522183656692505,
    1.4770793914794922,
    1.7830289602279663,
    2.443582773208618,
    2.487802505493164,
    2.480358839035034,
    2.463430404663086,
    2.4573092460632324,
    2.451821804046631,
    2.4368913173675537,
    2.432668685913086,
    2.4190220832824707,
    2.4160332679748535,
    2.4036314487457275,
    2.4018518924713135,
    2.4006662368774414,
    2.390073776245117,
    2.390073776245117,
    2.3806607723236084,
    2.381836414337158,
    2.383601188659668,
    2.3759331703186035,
    2.3788723945617676,
    2.3824069499969482,
    null,
    null,
    null,
    null,
    null,
    2.1350035667419434,
    1.8137131929397583,
    1.5772027969360352,
    1.4364601373672485,
    1.4173386096954346,
    1.4234424829483032,
    0.8471139073371887,
    0.7792437672615051,
    0.7090449929237366,
    0.6685068607330322,
    0.6430723071098328,
    0.5920924544334412,
    0.5627051591873169,
    0.5299373269081116,
    0.5074509382247925,
    0.4846014678478241,
    0.46075859665870667,
    0.4364463686943054,
    0.41407182812690735,
    0.40869224071502686,
    0.40506407618522644,
    0.3738333284854889,
    0.36220911145210266,
    0.3486817479133606,
    0.3451995253562927,
    0.33992135524749756,
    0.31605541706085205,
    0.31956401467323303,
    0.29836803674697876,
    0.30190786719322205,
    0.29287534952163696,
    0.2836894392967224,
    0.27433645725250244,
    0.2652829885482788,
    null,
    null,
    null,
    null,
    null,
    null,
    null,
    null,
    null,
    null,
    null,
    null,
    null,
    null,
    null,
    null,
    null,
    null,
    null,
    null,
    null,
    null,
    null,
    null,
    null,
    null,
    null,
    null,
    null,
    null,
    null,
    null,
    null,
    null,
    null,
    null,
    null,
    null,
    null,
    null,
    null,
    null,
    null,
    null,
    null,
    null,
    null,
    null,
    null,
    null,
    null,
    null,
    null,
    null,
    null,
    null,
    null,
    null,
    null,
    null,
    null,
    null,
    null,
    null,
    null,
    null,
    null,
    null,
    null,
    null,
    null,
    null,
    null,
    null,
    null,
    null,
    null,
    null,
    null,
    null,
    null,
    null,
    null,
    null,
    null,
    null,
    null,
    null,
    null,
    null,
    null,
    null,
    null,
    null,
    null,
    null,
    null,
    null,
    null,
    null,
    null,
    null,
    0.2005006968975067,
    0.2003026157617569,
    0.21016204357147217,
    0.2100583016872406,
    0.2100064754486084,
    0.2200067937374115,
    0.22006107866764069,
    0.22016975283622742,
    0.23034800589084625,
    0.2305757999420166,
    0.23086102306842804,
    0.24125641584396362,
    0.24167518317699432,
    0.25224506855010986,
    0.2528096139431,
    0.2635769248008728,
    0.26430052518844604,
    0.2752895653247833,
    0.27618658542633057,
    0.28742316365242004,
    0.2885091304779053,
    0.30002057552337646,
    0.3163800537586212,
    0.323566198348999,
    0.3251335918903351,
    0.33577898144721985,
    0.3500199615955353,
    0.3623993992805481,
    0.36455684900283813,
    0.3821803331375122,
    0.3974660038948059,
    0.4132274389266968,
    0.42949581146240234,
    0.4411495625972748,
    0.47486674785614014,
    0.49869298934936523,
    0.5230586528778076,
    0.5347680449485779,
    0.5819947123527527,
    0.6190030574798584,
    0.6315303444862366,
    0.7064868807792664,
    0.7551722526550293,
    0.8168737888336182,
    0.8639882206916809,
    0.9935099482536316,
    1.078265905380249,
    1.1333003044128418,
    1.1476527452468872,
    1.1626639366149902,
    1.1783678531646729,
    1.1948004961013794,
    1.212001085281372,
    1.2300121784210205,
    1.2488795518875122,
    1.2698931694030762,
    1.2652969360351562,
    1.3119438886642456,
    1.3243021965026855,
    1.3632477521896362,
    1.376969337463379,
    1.3824514150619507,
    1.4249941110610962,
    1.4804388284683228,
    1.4975301027297974,
    1.5305864810943604,
    1.537322998046875,
    1.6090844869613647,
    1.612594723701477,
    1.6999479532241821,
    1.7173080444335938,
    1.7613143920898438,
    1.8380273580551147,
    1.8510297536849976,
    1.8619968891143799,
    1.9500101804733276,
    1.9531805515289307,
    1.9932737350463867,
    1.1457830667495728,
    1.1337350606918335,
    1.1498792171478271,
    1.9358866214752197,
    1.1794489622116089,
    1.1868071556091309,
    1.1945544481277466,
    1.202702283859253,
    1.2222744226455688,
    1.2313426733016968,
    1.2408548593521118,
    1.2508262395858765,
    1.2612730264663696,
    1.2836735248565674,
    1.295226812362671,
    1.307315468788147,
    1.3199607133865356,
    1.345088243484497,
    1.3590394258499146,
    1.373625636100769,
    1.3888745307922363,
    1.4172483682632446,
    1.4340628385543823,
    1.451643466949463,
    1.4700275659561157,
    1.502319097518921,
    1.5226106643676758,
    1.5438436269760132,
    1.5796873569488525,
    1.6031626462936401,
    1.627753734588623,
    1.6557480096817017,
    1.6984411478042603,
    1.7251003980636597,
    1.7452147006988525,
    1.7212119102478027,
    1.1234732866287231,
    1.1089681386947632,
    1.0950990915298462,
    1.0818365812301636,
    1.0691522359848022,
    1.0693103075027466,
    1.0575700998306274,
    1.0463401079177856,
    1.035598874092102,
    1.0253264904022217,
    1.0155037641525269,
    1.017678141593933,
    1.0086005926132202,
    0.9999281167984009,
    0.9916460514068604,
    0.49187034368515015,
    0.48809972405433655,
    0.4955165982246399,
    0.49201449751853943,
    0.4886813163757324,
    0.4855119585990906,
    0.4983765184879303,
    0.5246442556381226,
    0.5503437519073486,
    0.5751217603683472,
    0.6079179644584656,
    0.6830352544784546,
    0.687818706035614,
    null,
    null,
    1.4028878211975098,
    1.4116203784942627,
    1.4070358276367188,
    1.402825951576233,
    1.3989852666854858,
    1.3955090045928955,
    2.416163682937622,
    2.014714002609253,
    1.9998418092727661,
    1.986980676651001,
    1.9952971935272217,
    2.013484477996826,
