{
  "step": 1600,
  "timestamp": 51.2,
  "robot_pose_odom": {
    "x": -1.6524608805246108,
    "y": 1.0758974292142873,
    "yaw_fused": -2.730378765774573,
    "yaw_imu": -2.7300918773149587
  },
  "lidar_pose_relative_to_robot": {
    "x_offset": 0.0,
    "y_offset": 0.0,
    "yaw_offset": 0.0
  },
  "lidar_meta": {
    "fov": 6.283184,
    "horizontal_resolution": 400,
    "angle_min": -3.141592,
    "angle_increment": 0.015747328320802004
  },
  "ranges": [
    0.635736882686615,
    0.631456196308136,
    0.631456196308136,
    0.635736882686615,
    0.6264277100563049,
    0.6309622526168823,
    0.6355243921279907,
    0.6270548701286316,
    0.6318539381027222,
    0.6366855502128601,
    0.6289747953414917,
    0.634032130241394,
    1.8776220083236694,
    1.8720204830169678,
    1.8641691207885742,
    1.8450323343276978,
    1.838516354560852,
    1.8209033012390137,
    1.8118619918823242,
    1.1117528676986694,
    1.1021934747695923,
    1.093064308166504,
    null,
    null,
    null,
    1.049630880355835,
    1.0425201654434204,
    1.0357588529586792,
    1.029336929321289,
    1.0232453346252441,
    1.0174750089645386,
    1.0030356645584106,
    null,
    null,
    0.9870588779449463,
    0.982826292514801,
    0.9788703918457031,
    0.975185751914978,
    0.9717676639556885,
    0.9584157466888428,
    0.955548107624054,
    0.9529320001602173,
    0.9505641460418701,
    0.9484414458274841,
    0.9465611577033997,
    0.9449209570884705,
    0.9334815740585327,
    0.9323282837867737,
    0.9314072132110596,
    0.9510245323181152,
    1.0914570093154907,
    1.2905722856521606,
    2.140065908432007,
    2.140594005584717,
    2.141651153564453,
    2.143238067626953,
    2.1353323459625244,
    2.1379737854003906,
    2.14115047454834,
    2.1347973346710205,
    2.1390380859375,
    2.1438252925872803,
    2.149165630340576,
    2.144900321960449,
    2.151337146759033,
    2.1583471298217773,
    2.1659388542175293,
    2.163818359375,
    2.172562837600708,
    1.5174888372421265,
    1.4220162630081177,
    1.319583773612976,
    1.2443171739578247,
    1.167434573173523,
    1.1037904024124146,
    1.0722260475158691,
    1.0789153575897217,
    1.0750988721847534,
    1.082431674003601,
    1.0901362895965576,
    1.0871310234069824,
    1.0955291986465454,
    0.6255188584327698,
    0.6018601059913635,
    0.5959910750389099,
    0.5897905230522156,
    0.5952951908111572,
    0.6010532379150391,
    0.607075035572052,
    0.6133717894554138,
    0.6199548244476318,
    0.6268370747566223,
    0.6340320706367493,
    0.6415542364120483,
    0.6494192481040955,
    0.657643735408783,
    0.6570696830749512,
    0.6752445101737976,
    0.6712362170219421,
    0.6808995008468628,
    0.6910181045532227,
    0.7016177177429199,
    0.7085986137390137,
    0.7186594009399414,
    0.7263698577880859,
    0.7407335042953491,
    0.7542033195495605,
    0.7668665647506714,
    0.7685955762863159,
    0.7900815606117249,
    0.8094066977500916,
    0.823357105255127,
    0.8386729955673218,
    0.8541622757911682,
    0.8747949600219727,
    0.8787635564804077,
    0.9143785238265991,
    0.9224885702133179,
    0.9442620873451233,
    0.9820512533187866,
    0.9893059730529785,
    1.0199223756790161,
    1.0615241527557373,
    1.08377206325531,
    1.1010017395019531,
    1.132919430732727,
    1.1381018161773682,
    1.2328567504882812,
    1.2469550371170044,
    1.2596566677093506,
    1.2469817399978638,
    1.2336546182632446,
    1.226820468902588,
    1.2222257852554321,
    1.2176716327667236,
    1.2238517999649048,
    1.2028816938400269,
    1.1927262544631958,
    1.1880658864974976,
    1.1833497285842896,
    1.1785550117492676,
    1.1834157705307007,
    1.1686283349990845,
    1.1634407043457031,
    1.1548179388046265,
    1.167637825012207,
    1.1533310413360596,
    1.1529957056045532,
    1.1460342407226562,
    1.152756929397583,
    1.1457126140594482,
    1.151888132095337,
    1.1434755325317383,
    1.1439114809036255,
    1.8166463375091553,
    1.8031933307647705,
    1.817155361175537,
    1.8166460990905762,
    1.8158096075057983,
    1.8147119283676147,
    1.8143740892410278,
    null,
    null,
    null,
    null,
    null,
    null,
    null,
    null,
    null,
    null,
    null,
    null,
    null,
    null,
    null,
    null,
    null,
    null,
    null,
    null,
    null,
    null,
    null,
    null,
    null,
    null,
    null,
    null,
    null,
    null,
    null,
    null,
    null,
    null,
    null,
    null,
    null,
    null,
    null,
    null,
    null,
    null,
    null,
    null,
    null,
    null,
    null,
    null,
    null,
    null,
    null,
    null,
    null,
    null,
    null,
    null,
    null,
    null,
    null,
    null,
    null,
    null,
    null,
    null,
    null,
    null,
    null,
    null,
    null,
    null,
    0.43872198462486267,
    0.4264124929904938,
    0.42944762110710144,
    0.42154061794281006,
    0.42479705810546875,
    0.41694197058677673,
    0.4204241931438446,
    0.4126092195510864,
    0.4163227379322052,
    0.4085359275341034,
    0.41248753666877747,
    0.40471670031547546,
    0.4089145362377167,
    0.4011472463607788,
    0.4056004583835602,
    0.3978240489959717,
    0.4025438129901886,
    0.4074787497520447,
    0.3997442126274109,
    0.4049728512763977,
    0.39720261096954346,
    0.4027417004108429,
    0.3949216902256012,
    0.4007904827594757,
    0.39290592074394226,
    0.39988651871681213,
    0.40079084038734436,
    0.3813040256500244,
    0.3758925199508667,
    0.3707227110862732,
    0.3527185022830963,
    0.34816449880599976,
    0.3438103199005127,
    0.3270670473575592,
    0.3232322037220001,
    0.3195641338825226,
    0.316055566072464,
    0.31269943714141846,
    0.3094894587993622,
    0.2946341931819916,
    0.2918115556240082,
    0.28911325335502625,
    0.2865343689918518,
    0.2727077603340149,
    0.2704489529132843,
    0.26829299330711365,
    0.266236275434494,
    0.26427558064460754,
    0.2624077796936035,
    0.2606301009654999,
    0.24815063178539276,
    0.2482929527759552,
    0.24729357659816742,
    0.24636271595954895,
    0.24549919366836548,
    0.23450596630573273,
    0.23380431532859802,
    0.2331642061471939,
    0.23258483409881592,
    0.23206545412540436,
    0.2316053807735443,
    0.2211517095565796,
    0.22082360088825226,
    0.2205507755279541,
    0.22033289074897766,
    0.22016975283622742,
    0.22006107866764069,
    0.2200067937374115,
    0.2100064754486084,
    0.2100583016872406,
    0.21016204357147217,
    0.21031774580478668,
    0.2105257362127304,
    0.21078616380691528,
    0.21109935641288757,
    0.20139597356319427,
    0.2017960399389267,
    0.20224767923355103,
    0.20275148749351501,
    null,
    null,
    null,
    null,
    null,
    null,
    null,
    null,
    null,
    null,
    null,
    null,
    null,
    null,
    null,
    null,
    null,
    null,
    null,
    null,
    null,
    null,
    0.9367261528968811,
    0.9454688429832458,
    0.9546140432357788,
    0.9424633979797363,
    0.9349297285079956,
    0.9270985126495361,
    0.9189301133155823,
    0.910381555557251,
    0.9014058709144592,
    0.8919516205787659,
    0.8717541098594666,
    0.8752638697624207,
    0.8733645677566528,
    0.8591823577880859,
    0.8625505566596985,
    0.8430421352386475,
    0.8349595665931702,
    0.8419419527053833,
    0.8292223811149597,
    0.8306980729103088,
    0.81890869140625,
    0.8208860158920288,
    0.8230098485946655,
    0.8123838901519775,
    0.814957857131958,
    0.8050881028175354,
    0.795648455619812,
    0.7989103198051453,
    0.8022948503494263,
    0.7937754988670349,
    0.7856270670890808,
    0.7896195650100708,
    0.793727457523346,
    0.7863880395889282,
    null,
    0.784404993057251,
    0.7662720084190369,
    0.7601634860038757,
    0.7543361186981201,
