{
  "step": 1000,
  "timestamp": 32.0,
  "robot_pose_odom": {
    "x": -3.2958893110895575,
    "y": -0.03722425767699696,
    "yaw_fused": 1.1110434993737515,
    "yaw_imu": 1.112123142895942
  },
  "lidar_pose_relative_to_robot": {
    "x_offset": 0.0,
    "y_offset": 0.0,
    "yaw_offset": 0.0
  },
  "lidar_meta": {
    "fov": 6.283184,
    "horizontal_resolution": 400,
    "angle_min": -3.141592,
    "angle_increment": 0.015747328320802004
  },
  "ranges": [
    0.7017248272895813,
    0.705436646938324,
    0.6963288187980652,
    0.7003540992736816,
    0.6918722987174988,
    0.6961921453475952,
    0.7005826234817505,
    0.6928907036781311,
    0.6975600719451904,
    0.7023026347160339,
    0.7071216702461243,
    0.7003474235534668,
    0.7054359912872314,
    0.7145215272903442,
    0.6810299158096313,
    0.6509251594543457,
    0.5705921649932861,
    0.5487208366394043,
    0.5174424648284912,
    0.4897632300853729,
    0.4821602404117584,
    0.4224458634853363,
    null,
    null,
    null,
    null,
    0.3538770079612732,
    0.3406845033168793,
    0.3278060853481293,
    0.3103661835193634,
    0.3091169595718384,
    0.29425549507141113,
    null,
    null,
    0.27638185024261475,
    0.2635769248008728,
    0.2629219889640808,
    0.25224506855010986,
    0.25174498558044434,
    0.2418324500322342,
    0.23086102306842804,
    0.2305757999420166,
    0.23034800589084625,
    0.22016975283622742,
    0.22006107866764069,
    0.2100064754486084,
    0.2100064754486084,
    0.2100583016872406,
    0.2002999186515808,
    null,
    null,
    null,
    null,
    null,
    null,
    null,
    null,
    null,
    null,
    null,
    null,
    null,
    null,
    null,
    null,
    null,
    null,
    null,
    null,
    null,
    null,
    null,
    null,
    null,
    null,
    null,
    null,
    null,
    null,
    null,
    null,
    null,
    null,
    null,
    null,
    null,
    null,
    null,
    null,
    null,
    null,
    null,
    null,
    null,
    null,
    null,
    null,
    null,
    null,
    null,
    null,
    null,
    null,
    null,
    null,
    null,
    null,
    null,
    null,
    null,
    null,
    null,
    null,
    null,
    null,
    null,
    null,
    null,
    null,
    null,
    null,
    null,
    null,
    null,
    null,
    null,
    null,
    null,
    null,
    null,
    null,
    null,
    null,
    null,
    null,
    null,
    null,
    null,
    null,
    null,
    null,
    null,
    null,
    null,
    null,
    null,
    null,
    null,
    null,
    null,
    null,
    null,
    null,
    null,
    null,
    null,
    null,
    0.20875237882137299,
    0.20976358652114868,
    0.22137880325317383,
    0.22257263958454132,
    0.22383490204811096,
    0.22516746819019318,
    0.2373613715171814,
    0.23891086876392365,
    0.2514740228652954,
    0.2532639801502228,
    0.2551429867744446,
    0.2682928740978241,
    0.27044883370399475,
    0.2840704023838043,
    0.2865341901779175,
    0.3006775379180908,
    0.3151562511920929,
    0.3182046413421631,
    0.3312039077281952,
    0.3487800359725952,
    0.3646793067455292,
    0.3687276840209961,
    0.38539206981658936,
    0.40686148405075073,
    0.42021244764328003,
    0.45132410526275635,
    0.4572274088859558,
    0.49036452174186707,
    0.5211900472640991,
    0.5537204146385193,
    0.6004543900489807,
    0.659451425075531,
    0.6804620027542114,
    0.7063046097755432,
    0.7759963870048523,
    0.8765398263931274,
    0.995418131351471,
    1.1768219470977783,
    1.296742558479309,
    1.5076277256011963,
    2.0236151218414307,
    2.231018543243408,
    2.255750894546509,
    2.2674999237060547,
    2.2908005714416504,
    2.293181896209717,
    2.3306477069854736,
    2.3567452430725098,
    2.382031202316284,
    2.4147229194641113,
    2.4305336475372314,
    2.4367008209228516,
    2.4880032539367676,
    2.5258853435516357,
    2.54345703125,
    2.5784130096435547,
    2.6127936840057373,
    2.6831648349761963,
    2.6968581676483154,
    2.7205357551574707,
    1.73971688747406,
    1.7844369411468506,
    1.783908724784851,
    1.6903046369552612,
    1.6111664772033691,
    1.50405752658844,
    1.463955044746399,
    1.405543327331543,
    1.357077717781067,
    0.9334332346916199,
    0.9310436248779297,
    0.9284679889678955,
    0.9380980134010315,
    1.2853277921676636,
    1.7055491209030151,
    1.7060297727584839,
    1.710811734199524,
    1.7317851781845093,
    2.6278882026672363,
    2.618016481399536,
    2.607334852218628,
    2.5862250328063965,
    4.788917541503906,
    4.004978656768799,
    3.901136636734009,
    3.9079771041870117,
    3.8558826446533203,
    2.9959588050842285,
    2.9376420974731445,
    2.8863401412963867,
    2.821746587753296,
    2.7853152751922607,
    2.7377476692199707,
    2.675114631652832,
    2.098163366317749,
    2.0648751258850098,
    2.030048131942749,
    1.9964649677276611,
    1.9759701490402222,
    1.944584608078003,
    1.9259554147720337,
    1.896582007408142,
    1.8682032823562622,
    1.8521395921707153,
    1.836798906326294,
    1.8109772205352783,
    1.786001205444336,
    1.77284836769104,
    1.7493847608566284,
    1.737533450126648,
    1.1652286052703857,
    1.1580040454864502,
    1.1795830726623535,
    1.207463026046753,
    1.2376981973648071,
    1.2904430627822876,
    1.3301677703857422,
    1.332004427909851,
    1.4344455003738403,
    1.5248578786849976,
    1.5499988794326782,
    1.5883678197860718,
    1.5678213834762573,
    1.5940525531768799,
    1.6032828092575073,
    1.6771774291992188,
    1.7643681764602661,
    1.860384225845337,
    1.9665447473526,
    2.0933971405029297,
    2.2403101921081543,
    2.4073989391326904,
    3.1324150562286377,
    3.130868911743164,
    3.1200695037841797,
    3.07022762298584,
    3.0003387928009033,
    2.941540479660034,
    2.895480155944824,
    2.835509777069092,
    2.7925643920898438,
    2.7313594818115234,
    2.6856203079223633,
    2.6575026512145996,
    2.60406231880188,
    2.581127882003784,
    2.5235230922698975,
    2.5073931217193604,
    0.952792763710022,
    0.756057858467102,
    0.6287797093391418,
    0.5350217819213867,
    0.4701605439186096,
    0.40790054202079773,
    0.37525033950805664,
    0.34201955795288086,
    0.3078881502151489,
    0.28660640120506287,
    0.2815634608268738,
    0.24981971085071564,
    0.2323899120092392,
    0.21867308020591736,
    0.22022953629493713,
    0.22186347842216492,
    0.22357739508152008,
    0.2253740131855011,
    null,
    null,
    null,
    null,
    null,
    null,
    null,
    null,
    null,
    1.458439826965332,
    1.425426959991455,
    1.3861989974975586,
    1.3308689594268799,
    1.311652421951294,
    1.2833260297775269,
    1.243751049041748,
    1.2212353944778442,
    1.1823722124099731,
    1.1577037572860718,
    1.1506540775299072,
    1.119450330734253,
    1.103058099746704,
    1.0739785432815552,
    1.0592076778411865,
    1.0450918674468994,
    1.018703579902649,
    1.0059635639190674,
    0.9812011122703552,
    0.969696581363678,
    0.9586923718452454,
    0.9481666684150696,
    0.9260714650154114,
    0.91656494140625,
    0.9074732661247253,
    0.8871071338653564,
    0.8789042830467224,
    0.8710644841194153,
    0.8522117137908936,
    0.8451529741287231,
    0.8384156227111816,
    0.8319883346557617,
    0.8148008584976196,
    null,
    null,
    0.7983977198600769,
    0.7759155035018921,
    0.8069548606872559,
    0.7876083254814148,
    0.786228358745575,
    0.7785406112670898,
    0.7707550525665283,
    0.7628514170646667,
    0.7655179500579834,
    0.7550032138824463,
    0.7495763301849365,
    0.7410724759101868,
    0.7401295900344849,
    0.7350014448165894,
    0.7306925058364868,
    0.7261096239089966,
    0.7336407899856567,
    0.7172027230262756,
    0.725164532661438,
    0.7210561633110046,
    0.7127133011817932,
