{
  "step": 1180,
  "timestamp": 37.76,
  "robot_pose_odom": {
    "x": -2.68021675800553,
    "y": 0.9714823008287888,
    "yaw_fused": 0.8885073863637517,
    "yaw_imu": 0.886723015963466
  },
  "lidar_pose_relative_to_robot": {
    "x_offset": 0.0,
    "y_offset": 0.0,
    "yaw_offset": 0.0
  },
  "lidar_meta": {
    "fov": 6.283184,
    "horizontal_resolution": 400,
    "angle_min": -3.141592,
    "angle_increment": 0.015747328320802004
  },
  "ranges": [
    0.9919436573982239,
    0.9262803792953491,
    0.860247790813446,
    0.8255195617675781,
    0.7640238404273987,
    0.7229645848274231,
    0.6863366365432739,
    0.6493811011314392,
    0.6253255009651184,
    0.6113795042037964,
    0.5647676587104797,
    0.546143651008606,
    0.5286000370979309,
    0.5161328315734863,
    0.4952028691768646,
    0.4701623022556305,
    0.4503486454486847,
    0.45827215909957886,
    0.45770493149757385,
    0.4278620481491089,
    0.4177299737930298,
    0.40747344493865967,
    null,
    null,
    null,
    null,
    0.3628472089767456,
    0.3469357490539551,
    0.3501737713813782,
    0.33689600229263306,
    0.3332962095737457,
    0.3215579092502594,
    null,
    null,
    0.31080007553100586,
    0.3019079566001892,
    0.29287540912628174,
    0.2836895287036896,
    0.28740015625953674,
    0.2780419588088989,
    0.2819192707538605,
    0.2723598778247833,
    null,
    null,
    null,
    null,
    null,
    null,
    null,
    null,
    null,
    null,
    null,
    null,
    null,
    null,
    null,
    null,
    null,
    null,
    null,
    null,
    null,
    null,
    null,
    null,
    null,
    null,
    null,
    null,
    0.21444520354270935,
    0.21317610144615173,
    0.21197393536567688,
    0.2108369767665863,
    0.20976363122463226,
    0.20875237882137299,
    0.20780184864997864,
    0.20691078901290894,
    0.2060779631137848,
    0.20530225336551666,
    0.20458266139030457,
    0.2039182335138321,
    0.2033080905675888,
    0.20275148749351501,
    0.21236006915569305,
    0.21188585460186005,
    0.2114657759666443,
    0.21109935641288757,
    0.21078616380691528,
    0.2105257362127304,
    0.21031774580478668,
    0.21016204357147217,
    0.2100583016872406,
    0.2100064754486084,
    0.2100064754486084,
    0.2100583016872406,
    0.21016204357147217,
    0.21031774580478668,
    0.2105257362127304,
    0.21078616380691528,
    0.21109935641288757,
    0.2114657759666443,
    0.21188585460186005,
    0.21236006915569305,
    0.21288906037807465,
    0.21347349882125854,
    0.21411412954330444,
    0.2148117870092392,
    0.21556736528873444,
    0.21638184785842896,
    0.21725627779960632,
    0.21819190680980682,
    0.21919000148773193,
    0.22025176882743835,
    0.23192065954208374,
    0.23317134380340576,
    0.22501623630523682,
    0.235889732837677,
    0.2373613715171814,
    0.23891086876392365,
    0.24054040014743805,
    0.24225251376628876,
    0.2440498322248459,
    0.24593514204025269,
    0.24791143834590912,
    0.24998195469379425,
    0.2521500885486603,
    0.2544194459915161,
    0.2567940056324005,
    0.259277880191803,
    0.2618755102157593,
    0.2645917534828186,
    0.26743149757385254,
    0.2704003155231476,
    0.2735040485858917,
    0.2850106954574585,
    0.2801416516304016,
    0.2965843975543976,
    0.3004637062549591,
    0.30452200770378113,
    0.3087686598300934,
    0.3132137656211853,
    0.31786832213401794,
    0.32274413108825684,
    0.32972466945648193,
    0.3316889703273773,
    0.3404500186443329,
    0.3490430414676666,
    0.35748258233070374,
    0.3657821714878082,
    0.37905770540237427,
    0.3820114731788635,
    0.4025440514087677,
    0.397824227809906,
    0.4150017201900482,
    0.42870286107063293,
    0.4418265223503113,
    0.4544218182563782,
    0.4762948155403137,
    0.4898793697357178,
    0.4935072064399719,
    0.5233059525489807,
    0.5344228744506836,
    0.5464276671409607,
    0.6031901836395264,
    0.6152807474136353,
    0.6385682225227356,
    0.6515175700187683,
    0.6971683502197266,
    0.736998438835144,
    0.7668405771255493,
    0.8407028913497925,
    0.8896984457969666,
    0.9479645490646362,
    0.9851049780845642,
    1.055286169052124,
    1.062899112701416,
    1.0706793069839478,
    1.0786374807357788,
    1.087538242340088,
    1.0856537818908691,
    1.1041179895401,
    1.1027538776397705,
    1.1114579439163208,
    1.1207184791564941,
    1.130231261253357,
    1.140008568763733,
    1.150062084197998,
    1.1604044437408447,
    1.1710482835769653,
    1.1815639734268188,
    1.2033191919326782,
    1.2140982151031494,
    1.226962685585022,
    1.2393393516540527,
    1.2521066665649414,
    1.265281319618225,
    1.2757885456085205,
    1.303087592124939,
    1.3176212310791016,
    1.332639217376709,
    1.3412973880767822,
    1.3745156526565552,
    1.3814473152160645,
    1.4187651872634888,
    1.4441485404968262,
    1.4656237363815308,
    1.487960696220398,
    1.5150877237319946,
    1.5467079877853394,
    1.5654499530792236,
    1.575216293334961,
    1.5789783000946045,
    1.574446201324463,
    1.5856527090072632,
    1.586323857307434,
    1.5985783338546753,
    1.6001555919647217,
    1.6021569967269897,
    1.6160527467727661,
    1.619032859802246,
    1.6221082210540771,
    1.631258487701416,
    0.644877552986145,
    0.6374255418777466,
    0.6321108341217041,
    0.6391280293464661,
    0.6436185836791992,
    0.6710308790206909,
    0.6876203417778015,
    0.6885378360748291,
    0.6754215955734253,
    0.662485659122467,
    0.6467609405517578,
    0.6400455236434937,
    0.6280950903892517,
    0.6174235939979553,
    0.603391706943512,
    0.5942760705947876,
    0.5855740308761597,
    0.5772634744644165,
    0.5693241357803345,
    0.5617368817329407,
    0.5544841885566711,
    0.5475497841835022,
    0.5409185290336609,
    0.5345762968063354,
    0.5285099148750305,
    0.5227072834968567,
    0.5171567797660828,
    0.5118479132652283,
    0.5067707896232605,
    0.5019158720970154,
    0.4972747564315796,
    0.49283909797668457,
    0.4886013865470886,
    0.48455435037612915,
    0.4806916117668152,
    0.47700661420822144,
    0.4734937250614166,
    0.4701472520828247,
    0.46696221828460693,
    0.4639337956905365,
    0.46105727553367615,
    0.45314455032348633,
    0.4452430307865143,
    0.4482799172401428,
    0.4404592216014862,
    0.443727046251297,
    0.4471548795700073,
    0.4394794702529907,
    0.44314995408058167,
    0.4355320930480957,
    0.4394519627094269,
    0.43224453926086426,
    0.4429642856121063,
    0.511847734451294,
    0.5171566009521484,
    0.4983951151371002,
    0.5039278864860535,
    0.497280091047287,
    0.4862823784351349,
    0.4838811457157135,
    0.477114200592041,
    0.4702911674976349,
    0.46340325474739075,
    0.46986547112464905,
    0.46301183104515076,
    0.4560721218585968,
    0.44903552532196045,
    0.44903552532196045,
    0.4422517716884613,
    0.4357758164405823,
    0.44301605224609375,
    0.43692299723625183,
    0.43110018968582153,
    0.42553427815437317,
    0.43294617533683777,
    0.4277028739452362,
    0.4226880967617035,
    0.41789141297340393,
    0.4133032262325287,
    0.42094141244888306,
    0.4166202247142792,
    0.412487655878067,
    0.40853601694107056,
    0.4047583341598511,
    0.4126093089580536,
    0.4090614914894104,
    0.4056733548641205,
    0.4024393558502197,
    0.39935430884361267,
    0.40742477774620056,
    0.40454524755477905,
    0.401804655790329,
    0.3991987407207489,
    0.40744590759277344,
    0.405034601688385,
    0.40275049209594727,
    0.40059027075767517,
    0.39855092763900757,
    0.39662954211235046,
    0.3948235511779785,
    0.4034760594367981,
    0.4018520414829254,
    0.40033939480781555,
    0.3989361822605133,
    0.39764055609703064,
    0.4066161811351776,
    0.40550297498703003,
    0.40449535846710205,
