{
  "step": 530,
  "timestamp": 16.96,
  "robot_pose_odom": {
    "x": -1.5626361457378566,
    "y": -1.0774736474425908,
    "yaw_fused": -3.082136296977078,
    "yaw_imu": -3.081875106140002
  },
  "lidar_pose_relative_to_robot": {
    "x_offset": 0.0,
    "y_offset": 0.0,
    "yaw_offset": 0.0
  },
  "lidar_meta": {
    "fov": 6.283184,
    "horizontal_resolution": 400,
    "angle_min": -3.141592,
    "angle_increment": 0.015747328320802004
  },
  "ranges": [
    1.208225965499878,
    1.1916086673736572,
    1.1926807165145874,
    1.1656516790390015,
    1.081183671951294,
    1.0272005796432495,
    0.9888712763786316,
    0.9370003342628479,
    0.91494220495224,
    0.8691058158874512,
    0.847235381603241,
    0.7965248823165894,
    0.782418966293335,
    0.7670265436172485,
    0.7259838581085205,
    0.7048652172088623,
    0.6902605295181274,
    0.6649085283279419,
    0.6459822654724121,
    0.627654492855072,
    0.6232184767723083,
    0.6037987470626831,
    null,
    null,
    null,
    0.5473175048828125,
    0.5380001664161682,
    0.528599739074707,
    0.5102860927581787,
    0.514228105545044,
    0.4958230257034302,
    0.48897093534469604,
    null,
    0.46258097887039185,
    0.4668983519077301,
    0.45474961400032043,
    0.4523305594921112,
    0.4481635093688965,
    0.43761521577835083,
    0.4301823675632477,
    0.4226880967617035,
    0.427702933549881,
    0.40747886896133423,
    0.4126392900943756,
    0.40497297048568726,
    0.3972027599811554,
    0.3893170952796936,
    0.39492183923721313,
    0.38697031140327454,
    0.37887370586395264,
    0.37887370586395264,
    0.37314990162849426,
    0.36768582463264465,
    0.3624676465988159,
    0.3574824631214142,
    0.352718323469162,
    0.3481644093990326,
    0.34381017088890076,
    0.3396463692188263,
    0.32607731223106384,
    0.3166748285293579,
    0.32821136713027954,
    0.3247262239456177,
    0.3213927149772644,
    0.31820473074913025,
    0.31515634059906006,
    0.3122421205043793,
    0.3094569742679596,
    0.3067961037158966,
    0.2958559989929199,
    0.3018295168876648,
    0.2995157241821289,
    0.297309935092926,
    0.28652629256248474,
    0.28887027502059937,
    0.29586729407310486,
    0.2787787616252899,
    0.2771289348602295,
    0.27556613087654114,
    0.274088054895401,
    0.2726927399635315,
    0.2713780999183655,
    0.27014240622520447,
    0.26898401975631714,
    0.26790136098861694,
    0.2668929398059845,
    0.26595744490623474,
    0.26509371399879456,
    0.26430052518844604,
    0.2635769248008728,
    0.2629219889640808,
    0.2623348534107208,
    0.26181477308273315,
    0.27198949456214905,
    0.26097333431243896,
    0.2606509029865265,
    0.2603934109210968,
    0.2602006196975708,
    0.26007217168807983,
    0.2600080072879791,
    0.2600080072879791,
    0.26007217168807983,
    0.2602006196975708,
    0.2603934109210968,
    0.2606509029865265,
    0.26097333431243896,
    0.26136112213134766,
    0.26181477308273315,
    0.2623348534107208,
    0.2629219889640808,
    0.2635769248008728,
    0.26430052518844604,
    0.26509368419647217,
    0.26595744490623474,
    0.2668929398059845,
    0.26790133118629456,
    0.26898396015167236,
    0.2701423466205597,
    0.2713780999183655,
    0.2726926803588867,
    0.2740880250930786,
    0.27556613087654114,
    0.2771289348602295,
    0.2787787616252899,
    0.2805179953575134,
    0.28234919905662537,
    0.28427499532699585,
    0.2862984240055084,
    0.28842252492904663,
    0.2906506061553955,
    0.2929862439632416,
    0.2954331934452057,
    0.29799553751945496,
    0.3006775379180908,
    0.3034838140010834,
    0.306419312953949,
    0.30948925018310547,
    0.3126993179321289,
    0.31605541706085205,
    0.31956401467323303,
    0.3232320249080658,
    0.3270668387413025,
    0.3310764729976654,
    0.33526933193206787,
    0.3396546542644501,
    0.34424227476119995,
    0.3490428328514099,
    0.35406771302223206,
    0.3593294024467468,
    0.36484119296073914,
    0.3648415207862854,
    0.3731500804424286,
    0.3813040256500244,
    0.3758925199508667,
    0.39720287919044495,
    0.4049731194972992,
    0.39974445104599,
    0.42021262645721436,
    0.4277030825614929,
    0.4226882755756378,
    0.44536325335502625,
    0.4530148506164551,
    0.4690491855144501,
    0.4642341732978821,
    0.47831991314888,
    0.49060744047164917,
    0.5126069188117981,
    0.5311404466629028,
    0.5336825251579285,
    0.5380284786224365,
    0.5754775404930115,
    0.5930943489074707,
    0.6055338382720947,
    0.6277203559875488,
    0.6320393681526184,
    0.670595645904541,
    0.688931405544281,
    0.702099084854126,
    0.7427834272384644,
    0.771030604839325,
    0.7762895822525024,
    0.7818151712417603,
    0.7987086772918701,
    0.8048787713050842,
    0.8226154446601868,
    0.8408486843109131,
    0.8481414914131165,
    0.8673393726348877,
    0.8754345178604126,
    0.8956875801086426,
    0.9165645837783813,
    0.9260711073875427,
    0.9481663107872009,
    0.9709830284118652,
    0.994560182094574,
    1.0063598155975342,
    1.0314308404922485,
    1.057388186454773,
    1.084282398223877,
    1.1121678352355957,
    1.1411018371582031,
    1.1757639646530151,
    1.2023720741271973,
    1.2348476648330688,
    1.276874303817749,
    1.3114707469940186,
    1.3574144840240479,
    1.4032924175262451,
    1.454965353012085,
    1.5270462036132812,
    1.5269817113876343,
    1.6322823762893677,
    1.7280833721160889,
    1.779570460319519,
    1.8660653829574585,
    1.9044232368469238,
    2.090803861618042,
    2.1712565422058105,
    2.246124744415283,
    2.2411117553710938,
    2.220388650894165,
    2.2195892333984375,
    2.2153801918029785,
    2.2086660861968994,
    2.196882963180542,
    2.199026346206665,
    2.1912360191345215,
    2.1889822483062744,
    2.18277645111084,
    2.174849033355713,
    2.1738338470458984,
    2.173214912414551,
    2.1729958057403564,
    2.1731808185577393,
    2.168332576751709,
    0.8245719075202942,
    0.8208173513412476,
    0.83249831199646,
    2.170024871826172,
    2.1727712154388428,
    2.1759531497955322,
    2.1795761585235596,
    2.1836462020874023,
    2.1881697177886963,
    2.1956207752227783,
    2.19860577583313,
    2.2045321464538574,
    2.2109410762786865,
    2.2178421020507812,
    2.2252426147460938,
    2.233595848083496,
    2.2517361640930176,
    2.250624656677246,
    2.260096549987793,
    2.2800967693328857,
    2.2907180786132812,
    2.301920175552368,
    2.3137168884277344,
    2.326122999191284,
    2.339154005050659,
    2.3516740798950195,
    2.3772263526916504,
    2.39225435256958,
    2.4079806804656982,
    2.4244260787963867,
    2.437781572341919,
    2.469758987426758,
    2.4828271865844727,
    1.895613431930542,
    1.8959170579910278,
    1.9035788774490356,
    1.2296725511550903,
    1.2011595964431763,
    1.1696306467056274,
    1.1459412574768066,
    1.1239879131317139,
    1.1108784675598145,
    1.0773788690567017,
    1.0590062141418457,
    1.0403378009796143,
    1.0123270750045776,
    1.0019479990005493,
    0.9847151041030884,
    0.9890947937965393,
    0.9494410157203674,
    0.9434828162193298,
    0.9244545698165894,
    0.8944952487945557,
    0.8167088627815247,
    0.8180686831474304,
    0.7639119029045105,
    0.7545263171195984,
    0.7382704019546509,
    0.7374553680419922,
    0.7363335490226746,
    0.725292980670929,
    0.7136796712875366,
    0.7092236280441284,
    0.7015488743782043,
    0.6884845495223999,
    0.6870350241661072,
    0.6808995008468628,
    0.6771976947784424,
    0.652539074420929,
    0.659521222114563,
    0.6495575904846191,
    0.6536639928817749,
    0.6443871259689331,
    0.6487647294998169,
    0.6401187777519226,
    0.6318541169166565,
    0.636685848236084,
    0.6289750933647156,
    0.6216003894805908,
    0.6268373131752014,
    0.6199551224708557,
