{
  "step": 190,
  "timestamp": 6.08,
  "robot_pose_odom": {
    "x": 3.725740279428082e-09,
    "y": -1.5443211321005523e-09,
    "yaw_fused": -1.8801850218302125,
    "yaw_imu": -1.8662072168496266
  },
  "lidar_pose_relative_to_robot": {
    "x_offset": 0.0,
    "y_offset": 0.0,
    "yaw_offset": 0.0
  },
  "lidar_meta": {
    "fov": 6.283184,
    "horizontal_resolution": 400,
    "angle_min": -3.141592,
    "angle_increment": 0.015747328320802004
  },
  "ranges": [
    2.4316394329071045,
    2.426827907562256,
    2.422525644302368,
    2.4054043292999268,
    2.4043068885803223,
    2.401421308517456,
    2.399001359939575,
    2.39704966545105,
    2.395568370819092,
    2.3929996490478516,
    2.380817413330078,
    2.3835341930389404,
    2.3746542930603027,
    null,
    null,
    null,
    null,
    2.4680604934692383,
    2.0708141326904297,
    1.7948615550994873,
    1.5721081495285034,
    1.4210951328277588,
    null,
    null,
    null,
    null,
    0.7622580528259277,
    0.7111308574676514,
    0.670515775680542,
    0.6300992965698242,
    0.5999388694763184,
    0.5704052448272705,
    null,
    null,
    0.49059662222862244,
    0.47262242436408997,
    0.451203852891922,
    0.4322473704814911,
    0.4247428774833679,
    0.4032621681690216,
    0.3969113230705261,
    0.37420427799224854,
    0.3647040128707886,
    0.3551676869392395,
    0.35244622826576233,
    0.3359312415122986,
    0.32620254158973694,
    0.311702698469162,
    0.3131285607814789,
    0.30687856674194336,
    0.2936115860939026,
    0.2861648201942444,
    0.2877877354621887,
    0.27599406242370605,
    0.2697288393974304,
    0.2606300413608551,
    0.26240769028663635,
    0.2532639801502228,
    0.2551429867744446,
    0.24593514204025269,
    0.24791143834590912,
    0.2386191338300705,
    0.24068871140480042,
    null,
    null,
    null,
    null,
    null,
    null,
    null,
    null,
    null,
    null,
    null,
    null,
    null,
    null,
    null,
    null,
    null,
    null,
    null,
    null,
    null,
    null,
    null,
    null,
    null,
    null,
    null,
    null,
    null,
    null,
    null,
    null,
    null,
    null,
    null,
    null,
    null,
    null,
    null,
    null,
    null,
    null,
    null,
    null,
    null,
    null,
    null,
    null,
    null,
    null,
    null,
    null,
    null,
    null,
    null,
    null,
    null,
    null,
    null,
    null,
    null,
    null,
    null,
    null,
    null,
    null,
    null,
    null,
    null,
    null,
    null,
    null,
    null,
    null,
    null,
    null,
    null,
    null,
    null,
    null,
    null,
    null,
    null,
    null,
    null,
    null,
    null,
    null,
    null,
    null,
    null,
    null,
    null,
    null,
    null,
    null,
    null,
    null,
    null,
    null,
    null,
    null,
    null,
    null,
    null,
    null,
    null,
    0.27235978841781616,
    0.2764072120189667,
    0.28064706921577454,
    0.28762757778167725,
    0.29022783041000366,
    0.29959601163864136,
    0.3087688386440277,
    0.3177623152732849,
    0.32659122347831726,
    0.3352695107460022,
    0.34321922063827515,
    0.36480554938316345,
    0.36052820086479187,
    0.37812894582748413,
    0.3922349214553833,
    0.40574580430984497,
    0.41871151328086853,
    0.4409387707710266,
    0.45486196875572205,
    0.4588136076927185,
    0.4964660108089447,
    0.5234301686286926,
    0.5437673330307007,
    0.5973662734031677,
    0.6049688458442688,
    0.6277522444725037,
    0.6737058758735657,
    0.6819992065429688,
    0.8104117512702942,
    0.8331332206726074,
    0.8834870457649231,
    1.0316886901855469,
    1.1129820346832275,
    1.1341825723648071,
    1.1425971984863281,
    1.1626026630401611,
    1.1832139492034912,
    1.1930960416793823,
    1.2034438848495483,
    1.225839614868164,
    1.248953104019165,
    1.2610337734222412,
    1.2855709791183472,
    1.2989048957824707,
    1.3250017166137695,
    1.3520017862319946,
    1.379952311515808,
    1.3963242769241333,
    1.4261760711669922,
    1.4571325778961182,
    1.489255428314209,
    1.5226106643676758,
    1.5572683811187744,
    1.5933053493499756,
    1.6308033466339111,
    1.676831841468811,
    1.7048261165618896,
    1.715189814567566,
    1.797806739807129,
    1.8439350128173828,
    1.8678159713745117,
    1.9150675535202026,
    1.9366635084152222,
    1.971949577331543,
    1.1152571439743042,
    1.1217254400253296,
    1.133653998374939,
    1.1337502002716064,
    1.151413917541504,
    1.1567249298095703,
    1.1716300249099731,
    1.1676090955734253,
    1.1833497285842896,
    1.1958988904953003,
    1.2040891647338867,
    1.2028816938400269,
    1.2350304126739502,
    1.2398580312728882,
    1.244345784187317,
    1.2596216201782227,
    1.2553733587265015,
    1.3038188219070435,
    1.3025460243225098,
    1.319329023361206,
    1.3359615802764893,
    1.3524765968322754,
    1.368906021118164,
    1.3852795362472534,
    1.3829187154769897,
    1.4283198118209839,
    1.461045265197754,
    1.467877984046936,
    1.4979779720306396,
    1.5238890647888184,
    1.539393663406372,
    1.566685438156128,
    1.601456880569458,
    1.6316338777542114,
    1.6637792587280273,
    1.697119116783142,
    1.7268705368041992,
    1.7139657735824585,
    1.1119011640548706,
    1.1007030010223389,
    1.0803823471069336,
    1.0700595378875732,
    1.0600061416625977,
    1.0502090454101562,
    1.0406569242477417,
    1.031337022781372,
    1.0222384929656982,
    1.0133496522903442,
    1.0058109760284424,
    0.9969100952148438,
    0.9988903999328613,
    0.9897804260253906,
    0.9817987680435181,
    0.9777945876121521,
    0.4792078137397766,
    0.4807692766189575,
    0.47219517827033997,
    0.47397926449775696,
    0.4758947193622589,
    0.46755409240722656,
    0.4838874638080597,
    0.4979899227619171,
    0.5302127003669739,
    0.5625198483467102,
    0.593349039554596,
    0.6321967840194702,
    0.7087457776069641,
    0.7775775790214539,
    0.8882008790969849,
    1.3984094858169556,
    1.395162582397461,
    1.3920046091079712,
    1.3889204263687134,
    1.3866326808929443,
    1.3907415866851807,
    2.035097122192383,
    2.00657320022583,
    1.981967568397522,
    1.9780619144439697,
    1.9844380617141724,
    2.0057363510131836,
    2.0374042987823486,
    2.356389284133911,
    2.3570566177368164,
    2.268376111984253,
    2.220353126525879,
    2.1830286979675293,
    2.1463379859924316,
    2.0990052223205566,
    2.097170352935791,
    3.0834033489227295,
    3.0381088256835938,
    3.0309908390045166,
    2.9852006435394287,
    2.941488027572632,
    1.042382836341858,
    0.9802493453025818,
    0.9314077496528625,
    0.9077520370483398,
    0.8525679111480713,
    0.8133490085601807,
    0.7803718447685242,
    0.7468568682670593,
    0.7261155247688293,
    0.7007291913032532,
    0.6764050126075745,
    0.6433150768280029,
    0.6306769847869873,
    0.6166876554489136,
    0.6189141869544983,
    0.6135923862457275,
    0.6197788715362549,
    0.6260169744491577,
    0.6212179660797119,
    0.627605676651001,
    0.6341521143913269,
    0.6298560500144958,
    0.636560320854187,
    0.6414234638214111,
    0.64333575963974,
    0.6473492980003357,
    0.6515751481056213,
    0.656019389629364,
    0.6606888175010681,
    0.6655905842781067,
    0.670732319355011,
    0.67612224817276,
    0.6817691326141357,
    0.6876822113990784,
    0.6938714981079102,
    0.7003475427627563,
    0.707121729850769,
    null,
    0.7216138243675232,
    0.7293586730957031,
    0.737455427646637,
    0.7459201216697693,
    0.7547698616981506,
    0.7767565846443176,
    0.7865937352180481,
    0.7877066731452942,
    0.7944055199623108,
    0.821282148361206,
    0.8170796632766724,
    0.8430424928665161,
    0.855974018573761,
    0.8629549741744995,
    0.8645050525665283,
    2.1560280323028564,
