{
  "step": 1635,
  "timestamp": 52.32,
  "robot_pose_odom": {
    "x": -1.652460880524603,
    "y": 1.07589742921429,
    "yaw_fused": -2.7301395253421834,
    "yaw_imu": -2.7300918780270282
  },
  "lidar_pose_relative_to_robot": {
    "x_offset": 0.0,
    "y_offset": 0.0,
    "yaw_offset": 0.0
  },
  "lidar_meta": {
    "fov": 6.283184,
    "horizontal_resolution": 400,
    "angle_min": -3.141592,
    "angle_increment": 0.015747328320802004
  },
  "ranges": [
    0.6366947889328003,
    0.629290759563446,
    0.6325108408927917,
    0.635921835899353,
    0.6395282745361328,
    0.6326133608818054,
    0.6365600228309631,
    0.6298558712005615,
    0.6341519355773926,
    0.6386656761169434,
    0.6323109269142151,
    0.6371955871582031,
    1.887613296508789,
    1.8741264343261719,
    1.860370397567749,
    1.8465545177459717,
    1.8435218334197998,
    1.828757882118225,
    1.805137276649475,
    1.1153333187103271,
    1.109438180923462,
    1.109072208404541,
    null,
    null,
    null,
    1.0624921321868896,
    1.0620425939559937,
    1.0459668636322021,
    1.0337038040161133,
    1.0259664058685303,
    1.0150651931762695,
    1.0103294849395752,
    0.9962979555130005,
    0.9950668811798096,
    0.9941139817237854,
    0.9800054430961609,
    0.9797671437263489,
    0.9797736406326294,
    0.9671236276626587,
    0.9677624702453613,
    0.9560421109199524,
    0.9572646021842957,
    0.9586923718452454,
    0.9481666684150696,
    0.9501252174377441,
    0.9403718113899231,
    0.9428293704986572,
    0.9337969422340393,
    0.9251623749732971,
    0.9283713698387146,
    1.037718653678894,
    1.1262433528900146,
    2.140989065170288,
    2.1384053230285645,
    2.136178731918335,
    2.1343140602111816,
    2.132817029953003,
    2.142481803894043,
    2.136671543121338,
    2.139113187789917,
    2.1419758796691895,
    2.148118019104004,
    2.141141414642334,
    2.142984628677368,
    2.1476194858551025,
    2.1527042388916016,
    2.1582462787628174,
    2.164252519607544,
    2.170731544494629,
    2.1785550117492676,
    1.4868568181991577,
    1.3840827941894531,
    1.292161464691162,
    1.210913062095642,
    1.1401948928833008,
    1.080006718635559,
    1.0702970027923584,
    1.0708255767822266,
    1.0716190338134766,
    1.082703709602356,
    1.084043025970459,
    1.0957062244415283,
    1.097608208656311,
    0.6135356426239014,
    0.5966306328773499,
    0.5981168746948242,
    0.5997588634490967,
    0.6015587449073792,
    0.6035188436508179,
    0.6159067749977112,
    0.618233859539032,
    0.6207322478294373,
    0.6337955594062805,
    0.6366947889328003,
    0.6397789716720581,
    0.6535945534706116,
    0.6571192741394043,
    0.660845935344696,
    0.6755024194717407,
    0.6797166466712952,
    0.6841538548469543,
    0.6997538805007935,
    0.7047345638275146,
    0.7099631428718567,
    0.7266265153884888,
    0.7437342405319214,
    0.7499458193778992,
    0.7564502358436584,
    0.7748228311538696,
    0.7820544242858887,
    0.789618968963623,
    0.8094334006309509,
    0.8298559188842773,
    0.8387624621391296,
    0.8603646159172058,
    0.882672131061554,
    0.8931440711021423,
    0.9168271422386169,
    0.9413331151008606,
    0.9536457061767578,
    0.9797665476799011,
    1.0068542957305908,
    1.0213491916656494,
    1.064167857170105,
    1.080491304397583,
    1.1084849834442139,
    1.1456254720687866,
    1.1619162559509277,
    1.2034796476364136,
    1.2573269605636597,
    1.2541102170944214,
    1.2379182577133179,
    1.2351704835891724,
    1.2327911853790283,
    1.2183367013931274,
    1.2168018817901611,
    1.2034423351287842,
    1.2026902437210083,
    1.1903440952301025,
    1.1903221607208252,
    1.178918719291687,
    1.1795819997787476,
    1.169060230255127,
    1.1703708171844482,
    1.1606767177581787,
    1.1626029014587402,
    1.1536904573440552,
    1.156205654144287,
    1.1480339765548706,
    1.151116132736206,
    1.143650770187378,
    1.144497036933899,
    1.1390900611877441,
    1.8178889751434326,
    1.8172379732131958,
    1.8168456554412842,
    1.816703200340271,
    1.8168015480041504,
    1.8113919496536255,
    1.8184208869934082,
    null,
    null,
    null,
    null,
    null,
    null,
    null,
    null,
    null,
    null,
    null,
    null,
    null,
    null,
    null,
    null,
    null,
    null,
    null,
    null,
    null,
    null,
    null,
    null,
    null,
    null,
    null,
    null,
    null,
    null,
    null,
    null,
    null,
    null,
    null,
    null,
    null,
    null,
    null,
    null,
    null,
    null,
    null,
    null,
    null,
    null,
    null,
    null,
    null,
    null,
    null,
    null,
    null,
    null,
    null,
    null,
    null,
    null,
    null,
    null,
    null,
    null,
    null,
    null,
    null,
    null,
    null,
    null,
    null,
    null,
    null,
    0.43065062165260315,
    0.4310764968395233,
    0.42157232761383057,
    0.42219871282577515,
    0.4229315519332886,
    0.41368189454078674,
    0.4146077632904053,
    0.41564056277275085,
    0.41678160429000854,
    0.4078364074230194,
    0.40916532278060913,
    0.4106045067310333,
    0.4121558964252472,
    0.40347594022750854,
    0.40521353483200073,
    0.39662954211235046,
    0.3985508382320404,
    0.4005902111530304,
    0.40275049209594727,
    0.3943758010864258,
    0.3967236280441284,
    0.3991986811161041,
    0.401804655790329,
    0.3936115503311157,
    0.3964131772518158,
    0.3993542492389679,
    0.3859062194824219,
    0.3831358551979065,
    0.374603807926178,
    0.36284753680229187,
    0.35070428252220154,
    0.3385011851787567,
    0.34177538752555847,
    0.33329612016677856,
    0.32155799865722656,
    0.31605541706085205,
    0.30727308988571167,
    0.29836803674697876,
    0.30190786719322205,
    0.29287534952163696,
    0.2836894392967224,
    0.28740009665489197,
    0.2780418395996094,
    0.26849445700645447,
    null,
    null,
    null,
    null,
    null,
    null,
    null,
    null,
    null,
    null,
    null,
    null,
    null,
    null,
    null,
    null,
    null,
    null,
    null,
    null,
    null,
    null,
    null,
    null,
    null,
    null,
    null,
    null,
    null,
    0.20691078901290894,
    null,
    null,
    null,
    null,
    null,
    null,
    null,
    null,
    null,
    null,
    null,
    null,
    null,
    null,
    null,
    null,
    null,
    null,
    null,
    null,
    null,
    null,
    null,
    null,
    null,
    null,
    null,
    0.9401680827140808,
    0.9459631443023682,
    0.9396416544914246,
    0.9397310018539429,
    0.940046489238739,
    0.9275186061859131,
    0.9155434370040894,
    0.9040934443473816,
    0.8931441903114319,
    0.895104169845581,
    0.8849464654922485,
    0.8752303123474121,
    0.8659365773200989,
    0.8570472598075867,
    0.8603313565254211,
    0.8520893454551697,
    0.8442102074623108,
    0.8366799354553223,
    0.8294857740402222,
    0.8226154446601868,
    0.8272364735603333,
    0.8208950161933899,
    0.8148495554924011,
    0.8090904951095581,
    0.803609311580658,
    0.809186577796936,
    0.8041695356369019,
    0.7994104027748108,
    0.7949023246765137,
    0.7906386852264404,
    0.7866137027740479,
    0.7828214764595032,
    0.789647102355957,
    null,
    null,
    0.7835813760757446,
    0.7671849727630615,
    0.7646933794021606,
    0.752240002155304,
    0.7501805424690247,
    0.7382040023803711,
    0.7365555763244629,
    0.72577965259552,
    0.7137168645858765,
    0.7126579880714417,
    0.7017524242401123,
    0.7010591626167297,
    0.6905324459075928,
    0.6901915669441223,
    0.690021276473999,
    0.6800209879875183,
    0.680188775062561,
    0.6805247068405151,
    0.6710137724876404,
    0.67167729139328,
    0.6624707579612732,
    0.6634551286697388,
    0.6545369625091553,
    0.6558371782302856,
    0.6471925973892212,
