{
  "step": 1280,
  "timestamp": 40.96,
  "robot_pose_odom": {
    "x": -2.2244665812389712,
    "y": 1.59592515377119,
    "yaw_fused": 0.9685863988988122,
    "yaw_imu": 0.9685444651072299
  },
  "lidar_pose_relative_to_robot": {
    "x_offset": 0.0,
    "y_offset": 0.0,
    "yaw_offset": 0.0
  },
  "lidar_meta": {
    "fov": 6.283184,
    "horizontal_resolution": 400,
    "angle_min": -3.141592,
    "angle_increment": 0.015747328320802004
  },
  "ranges": [
    2.653350591659546,
    2.3213565349578857,
    2.0821022987365723,
    1.885629415512085,
    1.7353321313858032,
    1.581451177597046,
    1.4680302143096924,
    1.3606716394424438,
    1.3104205131530762,
    1.2001698017120361,
    1.136457085609436,
    1.0704433917999268,
    1.0264486074447632,
    0.9754498600959778,
    0.9205369353294373,
    0.8984033465385437,
    0.8619515299797058,
    0.8267676830291748,
    0.7927715182304382,
    0.7598411440849304,
    0.7457396388053894,
    0.7123945951461792,
    null,
    null,
    null,
    0.6276727914810181,
    0.6036021709442139,
    0.5946685671806335,
    0.5742673873901367,
    0.5647678971290588,
    0.5492969155311584,
    0.5347920060157776,
    null,
    0.5126072764396667,
    0.5015522241592407,
    0.4949852228164673,
    0.48594918847084045,
    0.47790756821632385,
    0.4619271755218506,
    0.46705514192581177,
    0.4475520849227905,
    0.4528619050979614,
    0.4329462945461273,
    0.42553427815437317,
    0.4311002492904663,
    0.42368295788764954,
    0.4161665737628937,
    0.4085398316383362,
    0.40079066157341003,
    0.3859250545501709,
    0.3929060995578766,
    0.38697031140327454,
    0.3813038468360901,
    0.37589243054389954,
    0.37072256207466125,
    0.3657819926738739,
    0.36105939745903015,
    0.36927759647369385,
    0.3648053705692291,
    0.3605280816555023,
    0.35643675923347473,
    0.3525233268737793,
    0.3487800359725952,
    0.3451996147632599,
    0.34177547693252563,
    0.3385012447834015,
    0.335371196269989,
    0.3323797285556793,
    0.3295217752456665,
    0.326792448759079,
    0.3188326954841614,
    0.33279523253440857,
    0.33034437894821167,
    0.32800963521003723,
    0.3257875144481659,
    0.32367461919784546,
    0.32166779041290283,
    0.3197641372680664,
    0.3179609179496765,
    0.31625545024871826,
    0.3146454393863678,
    0.3131285607814789,
    0.31170278787612915,
    0.3103661835193634,
    0.3091169595718384,
    0.3079533874988556,
    0.30687397718429565,
    0.3160732686519623,
    0.31512755155563354,
    0.31426480412483215,
    0.31348392367362976,
    0.3127838969230652,
    0.3013398349285126,
    0.31162288784980774,
    0.31116053462028503,
    0.31077608466148376,
    0.3104690611362457,
    0.3102392256259918,
    0.31008607149124146,
    0.31000956892967224,
    0.31000956892967224,
    0.31008607149124146,
    0.3102392256259918,
    0.3104690611362457,
    0.31077608466148376,
    0.3211979568004608,
    0.32167521119117737,
    0.3222335875034332,
    0.32287368178367615,
    0.3235962986946106,
    0.324402391910553,
    0.3252929747104645,
    0.32626914978027344,
    0.3273322582244873,
    0.32848361134529114,
    0.3297247290611267,
    0.33105719089508057,
    0.3324829041957855,
    0.33400383591651917,
    0.33562174439430237,
    0.3478809595108032,
    0.34975701570510864,
    0.3517405688762665,
    0.3538345694541931,
    0.3560420572757721,
    0.3583662807941437,
    0.3608105778694153,
    0.36337873339653015,
    0.36607474088668823,
    0.36890268325805664,
    0.3718671202659607,
    0.3749729096889496,
    0.3896864950656891,
    0.39319369196891785,
    0.39686349034309387,
    0.40070217847824097,
    0.40471670031547546,
    0.3968876004219055,
    0.38899126648902893,
    0.3933095335960388,
    0.38539206981658936,
    0.38996434211730957,
    0.3820112943649292,
    0.38684922456741333,
    0.3919091820716858,
    0.3839625418186188,
    0.3758922815322876,
    0.38130372762680054,
    0.3731497526168823,
    0.3788735270500183,
    0.3788738548755646,
    0.3731500804424286,
    0.3813040256500244,
    0.3758925199508667,
    0.3707227110862732,
    0.37884581089019775,
    0.3739544749259949,
    0.3692777752876282,
    0.3773850202560425,
    0.3729602098464966,
    0.36872783303260803,
    0.37683549523353577,
    0.3728339672088623,
    0.38091009855270386,
    0.37713176012039185,
    0.37351879477500916,
    0.38162946701049805,
    0.3782253563404083,
    0.3749731481075287,
    0.38313600420951843,
    0.38008174300193787,
    0.37716805934906006,
    0.3854018747806549,
    0.3826780319213867,
    0.3909451365470886,
    0.38840967416763306,
    0.4034760594367981,
    0.38600143790245056,
    0.3884095847606659,
    0.39094507694244385,
    0.3936116099357605,
    0.39641329646110535,
    0.38826116919517517,
    0.3912605345249176,
    0.39440467953681946,
    0.39769867062568665,
    0.4011479914188385,
    0.40475839376449585,
    0.40853607654571533,
    0.4124876856803894,
    0.41662025451660156,
    0.42094141244888306,
    0.42545923590660095,
    0.4301823675632477,
    0.4351201057434082,
    0.4402824342250824,
    0.44567999243736267,
    0.4513242542743683,
    0.45722752809524536,
    0.4501631557941437,
    0.4564407467842102,
    0.46301183104515076,
    0.4698925316333771,
    0.4771002531051636,
    0.4840812087059021,
    0.4837128818035126,
    0.49024778604507446,
    0.5101397037506104,
    0.5163635611534119,
    0.5264335870742798,
    0.5286940932273865,
    0.5354077219963074,
    0.5491798520088196,
    0.5622853636741638,
    0.5653824806213379,
    0.5745751857757568,
    0.5924862027168274,
    0.5972635746002197,
    0.6177181005477905,
    0.6299493312835693,
    0.6398170590400696,
    0.6608428955078125,
    0.6707759499549866,
    0.690260648727417,
    0.7047386169433594,
    0.7295718789100647,
    0.7378177046775818,
    0.7499197125434875,
    0.7905671000480652,
    0.80462646484375,
    0.8121069073677063,
    0.8195465803146362,
    0.826698362827301,
    0.8222641944885254,
    0.8312875628471375,
    0.8312525749206543,
    0.8462744355201721,
    0.8538246750831604,
    0.8655275106430054,
    0.8622694611549377,
    0.8666240572929382,
    0.8791974186897278,
    0.8824743032455444,
    0.8905604481697083,
    0.9012355804443359,
    0.9172006249427795,
    0.9271755814552307,
    0.9342926144599915,
    0.9430875182151794,
    0.9520632028579712,
    0.9612309336662292,
    0.9708942770957947,
    0.9901923537254333,
    1.0000041723251343,
    1.0100046396255493,
    1.0303683280944824,
    1.0406569242477417,
    1.0613824129104614,
    1.0529437065124512,
    1.0639681816101074,
    1.0655491352081299,
    1.0673986673355103,
    1.06951904296875,
    1.0820250511169434,
    1.0847203731536865,
    1.0876983404159546,
    1.1011582612991333,
    1.1047463417053223,
    1.1086320877075195,
    1.1231249570846558,
    1.1276636123657227,
    1.1429100036621094,
    1.148138165473938,
    1.1536998748779297,
    1.1596033573150635,
    1.1764554977416992,
    1.1831274032592773,
    1.1901708841323853,
    1.2083852291107178,
    1.216273546218872,
    1.2355029582977295,
    1.2442970275878906,
    1.2535287141799927,
    1.7161917686462402,
    1.7044440507888794,
    1.704053282737732,
    1.7038275003433228,
    1.6962157487869263,
    1.6921428442001343,
    1.692212462425232,
    1.6923795938491821,
    1.698960781097412,
    0.6410225033760071,
    0.6239479780197144,
    0.6120135188102722,
    0.5994980931282043,
    0.5863425135612488,
    0.562274694442749,
    0.5578488707542419,
    0.5433248281478882,
    0.5235642194747925,
    0.5221008062362671,
    0.5113534331321716,
    0.48415079712867737,
    0.49113282561302185,
    0.4837130904197693,
    0.4766300320625305,
    0.4698656499385834,
    0.4634033739566803,
    0.44416406750679016,
    0.4384293854236603,
    0.4450889825820923,
    0.4277030825614929,
