{
  "step": 255,
  "timestamp": 8.16,
  "robot_pose_odom": {
    "x": -0.1885502985753092,
    "y": -0.3283013225345385,
    "yaw_fused": -2.0933350867498834,
    "yaw_imu": -2.0937453532466908
  },
  "lidar_pose_relative_to_robot": {
    "x_offset": 0.0,
    "y_offset": 0.0,
    "yaw_offset": 0.0
  },
  "lidar_meta": {
    "fov": 6.283184,
    "horizontal_resolution": 400,
    "angle_min": -3.141592,
    "angle_increment": 0.015747328320802004
  },
  "ranges": [
    null,
    null,
    null,
    2.4333536624908447,
    2.0723037719726562,
    1.795013427734375,
    1.8032481670379639,
    1.201990008354187,
    1.0979646444320679,
    1.005024790763855,
    0.922721803188324,
    0.8615381121635437,
    0.8006343245506287,
    0.7498899698257446,
    0.6999419927597046,
    0.670432984828949,
    0.6300492882728577,
    0.600243330001831,
    0.5723721385002136,
    0.5411586165428162,
    0.5215702652931213,
    0.5049979090690613,
    null,
    null,
    null,
    null,
    0.4156835973262787,
    0.40631332993507385,
    0.3969070315361023,
    0.39564546942710876,
    0.3675846755504608,
    0.34858575463294983,
    null,
    0.33562174439430237,
    0.3373391330242157,
    0.3282966613769531,
    0.31858280301094055,
    0.3109455406665802,
    0.31288543343544006,
    0.2932087779045105,
    0.2952086329460144,
    0.2862984240055084,
    0.28842252492904663,
    0.279471755027771,
    0.27044883370399475,
    0.27270758152008057,
    0.26361143589019775,
    0.2544194459915161,
    0.2567940056324005,
    0.24749250710010529,
    0.24997207522392273,
    0.24053794145584106,
    null,
    null,
    null,
    null,
    null,
    null,
    null,
    null,
    null,
    null,
    null,
    null,
    null,
    null,
    null,
    null,
    null,
    null,
    null,
    null,
    null,
    null,
    null,
    null,
    null,
    null,
    null,
    null,
    null,
    null,
    null,
    null,
    null,
    null,
    null,
    null,
    null,
    null,
    null,
    null,
    null,
    null,
    null,
    null,
    null,
    null,
    null,
    null,
    null,
    null,
    null,
    null,
    null,
    null,
    null,
    null,
    null,
    null,
    null,
    null,
    null,
    null,
    null,
    null,
    null,
    null,
    null,
    null,
    null,
    null,
    null,
    null,
    null,
    null,
    null,
    null,
    null,
    null,
    null,
    null,
    null,
    null,
    null,
    null,
    null,
    null,
    null,
    null,
    0.23129040002822876,
    0.2334490865468979,
    0.2357071489095688,
    0.23806864023208618,
    0.24053794145584106,
    0.24311953783035278,
    0.2552202641963959,
    0.263917475938797,
    0.2559075653553009,
    0.26740792393684387,
    0.27079445123672485,
    0.27433645725250244,
    0.2780418395996094,
    0.2819192111492157,
    0.2859777808189392,
    0.29022759199142456,
    0.2946794331073761,
    0.30871206521987915,
    0.30404824018478394,
    0.3132140040397644,
    0.32219356298446655,
    0.331002414226532,
    0.3396548628807068,
    0.343061238527298,
    0.3565440773963928,
    0.38170361518859863,
    0.3853922486305237,
    0.3904198706150055,
    0.3979039788246155,
    0.41777271032333374,
    0.4264327883720398,
    0.4547491669654846,
    0.46726250648498535,
    0.47037816047668457,
    0.5118446350097656,
    0.5230600237846375,
    0.5466367602348328,
    0.5920113325119019,
    0.6023909449577332,
    0.6388125419616699,
    0.6737058758735657,
    0.7080279588699341,
    0.7614696025848389,
    0.7799400091171265,
    0.7813795804977417,
    0.7927497625350952,
    0.7981569170951843,
    0.8038380742073059,
    0.8208950757980347,
    0.8272365927696228,
    0.8451528549194336,
    0.8522114753723145,
    0.8596028089523315,
    0.8789039254188538,
    0.8871069550514221,
    0.8956875801086426,
    0.9165645837783813,
    0.9260711073875427,
    0.9481663107872009,
    0.9586920738220215,
    0.9696962237358093,
    0.9812008142471313,
    1.0059634447097778,
    1.0315982103347778,
    1.0450915098190308,
    1.0724475383758545,
    1.0874029397964478,
    1.116675615310669,
    1.1332701444625854,
    1.164685845375061,
    1.1926801204681396,
    1.2223705053329468,
    1.2300044298171997,
    1.2706022262573242,
    1.3230459690093994,
    1.3639066219329834,
    1.369554877281189,
    1.4406849145889282,
    1.4883240461349487,
    1.4985817670822144,
    1.5544346570968628,
    1.5746095180511475,
    1.621108889579773,
    1.6370460987091064,
    1.6999447345733643,
    1.7147612571716309,
    1.7233738899230957,
    0.8176738023757935,
    0.7957669496536255,
    0.7804102897644043,
    0.7883452773094177,
    0.7961309552192688,
    0.8038865923881531,
    0.8113418221473694,
    0.8188073039054871,
    0.8262047171592712,
    0.8335514068603516,
    0.8408641815185547,
    0.847632884979248,
    0.8659915924072266,
    0.8677979111671448,
    0.8909545540809631,
    0.8888711333274841,
    0.9158979058265686,
    0.9314486384391785,
    0.9512559175491333,
    0.9586862921714783,
    0.9709606766700745,
    0.9822124242782593,
    1.0067121982574463,
    1.0188840627670288,
    1.0373069047927856,
    1.0558207035064697,
    1.0767534971237183,
    1.0932174921035767,
    1.113409161567688,
    1.1412816047668457,
    1.161186695098877,
    1.190577745437622,
    1.2199844121932983,
    1.2399852275848389,
    1.2806024551391602,
    1.3114475011825562,
    1.3413629531860352,
    1.3843998908996582,
    1.4139841794967651,
    1.4552868604660034,
    1.5019080638885498,
    1.522589087486267,
    1.518090844154358,
    1.4988151788711548,
    1.4962302446365356,
    1.4760582447052002,
    1.47014319896698,
    1.4713435173034668,
    1.4487522840499878,
    1.4435205459594727,
    0.9397854804992676,
    0.9327051043510437,
    0.9256811141967773,
    0.915580689907074,
    0.9114879369735718,
    0.9166572093963623,
    0.9086074233055115,
    0.9062888622283936,
    0.9056841135025024,
    0.8965596556663513,
    0.9029411673545837,
    0.9011244773864746,
    0.8943095803260803,
    0.8902273774147034,
    0.8976624011993408,
    0.8900704383850098,
    0.8904680609703064,
    0.8871065974235535,
    0.8956872224807739,
    0.8927574157714844,
    0.8931586742401123,
    0.8873863220214844,
    0.8849464654922485,
    0.882672131061554,
    0.8931440711021423,
    0.8913597464561462,
    0.8897532820701599,
    0.8883275985717773,
    0.9003260135650635,
    0.8994565010070801,
    0.8987873196601868,
    0.8983234763145447,
    0.8910890221595764,
    0.9050517082214355,
    0.8583287596702576,
    0.7988461256027222,
    0.7494118809700012,
    0.7022072672843933,
    0.6701347827911377,
    0.6498523950576782,
    0.5978935956954956,
    0.5660775899887085,
    0.5594403147697449,
    0.5313997268676758,
    0.5073078274726868,
    0.48107606172561646,
    0.47613760828971863,
    0.4714146852493286,
    0.47857093811035156,
    0.4741457402706146,
    0.49283909797668457,
    0.4886013865470886,
    0.4929535984992981,
    2.7500033378601074,
    2.728921890258789,
    2.708824634552002,
    1.2091342210769653,
    1.1923713684082031,
    1.1482113599777222,
    1.0917720794677734,
    1.1421300172805786,
    1.1021623611450195,
    1.07291579246521,
    1.0541330575942993,
    1.0351765155792236,
    1.0154166221618652,
    0.9953892827033997,
    0.9775077104568481,
    0.9651001691818237,
    0.9473771452903748,
    0.9289301037788391,
    0.9224877953529358,
    0.9025934338569641,
    0.8906660079956055,
    0.8747951984405518,
    0.8663185834884644,
    0.8574754595756531,
    0.845376193523407,
    0.855405867099762,
    0.8664841651916504,
    0.8768585324287415,
    0.8883278369903564,
    0.8998446464538574,
    0.8994567394256592,
    0.9124056100845337,
    0.9259645938873291,
    0.9401680827140808,
    0.9611814618110657,
    0.9736038446426392,
    0.9758790731430054,
    1.009228229522705,
    1.0322455167770386,
