{
  "step": 1190,
  "timestamp": 38.08,
  "robot_pose_odom": {
    "x": -2.6282913464172513,
    "y": 1.0353387850760727,
    "yaw_fused": 0.8877916361931674,
    "yaw_imu": 0.8867237563494581
  },
  "lidar_pose_relative_to_robot": {
    "x_offset": 0.0,
    "y_offset": 0.0,
    "yaw_offset": 0.0
  },
  "lidar_meta": {
    "fov": 6.283184,
    "horizontal_resolution": 400,
    "angle_min": -3.141592,
    "angle_increment": 0.015747328320802004
  },
  "ranges": [
    1.0999443531036377,
    1.019789457321167,
    0.9578045606613159,
    0.8984882831573486,
    0.8448916673660278,
    0.8012887239456177,
    0.7561279535293579,
    0.7224358916282654,
    0.6883896589279175,
    0.6610165238380432,
    0.6452215313911438,
    0.6083056926727295,
    0.582881510257721,
    0.5538039803504944,
    0.5399004817008972,
    0.5200879573822021,
    0.5040797591209412,
    0.49175283312797546,
    0.4758581221103668,
    0.4647822380065918,
    0.4461783468723297,
    0.4328900873661041,
    null,
    null,
    null,
    null,
    0.3908117115497589,
    0.38043898344039917,
    0.3700202703475952,
    0.36001110076904297,
    0.36001110076904297,
    0.3501794934272766,
    null,
    null,
    0.33051109313964844,
    0.3211979568004608,
    0.32167521119117737,
    0.312163770198822,
    0.3127838969230652,
    0.30337151885032654,
    0.30412721633911133,
    0.29479673504829407,
    0.2956814169883728,
    0.2864157259464264,
    0.28742316365242004,
    0.2782052159309387,
    0.2793295085430145,
    0.2701423466205597,
    0.2713780999183655,
    0.2726926803588867,
    0.2635461986064911,
    0.2649674415588379,
    0.25581133365631104,
    0.25733423233032227,
    0.2589396834373474,
    0.24977043271064758,
    0.2514740228652954,
    0.2532639801502228,
    0.2440498322248459,
    0.24593514204025269,
    0.24791143834590912,
    0.2386191338300705,
    0.24068871140480042,
    0.24285492300987244,
    0.2334490865468979,
    0.2357071489095688,
    null,
    null,
    null,
    null,
    null,
    null,
    null,
    null,
    null,
    null,
    null,
    null,
    null,
    null,
    null,
    null,
    null,
    null,
    null,
    null,
    null,
    null,
    null,
    null,
    null,
    null,
    null,
    null,
    null,
    null,
    null,
    null,
    null,
    0.22537411749362946,
    0.22357748448848724,
    0.23295672237873077,
    0.2312411218881607,
    0.22960680723190308,
    0.2280513197183609,
    0.22657231986522675,
    0.22760188579559326,
    0.23698966205120087,
    0.23609758913516998,
    0.23527005314826965,
    0.23450596630573273,
    0.23380431532859802,
    0.2331642061471939,
    0.24269722402095795,
    0.2421552538871765,
    0.24167518317699432,
    0.24125641584396362,
    0.2408984750509262,
    0.250625878572464,
    0.250378280878067,
    0.25019291043281555,
    0.25006940960884094,
    0.2600080072879791,
    0.2600080072879791,
    0.26007217168807983,
    0.2602006196975708,
    0.2704085111618042,
    0.270675927400589,
    0.27101075649261475,
    0.2814658284187317,
    0.2819543778896332,
    0.2825144827365875,
    0.28314676880836487,
    0.2939896583557129,
    0.29479673504829407,
    0.2956814169883728,
    0.2966448664665222,
    0.3079533874988556,
    0.309116929769516,
    0.3207116723060608,
    0.32209283113479614,
    0.33400383591651917,
    0.33562174439430237,
    0.3373391330242157,
    0.34975701570510864,
    0.3517405688762665,
    0.36455684900283813,
    0.3668312132358551,
    0.38008546829223633,
    0.3936115503311157,
    0.3964131772518158,
    0.3993542492389679,
    0.41361820697784424,
    0.42534053325653076,
    0.4431498050689697,
    0.44699332118034363,
    0.4625808000564575,
    0.4789336621761322,
    0.49498501420021057,
    0.5139397978782654,
    0.5291835069656372,
    0.5437747240066528,
    0.5624933242797852,
    0.5843040943145752,
    0.6081333756446838,
    0.6360936760902405,
    0.6654344797134399,
    0.6962605714797974,
    0.7277236580848694,
    0.7762598395347595,
    0.8260802626609802,
    0.8768616318702698,
    0.9541308283805847,
    0.9752135872840881,
    0.9874239563941956,
    0.9941139817237854,
    0.9958034157752991,
    1.0057651996612549,
    1.0059009790420532,
    1.0007052421569824,
    1.0186972618103027,
    1.0272005796432495,
    1.0347012281417847,
    1.0418391227722168,
    1.0421710014343262,
    1.067225456237793,
    1.0734007358551025,
    1.0891339778900146,
    1.096847414970398,
    1.1023979187011719,
    1.1156705617904663,
    1.1245492696762085,
    1.124001145362854,
    1.1567789316177368,
    1.1596276760101318,
    1.1781797409057617,
    1.1785839796066284,
    1.203230857849121,
    1.2208428382873535,
    1.2330602407455444,
    1.256102442741394,
    1.2814310789108276,
    1.2901713848114014,
    1.3104149103164673,
    1.33375883102417,
    1.3472888469696045,
    1.3747820854187012,
    1.3979966640472412,
    1.4251266717910767,
    1.4533621072769165,
    1.482038974761963,
    1.4849556684494019,
    1.4900211095809937,
    1.4881669282913208,
    1.495185375213623,
    1.5023821592330933,
    1.504272222518921,
    1.5095397233963013,
    1.5159034729003906,
    1.5216073989868164,
    1.5245583057403564,
    1.5358507633209229,
    1.5438436269760132,
    1.5524513721466064,
    1.5478812456130981,
    null,
    0.5612943768501282,
    0.5528146624565125,
    0.5583378076553345,
    0.5504139065742493,
    0.5556022524833679,
    0.5709124207496643,
    0.57517009973526,
    0.6233599781990051,
    0.6038157939910889,
    0.5967361330986023,
    0.5899643301963806,
    0.5834869146347046,
    0.5652641654014587,
    0.5594614148139954,
    0.5539119839668274,
    0.5486055016517639,
    0.5319681167602539,
    0.5272229909896851,
    0.522689700126648,
    0.518360435962677,
    0.5142280459403992,
    0.49919289350509644,
    0.4955165982246399,
    0.49201449751853943,
    0.4886813163757324,
    0.4855119585990906,
    0.48250171542167664,
    0.479646235704422,
    0.4663426876068115,
    0.46384134888648987,
    0.4614800214767456,
    0.45925527811050415,
    0.45716410875320435,
    0.4552037715911865,
    0.44306764006614685,
    0.44139984250068665,
    0.4398527145385742,
    0.4384241998195648,
    0.43711239099502563,
    0.43591567873954773,
    0.43483251333236694,
    0.43386149406433105,
    0.4229315519332886,
    0.42219871282577515,
    0.42157232761383057,
    0.4210514724254608,
    0.42063549160957336,
    0.42032408714294434,
    0.4201166033744812,
    0.4200129508972168,
    0.4200129508972168,
    0.4101138412952423,
    0.4103163778781891,
    0.41062039136886597,
    0.4110264480113983,
    0.4115349054336548,
    0.4121463894844055,
    0.41286176443099976,
    0.41368189454078674,
    0.4057285487651825,
    0.41409462690353394,
    0.4879394471645355,
    0.48940372467041016,
    0.4807692766189575,
    0.4824603199958801,
    0.47397926449775696,
    0.4758947193622589,
    0.46755409240722656,
    0.45925527811050415,
    0.46147990226745605,
    0.4638413190841675,
    0.4557439684867859,
    0.45832860469818115,
    0.45033493638038635,
    0.4531444311141968,
    0.4452429711818695,
    0.4373461604118347,
    0.44045907258987427,
    0.44372695684432983,
    0.43597590923309326,
    0.43947935104370117,
    0.43178701400756836,
    0.43553197383880615,
    0.4278872609138489,
    0.4318808317184448,
    0.43605825304985046,
    0.42852357029914856,
    0.43296828866004944,
    0.42545920610427856,
    0.4301823079586029,
    0.4226880669593811,
    0.42770281434059143,
    0.43294617533683777,
    0.4255341589450836,
    0.43110013008117676,
    0.4236828088760376,
    0.42959117889404297,
    0.4221577048301697,
    0.4284312427043915,
    0.43500298261642456,
    0.42795124650001526,
    0.42843160033226013,
    0.435776025056839,
    0.42959144711494446,
    0.43692317605018616,
    0.43110039830207825,
    0.4384293854236603,
    0.4329463839530945,
