{
  "step": 310,
  "timestamp": 9.92,
  "robot_pose_odom": {
    "x": -0.40224726525861454,
    "y": -0.6991109017207188,
    "yaw_fused": -2.093720819022551,
    "yaw_imu": -2.093743730787167
  },
  "lidar_pose_relative_to_robot": {
    "x_offset": 0.0,
    "y_offset": 0.0,
    "yaw_offset": 0.0
  },
  "lidar_meta": {
    "fov": 6.283184,
    "horizontal_resolution": 400,
    "angle_min": -3.141592,
    "angle_increment": 0.015747328320802004
  },
  "ranges": [
    5.074710369110107,
    5.109402179718018,
    3.118767023086548,
    2.588379144668579,
    2.2289915084838867,
    1.624225378036499,
    1.4320238828659058,
    1.3004194498062134,
    1.1663951873779297,
    1.0670517683029175,
    0.9488911032676697,
    0.8841089606285095,
    0.8489930629730225,
    0.795403242111206,
    0.7672242522239685,
    0.7091370224952698,
    0.6757262349128723,
    0.6440063714981079,
    0.6138550639152527,
    0.5851588249206543,
    0.5491798520088196,
    0.5374213457107544,
    null,
    null,
    null,
    null,
    0.4478437304496765,
    0.431517630815506,
    0.41632285714149475,
    0.4011479318141937,
    0.39769867062568665,
    0.38313597440719604,
    null,
    null,
    0.36342740058898926,
    0.3498769700527191,
    0.34750670194625854,
    0.33446380496025085,
    0.32166779041290283,
    0.3197641372680664,
    0.3179609179496765,
    0.30571362376213074,
    0.3041572868824005,
    0.2922533452510834,
    0.290922611951828,
    0.2793295681476593,
    0.2782052457332611,
    0.2771580219268799,
    0.27618658542633057,
    0.26509371399879456,
    0.26430052518844604,
    0.2635769248008728,
    0.2528096139431,
    0.25224506855010986,
    0.25174498558044434,
    0.25130876898765564,
    0.2408984750509262,
    0.2406008392572403,
    0.24036315083503723,
    0.23017746210098267,
    0.23006384074687958,
    0.2300070971250534,
    0.2300070971250534,
    0.23006384074687958,
    0.22016975283622742,
    0.22033289074897766,
    0.2205507755279541,
    0.22082360088825226,
    0.21109935641288757,
    0.2114657759666443,
    0.21188585460186005,
    0.21236006915569305,
    0.21288906037807465,
    0.21347349882125854,
    0.21411412954330444,
    0.20458266139030457,
    0.20530225336551666,
    null,
    null,
    null,
    null,
    null,
    null,
    null,
    null,
    null,
    null,
    null,
    null,
    null,
    null,
    null,
    null,
    null,
    null,
    null,
    null,
    null,
    null,
    null,
    null,
    null,
    null,
    null,
    null,
    null,
    null,
    null,
    null,
    null,
    null,
    null,
    null,
    null,
    null,
    null,
    null,
    null,
    null,
    null,
    null,
    null,
    null,
    null,
    null,
    null,
    null,
    null,
    null,
    null,
    null,
    null,
    0.23475636541843414,
    0.23295672237873077,
    0.2312411218881607,
    0.22960680723190308,
    0.23891091346740723,
    0.23736147582530975,
    0.23794740438461304,
    0.24729357659816742,
    0.24636271595954895,
    0.2557283341884613,
    0.254897803068161,
    0.2541351318359375,
    0.2635769248008728,
    0.2629219889640808,
    0.2724246680736542,
    0.271884560585022,
    0.2814658284187317,
    0.2810482084751129,
    0.2807009816169739,
    0.29021719098091125,
    0.3002314865589142,
    0.3000832796096802,
    0.31000956892967224,
    0.31000956892967224,
    0.32017117738723755,
    0.33025461435317993,
    0.3304993212223053,
    0.34116625785827637,
    0.35131028294563293,
    0.3518322706222534,
    0.35244297981262207,
    0.3531430959701538,
    0.3539334535598755,
    0.3649526834487915,
    0.36595457792282104,
    0.36705276370048523,
    0.3682487905025482,
    0.36954405903816223,
    0.37094029784202576,
    0.37243935465812683,
    0.3740432560443878,
    0.37575429677963257,
    0.37757447361946106,
    0.37950649857521057,
    0.38155311346054077,
    0.38371697068214417,
    0.39393892884254456,
    0.3929695188999176,
    0.401804655790329,
    0.40454521775245667,
    0.4074246883392334,
    0.41044744849205017,
    0.41361820697784424,
    0.41694197058677673,
    0.4204241931438446,
    0.4240705966949463,
    0.4278872609138489,
    0.4318808317184448,
    0.4429646134376526,
    0.4404270052909851,
    0.457022100687027,
    0.4619271457195282,
    0.467055082321167,
    0.47241607308387756,
    0.4780207872390747,
    0.48388102650642395,
    0.49000903964042664,
    0.5055943131446838,
    0.5163634419441223,
    0.5235642194747925,
    0.5311015844345093,
    0.5389940738677979,
    0.5472617745399475,
    0.5612946152687073,
    0.5728127360343933,
    0.5855740308761597,
    0.5930613875389099,
    0.6095265746116638,
    0.6231664419174194,
    0.6267508268356323,
    0.6488284468650818,
    0.6836116313934326,
    0.6809157729148865,
    0.7157636284828186,
    0.7326024174690247,
    0.7513570785522461,
    0.7779057621955872,
    0.8034300804138184,
    0.8280166983604431,
    0.8366755247116089,
    0.897614061832428,
    0.9211289882659912,
    0.9379629492759705,
    1.0333423614501953,
    1.0461180210113525,
    1.0792717933654785,
    1.108801245689392,
    1.109861135482788,
    1.1623364686965942,
    1.2171859741210938,
    1.2498736381530762,
    1.3009670972824097,
    1.3294041156768799,
    1.3653264045715332,
    1.4165667295455933,
    1.4693171977996826,
    1.523935079574585,
    1.5805411338806152,
    1.6157646179199219,
    1.7344187498092651,
    1.7873404026031494,
    1.8307838439941406,
    1.9738787412643433,
    2.0084917545318604,
    2.0422043800354004,
    2.064875364303589,
    2.101008415222168,
    2.138514518737793,
    2.1774652004241943,
    2.2179362773895264,
    2.2469465732574463,
    2.2905361652374268,
    2.335902690887451,
    0.4493938088417053,
    0.4560721218585968,
    0.44903552532196045,
    0.4350031614303589,
    0.4360736608505249,
    0.4357758164405823,
    0.44301605224609375,
    0.44968152046203613,
    0.4741790294647217,
    0.477114200592041,
    0.4844728708267212,
    0.5114413499832153,
    0.5249893665313721,
    0.5379114747047424,
    0.5437747240066528,
    0.5804592967033386,
    0.5972635746002197,
    0.6343828439712524,
    0.6412585377693176,
    0.6667143106460571,
    0.7027718424797058,
    0.7279596924781799,
    0.7463942170143127,
    0.8321212530136108,
    0.8438639640808105,
    0.8921241164207458,
    0.9290380477905273,
    0.9665296077728271,
    1.1386438608169556,
    1.2124497890472412,
    1.289689302444458,
    1.3778306245803833,
    1.3704403638839722,
    1.3634636402130127,
    1.36732816696167,
    1.3611022233963013,
    1.36561119556427,
    1.360114574432373,
    1.3549948930740356,
    1.360474705696106,
    1.3560562133789062,
    1.3519988059997559,
    1.3584349155426025,
    1.3550593852996826,
    1.3520334959030151,
    1.3594229221343994,
    1.357067346572876,
    1.365091323852539,
    1.3634047508239746,
    1.3620578050613403,
    1.371057152748108,
    1.3703804016113281,
    1.370042324066162,
    0.9199487566947937,
    0.890247106552124,
    0.8906867504119873,
    0.9013617634773254,
    0.9022531509399414,
    0.9033692479133606,
    0.9047115445137024,
    0.9163517355918884,
    0.9181720018386841,
    0.9202269315719604,
    0.9225192666053772,
    0.9352172613143921,
    0.9380237460136414,
    0.9410802125930786,
    0.9443903565406799,
    0.9582625031471252,
    0.9621350169181824,
    0.9662784934043884,
    0.9811362624168396,
    0.9858888983726501,
    0.9909337162971497,
    0.9962775707244873,
    1.0125864744186401,
    1.0186147689819336,
    1.0249695777893066,
    1.0425201654434204,
    1.0496307611465454,
    1.057101845741272,
    1.0649447441101074,
    1.078996181488037,
    1.0422489643096924,
    1.033277988433838,
    1.0122292041778564,
    0.9867528676986694,
    0.9808491468429565,
    0.9761573076248169,
    0.9382789134979248,
    0.9229028820991516,
    0.9084540605545044,
    0.8943482041358948,
