{
  "step": 475,
  "timestamp": 15.200000000000001,
  "robot_pose_odom": {
    "x": -1.1107350418366027,
    "y": -1.0511014832750494,
    "yaw_fused": -3.086262570529897,
    "yaw_imu": -3.0818750648406374
  },
  "lidar_pose_relative_to_robot": {
    "x_offset": 0.0,
    "y_offset": 0.0,
    "yaw_offset": 0.0
  },
  "lidar_meta": {
    "fov": 6.283184,
    "horizontal_resolution": 400,
    "angle_min": -3.141592,
    "angle_increment": 0.015747328320802004
  },
  "ranges": [
    0.7601202726364136,
    0.7367340326309204,
    0.7437150478363037,
    0.732479453086853,
    0.7217536568641663,
    0.6957123279571533,
    0.6615229845046997,
    0.6309427618980408,
    0.606063961982727,
    0.5851588249206543,
    0.5660772919654846,
    0.5498533844947815,
    0.5285096764564514,
    0.5073068141937256,
    0.4931027889251709,
    0.4761373698711395,
    0.459629088640213,
    0.4552258253097534,
    0.4394519031047821,
    0.42407068610191345,
    0.42042434215545654,
    0.40854302048683167,
    null,
    null,
    null,
    0.371744304895401,
    0.3692258894443512,
    0.3560420870780945,
    0.3538345694541931,
    0.34108176827430725,
    0.3391583263874054,
    0.3373391628265381,
    null,
    null,
    0.3174159824848175,
    0.3103661835193634,
    0.3091169595718384,
    0.2976882755756378,
    0.2966448664665222,
    0.2956814467906952,
    0.29479673504829407,
    0.28385210037231445,
    0.28314676880836487,
    0.2825144827365875,
    0.271884560585022,
    0.2714134454727173,
    0.27101075649261475,
    0.270675927400589,
    0.2603934109210968,
    0.2602006196975708,
    0.26007217168807983,
    0.2600080072879791,
    0.2600080072879791,
    0.25006940960884094,
    0.25019291043281555,
    0.250378280878067,
    0.250625878572464,
    0.2408984750509262,
    0.24125641584396362,
    0.24167518317699432,
    0.2421552538871765,
    0.24269722402095795,
    0.2331642061471939,
    0.23380431532859802,
    0.23450593650341034,
    0.23527005314826965,
    0.23609758913516998,
    0.22668574750423431,
    0.2276018261909485,
    0.2285819947719574,
    0.22962763905525208,
    0.23073995113372803,
    0.23192065954208374,
    0.22257263958454132,
    0.22383490204811096,
    0.22516746819019318,
    0.2265722155570984,
    0.22805127501487732,
    0.21642163395881653,
    0.23119279742240906,
    0.22186347842216492,
    0.22357739508152008,
    null,
    null,
    null,
    null,
    null,
    null,
    null,
    null,
    null,
    null,
    null,
    null,
    null,
    null,
    null,
    null,
    null,
    null,
    null,
    null,
    null,
    null,
    null,
    null,
    null,
    null,
    null,
    null,
    null,
    null,
    0.24581855535507202,
    0.24311965703964233,
    0.252564936876297,
    0.24997225403785706,
    0.2592780888080597,
    0.25679415464401245,
    0.2544196546077728,
    0.2636116147041321,
    0.26134490966796875,
    0.2704489529132843,
    0.26829299330711365,
    0.2773294448852539,
    0.27528706192970276,
    0.27334144711494446,
    0.28234925866127014,
    0.2913072407245636,
    0.28967511653900146,
    0.2895010709762573,
    0.2913071811199188,
    0.3040684163570404,
    0.3061423897743225,
    0.308321475982666,
    0.31060895323753357,
    0.324187308549881,
    0.326792448759079,
    0.3295217752456665,
    0.3323797583580017,
    0.3353712260723114,
    0.33850133419036865,
    0.341775506734848,
    0.3451996445655823,
    0.3487800359725952,
    0.3525233566761017,
    0.3564368188381195,
    0.3605280816555023,
    0.3648054301738739,
    0.3692777156829834,
    0.3739543557167053,
    0.3788456618785858,
    0.3839626908302307,
    0.3893170952796936,
    0.39492183923721313,
    0.41461101174354553,
    0.4209707975387573,
    0.42795175313949585,
    0.4284314215183258,
    0.4357758164405823,
    0.44301605224609375,
    0.46340319514274597,
    0.4741790294647217,
    0.4822181165218353,
    0.48388102650642395,
    0.5074977874755859,
    0.512557327747345,
    0.5313988924026489,
    0.5381072163581848,
    0.5620959401130676,
    0.5734567046165466,
    0.5941474437713623,
    0.6062411665916443,
    0.6282525062561035,
    0.6454650163650513,
    0.6711455583572388,
    0.693130373954773,
    0.7270963788032532,
    0.7594912052154541,
    0.7819607853889465,
    0.8158442974090576,
    0.8492034673690796,
    0.9245296120643616,
    0.9431416988372803,
    0.9959945678710938,
    1.0373581647872925,
    1.0869923830032349,
    1.170027256011963,
    1.2182776927947998,
    1.216677188873291,
    1.2822116613388062,
    1.2900958061218262,
    1.3207999467849731,
    1.348573088645935,
    1.3717501163482666,
    1.3964923620224,
    1.4247593879699707,
    1.4598835706710815,
    1.4894051551818848,
    1.5275930166244507,
    1.5658625364303589,
    1.6077159643173218,
    1.6453664302825928,
    1.6936652660369873,
    1.7406138181686401,
    1.7909092903137207,
    1.8502167463302612,
    1.9102182388305664,
    1.9700528383255005,
    2.0405547618865967,
    2.124758243560791,
    2.193277359008789,
    2.2924184799194336,
    2.377223253250122,
    2.479700803756714,
    2.6099672317504883,
    2.6773152351379395,
    2.663090229034424,
    2.6512551307678223,
    2.653285503387451,
    2.6334123611450195,
    2.621004104614258,
    2.6130926609039307,
    2.6222755908966064,
    1.226030707359314,
    1.2458337545394897,
    1.3933981657028198,
    1.5277659893035889,
    1.6894001960754395,
    1.893776774406433,
    2.136383295059204,
    2.563258409500122,
    2.5563409328460693,
    2.5562236309051514,
    2.554614543914795,
    2.56510066986084,
    2.5546069145202637,
    2.5551249980926514,
    2.5562644004821777,
    2.571262836456299,
    2.559527635574341,
    2.567577362060547,
    2.5858726501464844,
    2.5732333660125732,
    2.5826146602630615,
    2.5803112983703613,
    2.5904955863952637,
    2.6011338233947754,
    2.620852470397949,
    2.6110024452209473,
    2.622783899307251,
    2.634967803955078,
    2.647536516189575,
    2.6557211875915527,
    2.650890588760376,
    1.4143930673599243,
    1.3121289014816284,
    1.2980297803878784,
    1.2376562356948853,
    1.2029999494552612,
    0.9239333868026733,
    0.9003265500068665,
    0.8660894632339478,
    0.8330705165863037,
    0.8016330599784851,
    0.7799291014671326,
    0.7611971497535706,
    0.7374556660652161,
    0.7139595150947571,
    0.6975603103637695,
    0.6764050126075745,
    0.6599805951118469,
    0.6419854164123535,
    0.6360491514205933,
    0.6074528098106384,
    0.6022295951843262,
    0.5859727263450623,
    0.5701225996017456,
    0.5657520294189453,
    0.5505741238594055,
    0.5466828942298889,
    0.5321197509765625,
    0.5178796052932739,
    0.4965859055519104,
    0.49458715319633484,
    0.4824603199958801,
    0.4807692766189575,
    0.46901193261146545,
    0.46760863065719604,
    0.4561908543109894,
    0.455057293176651,
    0.4439513087272644,
    0.443071186542511,
    0.43225106596946716,
    0.43160974979400635,
    0.4210514724254608,
    0.42063549160957336,
    0.4103163778781891,
    0.4101138412952423,
    0.4100126624107361,
    0.4000123143196106,
    0.40011101961135864,
    0.3903009295463562,
    0.390590101480484,
    0.3909763693809509,
    0.38142257928848267,
    0.38198933005332947,
    0.3826523721218109,
    0.3733226954936981,
    0.37415823340415955,
    0.37509027123451233,
    0.36595457792282104,
    0.36705276370048523,
    0.3682487905025482,
    0.35927894711494446,
    0.3606364130973816,
    0.36209380626678467,
    0.35326310992240906,
    0.35487908124923706,
    0.34610992670059204,
    0.3478809595108032,
    0.34975701570510864,
    0.3517405688762665,
    0.3431123197078705,
    0.3452529013156891,
    0.34750670194625854,
    0.34987694025039673,
    0.3413558006286621,
    0.34388840198516846,
    0.3465449810028076,
    0.33806103467941284,
    0.3408844769001007,
    0.343841016292572,
