{
  "step": 650,
  "timestamp": 20.8,
  "robot_pose_odom": {
    "x": -2.3225260162806043,
    "y": -1.0367221264442708,
    "yaw_fused": 2.8249656849859073,
    "yaw_imu": 2.837736310844608
  },
  "lidar_pose_relative_to_robot": {
    "x_offset": 0.0,
    "y_offset": 0.0,
    "yaw_offset": 0.0
  },
  "lidar_meta": {
    "fov": 6.283184,
    "horizontal_resolution": 400,
    "angle_min": -3.141592,
    "angle_increment": 0.015747328320802004
  },
  "ranges": [
    0.7095867991447449,
    0.6798008680343628,
    0.6619954705238342,
    0.6626983880996704,
    0.6255173087120056,
    0.6077818274497986,
    0.5945715308189392,
    0.5853608250617981,
    0.5866554379463196,
    0.5550364851951599,
    0.5450460314750671,
    0.5426005125045776,
    0.5241720676422119,
    0.5139510035514832,
    0.5018913745880127,
    0.4880407452583313,
    0.4931027889251709,
    0.4773273169994354,
    0.467055082321167,
    0.45713862776756287,
    0.4528617858886719,
    0.4450880289077759,
    null,
    null,
    null,
    null,
    0.4221577048301697,
    0.4146108329296112,
    0.40693825483322144,
    0.4069386124610901,
    0.40079084038734436,
    0.39492201805114746,
    0.38931724429130554,
    0.3839627802371979,
    0.37884581089019775,
    0.3739544749259949,
    0.3692777752876282,
    0.3773850202560425,
    0.3729602098464966,
    0.36872783303260803,
    0.3646794855594635,
    0.36080706119537354,
    0.3571031987667084,
    0.35356101393699646,
    0.35017383098602295,
    0.346935898065567,
    0.34384122490882874,
    0.35224753618240356,
    0.3493298888206482,
    0.34654513001441956,
    0.343888521194458,
    0.34135594964027405,
    0.33894339203834534,
    0.3366472125053406,
    0.3344639241695404,
    0.332390159368515,
    0.33446383476257324,
    0.32578757405281067,
    0.328009694814682,
    0.33034440875053406,
    0.33279529213905334,
    0.324187308549881,
    0.326792448759079,
    0.31815895438194275,
    0.32091838121414185,
    0.31224215030670166,
    0.3034839332103729,
    0.3064194321632385,
    0.2975859045982361,
    0.3006724417209625,
    0.2917434871196747,
    0.2949821949005127,
    0.28593605756759644,
    0.2893284559249878,
    0.2801417112350464,
    0.2836895287036896,
    0.28740015625953674,
    0.2780419588088989,
    0.2819192707538605,
    0.2723598778247833,
    null,
    null,
    null,
    null,
    null,
    null,
    null,
    0.2612728476524353,
    0.25789955258369446,
    0.26740792393684387,
    0.2641693949699402,
    0.2610720694065094,
    0.2581093907356262,
    0.25527551770210266,
    0.25256484746932983,
    0.2499721199274063,
    0.25927796959877014,
    0.2567940652370453,
    0.2544195353984833,
    0.25215014815330505,
    0.24998202919960022,
    0.2591802179813385,
    0.2571140229701996,
    0.25514301657676697,
    0.25326403975486755,
    0.2514740526676178,
    0.24977043271064758,
    0.2634998559951782,
    0.24382711946964264,
    0.25581133365631104,
    0.25436875224113464,
    0.25300437211990356,
    0.25171637535095215,
    0.2505028545856476,
    0.24936223030090332,
    0.25863850116729736,
    0.2575974762439728,
    0.2566278278827667,
    0.2557283341884613,
    0.254897803068161,
    0.26430052518844604,
    0.2635769248008728,
    0.2629219889640808,
    0.2623348534107208,
    0.26181477308273315,
    0.26136112213134766,
    0.27101075649261475,
    0.270675927400589,
    0.2704085111618042,
    0.27020832896232605,
    0.2700749337673187,
    0.2800086438655853,
    0.2800086438655853,
    0.28007772564888,
    0.2802160680294037,
    0.28042367100715637,
    0.2907260060310364,
    0.2910856604576111,
    0.2915181517601013,
    0.292024165391922,
    0.2926042675971985,
    0.30337151885032654,
    0.30412721633911133,
    0.3049621284008026,
    0.30587729811668396,
    0.30687397718429565,
    0.31821849942207336,
    0.31942084431648254,
    0.3207116723060608,
    0.3324829041957855,
    0.33400383591651917,
    0.33562174439430237,
    0.3373391330242157,
    0.3391583263874054,
    0.3517405688762665,
    0.3538345694541931,
    0.3560420572757721,
    0.3692258894443512,
    0.3717442452907562,
    0.37439024448394775,
    0.388261079788208,
    0.39126044511795044,
    0.40567323565483093,
    0.40906137228012085,
    0.4126092195510864,
    0.4278872609138489,
    0.4318808317184448,
    0.44784361124038696,
    0.4642338454723358,
    0.46904900670051575,
    0.4740830957889557,
    0.49163690209388733,
    0.5097121000289917,
    0.515759289264679,
    0.5348158478736877,
    0.5544838905334473,
    0.5748001933097839,
    0.5825638771057129,
    0.6041125655174255,
    0.6400455236434937,
    0.6495569944381714,
    0.6945669054985046,
    0.7085986137390137,
    0.7386572360992432,
    0.7718397974967957,
    0.8007376790046692,
    0.848330557346344,
    0.9091691374778748,
    0.9131289124488831,
    1.0077369213104248,
    1.0991114377975464,
    1.145535945892334,
    1.2558329105377197,
    1.2812294960021973,
    1.457775592803955,
    1.4900211095809937,
    1.4849562644958496,
    1.4820386171340942,
    1.4802597761154175,
    1.474600076675415,
    1.4767967462539673,
    1.4762004613876343,
    1.4702565670013428,
    1.472814679145813,
    1.4755386114120483,
    1.4651100635528564,
    1.4703823328018188,
    1.4781147241592407,
    1.4849026203155518,
    1.4689500331878662,
    1.478114366531372,
    1.4769036769866943,
    1.4737926721572876,
    1.4754897356033325,
    1.475392460823059,
    1.4867899417877197,
    1.4762003421783447,
    1.4885293245315552,
    1.4860615730285645,
    1.491823673248291,
    1.4937113523483276,
    1.4967410564422607,
    1.4998329877853394,
    1.515389084815979,
    1.5194973945617676,
    1.521185278892517,
    1.5291364192962646,
    1.1443595886230469,
    1.084140419960022,
    1.0340145826339722,
    0.9850608110427856,
    0.954250156879425,
    0.904204249382019,
    0.8625501990318298,
    0.8354002237319946,
    0.7858824133872986,
    0.7788312435150146,
    0.7601202726364136,
    0.7353716492652893,
    0.7115105986595154,
    0.6884847283363342,
    0.6662457585334778,
    0.6576439142227173,
    0.6366855502128601,
    0.6163952946662903,
    0.6091681122779846,
    0.5899643301963806,
    0.5834869146347046,
    0.5652641654014587,
    0.5475580096244812,
    0.5421265959739685,
    0.5252605676651001,
    0.5204035639762878,
    0.5043002963066101,
    0.49996405839920044,
    0.4958230257034302,
    0.48069143295288086,
    0.4770065248012543,
    0.4734936058521271,
    0.459213525056839,
    0.45610255002975464,
    0.44235533475875854,
    0.4396126866340637,
    0.4370110034942627,
    0.42394787073135376,
    0.4216739535331726,
    0.4195272624492645,
    0.41750475764274597,
    0.4052136242389679,
    0.4034760594367981,
    0.4018520414829254,
    0.3900742828845978,
    0.38870707154273987,
    0.3874446451663971,
    0.3862853944301605,
    0.37509027123451233,
    0.37415823340415955,
    0.3733226954936981,
    0.3725825846195221,
    0.37193697690963745,
    0.3613477051258087,
    0.36090123653411865,
    0.36054471135139465,
    0.36027777194976807,
    0.3600999414920807,
    0.34998419880867004,
    0.35998454689979553,
    0.37002038955688477,
    0.39000970125198364,
    1.051588773727417,
    1.0526286363601685,
    1.0434619188308716,
    1.0353920459747314,
    1.0371893644332886,
    1.0291599035263062,
    1.0314631462097168,
    1.0223491191864014,
    1.01654052734375,
    1.0195910930633545,
    1.0126841068267822,
    1.0162461996078491,
    1.0097819566726685,
    1.0138626098632812,
    1.0078388452529907,
    1.0020114183425903,
    1.0068652629852295,
    1.0014755725860596,
    1.0068762302398682,
    1.0019277334213257,
    1.0078924894332886,
    1.0033912658691406,
    1.0099413394927979,
    1.0081475973129272,
    1.002044439315796,
    1.0094788074493408,
    1.0172771215438843,
    1.0141831636428833,
    1.0116597414016724,
