{
  "step": 750,
  "timestamp": 24.0,
  "robot_pose_odom": {
    "x": -2.821574824544386,
    "y": -0.8521215643407402,
    "yaw_fused": 2.775759328019039,
    "yaw_imu": 2.7787055372930785
  },
  "lidar_pose_relative_to_robot": {
    "x_offset": 0.0,
    "y_offset": 0.0,
    "yaw_offset": 0.0
  },
  "lidar_meta": {
    "fov": 6.283184,
    "horizontal_resolution": 400,
    "angle_min": -3.141592,
    "angle_increment": 0.015747328320802004
  },
  "ranges": [
    1.3235275745391846,
    1.2710611820220947,
    1.232814073562622,
    1.1975606679916382,
    1.1490520238876343,
    1.116034984588623,
    1.084490418434143,
    1.0608142614364624,
    1.0254545211791992,
    0.9977967143058777,
    0.9663996696472168,
    0.9571415185928345,
    0.9404946565628052,
    0.9093647599220276,
    0.8862999081611633,
    0.8789589405059814,
    0.8549487590789795,
    0.8319881558418274,
    0.8258609771728516,
    0.8113418221473694,
    0.7884112000465393,
    0.776819109916687,
    null,
    null,
    null,
    null,
    0.6211273074150085,
    0.587430477142334,
    0.5808089375495911,
    0.5179123282432556,
    0.5130865573883057,
    0.47559475898742676,
    null,
    null,
    0.4390283226966858,
    0.42423194646835327,
    0.4057287871837616,
    0.39447370171546936,
    0.38340649008750916,
    0.3713609576225281,
    0.36177927255630493,
    0.35119137167930603,
    0.3402928411960602,
    0.33025461435317993,
    0.33009159564971924,
    0.32003650069236755,
    0.3100361227989197,
    0.3000832796096802,
    0.3002314865589142,
    0.29043880105018616,
    0.2907260060310364,
    0.2810482084751129,
    0.2814658284187317,
    0.27113059163093567,
    0.2623348534107208,
    0.2629219889640808,
    0.25343936681747437,
    0.2541351318359375,
    0.24470186233520508,
    0.24549919366836548,
    0.24636271595954895,
    0.23698963224887848,
    0.23794735968112946,
    0.2285819947719574,
    0.22962763905525208,
    0.22025176882743835,
    0.22137880325317383,
    0.22257263958454132,
    0.22383490204811096,
    0.2172299027442932,
    null,
    null,
    null,
    null,
    null,
    null,
    null,
    null,
    null,
    null,
    null,
    null,
    null,
    null,
    null,
    null,
    null,
    null,
    null,
    null,
    null,
    null,
    null,
    null,
    null,
    null,
    null,
    null,
    null,
    null,
    null,
    null,
    null,
    null,
    null,
    null,
    null,
    null,
    null,
    null,
    null,
    null,
    null,
    null,
    null,
    null,
    null,
    null,
    null,
    null,
    null,
    null,
    null,
    null,
    null,
    null,
    null,
    null,
    null,
    null,
    null,
    null,
    null,
    null,
    null,
    null,
    null,
    null,
    0.2000061571598053,
    0.2000061571598053,
    0.20005550980567932,
    0.21016204357147217,
    0.21031774580478668,
    0.2105257362127304,
    0.21078616380691528,
    0.21109935641288757,
    0.2114657759666443,
    0.2219756543636322,
    0.22247245907783508,
    0.22302664816379547,
    0.22363892197608948,
    0.23450593650341034,
    0.23527005314826965,
    0.23609758913516998,
    0.23698963224887848,
    0.23794735968112946,
    0.24936217069625854,
    0.2505028545856476,
    0.2517163157463074,
    0.2635461986064911,
    0.2649674415588379,
    0.26647013425827026,
    0.2680565118789673,
    0.2805179953575134,
    0.28234919905662537,
    0.28427499532699585,
    0.29730987548828125,
    0.2995156943798065,
    0.3018294870853424,
    0.3155236542224884,
    0.3181588649749756,
    0.33237963914871216,
    0.33537107706069946,
    0.3385011851787567,
    0.3535607159137726,
    0.3690064251422882,
    0.37283381819725037,
    0.38899126648902893,
    0.3933095335960388,
    0.410256028175354,
    0.42770281434059143,
    0.43294617533683777,
    0.45132410526275635,
    0.46640342473983765,
    0.48988327383995056,
    0.510139524936676,
    0.5311015844345093,
    0.5604559779167175,
    0.5893588662147522,
    0.6173522472381592,
    0.6295597553253174,
    0.6901317834854126,
    0.7201892733573914,
    0.7821300029754639,
    0.8608031868934631,
    0.8615489602088928,
    0.9683535695075989,
    0.9812011122703552,
    0.969696581363678,
    0.9709832668304443,
    0.9724786281585693,
    0.9741790890693665,
    0.964178740978241,
    0.966400146484375,
    0.9688143730163574,
    0.9598559737205505,
    0.9627554416656494,
    0.9658399224281311,
    0.9578400254249573,
    0.9613832235336304,
    0.9651064872741699,
    0.9579989910125732,
    0.9644128084182739,
    0.9665032625198364,
    0.971024215221405,
    0.9650036096572876,
    0.9602348804473877,
    0.9665031433105469,
    0.9730954170227051,
    0.9690103530883789,
    0.9761995077133179,
    0.9837408065795898,
    0.9803773760795593,
    0.9885653257369995,
    0.9856778979301453,
    0.9945491552352905,
    0.9921590685844421,
    1.0017558336257935,
    1.0117920637130737,
    1.0102593898773193,
    1.0211021900177002,
    1.0201467275619507,
    1.0318561792373657,
    1.0440983772277832,
    1.0441645383834839,
    1.057388186454773,
    1.0581551790237427,
    1.0724475383758545,
    1.0739781856536865,
    1.0894395112991333,
    1.0918090343475342,
    1.1085563898086548,
    1.115537405014038,
    1.125627875328064,
    1.1256769895553589,
    0.7249352931976318,
    0.7017248272895813,
    0.6793094277381897,
    0.6705388426780701,
    0.6494192481040955,
    0.6415542960166931,
    0.634032130241394,
    0.6145461797714233,
    0.6077988743782043,
    0.5893179774284363,
    0.5832682847976685,
    0.5774827003479004,
    0.571950376033783,
    0.5550971627235413,
    0.5501457452774048,
    0.5454153418540955,
    0.5408978462219238,
    0.5254069566726685,
    0.5213792324066162,
    0.5175395607948303,
    0.5029481053352356,
    0.49954086542129517,
    0.4963010847568512,
    0.49322396516799927,
    0.4903050363063812,
    0.47694137692451477,
    0.4743832051753998,
    0.4719682037830353,
    0.4696928858757019,
    0.45716410875320435,
    0.4552037715911865,
    0.4533715546131134,
    0.4516649842262268,
    0.45008185505867004,
    0.4384241998195648,
    0.43711239099502563,
    0.43591567873954773,
    0.43483251333236694,
    0.43386149406433105,
    0.4330013394355774,
    0.42219871282577515,
    0.42157232761383057,
    0.4210514724254608,
    0.42063549160957336,
    0.42032408714294434,
    0.4201166033744812,
    0.4100126624107361,
    0.4100126624107361,
    0.4101138412952423,
    0.4103163778781891,
    0.41062039136886597,
    0.4110264480113983,
    0.40149742364883423,
    0.4020940065383911,
    0.40279194712638855,
    0.4035920798778534,
    0.40449535846710205,
    0.40550297498703003,
    0.4066161811351776,
    0.39764052629470825,
    0.3989361822605133,
    0.40033939480781555,
    0.401852011680603,
    0.40347594022750854,
    0.40521353483200073,
    0.39662954211235046,
    0.3985508382320404,
    0.4005902111530304,
    0.40275049209594727,
    0.405034601688385,
    0.40744590759277344,
    0.40998783707618713,
    0.401804655790329,
    0.40454521775245667,
    0.4074246883392334,
    0.41044744849205017,
    0.41361820697784424,
    0.41694197058677673,
    0.4204241931438446,
    0.4126092195510864,
    0.4163227379322052,
    0.4202083647251129,
    0.4242728650569916,
    0.42852357029914856,
    0.42094141244888306,
    0.42545920610427856,
    0.4301823079586029,
    0.4351200461387634,
    0.44028231501579285,
    0.43294617533683777,
    0.4384291470050812,
    0.44416379928588867,
    0.45016300678253174,
    0.45644062757492065,
    0.46301165223121643,
    0.4560719132423401,
    0.4630676805973053,
    0.47004836797714233,
    0.4698927104473114,
    0.4766300320625305,
    0.4809172451496124,
    0.48988357186317444,
    0.4925299882888794,
    0.5029042959213257,
    0.5093486309051514,
    0.5114409923553467,
    0.5221443176269531,
    0.5313997268676758,
    0.534863293170929,
