{
  "step": 560,
  "timestamp": 17.92,
  "robot_pose_odom": {
    "x": -1.8091089593888776,
    "y": -1.0921777934793413,
    "yaw_fused": -3.081931133530767,
    "yaw_imu": -3.081875112713655
  },
  "lidar_pose_relative_to_robot": {
    "x_offset": 0.0,
    "y_offset": 0.0,
    "yaw_offset": 0.0
  },
  "lidar_meta": {
    "fov": 6.283184,
    "horizontal_resolution": 400,
    "angle_min": -3.141592,
    "angle_increment": 0.015747328320802004
  },
  "ranges": [
    1.4652055501937866,
    1.4474396705627441,
    1.3934352397918701,
    1.3413136005401611,
    1.2710052728652954,
    1.1839216947555542,
    1.164063811302185,
    1.110722541809082,
    1.0653009414672852,
    1.0121164321899414,
    0.9736039042472839,
    0.9262059330940247,
    0.9191547632217407,
    0.8983238935470581,
    0.8579336404800415,
    0.8323332071304321,
    0.8076456189155579,
    0.7877064347267151,
    0.7608036994934082,
    0.751288890838623,
    0.7296107411384583,
    0.7114694118499756,
    null,
    null,
    null,
    null,
    0.6364094614982605,
    0.6186401844024658,
    0.6129197478294373,
    0.5959911942481995,
    0.5798733830451965,
    0.5663048624992371,
    null,
    null,
    0.5175881385803223,
    0.5006968975067139,
    0.4886813163757324,
    0.47016265988349915,
    0.461057186126709,
    0.45832860469818115,
    0.44488245248794556,
    0.4322158098220825,
    0.4300154745578766,
    0.41750475764274597,
    0.4156036972999573,
    0.39313051104545593,
    0.39154815673828125,
    0.3798092007637024,
    0.37847793102264404,
    0.36705282330513,
    0.36595457792282104,
    0.3548150956630707,
    0.3539334535598755,
    0.3531430959701538,
    0.34237319231033325,
    0.3417799174785614,
    0.3312353789806366,
    0.33082613348960876,
    0.3304993212223053,
    0.3202469050884247,
    0.32008883357048035,
    0.31000956892967224,
    0.31000956892967224,
    0.31008607149124146,
    0.3002314865589142,
    0.30045393109321594,
    0.3007510304450989,
    0.30112308263778687,
    0.2915181517601013,
    0.292024165391922,
    0.2926042675971985,
    0.28314676880836487,
    0.28385210037231445,
    0.2846313416957855,
    0.28548550605773926,
    0.27618658542633057,
    0.2771580219268799,
    0.2782052159309387,
    0.26898396015167236,
    0.2701423466205597,
    0.2713780999183655,
    0.26220449805259705,
    0.2635461986064911,
    0.2649674415588379,
    0.26647013425827026,
    0.2680565118789673,
    0.2589396834373474,
    0.2606300413608551,
    0.26240769028663635,
    0.264275461435318,
    0.2551429867744446,
    0.2571139931678772,
    0.25918012857437134,
    0.2613447606563568,
    0.2521500885486603,
    0.2544194459915161,
    0.2567940056324005,
    0.259277880191803,
    0.24997207522392273,
    0.25256484746932983,
    0.25527551770210266,
    0.2581093907356262,
    0.2486400157213211,
    0.2515898644924164,
    null,
    null,
    null,
    null,
    null,
    null,
    null,
    null,
    null,
    null,
    null,
    null,
    null,
    0.26127296686172485,
    0.25789961218833923,
    0.2674080431461334,
    0.2641695439815521,
    0.26107215881347656,
    0.27040043473243713,
    0.2674316465854645,
    0.27661874890327454,
    0.27377912402153015,
    0.2710634469985962,
    0.28013908863067627,
    0.27754873037338257,
    0.2865343689918518,
    0.28407058119773865,
    0.2817176580429077,
    0.29065072536468506,
    0.2884226143360138,
    0.2973099946975708,
    0.29520875215530396,
    0.2932088375091553,
    0.302096426486969,
    0.3103661835193634,
    0.3091169595718384,
    0.3079533874988556,
    0.31710314750671387,
    0.3160732686519623,
    0.3252929747104645,
    0.324402391910553,
    0.33370867371559143,
    0.3329634666442871,
    0.34237319231033325,
    0.3417799174785614,
    0.35131028294563293,
    0.35087621212005615,
    0.36054471135139465,
    0.36027777194976807,
    0.3700202703475952,
    0.38001173734664917,
    0.38001173734664917,
    0.39019060134887695,
    0.40030863881111145,
    0.4006052315235138,
    0.41134148836135864,
    0.42200377583503723,
    0.4316750764846802,
    0.443071186542511,
    0.4439513087272644,
    0.45629048347473145,
    0.4647824764251709,
    0.47585833072662354,
    0.501948356628418,
    0.5143086314201355,
    0.5269531607627869,
    0.5399000644683838,
    0.5531681776046753,
    0.5610648989677429,
    0.5636314153671265,
    0.566361665725708,
    0.5798016786575317,
    0.5829283595085144,
    0.5862343311309814,
    0.6004465818405151,
    0.6041926145553589,
    0.6189963221549988,
    0.623218297958374,
    0.6276541948318481,
    0.6434040665626526,
    0.6483744382858276,
    0.6648533344268799,
    0.6704061031341553,
    0.6762206554412842,
    0.6938712000846863,
    0.7120198011398315,
    0.7189068794250488,
    0.7380128502845764,
    0.7456676363945007,
    0.7658265829086304,
    0.7743281722068787,
    0.7956480979919434,
    0.8176671266555786,
    0.8276911973953247,
    0.8510683178901672,
    0.8752638697624207,
    0.9003260135650635,
    0.9263059496879578,
    0.953259289264679,
    0.9812456965446472,
    1.0173110961914062,
    1.0383232831954956,
    1.0441709756851196,
    1.0802083015441895,
    1.1458485126495361,
    1.1906442642211914,
    1.2293806076049805,
    1.2483984231948853,
    1.3388135433197021,
    1.391629934310913,
    1.4307342767715454,
    1.547925353050232,
    1.608651041984558,
    1.7008336782455444,
    1.761066198348999,
    1.9836268424987793,
    2.03100848197937,
    2.01222825050354,
    2.013284683227539,
    2.0112197399139404,
    1.994560956954956,
    1.9956636428833008,
    1.9941940307617188,
    1.9930782318115234,
    1.978991985321045,
    1.9807828664779663,
    1.9806444644927979,
    1.9701112508773804,
    1.9698550701141357,
    1.9699232578277588,
    1.9703091382980347,
    1.9710063934326172,
    1.9720076322555542,
    1.9733058214187622,
    1.9691537618637085,
    1.5273253917694092,
    1.282230257987976,
    1.0862849950790405,
    0.9545970559120178,
    0.8546251058578491,
    0.7582831978797913,
    0.6969137191772461,
    0.6353549957275391,
    0.6268371343612671,
    0.634032130241394,
    0.6415544152259827,
    0.6366857290267944,
    2.0425102710723877,
    2.0471041202545166,
    2.0654544830322266,
    2.06978178024292,
    2.074551820755005,
    2.0868756771087646,
    2.0838406085968018,
    2.1188158988952637,
    2.1083383560180664,
    2.1472580432891846,
    2.145583152770996,
    2.1704118251800537,
    2.1869161128997803,
    2.2023539543151855,
    2.2295830249786377,
    2.243093967437744,
    2.244502067565918,
    2.2918901443481445,
    2.3072123527526855,
    2.33955454826355,
    2.338701009750366,
    2.3777904510498047,
    2.4034364223480225,
    2.4282901287078857,
    1.7955185174942017,
    1.7956950664520264,
    1.805862307548523,
    1.8163316249847412,
    1.8167030811309814,
    1.8168456554412842,
    1.8127355575561523,
    1.8287487030029297,
    1.1328612565994263,
    1.1258373260498047,
    1.1096971035003662,
    1.0914030075073242,
    1.0737086534500122,
    1.0593063831329346,
    1.0541995763778687,
    1.0436862707138062,
    1.0187180042266846,
    0.9994781613349915,
    0.9957159161567688,
    0.9848490357398987,
    0.9709606766700745,
    0.955548107624054,
    0.9529320001602173,
    0.9392184019088745,
    0.9282618165016174,
    0.9264215230941772,
    0.9153399467468262,
    0.9033692479133606,
    0.9022531509399414,
    0.8913466930389404,
    0.8906867504119873,
    0.820310115814209,
    0.8100250363349915,
    0.8100250363349915,
    0.770213782787323,
    0.7705941200256348,
    0.7711650729179382,
    0.7615876197814941,
    0.7528077363967896,
    0.7539262771606445,
    0.7451651692390442,
    0.7466453909873962,
    0.7382040023803711,
    0.7400429248809814,
    0.7319091558456421,
    0.7341055274009705,
    0.7364975810050964,
    0.7288230061531067,
    0.7315767407417297,
