{
  "step": 1305,
  "timestamp": 41.76,
  "robot_pose_odom": {
    "x": -2.1627548361035864,
    "y": 1.6188696884354377,
    "yaw_fused": 0.35874249318115997,
    "yaw_imu": 0.37243317934026265
  },
  "lidar_pose_relative_to_robot": {
    "x_offset": 0.0,
    "y_offset": 0.0,
    "yaw_offset": 0.0
  },
  "lidar_meta": {
    "fov": 6.283184,
    "horizontal_resolution": 400,
    "angle_min": -3.141592,
    "angle_increment": 0.015747328320802004
  },
  "ranges": [
    0.5408008694648743,
    0.534863293170929,
    0.5291836857795715,
    0.5237513780593872,
    0.5067707896232605,
    0.5019158720970154,
    0.4972747564315796,
    0.49283909797668457,
    0.47723856568336487,
    0.47328564524650574,
    0.4695127308368683,
    0.46591344475746155,
    0.4624822437763214,
    0.45053088665008545,
    0.4517645239830017,
    0.4423554837703705,
    0.42416712641716003,
    0.4396127760410309,
    0.4423553943634033,
    0.43438342213630676,
    0.42641258239746094,
    0.429447740316391,
    null,
    null,
    null,
    null,
    0.412609338760376,
    0.4085265100002289,
    0.3968636393547058,
    0.4007023572921753,
    0.39281338453292847,
    0.3968876004219055,
    null,
    null,
    0.38539209961891174,
    0.3899644613265991,
    0.38201141357421875,
    0.3739543557167053,
    0.3788456618785858,
    0.3839626908302307,
    0.37589237093925476,
    0.3813038468360901,
    0.37314990162849426,
    0.3578602969646454,
    0.37887370586395264,
    0.37314990162849426,
    0.36768582463264465,
    0.37589243054389954,
    0.37072256207466125,
    0.3657819926738739,
    0.3739543557167053,
    0.36927759647369385,
    0.3648053705692291,
    0.3605280816555023,
    0.3687276840209961,
    0.3646793067455292,
    0.37283381819725037,
    0.369006484746933,
    0.3771315813064575,
    0.37351861596107483,
    0.37006476521492004,
    0.3667638301849365,
    0.37497302889823914,
    0.37186723947525024,
    0.3800816237926483,
    0.3771679699420929,
    0.3743903338909149,
    0.371744304895401,
    0.38008546829223633,
    0.3776203989982605,
    0.37527909874916077,
    0.38371697068214417,
    0.38155311346054077,
    0.37950655817985535,
    0.3880627453327179,
    0.3861919343471527,
    0.38443344831466675,
    0.39313051104545593,
    0.39154815673828125,
    0.40033939480781555,
    0.3989361822605133,
    0.4078364670276642,
    0.4066161811351776,
    0.40550297498703003,
    0.4146077632904053,
    0.41368189454078674,
    0.4229315519332886,
    0.42219871282577515,
    0.4115349054336548,
    0.4110264480113983,
    0.41062039136886597,
    0.40030863881111145,
    0.40011101961135864,
    0.4000123143196106,
    0.4000123143196106,
    0.39010825753211975,
    0.3903009295463562,
    0.390590101480484,
    0.3909763693809509,
    0.38142257928848267,
    0.38198933005332947,
    0.3826523721218109,
    0.38341251015663147,
    0.37415823340415955,
    0.37509027123451233,
    0.376120001077652,
    0.36705276370048523,
    0.3682487905025482,
    0.36954405903816223,
    0.37094029784202576,
    0.36209380626678467,
    0.36365318298339844,
    0.3653166890144348,
    0.3670862913131714,
    0.3584228456020355,
    0.3603557348251343,
    0.3623993992805481,
    0.36455684900283813,
    0.3668312132358551,
    0.3583662807941437,
    0.3608105778694153,
    0.36337873339653015,
    0.36607474088668823,
    0.35772383213043213,
    0.36059844493865967,
    0.3636101186275482,
    0.36676374077796936,
    0.3585001528263092,
    0.36184611916542053,
    0.36534610390663147,
    0.3690064251422882,
    0.3608069121837616,
    0.3646793067455292,
    0.3687276840209961,
    0.37296003103256226,
    0.36480534076690674,
    0.36927759647369385,
    0.37395426630973816,
    0.37884557247161865,
    0.3707224726676941,
    0.3758922815322876,
    0.38130372762680054,
    0.3731497526168823,
    0.3788735270500183,
    0.38585415482521057,
    0.3869704604148865,
    0.39492201805114746,
    0.38931724429130554,
    0.39720287919044495,
    0.4049731194972992,
    0.39974445104599,
    0.407478928565979,
    0.4151235520839691,
    0.4102562367916107,
    0.41789156198501587,
    0.4133034348487854,
    0.4209415912628174,
    0.42852386832237244,
    0.4360586106777191,
    0.4318810999393463,
    0.44321972131729126,
    0.4469935894012451,
    0.45451289415359497,
    0.4507482349872589,
    0.4695127308368683,
    0.46591344475746155,
    0.47354257106781006,
    0.4833318591117859,
    0.4886814057826996,
    0.5008619427680969,
    0.5172770023345947,
    0.5151949524879456,
    0.5200879573822021,
    0.5290626883506775,
    0.5380342602729797,
    0.5508477687835693,
    0.5661580562591553,
    0.5751725435256958,
    0.5842371582984924,
    0.594872236251831,
    0.6126173734664917,
    0.6218895316123962,
    0.6318923234939575,
    0.650540292263031,
    0.6703711748123169,
    0.6802712678909302,
    0.6999683976173401,
    0.720048725605011,
    0.7301203012466431,
    0.7605864405632019,
    0.7611499428749084,
    0.7719277143478394,
    0.7728825807571411,
    0.7740309834480286,
    0.7854443192481995,
    0.7870045900344849,
    0.7887659668922424,
    0.7907307744026184,
    0.8030669689178467,
    0.8054769039154053,
    0.8081014752388,
    0.8212090134620667,
    0.8243117928504944,
    0.8276429772377014,
    0.8415973782539368,
    0.8454471826553345,
    0.8600307703018188,
    0.8644315004348755,
    0.8690931797027588,
    0.8846808075904846,
    0.8899475932121277,
    0.8954997062683105,
    0.9122051000595093,
    0.9184269309043884,
    0.9359755516052246,
    0.9429197907447815,
    0.9613828063011169,
    0.9691082835197449,
    0.9885650277137756,
    0.9971389770507812,
    0.9945487380027771,
    1.0038310289382935,
    1.0135407447814941,
    1.011791706085205,
    1.022286295890808,
    1.0211020708084106,
    1.0201466083526611,
    1.0318561792373657,
    1.0440980195999146,
    1.0441642999649048,
    1.0444929599761963,
    1.0581549406051636,
    1.0724471807479858,
    1.0739778280258179,
    1.0758211612701416,
    1.091808557510376,
    1.087541937828064,
    1.115537166595459,
    1.1256277561187744,
    1.1349098682403564,
    1.1434754133224487,
    1.151406168937683,
    1.171839714050293,
    1.1785465478897095,
    1.1836445331573486,
    1.2119507789611816,
    1.6563016176223755,
    1.6563855409622192,
    1.6564571857452393,
    1.6565437316894531,
    1.6545783281326294,
    1.645071268081665,
    1.6454530954360962,
    1.6459307670593262,
    1.646520733833313,
    1.647239089012146,
    1.6423615217208862,
    0.5924803614616394,
    0.5879383683204651,
    0.572645902633667,
    0.5576165318489075,
    0.5538389086723328,
    0.5286687612533569,
    0.5226057171821594,
    0.5133190751075745,
    0.5038791298866272,
    0.4942655563354492,
    0.48455381393432617,
    0.47442880272865295,
    0.46415799856185913,
    0.46201691031455994,
    0.45414304733276367,
    0.44699347019195557,
    0.4432200789451599,
    0.43188101053237915,
    0.4360584318637848,
    0.41662025451660156,
    0.42094141244888306,
    0.41330328583717346,
    0.40560048818588257,
    0.39782407879829407,
    0.40254393219947815,
    0.3947451412677765,
    0.3868493437767029,
    0.39190930128097534,
    0.3839626908302307,
    0.37589237093925476,
    0.36768582463264465,
    0.37314990162849426,
    0.3648413419723511,
    0.3648413419723511,
    0.35932955145835876,
    0.354067862033844,
    0.34904295206069946,
    0.3574824631214142,
    0.352718323469162,
    0.3481644093990326,
    0.34381017088890076,
    0.3396463692188263,
    0.3480960726737976,
    0.34414586424827576,
    0.3403673768043518,
    0.33675312995910645,
    0.33329617977142334,
    0.32999011874198914,
    0.3385012447834015,
    0.335371196269989,
    0.3323797285556793,
    0.3295217752456665,
    0.326792448759079,
    0.3241872489452362,
    0.3217020630836487,
    0.33034437894821167,
    0.32800963521003723,
