{
  "step": 60,
  "timestamp": 1.92,
  "robot_pose_odom": {
    "x": -4.5275157845026e-11,
    "y": 1.9312335762217367e-18,
    "yaw_fused": -3.563905999284202e-07,
    "yaw_imu": -3.8077962027927015e-07
  },
  "lidar_pose_relative_to_robot": {
    "x_offset": 0.0,
    "y_offset": 0.0,
    "yaw_offset": 0.0
  },
  "lidar_meta": {
    "fov": 6.283184,
    "horizontal_resolution": 400,
    "angle_min": -3.141592,
    "angle_increment": 0.015747328320802004
  },
  "ranges": [
    1.0365022420883179,
    1.0295484066009521,
    1.016579031944275,
    1.0063598155975342,
    0.992046594619751,
    0.4900091886520386,
    0.49641847610473633,
    0.4898834526538849,
    0.4967149496078491,
    0.49024778604507446,
    0.4837128818035126,
    0.51214599609375,
    0.5261783003807068,
    0.5328162312507629,
    0.5673392415046692,
    0.6127904057502747,
    0.6610413789749146,
    0.7068367600440979,
    0.7325970530509949,
    0.8253238201141357,
    0.935575008392334,
    1.291007399559021,
    null,
    null,
    null,
    null,
    1.4073373079299927,
    2.3913533687591553,
    2.031588077545166,
    2.005739688873291,
    1.9884934425354004,
    1.997430443763733,
    null,
    null,
    2.3784310817718506,
    2.370351791381836,
    2.3109354972839355,
    2.2532644271850586,
    2.203216075897217,
    2.1672818660736084,
    2.119213819503784,
    2.0904059410095215,
    2.099961042404175,
    3.1066536903381348,
    3.0905346870422363,
    2.980785846710205,
    1.0817903280258179,
    1.0231449604034424,
    0.9370481967926025,
    0.9042873978614807,
    0.8583115935325623,
    0.8257821202278137,
    0.7850657105445862,
    0.7485882043838501,
    0.7235172390937805,
    0.694764256477356,
    0.6716450452804565,
    0.6422325372695923,
    0.6209381222724915,
    0.6204784512519836,
    0.6201721429824829,
    0.6200191378593445,
    0.6200191378593445,
    0.6201721429824829,
    0.6204784512519836,
    0.6309532523155212,
    0.63157719373703,
    0.6323584914207458,
    0.6332980990409851,
    0.6343973875045776,
    0.6457473635673523,
    0.6471925973892212,
    0.648804783821106,
    0.650585949420929,
    0.6627342104911804,
    0.664893627166748,
    0.6672323346138,
    0.6697533130645752,
    0.6828054785728455,
    0.6857459545135498,
    0.6888828873634338,
    0.7027080059051514,
    0.7063037753105164,
    0.7101126909255981,
    0.7141399383544922,
    0.7291136980056763,
    0.7336624264717102,
    0.7493113279342651,
    0.754422128200531,
    0.7597919702529907,
    0.7654290199279785,
    0.7713420391082764,
    0.7888091206550598,
    0.7953971028327942,
    0.813757061958313,
    0.8210809230804443,
    0.8287442922592163,
    0.8485457301139832,
    2.106907606124878,
    2.128760814666748,
    2.1516079902648926,
    2.1754934787750244,
    0.820512056350708,
    0.8133494257926941,
    0.8149574995040894,
    0.8663808703422546,
    0.8989042639732361,
    1.0753345489501953,
    1.2563555240631104,
    1.603239893913269,
    2.4185633659362793,
    2.4556620121002197,
    2.462644338607788,
    2.460026502609253,
    2.4422380924224854,
    2.4322497844696045,
    2.422455310821533,
    2.425950050354004,
    2.4164648056030273,
    2.4072635173797607,
    2.3983662128448486,
    2.3897900581359863,
    2.3873298168182373,
    2.3858160972595215,
    2.384495258331299,
    2.370875835418701,
    2.3757641315460205,
    2.3691458702087402,
    2.3553967475891113,
    2.3685872554779053,
    2.363837242126465,
    null,
    null,
    null,
    null,
    null,
    null,
    1.8838809728622437,
    1.670894980430603,
    1.4260358810424805,
    1.4028878211975098,
    1.4087681770324707,
    1.4195808172225952,
    0.8126466274261475,
    0.7424497008323669,
    0.7026881575584412,
    0.6597227454185486,
    0.6165201663970947,
    0.5847644209861755,
    0.5507643222808838,
    0.521932065486908,
    0.5003132820129395,
    0.4705084264278412,
    0.4600452482700348,
    0.4399603307247162,
    0.4199598431587219,
    0.40002870559692383,
    0.3901553153991699,
    0.38079649209976196,
    0.3605861961841583,
    0.35087883472442627,
    0.3423559069633484,
    0.33154937624931335,
    0.3219025135040283,
    0.3147171139717102,
    0.3025812804698944,
    0.292881041765213,
    0.28548550605773926,
    0.2864157259464264,
    0.2737256586551666,
    0.26790133118629456,
    0.26898396015167236,
    0.2597522735595703,
    0.25425985455513,
    0.2412281334400177,
    0.24246248602867126,
    0.243770033121109,
    0.23449371755123138,
    0.235889732837677,
    0.2265722155570984,
    0.21285304427146912,
    null,
    null,
    null,
    null,
    null,
    null,
    null,
    null,
    null,
    null,
    null,
    null,
    null,
    null,
    null,
    null,
    null,
    null,
    null,
    null,
    null,
    null,
    null,
    null,
    null,
    null,
    null,
    null,
    null,
    null,
    null,
    null,
    null,
    null,
    null,
    null,
    null,
    null,
    null,
    null,
    null,
    null,
    null,
    null,
    null,
    null,
    null,
    null,
    null,
    null,
    null,
    null,
    null,
    null,
    null,
    null,
    null,
    null,
    null,
    null,
    null,
    null,
    null,
    null,
    null,
    null,
    null,
    null,
    null,
    null,
    null,
    null,
    null,
    null,
    null,
    null,
    null,
    null,
    null,
    null,
    null,
    null,
    null,
    null,
    null,
    null,
    null,
    null,
    null,
    null,
    null,
    null,
    null,
    null,
    null,
    null,
    null,
    null,
    null,
    null,
    0.22092436254024506,
    0.22805127501487732,
    0.22657224535942078,
    0.235889732837677,
    0.23449371755123138,
    0.243770033121109,
    0.24246251583099365,
    0.25171637535095215,
    0.2505028545856476,
    0.2597523331642151,
    0.2641289234161377,
    0.28230300545692444,
    0.28742316365242004,
    0.2864157259464264,
    0.29333236813545227,
    0.30687806010246277,
    0.31271862983703613,
    0.32236286997795105,
    0.33393487334251404,
    0.3416190445423126,
    0.35125622153282166,
    0.36177927255630493,
    0.3712414801120758,
    0.3903684914112091,
    0.40045440196990967,
    0.42003414034843445,
    0.4300398826599121,
    0.4500669836997986,
    0.47029516100883484,
    0.4900868833065033,
    0.5201222896575928,
    0.5523220896720886,
    0.5808769464492798,
    0.6114655137062073,
    0.6515210270881653,
    0.692311704158783,
    0.7544824481010437,
    0.7931386828422546,
    0.8608148694038391,
    0.9317784905433655,
    1.017703890800476,
    1.142859935760498,
    1.158133864402771,
    1.1739004850387573,
    1.190183162689209,
    1.207006812095642,
    1.2243956327438354,
    1.2423778772354126,
    1.2609820365905762,
    1.2802379131317139,
    1.29460871219635,
    1.3208367824554443,
    1.342249870300293,
    1.3644553422927856,
    1.3873980045318604,
    1.4225035905838013,
    1.4474284648895264,
    1.4790699481964111,
    1.5116236209869385,
    1.5319069623947144,
    1.5765434503555298,
    1.6111618280410767,
    1.6430437564849854,
    1.6881952285766602,
    1.7166780233383179,
    1.7780169248580933,
    1.8219457864761353,
    1.8619548082351685,
    1.8995037078857422,
    1.9355241060256958,
    1.972931146621704,
    1.9987369775772095,
    1.1386475563049316,
    1.1411014795303345,
    1.1575291156768799,
    1.1670892238616943,
    1.1646853685379028,
    1.1856989860534668,
    1.1823745965957642,
    1.2029999494552612,
    1.2105990648269653,
    1.2185710668563843,
    1.2318717241287231,
    1.2430214881896973,
    1.247313141822815,
    1.2662111520767212,
    1.265220046043396,
    1.2934372425079346,
    1.3039335012435913,
    1.3166215419769287,
    1.3373676538467407,
    1.3601974248886108,
    1.3649498224258423,
    1.383714199066162,
    1.4019145965576172,
    1.4196125268936157,
    1.4253867864608765,
    1.4863213300704956,
