{
  "step": 965,
  "timestamp": 30.88,
  "robot_pose_odom": {
    "x": -3.4094435426808753,
    "y": -0.265697317624457,
    "yaw_fused": 1.1056526273650082,
    "yaw_imu": 1.1120011132951815
  },
  "lidar_pose_relative_to_robot": {
    "x_offset": 0.0,
    "y_offset": 0.0,
    "yaw_offset": 0.0
  },
  "lidar_meta": {
    "fov": 6.283184,
    "horizontal_resolution": 400,
    "angle_min": -3.141592,
    "angle_increment": 0.015747328320802004
  },
  "ranges": [
    0.4449952244758606,
    0.4497711658477783,
    0.454764187335968,
    0.44755205512046814,
    0.4528617858886719,
    0.4456798732280731,
    0.45132410526275635,
    0.44416379928588867,
    0.45016300678253174,
    0.4430158734321594,
    0.4493936598300934,
    0.4560719132423401,
    0.44903531670570374,
    0.4490357041358948,
    0.4560723304748535,
    0.44939398765563965,
    0.45644092559814453,
    0.4634033739566803,
    0.4572277069091797,
    0.464219331741333,
    0.4584137797355652,
    0.46544158458709717,
    null,
    null,
    null,
    null,
    0.4264327883720398,
    0.39582234621047974,
    0.3851912319660187,
    0.38162946701049805,
    0.355302631855011,
    0.35224753618240356,
    0.34093064069747925,
    null,
    0.31060898303985596,
    0.3083215057849884,
    0.29520875215530396,
    0.2932088375091553,
    0.280518114566803,
    0.26805657148361206,
    0.2697288990020752,
    0.24977046251296997,
    0.2514740824699402,
    0.24225258827209473,
    0.24404987692832947,
    0.23475632071495056,
    0.22537408769130707,
    0.22725637257099152,
    null,
    null,
    null,
    null,
    null,
    null,
    null,
    null,
    null,
    null,
    null,
    null,
    null,
    null,
    null,
    null,
    null,
    null,
    null,
    null,
    null,
    null,
    null,
    null,
    null,
    null,
    null,
    null,
    null,
    null,
    null,
    null,
    null,
    null,
    null,
    null,
    null,
    null,
    null,
    null,
    null,
    null,
    null,
    null,
    null,
    null,
    null,
    null,
    null,
    null,
    null,
    null,
    null,
    null,
    null,
    null,
    null,
    null,
    null,
    null,
    null,
    null,
    null,
    null,
    null,
    null,
    null,
    null,
    null,
    null,
    null,
    null,
    null,
    null,
    null,
    null,
    null,
    null,
    null,
    null,
    null,
    null,
    null,
    null,
    null,
    null,
    null,
    null,
    null,
    null,
    null,
    null,
    null,
    null,
    null,
    null,
    null,
    null,
    null,
    null,
    null,
    null,
    null,
    null,
    null,
    null,
    null,
    null,
    null,
    null,
    null,
    null,
    null,
    null,
    null,
    null,
    null,
    null,
    null,
    null,
    null,
    0.28191938996315,
    0.29128211736679077,
    0.3004639148712158,
    0.2965845763683319,
    0.318342924118042,
    0.32274848222732544,
    0.33566418290138245,
    0.34125617146492004,
    0.35576698184013367,
    0.36966511607170105,
    0.3830011785030365,
    0.40760770440101624,
    0.4205726683139801,
    0.44321972131729126,
    0.4620818793773651,
    0.48934170603752136,
    0.5128306746482849,
    0.5584747195243835,
    0.5845790505409241,
    0.6054849624633789,
    0.6273993849754333,
    0.655941903591156,
    0.7996225953102112,
    0.8671194314956665,
    1.03643798828125,
    1.1304140090942383,
    1.5680344104766846,
    1.7857224941253662,
    2.0577850341796875,
    2.473778486251831,
    2.4928886890411377,
    2.5129213333129883,
    2.5339088439941406,
    2.5558857917785645,
    2.5788891315460205,
    2.6029586791992188,
    2.628135919570923,
    2.654466390609741,
    2.6819982528686523,
    2.7229392528533936,
    2.753167152404785,
    2.784768581390381,
    2.817807674407959,
    2.8523521423339844,
    2.888475179672241,
    1.0948575735092163,
    1.0175602436065674,
    0.9397309422492981,
    0.9396416544914246,
    0.9536054134368896,
    0.9542005062103271,
    0.9611814618110657,
    0.9736038446426392,
    0.9668775796890259,
    0.9776316285133362,
    0.9925253391265869,
    1.005900502204895,
    0.9929133057594299,
    1.0186967849731445,
    1.0146212577819824,
    1.016579031944275,
    1.041839361190796,
    1.0421698093414307,
    1.0551987886428833,
    1.0573139190673828,
    2.5476644039154053,
    2.498995542526245,
    2.428809642791748,
    2.3532092571258545,
    2.305912971496582,
    2.30434513092041,
    2.3426780700683594,
    2.3816723823547363,
    2.4003570079803467,
    2.4095842838287354,
    2.4564220905303955,
    3.1352968215942383,
    2.278688669204712,
    2.2407119274139404,
    2.20400333404541,
    2.1685009002685547,
    2.145031452178955,
    2.0904476642608643,
    2.076982259750366,
    2.0228707790374756,
    1.9763591289520264,
    0.28059080243110657,
    0.26595744490623474,
    0.26509371399879456,
    0.26430052518844604,
    0.2635769248008728,
    0.2528096139431,
    0.25224506855010986,
    0.25174498558044434,
    0.25130876898765564,
    0.24046690762043,
    0.250625878572464,
    0.250378280878067,
    0.2600548565387726,
    0.2701573967933655,
    0.2800086438655853,
    0.2800086438655853,
    0.2901628315448761,
    0.3000858724117279,
    0.31069058179855347,
    0.321116179227829,
    0.33080393075942993,
    0.3412039577960968,
    0.3632667362689972,
    0.3723515272140503,
    0.39561617374420166,
    0.4039570391178131,
    0.42886269092559814,
    0.4360753893852234,
    0.4762440323829651,
    0.4995901882648468,
    0.5070001482963562,
    0.5337494015693665,
    0.6270473003387451,
    0.6425421237945557,
    0.7135934233665466,
    0.7668136954307556,
    0.8282761573791504,
    0.8977290391921997,
    0.9748926162719727,
    1.0656828880310059,
    2.62799334526062,
    2.5806658267974854,
    2.5323987007141113,
    2.485654592514038,
    2.4919471740722656,
    2.394916534423828,
    2.327531576156616,
    2.311854839324951,
    2.2007691860198975,
    2.160856008529663,
    2.1018483638763428,
    2.0557591915130615,
    2.007845878601074,
    1.9473797082901,
    1.9210076332092285,
    1.8857686519622803,
    1.8747183084487915,
    1.809962511062622,
    1.7564032077789307,
    1.7427524328231812,
    1.7202489376068115,
    1.682838797569275,
    1.6570110321044922,
    1.6293399333953857,
    1.5927067995071411,
    1.5436320304870605,
    1.4664250612258911,
    1.3980380296707153,
    1.3472195863723755,
    1.2715314626693726,
    1.224094271659851,
    1.1812350749969482,
    1.1327097415924072,
    1.0900980234146118,
    1.0538759231567383,
    1.0230368375778198,
    0.9935472011566162,
    0.9653210043907166,
    0.9424629211425781,
    0.9074732661247253,
    0.8874711990356445,
    0.8635721802711487,
    0.8405975699424744,
    0.8184934258460999,
    0.7972086668014526,
    0.7766973376274109,
    0.7543361186981201,
    0.7487807869911194,
    0.7303041219711304,
    0.7167327404022217,
    0.7058559060096741,
    0.7290429472923279,
    0.7150667905807495,
    0.6945949196815491,
    0.6882041692733765,
    0.6752792000770569,
    0.6626672744750977,
    0.6503509283065796,
    0.6383135914802551,
    0.6255677938461304,
    0.624327540397644,
    0.6126173734664917,
    0.6026777029037476,
    0.5914770364761353,
    0.5908927321434021,
    0.5805933475494385,
    0.5702406764030457,
    0.5600172877311707,
    0.5600172877311707,
    0.5501527190208435,
    0.5504243969917297,
    null,
    0.5313268303871155,
    0.5319840908050537,
    0.5227222442626953,
    0.5236295461654663,
    0.5136088132858276,
    0.5056192278862,
    0.5068787336349487,
    0.508270263671875,
    0.49725085496902466,
    0.49099838733673096,
    0.4927254319190979,
    0.4842832088470459,
    0.4862402677536011,
    0.47794416546821594,
    0.48013049364089966,
    0.4719680845737457,
    0.474383145570755,
    0.47694137692451477,
    0.46898743510246277,
    0.471779465675354,
    0.4639335870742798,
