{
  "step": 1255,
  "timestamp": 40.160000000000004,
  "robot_pose_odom": {
    "x": -2.336352782293159,
    "y": 1.4331396552431748,
    "yaw_fused": 0.9686957063709877,
    "yaw_imu": 0.9685446312634604
  },
  "lidar_pose_relative_to_robot": {
    "x_offset": 0.0,
    "y_offset": 0.0,
    "yaw_offset": 0.0
  },
  "lidar_meta": {
    "fov": 6.283184,
    "horizontal_resolution": 400,
    "angle_min": -3.141592,
    "angle_increment": 0.015747328320802004
  },
  "ranges": [
    2.2820818424224854,
    2.1144022941589355,
    1.9010895490646362,
    1.723212718963623,
    1.5809870958328247,
    1.4626455307006836,
    1.35614013671875,
    1.2605761289596558,
    1.1874383687973022,
    1.114669919013977,
    1.052696943283081,
    1.0000427961349487,
    0.9505935907363892,
    0.9101345539093018,
    0.870133101940155,
    0.8299010992050171,
    0.7901727557182312,
    0.7618144750595093,
    0.7311974167823792,
    0.713520884513855,
    0.6824079155921936,
    0.6661146879196167,
    null,
    null,
    null,
    null,
    0.5764694213867188,
    0.5683063268661499,
    0.5406185388565063,
    0.5317053198814392,
    0.5324771404266357,
    0.49404701590538025,
    null,
    0.485177606344223,
    0.47594329714775085,
    0.4660797417163849,
    0.4571472704410553,
    0.4475502371788025,
    0.44691526889801025,
    0.42352378368377686,
    0.4264124929904938,
    0.4183879494667053,
    0.41302481293678284,
    0.40243929624557495,
    0.3944045603275299,
    0.3976985514163971,
    0.39360272884368896,
    0.38162916898727417,
    0.37351855635643005,
    0.37713146209716797,
    0.3690064251422882,
    0.3608069121837616,
    0.3525233268737793,
    0.35643675923347473,
    0.3480960428714752,
    0.3522258400917053,
    0.34381017088890076,
    0.33526933193206787,
    0.3396546542644501,
    0.33100220561027527,
    0.33561810851097107,
    0.32683175802230835,
    0.31786832213401794,
    0.32274413108825684,
    0.3227443993091583,
    0.31786859035491943,
    0.3132140040397644,
    0.3087688386440277,
    0.30452221632003784,
    0.31352755427360535,
    0.30947956442832947,
    0.30560919642448425,
    0.30190804600715637,
    0.2983681857585907,
    0.3072732090950012,
    0.3038995862007141,
    0.3006725609302521,
    0.29758602380752563,
    0.2946341931819916,
    0.2918115556240082,
    0.28911325335502625,
    0.29799574613571167,
    0.2954334020614624,
    0.29298636317253113,
    0.29065072536468506,
    0.2884226143360138,
    0.2973099946975708,
    0.29520875215530396,
    0.2932088375091553,
    0.2913072407245636,
    0.28967511653900146,
    0.28850916028022766,
    0.28742316365242004,
    0.2864157259464264,
    0.28548553586006165,
    0.2846313416957855,
    0.28385210037231445,
    0.28314676880836487,
    0.2926042675971985,
    0.292024165391922,
    0.2915181517601013,
    0.2910856604576111,
    0.2907260060310364,
    0.29043880105018616,
    0.29022377729415894,
    0.2900805175304413,
    0.29000893235206604,
    0.30000925064086914,
    0.3000832796096802,
    0.3002314865589142,
    0.30045393109321594,
    0.3007510304450989,
    0.30112308263778687,
    0.30157050490379333,
    0.3020939528942108,
    0.30269405245780945,
    0.30337151885032654,
    0.31426480412483215,
    0.31512755155563354,
    0.3160732388496399,
    0.31710314750671387,
    0.31821849942207336,
    0.31942084431648254,
    0.3207116723060608,
    0.32209283113479614,
    0.323566198348999,
    0.33562174439430237,
    0.3373391330242157,
    0.3391583263874054,
    0.34108176827430725,
    0.3431123197078705,
    0.3452529013156891,
    0.3583662807941437,
    0.3608105778694153,
    0.36337873339653015,
    0.36607474088668823,
    0.36890268325805664,
    0.3718671202659607,
    0.3749729096889496,
    0.3896864950656891,
    0.39319369196891785,
    0.39686349034309387,
    0.40070217847824097,
    0.416620135307312,
    0.42094141244888306,
    0.42545920610427856,
    0.4301823079586029,
    0.4351200461387634,
    0.44028231501579285,
    0.45841357111930847,
    0.4642190635204315,
    0.47029104828834534,
    0.48988327383995056,
    0.4967148005962372,
    0.503865659236908,
    0.5251737236976624,
    0.5332294702529907,
    0.5402101874351501,
    0.538994550704956,
    0.5447199940681458,
    0.5369892716407776,
    0.5428439378738403,
    0.5486732125282288,
    0.5415892601013184,
    0.5475497841835022,
    0.5534980893135071,
    0.5470083355903625,
    0.5530917644500732,
    0.5591751933097839,
    0.5532374978065491,
    0.5475582480430603,
    0.5539122819900513,
    0.5602781772613525,
    0.5550974607467651,
    0.5616073608398438,
    0.5681411623954773,
    0.5634353160858154,
    0.5701225996017456,
    0.5768452286720276,
    0.572597086429596,
    0.5794838070869446,
    0.575558066368103,
    0.5826144814491272,
    0.5790021419525146,
    0.5826143622398376,
    0.5864176154136658,
    0.5904174447059631,
    0.6056314706802368,
    0.6101247072219849,
    0.6036590933799744,
    0.6197788119316101,
    0.6249551177024841,
    0.6303754448890686,
    0.6207161545753479,
    0.641985297203064,
    0.6481949687004089,
    0.6546890139579773,
    0.6614794135093689,
    0.6685788631439209,
    0.6760008931159973,
    0.6837601661682129,
    0.6918724179267883,
    0.7003543376922607,
    0.7092238068580627,
    0.7185004353523254,
    0.728205144405365,
    0.7383600473403931,
    0.7489897012710571,
    0.7601202726364136,
    0.7717798352241516,
    0.7787607908248901,
    0.7939390540122986,
    0.8080781698226929,
    0.8212820291519165,
    0.8468843102455139,
    0.8583124876022339,
    0.8588595986366272,
    0.8919516205787659,
    0.9139851331710815,
    0.917123019695282,
    0.9529136419296265,
    0.9757223725318909,
    0.9918960332870483,
    1.0117919445037842,
    1.0184203386306763,
    1.0151405334472656,
    1.0214463472366333,
    1.027606725692749,
    1.0336469411849976,
    1.033851146697998,
    1.0454593896865845,
    1.051274061203003,
    1.0570534467697144,
    1.06281578540802,
    1.068577766418457,
    1.0743553638458252,
    1.0801634788513184,
    1.0883795022964478,
    1.1025272607803345,
    1.1084539890289307,
    1.1144683361053467,
    1.1130683422088623,
    1.1371971368789673,
    1.1532100439071655,
    1.1602427959442139,
    1.17365562915802,
    1.1837272644042969,
    1.1905726194381714,
    1.1995177268981934,
    1.1962337493896484,
    1.203373670578003,
    1.2006864547729492,
    1.2083758115768433,
    1.2062820196151733,
    1.2145297527313232,
    1.213029146194458,
    1.2218459844589233,
    1.220941424369812,
    1.2302589416503906,
    1.240038275718689,
    1.240038275718689,
    1.2403442859649658,
    1.2511100769042969,
    1.2619065046310425,
    1.26315438747406,
    1.2747544050216675,
    1.2766485214233398,
    1.289688229560852,
    1.3015844821929932,
    1.3044975996017456,
    1.3178846836090088,
    1.321502685546875,
    0.694122850894928,
    0.6763014793395996,
    0.6056095957756042,
    0.5996142029762268,
    0.5386041402816772,
    0.5080790519714355,
    0.4876444637775421,
    0.4560372233390808,
    0.44587787985801697,
    0.4244737923145294,
    0.4073972702026367,
    0.38321664929389954,
    0.373060405254364,
    0.36270490288734436,
    0.35212835669517517,
    0.3414040207862854,
    0.3302178382873535,
    0.31883299350738525,
    0.307125061750412,
    0.2954331934452057,
    0.29799553751945496,
    0.27754849195480347,
    0.28013890981674194,
    0.2710632383823395,
    0.2597832977771759,
    0.25256484746932983,
    0.25527551770210266,
    0.2581093907356262,
    0.261072039604187,
    0.2641693949699402,
    0.26740792393684387,
    0.27079445123672485,
    0.27433645725250244,
    0.2780418395996094,
    0.2819192111492157,
    0.35406771302223206,
    0.34550905227661133,
    0.35080885887145996,
    0.35778939723968506,
    0.3593297004699707,
    0.367686003446579,
    0.36246776580810547,
