{
  "step": 380,
  "timestamp": 12.16,
  "robot_pose_odom": {
    "x": -0.6199805803559215,
    "y": -0.9098214570646317,
    "yaw_fused": -2.5974176272841762,
    "yaw_imu": -2.597569835030813
  },
  "lidar_pose_relative_to_robot": {
    "x_offset": 0.0,
    "y_offset": 0.0,
    "yaw_offset": 0.0
  },
  "lidar_meta": {
    "fov": 6.283184,
    "horizontal_resolution": 400,
    "angle_min": -3.141592,
    "angle_increment": 0.015747328320802004
  },
  "ranges": [
    0.5552254319190979,
    0.5427323579788208,
    0.5305169820785522,
    0.5185624361038208,
    0.5043858289718628,
    0.4953717291355133,
    0.4841044843196869,
    0.47188445925712585,
    0.4617220461368561,
    0.4611515998840332,
    0.45090252161026,
    0.440193772315979,
    0.4301193654537201,
    0.4300132393836975,
    0.41998639702796936,
    0.4101138412952423,
    0.4103163778781891,
    0.40038374066352844,
    0.3909763693809509,
    0.39146000146865845,
    0.38198933005332947,
    0.3826523721218109,
    null,
    null,
    null,
    null,
    0.35450810194015503,
    0.34779053926467896,
    0.3490138351917267,
    0.3503325283527374,
    0.34140273928642273,
    0.3278055787086487,
    null,
    0.3251335918903351,
    0.3267972767353058,
    0.32855963706970215,
    0.3197641372680664,
    0.32166779041290283,
    0.32367458939552307,
    0.31492793560028076,
    0.3170759677886963,
    0.30832138657569885,
    0.3106088936328888,
    0.3130083680152893,
    0.3042549192905426,
    0.30679601430892944,
    0.3094569146633148,
    0.3006775379180908,
    0.3034838140010834,
    0.306419312953949,
    0.2975858151912689,
    0.3006724417209625,
    0.2917434573173523,
    0.2949821650981903,
    0.29836803674697876,
    0.28932836651802063,
    0.29287534952163696,
    0.2965843975543976,
    0.3004637062549591,
    0.29128193855285645,
    0.29534393548965454,
    0.2859777808189392,
    0.29022759199142456,
    0.2946794331073761,
    0.2946796715259552,
    0.29022783041000366,
    0.2859780192375183,
    0.29534411430358887,
    0.29128211736679077,
    0.2874002754688263,
    0.28368961811065674,
    0.28014177083969116,
    0.27674904465675354,
    0.2735041677951813,
    0.27040043473243713,
    0.2674316465854645,
    0.26459184288978577,
    0.2618756890296936,
    0.2592780888080597,
    0.25679415464401245,
    0.2544196546077728,
    0.2521502375602722,
    0.2499821037054062,
    0.24791154265403748,
    0.24593524634838104,
    0.24404990673065186,
    0.24225261807441711,
    0.24054047465324402,
    0.23891091346740723,
    0.23736147582530975,
    0.23794740438461304,
    0.23698966205120087,
    0.23609758913516998,
    0.23527005314826965,
    0.23450596630573273,
    0.23380431532859802,
    0.2331642061471939,
    0.23258483409881592,
    0.23206545412540436,
    0.2316053807735443,
    0.2312040627002716,
    0.23086102306842804,
    0.22023561596870422,
    0.23056964576244354,
    0.22016975283622742,
    0.22006107866764069,
    0.2200067937374115,
    0.2200067937374115,
    0.22006107866764069,
    0.22016975283622742,
    0.22033289074897766,
    0.2205507755279541,
    0.22082360088825226,
    0.2211517095565796,
    0.2215355932712555,
    0.2219756543636322,
    0.22247245907783508,
    0.22302664816379547,
    0.22363892197608948,
    0.224310040473938,
    0.22504092752933502,
    0.2258324921131134,
    0.22668574750423431,
    0.2276018261909485,
    0.21819190680980682,
    0.21919000148773193,
    0.22025176882743835,
    0.22137880325317383,
    0.22257263958454132,
    0.22383490204811096,
    0.22516746819019318,
    0.2265722155570984,
    0.22805127501487732,
    0.2296067327260971,
    0.23124101758003235,
    0.2329566478729248,
    0.2347562611103058,
    0.2366427183151245,
    0.2386191338300705,
    0.24068871140480042,
    0.24285492300987244,
    0.2451215535402298,
    0.24749250710010529,
    0.23806864023208618,
    0.24053794145584106,
    0.2585197687149048,
    0.24581845104694366,
    0.2486400157213211,
    0.2515898644924164,
    0.25467419624328613,
    0.2578994929790497,
    0.2612727880477905,
    null,
    null,
    null,
    null,
    null,
    null,
    0.2764074504375458,
    0.2859780192375183,
    0.29534411430358887,
    0.29128211736679077,
    0.3004639148712158,
    0.2965845763683319,
    0.30560919642448425,
    0.3144875466823578,
    0.3108001947402954,
    0.3195641338825226,
    0.3282115161418915,
    0.3367532789707184,
    0.33329635858535767,
    0.34177565574645996,
    0.35053789615631104,
    0.3585004508495331,
    0.3628467619419098,
    0.3749731481075287,
    0.371867299079895,
    0.3859056830406189,
    0.40193235874176025,
    0.4073759913444519,
    0.417729914188385,
    0.4278619885444641,
    0.4469161331653595,
    0.4503350257873535,
    0.4593732953071594,
    0.48434314131736755,
    0.5051991939544678,
    0.5175882577896118,
    0.5350502133369446,
    0.542410135269165,
    0.5775735974311829,
    0.6025991439819336,
    0.614997386932373,
    0.6554098129272461,
    0.6766391396522522,
    0.6973627209663391,
    0.7520081400871277,
    0.7849166393280029,
    0.8144505023956299,
    0.8234919309616089,
    0.854962944984436,
    0.884882926940918,
    0.9040936827659607,
    0.9464371800422668,
    0.9705977439880371,
    1.0067287683486938,
    1.044754981994629,
    1.0940560102462769,
    1.1270920038223267,
    1.185699224472046,
    1.227725863456726,
    1.2452971935272217,
    1.307096004486084,
    1.4001023769378662,
    1.4980567693710327,
    1.5873887538909912,
    1.625037670135498,
    1.7457021474838257,
    1.7776525020599365,
    1.7845178842544556,
    1.8349710702896118,
    1.8695971965789795,
    1.9147988557815552,
    1.9465354681015015,
    2.02302885055542,
    2.0295543670654297,
    2.0735580921173096,
    2.127609968185425,
    2.1717770099639893,
    2.1943178176879883,
    2.34079909324646,
    2.3783118724823,
    2.4112226963043213,
    2.4465649127960205,
    2.549793004989624,
    2.7014026641845703,
    2.7226197719573975,
    2.823375940322876,
    2.9066717624664307,
    2.978285312652588,
    3.1130621433258057,
    3.1258625984191895,
    1.6889082193374634,
    1.7063788175582886,
    1.8050525188446045,
    1.8270905017852783,
    1.9692054986953735,
    2.0752179622650146,
    2.1882224082946777,
    2.311192274093628,
    2.4669315814971924,
    2.629772424697876,
    2.9907305240631104,
    2.985548257827759,
    2.971081256866455,
    2.9674103260040283,
    2.9544637203216553,
    2.9522764682769775,
    2.9408161640167236,
    2.9400906562805176,
    2.9400906562805176,
    2.9308955669403076,
    0.27020832896232605,
    0.2704085111618042,
    0.270675927400589,
    0.27101075649261475,
    0.2714134454727173,
    0.271884560585022,
    0.2724246680736542,
    0.27303436398506165,
    0.27371448278427124,
    0.2744659185409546,
    0.2752895653247833,
    0.27618658542633057,
    1.2728739976882935,
    1.2776833772659302,
    1.2828466892242432,
    1.2883713245391846,
    1.294264793395996,
    1.2900460958480835,
    1.296647310256958,
    1.3036398887634277,
    1.3110331296920776,
    1.3188380002975464,
    1.3270659446716309,
    1.3248693943023682,
    1.333905816078186,
    1.3434003591537476,
    1.3533673286437988,
    1.3638222217559814,
    1.3635127544403076,
    1.3749006986618042,
    1.386825442314148,
    1.3993068933486938,
    1.4123669862747192,
    1.4191218614578247,
    0.9067531228065491,
    0.8988490700721741,
    0.8995423316955566,
    0.909528374671936,
    0.9199681282043457,
    0.9308826327323914,
    0.9422945976257324,
    0.9542281627655029,
    0.9536457061767578,
    0.9665263891220093,
    0.9800048470497131,
    0.9941132068634033,
    1.0088863372802734,
    1.0243618488311768,
    1.0313429832458496,
    1.0427055358886719,
    1.0439701080322266,
    1.0716054439544678,
    1.0984457731246948,
    1.1195850372314453,
    1.1269667148590088,
    1.1472166776657104,
