{
  "step": 35,
  "timestamp": 1.12,
  "robot_pose_odom": {
    "x": -4.524788899118437e-11,
    "y": 1.9227468540353588e-18,
    "yaw_fused": -2.92942111320952e-07,
    "yaw_imu": -3.804957766639916e-07
  },
  "lidar_pose_relative_to_robot": {
    "x_offset": 0.0,
    "y_offset": 0.0,
    "yaw_offset": 0.0
  },
  "lidar_meta": {
    "fov": 6.283184,
    "horizontal_resolution": 400,
    "angle_min": -3.141592,
    "angle_increment": 0.015747328320802004
  },
  "ranges": [
    1.027606725692749,
    1.0214463472366333,
    1.0158675909042358,
    1.0086616277694702,
    0.4999442994594574,
    0.5051296949386597,
    0.4983951151371002,
    0.4916369616985321,
    0.48484811186790466,
    0.4906004071235657,
    0.4838811457157135,
    0.5209029316902161,
    0.539497435092926,
    0.5560839176177979,
    0.6017389893531799,
    0.6354292035102844,
    0.684840202331543,
    0.7576771378517151,
    0.7927227020263672,
    0.8615767955780029,
    0.898556113243103,
    1.4072229862213135,
    null,
    null,
    null,
    1.401300072669983,
    2.385786294937134,
    2.3716673851013184,
    2.015711545944214,
    1.9935803413391113,
    1.99329674243927,
    1.9857816696166992,
    null,
    2.0554893016815186,
    2.3822920322418213,
    2.3302865028381348,
    2.284666061401367,
    2.248211622238159,
    2.19058895111084,
    2.1461381912231445,
    2.1031441688537598,
    2.097010612487793,
    3.114518165588379,
    3.094818353652954,
    3.0395522117614746,
    2.991580009460449,
    1.0585556030273438,
    0.9952356815338135,
    0.9435397982597351,
    0.8968021273612976,
    0.8867985010147095,
    0.8111718893051147,
    0.7501952648162842,
    0.7356885671615601,
    0.7001056671142578,
    0.6784279346466064,
    0.6544178128242493,
    0.6300757527351379,
    0.6168555021286011,
    0.615477979183197,
    0.6142577528953552,
    0.6131933927536011,
    0.6223210692405701,
    0.6215521693229675,
    0.6209381222724915,
    0.6304861307144165,
    0.6301749348640442,
    0.6400197744369507,
    0.6400197744369507,
    0.6401776671409607,
    0.650501549243927,
    0.6509835124015808,
    0.651627242565155,
    0.6524333357810974,
    0.6634551286697388,
    0.6646067500114441,
    0.6760167479515076,
    0.6775296926498413,
    0.6792174577713013,
    0.6912475824356079,
    0.693321943283081,
    0.6955810785293579,
    0.7082927823066711,
    0.7109689712524414,
    0.7241876125335693,
    0.7376964092254639,
    0.7410709857940674,
    0.7446607351303101,
    0.7590129971504211,
    0.7631062269210815,
    0.7674339413642883,
    0.7827249765396118,
    0.7876081466674805,
    0.803609311580658,
    0.8200240731239319,
    0.825860857963562,
    0.8430812358856201,
    0.8495941162109375,
    2.118515968322754,
    2.136209487915039,
    2.1622822284698486,
    0.8210809230804443,
    0.8167088627815247,
    0.813189685344696,
    0.8073411583900452,
    0.8444051146507263,
    1.0284115076065063,
    1.0859591960906982,
    1.4112522602081299,
    1.5037275552749634,
    2.431546926498413,
    2.457836151123047,
    2.4612526893615723,
    2.448935031890869,
    2.4480478763580322,
    2.433236598968506,
    2.412384510040283,
    2.3855693340301514,
    2.4065146446228027,
    2.397102117538452,
    2.387766122817993,
    2.3919756412506104,
    2.382735252380371,
    2.3814728260040283,
    2.377779722213745,
    2.367880344390869,
    2.3732073307037354,
    2.3649260997772217,
    2.3692593574523926,
    2.361504077911377,
    2.3756375312805176,
    null,
    null,
    null,
    null,
    null,
    2.0985329151153564,
    1.7908879518508911,
    1.5189199447631836,
    1.4088335037231445,
    1.3984582424163818,
    1.4126927852630615,
    1.4074082374572754,
    0.7734836935997009,
    0.6944217681884766,
    0.6965289115905762,
    0.6871692538261414,
    0.5842626094818115,
    0.5753031373023987,
    0.5394653081893921,
    0.5265348553657532,
    0.49233996868133545,
    0.46488654613494873,
    0.4548824727535248,
    0.43161541223526,
    0.4125547409057617,
    0.3965001106262207,
    0.38403743505477905,
    0.366914838552475,
    0.3576385974884033,
    0.3403674066066742,
    0.34414589405059814,
    0.3232320547103882,
    0.32706695795059204,
    0.3056091368198395,
    0.29658448696136475,
    0.30046379566192627,
    0.291282057762146,
    0.2819192707538605,
    null,
    null,
    null,
    null,
    null,
    null,
    null,
    null,
    null,
    null,
    null,
    null,
    null,
    null,
    null,
    null,
    null,
    null,
    null,
    null,
    null,
    null,
    null,
    null,
    null,
    null,
    null,
    null,
    null,
    null,
    null,
    null,
    null,
    null,
    null,
    null,
    null,
    null,
    null,
    null,
    null,
    null,
    null,
    null,
    null,
    null,
    null,
    null,
    null,
    null,
    null,
    null,
    null,
    null,
    null,
    null,
    null,
    null,
    null,
    null,
    null,
    null,
    null,
    null,
    null,
    null,
    null,
    null,
    null,
    null,
    null,
    null,
    null,
    null,
    null,
    null,
    null,
    null,
    null,
    null,
    null,
    null,
    null,
    null,
    null,
    null,
    null,
    null,
    null,
    null,
    null,
    null,
    null,
    null,
    null,
    null,
    null,
    null,
    null,
    null,
    null,
    null,
    null,
    null,
    null,
    null,
    null,
    null,
    null,
    null,
    null,
    null,
    null,
    null,
    null,
    null,
    null,
    0.247492715716362,
    0.24512170255184174,
    0.2544196546077728,
    0.2636116147041321,
    0.26134490966796875,
    0.2704489529132843,
    0.27947187423706055,
    0.2773294448852539,
    0.28624966740608215,
    0.29520875215530396,
    0.2932088375091553,
    0.308324933052063,
    0.3158566355705261,
    0.32562702894210815,
    0.3421815037727356,
    0.3449382781982422,
    0.3545078635215759,
    0.3678705096244812,
    0.38368165493011475,
    0.39561641216278076,
    0.4127104878425598,
    0.4236856997013092,
    0.44115135073661804,
    0.4625851809978485,
    0.48183199763298035,
    0.510328471660614,
    0.5307004451751709,
    0.5599080920219421,
    0.5900980830192566,
    0.6301256418228149,
    0.669856607913971,
    0.7212836146354675,
    0.7700574994087219,
    0.8301876187324524,
    0.9099550843238831,
    1.0000513792037964,
    1.1200096607208252,
    1.1512086391448975,
    1.1641573905944824,
    1.174412727355957,
    1.201433539390564,
    1.2156621217727661,
    1.2303478717803955,
    1.2386462688446045,
    1.2714767456054688,
    1.2877013683319092,
    1.3148642778396606,
    1.3322582244873047,
    1.3556965589523315,
    1.3794218301773071,
    1.399290919303894,
    1.425917148590088,
    1.4610121250152588,
    1.473554015159607,
    1.5268628597259521,
    1.5548303127288818,
    1.5857491493225098,
    1.6144485473632812,
    1.665181279182434,
    1.7071024179458618,
    1.7506119012832642,
    1.7958056926727295,
    1.8465545177459717,
    1.879628300666809,
    1.914107084274292,
    1.9500707387924194,
    1.9844380617141724,
    1.1767065525054932,
    1.1430559158325195,
    1.156176209449768,
    1.1573134660720825,
    1.1715013980865479,
    1.1734427213668823,
    1.188791275024414,
    1.19160795211792,
    1.208225131034851,
    1.212001085281372,
    1.2161918878555298,
    1.2348471879959106,
    1.2418285608291626,
    1.2376562356948853,
    1.2710899114608765,
    1.2729763984680176,
    1.2970472574234009,
    1.3155397176742554,
    1.3101849555969238,
    1.336449146270752,
    1.362904667854309,
    1.3732101917266846,
    1.3953862190246582,
    1.4165809154510498,
    1.4343701601028442,
    1.4361339807510376,
    1.4751960039138794,
    1.493346929550171,
    1.4958536624908447,
    1.5509124994277954,
    1.568809986114502,
    1.5974959135055542,
    1.659359335899353,
    1.656242847442627,
    1.6846102476119995,
