{
  "step": 50,
  "timestamp": 1.6,
  "robot_pose_odom": {
    "x": -4.5274241244896864e-11,
    "y": 1.9309154296739578e-18,
    "yaw_fused": -3.4004791174629386e-07,
    "yaw_imu": -3.8076913000395507e-07
  },
  "lidar_pose_relative_to_robot": {
    "x_offset": 0.0,
    "y_offset": 0.0,
    "yaw_offset": 0.0
  },
  "lidar_meta": {
    "fov": 6.283184,
    "horizontal_resolution": 400,
    "angle_min": -3.141592,
    "angle_increment": 0.015747328320802004
  },
  "ranges": [
    1.0342426300048828,
    1.023101806640625,
    1.017053246498108,
    1.0109214782714844,
    1.0125166177749634,
    0.49727436900138855,
    0.4902431070804596,
    0.49498501420021057,
    0.4880407452583313,
    0.4931027889251709,
    0.48623907566070557,
    0.5068169832229614,
    0.5374215245246887,
    0.5491800904273987,
    0.5978925824165344,
    0.6396445631980896,
    0.6623579859733582,
    0.7291673421859741,
    0.796807050704956,
    0.8623170256614685,
    0.9721415042877197,
    null,
    null,
    null,
    null,
    1.398545265197754,
    1.4450993537902832,
    2.071833848953247,
    2.0116171836853027,
    1.9991934299468994,
    1.9958221912384033,
    1.986276388168335,
    null,
    null,
    2.399691343307495,
    2.3407955169677734,
    2.27945613861084,
    2.240748643875122,
    2.189725637435913,
    2.139359951019287,
    2.1017520427703857,
    2.0931098461151123,
    3.118906021118164,
    3.094996452331543,
    3.0502781867980957,
    3.0112578868865967,
    1.0577465295791626,
    1.0000559091567993,
    0.9505190253257751,
    0.9109741449356079,
    0.9029523730278015,
    0.8014543056488037,
    0.7807916402816772,
    0.7598894834518433,
    0.7244162559509277,
    0.6935597062110901,
    0.6705928444862366,
    0.6469412446022034,
    0.6264587044715881,
    0.6244843006134033,
    0.618276834487915,
    0.612838864326477,
    0.6189786791801453,
    0.6253986358642578,
    0.6199548840522766,
    0.6268371343612671,
    0.634032130241394,
    0.6289749145507812,
    0.6366857290267944,
    0.6447489261627197,
    0.6401185393333435,
    0.6487645506858826,
    0.6578116416931152,
    0.6536637544631958,
    0.6633776426315308,
    0.6595209240913391,
    0.6665018796920776,
    0.6771979928016663,
    0.6808997392654419,
    0.6870347261428833,
    0.7017248272895813,
    0.6923730373382568,
    0.6912248730659485,
    0.7136796712875366,
    0.7296107411384583,
    0.7210561633110046,
    0.7403445243835449,
    0.7447589039802551,
    0.7545263171195984,
    0.7639116644859314,
    0.772954523563385,
    0.782417893409729,
    0.790155827999115,
    0.7983793020248413,
    0.8071297407150269,
    0.825485110282898,
    0.843769907951355,
    0.8515968322753906,
    0.8589439988136292,
    2.127882957458496,
    2.1263225078582764,
    0.819975733757019,
    0.8148918151855469,
    0.81006920337677,
    0.8163625597953796,
    0.8207042217254639,
    0.8879811763763428,
    0.9815606474876404,
    1.098213791847229,
    1.791229486465454,
    2.425632953643799,
    2.4738922119140625,
    2.4652209281921387,
    2.457214593887329,
    2.449862480163574,
    2.4330177307128906,
    2.4269721508026123,
    2.4215524196624756,
    2.406682014465332,
    2.4025115966796875,
    2.398947238922119,
    2.3959832191467285,
    2.383601188659668,
    2.381836414337158,
    2.3806607723236084,
    2.370073080062866,
    2.370073080062866,
    2.3706579208374023,
    2.361820936203003,
    2.3635709285736084,
    2.365908145904541,
    null,
    null,
    null,
    null,
    null,
    2.26585054397583,
    1.9101990461349487,
    1.6455461978912354,
    1.4677857160568237,
    1.4063204526901245,
    1.4116339683532715,
    1.4118478298187256,
    0.8026434779167175,
    0.7494183778762817,
    0.6926170587539673,
    0.6477331519126892,
    0.6139355301856995,
    0.5732128024101257,
    0.5631269216537476,
    0.5195485353469849,
    0.4973585605621338,
    0.47464996576309204,
    0.45156702399253845,
    0.4300563931465149,
    0.4301512837409973,
    0.3972746729850769,
    0.38670486211776733,
    0.37430888414382935,
    0.3547314703464508,
    0.3498106300830841,
    0.3368963897228241,
    0.32139265537261963,
    0.3247262239456177,
    0.3038994371891022,
    0.30727308988571167,
    0.29836803674697876,
    0.2850106954574585,
    0.2801416516304016,
    0.27079445123672485,
    0.27433645725250244,
    null,
    null,
    null,
    null,
    null,
    null,
    null,
    null,
    null,
    null,
    null,
    null,
    null,
    null,
    null,
    null,
    null,
    null,
    null,
    null,
    null,
    null,
    null,
    null,
    null,
    null,
    null,
    null,
    null,
    null,
    null,
    null,
    null,
    null,
    null,
    null,
    null,
    null,
    null,
    null,
    null,
    null,
    null,
    null,
    null,
    null,
    null,
    null,
    null,
    null,
    null,
    null,
    null,
    null,
    null,
    null,
    null,
    null,
    null,
    null,
    null,
    null,
    null,
    null,
    null,
    null,
    null,
    null,
    null,
    null,
    null,
    null,
    null,
    null,
    null,
    null,
    null,
    null,
    null,
    null,
    null,
    null,
    null,
    null,
    null,
    null,
    null,
    null,
    null,
    null,
    null,
    null,
    null,
    null,
    null,
    null,
    null,
    null,
    null,
    null,
    null,
    null,
    null,
    null,
    null,
    null,
    null,
    null,
    null,
    null,
    null,
    null,
    null,
    null,
    0.23505815863609314,
    0.24068886041641235,
    0.23861928284168243,
    0.25078096985816956,
    0.25711411237716675,
    0.266236275434494,
    0.26427558064460754,
    0.27334144711494446,
    0.271489679813385,
    0.2913072407245636,
    0.2895010709762573,
    0.3020963668823242,
    0.31492799520492554,
    0.31707602739334106,
    0.33029577136039734,
    0.3438884913921356,
    0.3465450406074524,
    0.3605985641479492,
    0.3746033012866974,
    0.38968661427497864,
    0.40099024772644043,
    0.41984501481056213,
    0.4360584318637848,
    0.4502388834953308,
    0.47221729159355164,
    0.49515098333358765,
    0.5191081762313843,
    0.5441628694534302,
    0.561759352684021,
    0.6118098497390747,
    0.6627476811408997,
    0.6845970153808594,
    0.7556487917900085,
    0.8141608834266663,
    0.9126372337341309,
    1.0136010646820068,
    1.1154671907424927,
    1.1436021327972412,
    1.1670889854431152,
    1.166530966758728,
    1.1790026426315308,
    1.2053298950195312,
    1.2318702936172485,
    1.243021845817566,
    1.2594536542892456,
    1.287426471710205,
    1.2986187934875488,
    1.3331979513168335,
    1.3436460494995117,
    1.3774027824401855,
    1.3968855142593384,
    1.435787320137024,
    1.4462947845458984,
    1.4762309789657593,
    1.5246504545211792,
    1.5350894927978516,
    1.5749590396881104,
    1.616051435470581,
    1.6606160402297974,
    1.6845622062683105,
    1.7075787782669067,
    1.776606798171997,
    1.826704740524292,
    1.8652560710906982,
    1.9043818712234497,
    1.928174376487732,
    1.9670238494873047,
    1.9818698167800903,
    1.1548188924789429,
    1.1475871801376343,
    1.1635555028915405,
    1.1705466508865356,
    1.1770552396774292,
    1.1837272644042969,
    1.1905726194381714,
    1.201433777809143,
    1.2149627208709717,
    1.2248319387435913,
    1.2299846410751343,
    1.2393394708633423,
    null,
    null,
    1.2725491523742676,
    1.291730284690857,
    1.3011488914489746,
    1.3202838897705078,
    1.33006751537323,
    1.3500947952270508,
    1.3704627752304077,
    1.380919337272644,
    1.4025614261627197,
    1.424185037612915,
    1.4458222389221191,
    1.4570149183273315,
    1.4787524938583374,
    1.5053229331970215,
    1.529436469078064,
    1.5541408061981201,
    1.5718064308166504,
    1.6156513690948486,
    1.6309573650360107,
    1.6560834646224976,
    1.7083379030227661,
