{
  "step": 950,
  "timestamp": 30.400000000000002,
  "robot_pose_odom": {
    "x": -3.4263944335025367,
    "y": -0.3031976241851905,
    "yaw_fused": 1.1456528538884583,
    "yaw_imu": 1.146917474204939
  },
  "lidar_pose_relative_to_robot": {
    "x_offset": 0.0,
    "y_offset": 0.0,
    "yaw_offset": 0.0
  },
  "lidar_meta": {
    "fov": 6.283184,
    "horizontal_resolution": 400,
    "angle_min": -3.141592,
    "angle_increment": 0.015747328320802004
  },
  "ranges": [
    0.4085359275341034,
    0.41248753666877747,
    0.40471670031547546,
    0.4089145362377167,
    0.4011472463607788,
    0.4056004583835602,
    0.410256028175354,
    0.4025438129901886,
    0.4074787497520447,
    0.3997442126274109,
    0.4049728512763977,
    0.4104427397251129,
    0.4027417004108429,
    0.40853968262672424,
    0.4146108329296112,
    0.39995667338371277,
    0.4139188528060913,
    0.41461119055747986,
    0.4085400104522705,
    0.4161667227745056,
    0.4236830770969391,
    0.4180367588996887,
    null,
    null,
    null,
    null,
    0.43018248677253723,
    0.41654691100120544,
    0.39688774943351746,
    0.3788190186023712,
    0.36534640192985535,
    0.34980979561805725,
    null,
    0.33629709482192993,
    0.3181590437889099,
    0.31552377343177795,
    0.30182960629463196,
    0.2995157837867737,
    0.286298543214798,
    0.284275084733963,
    0.271489679813385,
    0.25893980264663696,
    0.25378337502479553,
    0.24729357659816742,
    0.24636271595954895,
    0.24549919366836548,
    0.23450596630573273,
    0.23380431532859802,
    0.2331642061471939,
    0.22247245907783508,
    0.2219756543636322,
    0.2215355932712555,
    0.21109935641288757,
    0.21078616380691528,
    0.2105257362127304,
    0.2003026157617569,
    0.20015431940555573,
    null,
    null,
    null,
    null,
    null,
    null,
    null,
    null,
    null,
    null,
    null,
    null,
    null,
    null,
    null,
    null,
    null,
    null,
    null,
    null,
    null,
    null,
    null,
    null,
    null,
    null,
    null,
    null,
    null,
    null,
    null,
    null,
    null,
    null,
    null,
    null,
    null,
    null,
    null,
    null,
    null,
    null,
    null,
    null,
    null,
    null,
    null,
    null,
    null,
    null,
    null,
    null,
    null,
    null,
    null,
    null,
    null,
    null,
    null,
    null,
    null,
    null,
    null,
    null,
    null,
    null,
    null,
    null,
    null,
    null,
    null,
    null,
    null,
    null,
    null,
    null,
    null,
    null,
    null,
    null,
    null,
    null,
    null,
    null,
    null,
    null,
    null,
    null,
    null,
    null,
    null,
    null,
    null,
    null,
    null,
    null,
    null,
    null,
    null,
    null,
    null,
    null,
    null,
    null,
    null,
    null,
    null,
    null,
    null,
    0.2643202245235443,
    0.27433648705482483,
    0.270794540643692,
    0.29287534952163696,
    0.30190789699554443,
    0.29836806654930115,
    0.31956401467323303,
    0.31605541706085205,
    0.33358490467071533,
    0.3472914695739746,
    0.35356083512306213,
    0.3731553256511688,
    0.37786105275154114,
    0.39723140001296997,
    0.4094310998916626,
    0.4310804605484009,
    0.4476246237754822,
    0.4821617603302002,
    0.4954194724559784,
    0.5093792676925659,
    0.5516562461853027,
    0.6070839762687683,
    0.6437528133392334,
    0.666779100894928,
    0.709061324596405,
    0.7512132525444031,
    0.8017510175704956,
    0.8608992695808411,
    0.934576690196991,
    1.2735446691513062,
    1.435982584953308,
    1.652915596961975,
    1.967727780342102,
    2.290231704711914,
    2.517188549041748,
    2.5374860763549805,
    2.5547327995300293,
    2.580075263977051,
    2.606569766998291,
    2.6248154640197754,
    2.6485884189605713,
    2.6776297092437744,
    2.7047502994537354,
    2.7416770458221436,
    2.770521640777588,
    2.800006628036499,
    2.830007553100586,
    2.8710436820983887,
    2.9018006324768066,
    2.9435622692108154,
    2.0444769859313965,
    2.0284252166748047,
    2.0590038299560547,
    1.9897822141647339,
    1.85690176486969,
    1.7819992303848267,
    1.194687843322754,
    1.1893523931503296,
    1.19292151927948,
    1.2484487295150757,
    1.3412011861801147,
    1.4552006721496582,
    1.587320327758789,
    1.9533370733261108,
    1.9622725248336792,
    1.9717777967453003,
    2.0060713291168213,
    2.8727729320526123,
    2.8695812225341797,
    2.8465518951416016,
    2.8574564456939697,
    4.936771869659424,
    4.983495235443115,
    5.032196521759033,
    4.211035251617432,
    4.224201679229736,
    3.2542080879211426,
    3.179004430770874,
    3.1054561138153076,
    3.011060953140259,
    2.9863333702087402,
    2.9825196266174316,
    2.2700209617614746,
    2.2274982929229736,
    0.2917434573173523,
    0.2949821650981903,
    0.28593602776527405,
    0.28932836651802063,
    0.2801416516304016,
    0.27079445123672485,
    0.27433645725250244,
    0.2648017406463623,
    null,
    null,
    0.2764072120189667,
    0.28064706921577454,
    0.28762757778167725,
    0.29022783041000366,
    0.29959601163864136,
    0.3087688386440277,
    0.3177623152732849,
    0.32659122347831726,
    0.322374552488327,
    0.3438103199005127,
    0.34790748357772827,
    0.36052820086479187,
    0.3716176748275757,
    0.3800789415836334,
    0.4000566303730011,
    0.406808078289032,
    0.4291533827781677,
    0.432245135307312,
    0.45478424429893494,
    0.4738336205482483,
    0.48934170603752136,
    0.5128306746482849,
    0.5584747195243835,
    0.5605961084365845,
    0.583706259727478,
    0.6190375685691833,
    0.6277012228965759,
    0.7149772047996521,
    0.6165125966072083,
    0.7422030568122864,
    0.8166391253471375,
    0.9230366945266724,
    0.9595893621444702,
    1.0457987785339355,
    1.1134594678878784,
    2.700871706008911,
    2.639956474304199,
    2.5892438888549805,
    2.5830137729644775,
    2.4898808002471924,
    2.4497623443603516,
    2.44730281829834,
    2.322614908218384,
    2.272437334060669,
    2.2164528369903564,
    2.1516454219818115,
    2.0999574661254883,
    2.0500833988189697,
    2.0009677410125732,
    1.9318302869796753,
    1.9125794172286987,
    1.878648042678833,
    1.8305104970932007,
    1.7931902408599854,
    1.7537227869033813,
    1.6979858875274658,
    1.6979154348373413,
    1.6722644567489624,
    1.6341593265533447,
    1.6109673976898193,
    1.588810920715332,
    1.5009188652038574,
    1.4211348295211792,
    1.363690733909607,
    1.2917444705963135,
    1.24889075756073,
    1.1734161376953125,
    1.1272616386413574,
    1.0887572765350342,
    1.0516859292984009,
    0.9968764185905457,
    0.96917724609375,
    0.9520591497421265,
    0.9093647599220276,
    0.8859302997589111,
    0.8535519242286682,
    0.8218819499015808,
    0.8072240948677063,
    0.7818150520324707,
    0.7762895226478577,
    0.7449728846549988,
    0.7274335026741028,
    0.7104540467262268,
    0.6928223371505737,
    0.6889153122901917,
    0.6731183528900146,
    0.6580342650413513,
    0.647132396697998,
    0.6441857814788818,
    0.6207323670387268,
    0.6120277643203735,
    0.5988093018531799,
    0.583060622215271,
    0.5811669826507568,
    0.5711786150932312,
    0.5560204982757568,
    0.5460687279701233,
    0.5448493361473083,
    0.5336993336677551,
    0.5327745676040649,
    0.5219466686248779,
    0.521301805973053,
    0.5109933018684387,
    0.5003858208656311,
    0.5001388192176819,
    null,
    null,
    0.4801332652568817,
    0.4803703725337982,
    0.4707111716270447,
    0.4711766541004181,
    0.4617220461368561,
    0.4624081254005432,
    0.4531409740447998,
    0.45404112339019775,
    0.44494491815567017,
    0.44605329632759094,
    0.44727784395217896,
    0.43842414021492004,
    0.4398527145385742,
    0.43113473057746887,
    0.4327636957168579,
