{
  "step": 1480,
  "timestamp": 47.36,
  "robot_pose_odom": {
    "x": -1.4470492092408156,
    "y": 1.3329646808493276,
    "yaw_fused": -1.6348154033063265,
    "yaw_imu": -1.602277474299392
  },
  "lidar_pose_relative_to_robot": {
    "x_offset": 0.0,
    "y_offset": 0.0,
    "yaw_offset": 0.0
  },
  "lidar_meta": {
    "fov": 6.283184,
    "horizontal_resolution": 400,
    "angle_min": -3.141592,
    "angle_increment": 0.015747328320802004
  },
  "ranges": [
    0.5768500566482544,
    0.574069082736969,
    0.5610650181770325,
    0.5586591362953186,
    0.5461066365242004,
    0.5440509915351868,
    0.5319148898124695,
    0.5301874279975891,
    0.5286010503768921,
    0.5170162916183472,
    0.5157315731048584,
    0.5044901371002197,
    0.5034899711608887,
    0.5026175379753113,
    0.4918343722820282,
    0.4912267029285431,
    0.49074140191078186,
    0.49037808179855347,
    0.4801332652568817,
    0.4800148010253906,
    0.4800148010253906,
    0.47021281719207764,
    null,
    null,
    null,
    0.4617220461368561,
    0.4624081254005432,
    0.4632107615470886,
    0.45404112339019775,
    0.455057293176651,
    0.4561908543109894,
    0.4491935074329376,
    null,
    null,
    0.44823259115219116,
    0.4430675804615021,
    0.4448581039905548,
    0.43638381361961365,
    0.43838000297546387,
    0.4405035376548767,
    0.4306556284427643,
    0.42394787073135376,
    0.42635220289230347,
    0.41816815733909607,
    0.42077696323394775,
    0.4126642048358917,
    0.40454521775245667,
    0.4074246883392334,
    0.3993542492389679,
    0.40243929624557495,
    0.3944045603275299,
    0.3976985514163971,
    0.3896864950656891,
    0.38162916898727417,
    0.3851909935474396,
    0.37713146209716797,
    0.38090983033180237,
    0.38486072421073914,
    0.37683531641960144,
    0.38101863861083984,
    0.37296003103256226,
    0.36480534076690674,
    0.36927759647369385,
    0.361059308052063,
    0.3657819330692291,
    0.3707224726676941,
    0.36246752738952637,
    0.35406771302223206,
    0.3593294024467468,
    0.36484119296073914,
    0.3648415207862854,
    0.3593297004699707,
    0.35406801104545593,
    0.36246776580810547,
    0.35748258233070374,
    0.3527185022830963,
    0.3610594868659973,
    0.3565440773963928,
    0.35222604870796204,
    0.36052820086479187,
    0.35643690824508667,
    0.3525235056877136,
    0.36080706119537354,
    0.3571031987667084,
    0.35356101393699646,
    0.36184632778167725,
    0.3585004508495331,
    0.36676397919654846,
    0.36361032724380493,
    0.3605985939502716,
    0.36890286207199097,
    0.3660748600959778,
    0.3633789122104645,
    0.3717443645000458,
    0.36922597885131836,
    0.36683139204978943,
    0.3724394142627716,
    0.37527918815612793,
    0.3776204586029053,
    0.3800854980945587,
    0.38267797231674194,
    0.3854018449783325,
    0.38826116919517517,
    0.3912605345249176,
    0.39440467953681946,
    0.39769867062568665,
    0.4011479914188385,
    0.3931938707828522,
    0.3968636393547058,
    0.4007023572921753,
    0.4047168493270874,
    0.4089145362377167,
    0.41330328583717346,
    0.4178914427757263,
    0.4226880967617035,
    0.427702933549881,
    0.4329462945461273,
    0.8948573470115662,
    0.8922158479690552,
    0.8870861530303955,
    0.8726072907447815,
    0.8715516328811646,
    0.8768613934516907,
    0.8700063228607178,
    0.8700063228607178,
    0.8768612742424011,
    0.8715516328811646,
    0.8726073503494263,
    0.8738459944725037,
    0.875264048576355,
    0.8639634847640991,
    0.8658923506736755,
    0.8805646896362305,
    0.8702402114868164,
    0.8726555705070496,
    0.8752303123474121,
    0.8811317086219788,
    0.8829460144042969,
    0.8839021325111389,
    0.8871067762374878,
    0.8789038062095642,
    0.8825254440307617,
    0.8859302997589111,
    0.8930972814559937,
    0.8943096399307251,
    2.146920680999756,
    2.1581528186798096,
    2.1603610515594482,
    2.180593967437744,
    2.1918673515319824,
    2.203216075897217,
    2.2193942070007324,
    2.2368507385253906,
    2.2485334873199463,
    2.249516725540161,
    1.5677335262298584,
    1.5133129358291626,
    1.467795968055725,
    1.413623571395874,
    1.354961633682251,
    1.3281148672103882,
    1.2917320728302002,
    1.2541767358779907,
    1.223554015159607,
    1.196961522102356,
    1.1603273153305054,
    1.158026933670044,
    1.1666487455368042,
    1.1839858293533325,
    1.1932942867279053,
    1.2116092443466187,
    1.2210872173309326,
    1.240179419517517,
    1.2600122690200806,
    1.270012617111206,
    1.290522813796997,
    1.3111563920974731,
    1.3217757940292358,
    1.3427245616912842,
    1.3659542798995972,
    1.3883763551712036,
    1.408263921737671,
    0.7749724388122559,
    0.7571956515312195,
    0.751726508140564,
    0.7643210887908936,
    0.7772379517555237,
    0.7904952168464661,
    0.7972463965415955,
    0.8284091353416443,
    0.842843234539032,
    0.8680903315544128,
    0.8909546136856079,
    0.9097503423690796,
    0.929242730140686,
    0.9533568620681763,
    0.9782474040985107,
    1.013461947441101,
    1.0448787212371826,
    1.0772812366485596,
    1.1107299327850342,
    1.1452901363372803,
    1.1707216501235962,
    1.2292053699493408,
    1.2760215997695923,
    1.3305567502975464,
    1.3636153936386108,
    1.4458235502243042,
    1.5064725875854492,
    1.539002776145935,
    1.5334506034851074,
    1.5242477655410767,
    1.522741436958313,
    1.5211855173110962,
    1.5071176290512085,
    1.5052216053009033,
    1.5031696557998657,
    1.482922077178955,
    1.5023186206817627,
    1.4824086427688599,
    1.4790937900543213,
    1.4753600358963013,
    1.4711371660232544,
    1.473397135734558,
    1.4733984470367432,
    1.4711369276046753,
    1.4661279916763306,
    1.4632959365844727,
    1.4701329469680786,
    2.151613235473633,
    2.145670175552368,
    2.1525890827178955,
    2.1554131507873535,
    2.1535820960998535,
    2.160313606262207,
    2.1548523902893066,
    2.171180248260498,
    0.4859499931335449,
    0.4645094871520996,
    0.4435535669326782,
    0.4394521415233612,
    0.43553224205970764,
    0.43178728222846985,
    0.4282108247280121,
    0.4247972369194031,
    0.4078696072101593,
    0.41843631863594055,
    0.41547900438308716,
    0.4126642942428589,
    0.40998801589012146,
    0.41382157802581787,
    0.4224598705768585,
    0.4208696484565735,
    0.41939446330070496,
    0.4282282888889313,
    0.4269469976425171,
    0.43591567873954773,
    0.43483251333236694,
    0.4429799020290375,
    0.4523868262767792,
    0.4629841446876526,
    0.49312907457351685,
    0.9028834104537964,
    0.8808882832527161,
    0.850947380065918,
    0.8303953409194946,
    0.810051679611206,
    0.8000511527061462,
    0.7800518274307251,
    0.7604408264160156,
    0.7513563632965088,
    0.7311974167823792,
    0.7122265100479126,
    0.7042405009269714,
    null,
    null,
    null,
    null,
    null,
    null,
    null,
    null,
    null,
    null,
    null,
    null,
    null,
    null,
    null,
    null,
    null,
    0.23402301967144012,
    0.36701756715774536,
    0.47079411149024963,
    1.3212807178497314,
    1.3064171075820923,
    1.3132820129394531,
    1.2817617654800415,
    1.2722662687301636,
    1.2682956457138062,
    1.2527368068695068,
    1.2485896348953247,
    1.2541269063949585,
    1.228145718574524,
    1.2235753536224365,
    1.206686019897461,
    1.2016212940216064,
    1.1963175535202026,
    1.1907342672348022,
    1.1836432218551636,
    1.1785469055175781,
    1.171839952468872,
    1.1646465063095093,
    1.167950987815857,
    1.1621462106704712,
    1.153268814086914,
    1.1506530046463013,
    1.1506540775299072,
    1.147091031074524,
    1.1439120769500732,
    1.1434754133224487,
    1.138648271560669,
    1.1326488256454468,
    1.134758472442627,
    1.13330078125,
    1.1278365850448608,
