{
  "step": 1375,
  "timestamp": 44.0,
  "robot_pose_odom": {
    "x": -1.7815202525937253,
    "y": 1.7446872000645772,
    "yaw_fused": -0.11080292324384437,
    "yaw_imu": -0.08766934533753767
  },
  "lidar_pose_relative_to_robot": {
    "x_offset": 0.0,
    "y_offset": 0.0,
    "yaw_offset": 0.0
  },
  "lidar_meta": {
    "fov": 6.283184,
    "horizontal_resolution": 400,
    "angle_min": -3.141592,
    "angle_increment": 0.015747328320802004
  },
  "ranges": [
    0.7282050848007202,
    0.7185003757476807,
    0.7092238068580627,
    0.7003540992736816,
    0.7044517993927002,
    0.6961921453475952,
    0.7005826234817505,
    0.6928907036781311,
    0.6855331659317017,
    0.6903992295265198,
    0.6835509538650513,
    0.677002489566803,
    0.670742392539978,
    0.6762207746505737,
    0.6704063415527344,
    0.664853572845459,
    0.6707322597503662,
    0.6655904650688171,
    0.6606887578964233,
    0.6560192704200745,
    0.6450539231300354,
    0.5996325016021729,
    null,
    null,
    null,
    null,
    0.521687924861908,
    0.5076864361763,
    0.4940475523471832,
    0.4807499349117279,
    0.4677731692790985,
    0.4482322037220001,
    null,
    null,
    0.42886292934417725,
    0.41409438848495483,
    0.40449535846710205,
    0.4035920798778534,
    0.39347630739212036,
    0.38198933005332947,
    0.38142257928848267,
    0.37061116099357605,
    0.36054471135139465,
    0.36027777194976807,
    0.3500971794128418,
    0.35001081228256226,
    0.34001049399375916,
    0.3400943875312805,
    0.33025461435317993,
    0.3304993212223053,
    0.32080110907554626,
    0.3211979568004608,
    0.31162288784980774,
    0.312163770198822,
    0.3127838969230652,
    0.30337151885032654,
    0.30412721633911133,
    0.3049621284008026,
    0.2956814169883728,
    0.2966448664665222,
    0.28742316365242004,
    0.2885091304779053,
    0.2896750569343567,
    0.28053244948387146,
    0.28181570768356323,
    0.2726926803588867,
    0.2740880250930786,
    0.27556613087654114,
    0.2771289348602295,
    0.2680565118789673,
    0.2697288393974304,
    0.2606300413608551,
    0.26240769028663635,
    0.264275461435318,
    0.26623618602752686,
    0.2682928740978241,
    0.25918012857437134,
    0.2613447606563568,
    0.2521500885486603,
    0.2544194459915161,
    0.2567940056324005,
    0.259277880191803,
    0.24997207522392273,
    0.25256484746932983,
    0.25527551770210266,
    0.2581093907356262,
    0.2486400157213211,
    0.2515898644924164,
    null,
    null,
    null,
    null,
    null,
    null,
    null,
    null,
    null,
    null,
    null,
    null,
    null,
    null,
    null,
    null,
    0.2515900135040283,
    0.24864013493061066,
    0.2581094801425934,
    0.2552756369113922,
    0.252564936876297,
    0.2618756890296936,
    0.2592780888080597,
    0.25679415464401245,
    0.2544196546077728,
    0.2636116147041321,
    0.26134490966796875,
    0.2591802477836609,
    0.26829299330711365,
    0.266236275434494,
    0.26427558064460754,
    0.27334144711494446,
    0.271489679813385,
    0.280518114566803,
    0.26898401975631714,
    0.26790136098861694,
    0.2668929398059845,
    0.26595744490623474,
    0.2752895951271057,
    0.2744659185409546,
    0.27371448278427124,
    0.27303436398506165,
    0.2825144827365875,
    0.2819543778896332,
    0.2814658284187317,
    0.2910856604576111,
    0.2907260060310364,
    0.29043880105018616,
    0.3002314865589142,
    0.3000832796096802,
    0.30000925064086914,
    0.31000956892967224,
    0.31008607149124146,
    0.3102392256259918,
    0.3204841911792755,
    0.32080110907554626,
    0.3211979568004608,
    0.3317275643348694,
    0.33230337500572205,
    0.34305331110954285,
    0.34382107853889465,
    0.34467753767967224,
    0.3557891845703125,
    0.3568568825721741,
    0.3580196499824524,
    0.35927894711494446,
    0.3606364130973816,
    0.36209380626678467,
    0.36365318298339844,
    0.35487908124923706,
    0.3565981090068817,
    0.3584228456020355,
    0.3603557348251343,
    0.3623993992805481,
    0.36455684900283813,
    0.3668312132358551,
    0.3692258894443512,
    0.3717442452907562,
    0.37439024448394775,
    0.36607474088668823,
    0.36890268325805664,
    0.3718671202659607,
    0.3749729096889496,
    0.3782251179218292,
    0.38162916898727417,
    0.3851909935474396,
    0.3889167904853821,
    0.3928132653236389,
    0.38486072421073914,
    0.38899126648902893,
    0.3933095335960388,
    0.3978240489959717,
    0.4025438129901886,
    0.4074787497520447,
    0.41263920068740845,
    0.41803649067878723,
    0.4236828088760376,
    0.4161664545536041,
    0.4221577048301697,
    0.4284312427043915,
    0.43500298261642456,
    0.4419836103916168,
    0.44225195050239563,
    0.44939398765563965,
    0.45644092559814453,
    0.4634033739566803,
    0.4702913463115692,
    0.464219331741333,
    0.48388123512268066,
    0.48628199100494385,
    0.4972802698612213,
    0.5010381937026978,
    0.5105512738227844,
    0.5203256607055664,
    0.5258424878120422,
    0.5470070242881775,
    0.5482416749000549,
    0.5588650107383728,
    0.5691515207290649,
    0.5791337490081787,
    0.5888421535491943,
    0.5924803614616394,
    0.5990315675735474,
    0.5946199893951416,
    0.6036021113395691,
    0.6124750375747681,
    0.614982008934021,
    0.632613480091095,
    0.6473492980003357,
    0.6515751481056213,
    0.656019389629364,
    0.6717003583908081,
    0.676683783531189,
    0.6819112300872803,
    0.6873910427093506,
    0.6931320428848267,
    0.7106050252914429,
    0.7170006036758423,
    0.7236925363540649,
    0.7306925058364868,
    0.7499164938926697,
    0.7576945424079895,
    0.7658266425132751,
    0.7866191864013672,
    0.7956481575965881,
    0.8050878643989563,
    0.8276914358139038,
    0.8381735682487488,
    0.8491368293762207,
    0.8738461136817932,
    0.8994567394256592,
    0.9124056100845337,
    1.3743945360183716,
    1.3751713037490845,
    1.3751713037490845,
    1.362038254737854,
    1.3754174709320068,
    1.3851205110549927,
    1.38972806930542,
    1.410873293876648,
    1.3926576375961304,
    1.4140337705612183,
    2.695955514907837,
    2.692054033279419,
    2.734363555908203,
    2.7448277473449707,
    2.7725229263305664,
    2.779775857925415,
    2.10064697265625,
    2.0299177169799805,
    1.9662288427352905,
    1.9028756618499756,
    1.8415160179138184,
    1.8087321519851685,
    1.7220158576965332,
    1.6835850477218628,
    1.6848050355911255,
    1.6992191076278687,
    1.7136316299438477,
    1.7461742162704468,
    1.7528809309005737,
    1.7669987678527832,
    1.7800554037094116,
    1.7979762554168701,
    1.8167800903320312,
    1.2591949701309204,
    1.2514880895614624,
    1.2731367349624634,
    1.2900958061218262,
    1.307068943977356,
    1.3240827322006226,
    1.3505584001541138,
    0.44727784395217896,
    0.44605329632759094,
    0.45629072189331055,
    0.4439513087272644,
    0.443071186542511,
    0.4423034191131592,
    0.4416472017765045,
    0.4411015510559082,
    0.4406657814979553,
    0.44033950567245483,
    0.44012215733528137,
    0.440013587474823,
    0.440013587474823,
    0.44012215733528137,
    0.44033950567245483,
    0.4406657814979553,
    0.4411015510559082,
    0.4416472017765045,
    0.4423034191131592,
    0.443071186542511,
    0.4439513087272644,
    0.44494491815567017,
    0.43591567873954773,
    0.43711239099502563,
    0.43842414021492004,
    0.4398527145385742,
    0.44139984250068665,
    0.4430675804615021,
    0.4448581039905548,
    0.446773886680603,
    0.4488176107406616,
    0.4509917199611664,
    0.4532994329929352,
    0.4557439684867859,
    0.45832860469818115,
    0.461057186126709,
    0.4639335870742798,
    0.46696212887763977,
    0.47014710307121277,
    0.4734935164451599,
    0.4659132957458496,
    0.4695125222206116,
    0.473285436630249,
    0.477238267660141,
