{
  "step": 735,
  "timestamp": 23.52,
  "robot_pose_odom": {
    "x": -2.7063479834864648,
    "y": -0.8964445547325577,
    "yaw_fused": 2.7723400297210725,
    "yaw_imu": 2.778740385139701
  },
  "lidar_pose_relative_to_robot": {
    "x_offset": 0.0,
    "y_offset": 0.0,
    "yaw_offset": 0.0
  },
  "lidar_meta": {
    "fov": 6.283184,
    "horizontal_resolution": 400,
    "angle_min": -3.141592,
    "angle_increment": 0.015747328320802004
  },
  "ranges": [
    1.173330545425415,
    1.1570708751678467,
    1.0983350276947021,
    1.0942013263702393,
    1.0303353071212769,
    0.9730266332626343,
    0.9715319275856018,
    0.9388906955718994,
    0.9140204787254333,
    0.9003633260726929,
    0.8716593384742737,
    0.8522113561630249,
    0.8324339985847473,
    0.8079479336738586,
    0.7959052920341492,
    0.7817184925079346,
    0.7628516554832458,
    0.7655174136161804,
    0.735335648059845,
    0.7275893092155457,
    0.7066885828971863,
    null,
    null,
    null,
    null,
    0.658311128616333,
    0.6475110054016113,
    0.642017126083374,
    0.6024270057678223,
    0.5743390917778015,
    0.5481414198875427,
    0.5235897898674011,
    0.5264332294464111,
    0.49036452174186707,
    0.47223949432373047,
    0.45401081442832947,
    0.4422515630722046,
    0.41398897767066956,
    0.42097097635269165,
    0.40079084038734436,
    0.39492201805114746,
    0.3758925199508667,
    0.3707227110862732,
    0.3657821714878082,
    0.3610594868659973,
    0.3438103199005127,
    0.33964651823043823,
    0.33566418290138245,
    0.3195641338825226,
    0.316055566072464,
    0.31269943714141846,
    0.3094894587993622,
    0.2946341931819916,
    0.2918115556240082,
    0.28911325335502625,
    0.2865343689918518,
    0.28407058119773865,
    0.2704489529132843,
    0.26829299330711365,
    0.266236275434494,
    0.26427558064460754,
    0.2624077796936035,
    0.2606301009654999,
    0.24815063178539276,
    0.2482929527759552,
    0.24661202728748322,
    0.24815057218074799,
    0.23891088366508484,
    0.24054044485092163,
    0.2312411069869995,
    0.23295670747756958,
    0.23475632071495056,
    0.22537408769130707,
    null,
    null,
    null,
    null,
    null,
    null,
    null,
    null,
    null,
    null,
    null,
    null,
    null,
    null,
    null,
    null,
    null,
    null,
    null,
    null,
    null,
    null,
    null,
    null,
    null,
    null,
    null,
    null,
    null,
    null,
    null,
    null,
    null,
    null,
    null,
    null,
    null,
    null,
    null,
    null,
    null,
    null,
    null,
    null,
    null,
    null,
    null,
    null,
    null,
    null,
    null,
    null,
    null,
    null,
    null,
    null,
    0.2039182335138321,
    0.2033080905675888,
    0.20275148749351501,
    0.21236006915569305,
    0.21188585460186005,
    0.2114657759666443,
    0.21109935641288757,
    0.21078616380691528,
    0.2205507755279541,
    0.22033289074897766,
    0.22016975283622742,
    0.22006107866764069,
    0.2200067937374115,
    0.2300070971250534,
    0.23006384074687958,
    0.23017746210098267,
    0.23034800589084625,
    0.2305757999420166,
    0.2408984750509262,
    0.24125641584396362,
    0.24167518317699432,
    0.2421552538871765,
    0.2528096139431,
    0.25343936681747437,
    0.2541351318359375,
    0.2548977732658386,
    0.26595744490623474,
    0.2668929398059845,
    0.26790133118629456,
    0.26898396015167236,
    0.28053244948387146,
    0.28181570768356323,
    0.29366904497146606,
    0.29517173767089844,
    0.29676353931427,
    0.3091053366661072,
    0.3109455406665802,
    0.31288543343544006,
    0.3257875144481659,
    0.3389432728290558,
    0.3413558006286621,
    0.34388840198516846,
    0.35772383213043213,
    0.36059844493865967,
    0.3749729096889496,
    0.3782251179218292,
    0.39319369196891785,
    0.4085359275341034,
    0.41248753666877747,
    0.42852357029914856,
    0.4481634497642517,
    0.4619271457195282,
    0.47934600710868835,
    0.500125527381897,
    0.515759289264679,
    0.5342239737510681,
    0.5673788785934448,
    0.5748001933097839,
    0.6085627675056458,
    0.6420125961303711,
    0.6762823462486267,
    0.7124799489974976,
    0.7647287249565125,
    0.7997730374336243,
    0.855397641658783,
    0.8849403858184814,
    0.9705129265785217,
    1.0719656944274902,
    1.0803941488265991,
    1.0831785202026367,
    1.082365870475769,
    1.0818370580673218,
    1.069152593612671,
    1.0693107843399048,
    1.069726586341858,
    1.067225456237793,
    1.0713096857070923,
    1.0675883293151855,
    1.0738664865493774,
    1.063936710357666,
    1.0659078359603882,
    1.067735195159912,
    1.0705270767211914,
    1.067816972732544,
    1.0760382413864136,
    1.0681138038635254,
    1.073749303817749,
    1.07076096534729,
    1.0789158344268799,
    1.0966272354125977,
    1.0984193086624146,
    1.1086320877075195,
    1.1047463417053223,
    1.109005331993103,
    1.118194580078125,
    1.115133285522461,
    1.1212412118911743,
    1.1290864944458008,
    1.137133240699768,
    1.145967960357666,
    1.1442677974700928,
    1.1525639295578003,
    1.1615335941314697,
    1.1709027290344238,
    1.1703248023986816,
    1.1800098419189453,
    1.190063238143921,
    1.2004154920578003,
    1.2107880115509033,
    1.2216246128082275,
    0.8113977313041687,
    0.7920945286750793,
    0.7728790044784546,
    0.7567428946495056,
    0.7384979128837585,
    0.7066336870193481,
    0.7010385990142822,
    0.6772507429122925,
    0.6603854298591614,
    0.6575164794921875,
    0.6330046057701111,
    0.6326351761817932,
    0.6255869269371033,
    0.5969125032424927,
    0.5882636904716492,
    0.5741285681724548,
    0.5708198547363281,
    0.5619939565658569,
    0.5530765056610107,
    0.5440505743026733,
    0.5440176725387573,
    0.5255987048149109,
    0.5116303563117981,
    0.5065279603004456,
    0.5102859735488892,
    0.4976949095726013,
    0.48455414175987244,
    0.48860105872154236,
    0.47746118903160095,
    0.4741453528404236,
    0.46653518080711365,
    0.4596289396286011,
    0.45233044028282166,
    0.457022100687027,
    0.4497711658477783,
    0.44247323274612427,
    0.4351200461387634,
    0.44028231501579285,
    0.43294617533683777,
    0.4255341589450836,
    0.43110013008117676,
    0.4236828088760376,
    0.4161664545536041,
    0.40853968262672424,
    0.4146108329296112,
    0.39995667338371277,
    0.4069386124610901,
    0.40079084038734436,
    0.4085400104522705,
    0.4027419686317444,
    0.39720287919044495,
    0.4049731194972992,
    0.39974445104599,
    0.39474523067474365,
    0.3899645507335663,
    0.397824227809906,
    0.39330971240997314,
    0.38899147510528564,
    0.39688774943351746,
    0.3928135335445404,
    0.38891711831092834,
    0.3851912319660187,
    0.38162946701049805,
    0.3896867334842682,
    0.38633599877357483,
    0.38313600420951843,
    0.39126062393188477,
    0.38826122879981995,
    0.3854018747806549,
    0.3826780319213867,
    0.3800855576992035,
    0.38840967416763306,
    0.38600143790245056,
    0.3884095847606659,
    0.39094507694244385,
    0.38267797231674194,
    0.3854018449783325,
    0.38826116919517517,
    0.3912605345249176,
    0.39440467953681946,
    0.3863358795642853,
    0.38968661427497864,
    0.3931938707828522,
    0.3968636393547058,
    0.4007023572921753,
    0.39281338453292847,
    0.3968876004219055,
    0.4011472761631012,
    0.40560048818588257,
    0.4102560877799988,
    0.41512343287467957,
    0.40747886896133423,
    0.4126392900943756,
    0.4180366098880768,
    0.42368295788764954,
    0.4161665737628937,
    0.4221578538417816,
    0.4284314215183258,
    0.4350031614303589,
    0.4350031614303589,
    0.4422517716884613,
    0.4357758164405823,
    0.44301605224609375,
    0.4501631259918213,
    0.457227498292923,
    0.4513242542743683,
    0.45841357111930847,
