{
  "step": 1525,
  "timestamp": 48.800000000000004,
  "robot_pose_odom": {
    "x": -1.4558432518265834,
    "y": 1.1603413826129996,
    "yaw_fused": -2.575672511937456,
    "yaw_imu": -2.5836059397102247
  },
  "lidar_pose_relative_to_robot": {
    "x_offset": 0.0,
    "y_offset": 0.0,
    "yaw_offset": 0.0
  },
  "lidar_meta": {
    "fov": 6.283184,
    "horizontal_resolution": 400,
    "angle_min": -3.141592,
    "angle_increment": 0.015747328320802004
  },
  "ranges": [
    0.44514527916908264,
    0.4476698040962219,
    0.45033493638038635,
    0.44235530495643616,
    0.434383362531662,
    0.4373461604118347,
    0.44045907258987427,
    0.43263378739356995,
    0.43597590923309326,
    0.42821064591407776,
    0.43178701400756836,
    0.4240705966949463,
    0.4278872609138489,
    0.4202083647251129,
    0.4242728650569916,
    0.416620135307312,
    0.42094141244888306,
    0.42545920610427856,
    0.41789141297340393,
    0.4226880669593811,
    0.41512331366539,
    0.42021244764328003,
    null,
    null,
    null,
    null,
    0.4221577048301697,
    0.4146108329296112,
    0.420970618724823,
    0.42097097635269165,
    0.41461119055747986,
    0.42215803265571594,
    0.4161667227745056,
    0.4236830770969391,
    0.43110039830207825,
    0.4255343973636627,
    1.6171820163726807,
    1.6227556467056274,
    1.603729009628296,
    1.5978206396102905,
    0.9238547086715698,
    0.9140445590019226,
    0.9046614766120911,
    0.8956879377365112,
    0.8871071338653564,
    0.8789042830467224,
    0.8710644841194153,
    0.8635745644569397,
    0.86769038438797,
    0.8607733249664307,
    0.8541746735572815,
    0.8478841185569763,
    0.8418916463851929,
    0.8361881971359253,
    0.8307651877403259,
    0.8148919939994812,
    0.8199758529663086,
    0.8144689798355103,
    0.8068395853042603,
    0.8038380742073059,
    0.8098018765449524,
    0.799524188041687,
    0.8000780344009399,
    0.7953973412513733,
    0.802295982837677,
    0.7979522347450256,
    0.7937272787094116,
    0.8014047145843506,
    0.7975301742553711,
    0.793775200843811,
    0.7901386022567749,
    0.7989100813865662,
    0.7832161784172058,
    0.7925083637237549,
    0.789490282535553,
    2.0038254261016846,
    2.007913112640381,
    2.012012481689453,
    2.016083002090454,
    2.0108466148376465,
    2.023951768875122,
    2.013678789138794,
    2.0346217155456543,
    2.0254158973693848,
    2.0473155975341797,
    2.056356906890869,
    2.0649726390838623,
    2.084894895553589,
    2.081195592880249,
    2.089512348175049,
    2.1050937175750732,
    2.095317840576172,
    1.4076778888702393,
    1.3549809455871582,
    1.2925684452056885,
    1.2456769943237305,
    1.180562973022461,
    1.155936598777771,
    1.1370915174484253,
    1.069535732269287,
    1.0457489490509033,
    1.0283217430114746,
    1.0172772407531738,
    1.0094789266586304,
    1.0240191221237183,
    1.0300148725509644,
    1.0273220539093018,
    1.0527769327163696,
    1.06428861618042,
    1.0753579139709473,
    1.0808043479919434,
    1.0979121923446655,
    1.0985379219055176,
    1.1093113422393799,
    1.1371971368789673,
    1.148990273475647,
    1.166448950767517,
    1.1976186037063599,
    0.6035188436508179,
    0.6015588045120239,
    0.5915094017982483,
    0.5762956142425537,
    0.5852848887443542,
    0.5943269729614258,
    0.6049420237541199,
    0.6126173734664917,
    0.6227526068687439,
    0.641287088394165,
    0.6507618427276611,
    0.6606550216674805,
    0.6801063418388367,
    0.6900479197502136,
    0.7100484371185303,
    0.7201175093650818,
    0.740862250328064,
    0.7615929841995239,
    0.7822677493095398,
    0.7925259470939636,
    0.8254446983337402,
    0.8473711013793945,
    0.8657806515693665,
    0.8874234557151794,
    0.917881429195404,
    0.9612952470779419,
    0.9937008619308472,
    1.0069801807403564,
    1.0676038265228271,
    1.079921007156372,
    1.1574277877807617,
    1.2447400093078613,
    1.2650423049926758,
    1.3397656679153442,
    1.3614585399627686,
    1.356896162033081,
    1.3524869680404663,
    1.3482201099395752,
    1.3440842628479004,
    1.3400675058364868,
    1.33165442943573,
    1.3323404788970947,
    1.3286035060882568,
    1.324931263923645,
    1.3213082551956177,
    1.3177175521850586,
    1.314141035079956,
    1.3105595111846924,
    1.3069519996643066,
    1.3032957315444946,
    1.309377670288086,
    1.3141001462936401,
    1.300689458847046,
    1.3151286840438843,
    1.3082056045532227,
    1.3039498329162598,
    1.3115721940994263,
    1.990930199623108,
    1.9948493242263794,
    1.9987720251083374,
    1.9979097843170166,
    1.9882264137268066,
    2.010131359100342,
    1.9996451139450073,
    2.013608455657959,
    2.023951768875122,
    2.0108482837677,
    2.024761438369751,
    2.039457082748413,
    2.0548815727233887,
    2.040095567703247,
    2.0622711181640625,
    2.0795600414276123,
    2.0914220809936523,
    2.1075282096862793,
    2.1094720363616943,
    2.1224238872528076,
    2.1348981857299805,
    0.37022656202316284,
    0.35017383098602295,
    0.346935898065567,
    0.33237984776496887,
    0.32952186465263367,
    0.32679247856140137,
    0.32418736815452576,
    0.31060898303985596,
    0.3083215057849884,
    0.3061424195766449,
    0.3040684461593628,
    0.302096426486969,
    0.3103661835193634,
    0.30022335052490234,
    0.3020963668823242,
    0.3040684163570404,
    0.3061423897743225,
    0.308321475982666,
    0.3020935654640198,
    0.3076537847518921,
    0.30425500869750977,
    0.3067961037158966,
    0.309457004070282,
    0.31224215030670166,
    0.32682886719703674,
    0.3299901783466339,
    0.3332962095737457,
    0.33675312995910645,
    0.3525233566761017,
    0.3564368188381195,
    0.6741733551025391,
    0.6667133569717407,
    0.6627447009086609,
    0.6447489261627197,
    0.6531822085380554,
    0.6487645506858826,
    0.6285884380340576,
    0.6264277100563049,
    0.608096182346344,
    0.5964103937149048,
    0.6033914685249329,
    0.608096182346344,
    0.5991917848587036,
    0.5906880497932434,
    0.5958040952682495,
    0.5878639221191406,
    0.5802740454673767,
    0.5730170011520386,
    0.578656792640686,
    0.5718721151351929,
    0.5653824806213379,
    0.5591749548912048,
    0.5652641654014587,
    0.5594614148139954,
    0.5087972283363342,
    0.49060651659965515,
    0.4779137074947357,
    0.43944859504699707,
    0.42005470395088196,
    0.3915350139141083,
    0.37425729632377625,
    0.3575592041015625,
    0.3413558900356293,
    0.33894333243370056,
    0.32144901156425476,
    0.2975361943244934,
    0.28950101137161255,
    0.2877877354621887,
    0.27556613087654114,
    0.274088054895401,
    0.2649257481098175,
    0.2505028545856476,
    0.24936223030090332,
    0.23794740438461304,
    0.2266857773065567,
    0.2258324921131134,
    0.22504092752933502,
    0.21411414444446564,
    0.21347349882125854,
    0.21288906037807465,
    0.22247245907783508,
    0.2219756543636322,
    0.2215355932712555,
    0.2312040627002716,
    0.23086102306842804,
    0.2305757999420166,
    0.24036315083503723,
    0.2401851862668991,
    0.24006663262844086,
    1.2200909852981567,
    1.1999839544296265,
    1.1801629066467285,
    1.1607495546340942,
    1.1519615650177002,
    1.1321989297866821,
    1.1137239933013916,
    1.1063345670700073,
    1.0867842435836792,
    1.0805799961090088,
    1.0605671405792236,
    1.0527617931365967,
    1.0489524602890015,
    1.0274382829666138,
    1.025765299797058,
    1.0196785926818848,
    0.995380699634552,
    0.9883168935775757,
    0.9813458323478699,
    0.9669416546821594,
    0.967633843421936,
    0.960868239402771,
    0.9541457295417786,
    0.9474523067474365,
    0.9407742619514465,
    0.9432163238525391,
    0.9274032711982727,
    0.9206783771514893,
    0.9139043688774109,
    0.9070628881454468,
    0.9108427166938782,
