{
  "step": 880,
  "timestamp": 28.16,
  "robot_pose_odom": {
    "x": -3.447259651385844,
    "y": -0.4716006361741338,
    "yaw_fused": 1.9852988859312934,
    "yaw_imu": 2.009045995808637
  },
  "lidar_pose_relative_to_robot": {
    "x_offset": 0.0,
    "y_offset": 0.0,
    "yaw_offset": 0.0
  },
  "lidar_meta": {
    "fov": 6.283184,
    "horizontal_resolution": 400,
    "angle_min": -3.141592,
    "angle_increment": 0.015747328320802004
  },
  "ranges": [
    0.4120175540447235,
    0.39764055609703064,
    0.39645078778266907,
    0.3867740035057068,
    0.37415823340415955,
    0.3733226954936981,
    0.3625127673149109,
    0.36188462376594543,
    0.35131028294563293,
    0.35087621212005615,
    0.3405144512653351,
    0.34026235342025757,
    0.33009159564971924,
    0.33001017570495605,
    0.32000988721847534,
    0.32008883357048035,
    0.3102392256259918,
    0.3104690611362457,
    0.31077608466148376,
    0.30112308263778687,
    0.30157050490379333,
    0.2927781641483307,
    null,
    null,
    null,
    null,
    0.2752895653247833,
    0.27618658542633057,
    0.2771580219268799,
    0.26790133118629456,
    0.26898396015167236,
    0.2701423466205597,
    null,
    0.26220449805259705,
    0.2635461986064911,
    0.25436875224113464,
    0.25581133365631104,
    0.25733423233032227,
    0.2589396834373474,
    0.24977043271064758,
    0.2514740228652954,
    0.2532639801502228,
    0.2440498322248459,
    0.24593514204025269,
    0.24791143834590912,
    0.2386191338300705,
    0.24068871140480042,
    0.24285492300987244,
    0.2451215535402298,
    0.2357071489095688,
    0.23806864023208618,
    0.24053794145584106,
    null,
    null,
    null,
    null,
    null,
    null,
    null,
    null,
    null,
    null,
    null,
    null,
    null,
    null,
    null,
    null,
    null,
    null,
    null,
    null,
    null,
    null,
    null,
    0.24311965703964233,
    0.24053803086280823,
    0.23806880414485931,
    0.247492715716362,
    0.24512170255184174,
    0.24285513162612915,
    0.2521502375602722,
    0.2499821037054062,
    0.24791154265403748,
    0.25711411237716675,
    0.25514307618141174,
    0.25326409935951233,
    0.2624077796936035,
    0.2606301009654999,
    0.26972895860671997,
    0.25863850116729736,
    0.2575974762439728,
    0.2566278278827667,
    0.26595744490623474,
    0.26509371399879456,
    0.26430052518844604,
    0.2635769248008728,
    0.27303436398506165,
    0.2724246680736542,
    0.271884560585022,
    0.2714134454727173,
    0.2810482084751129,
    0.2807009816169739,
    0.28042367100715637,
    0.29022377729415894,
    0.2900805175304413,
    0.29000893235206604,
    0.30000925064086914,
    0.3000832796096802,
    0.3002314865589142,
    0.3104690611362457,
    0.31077608466148376,
    0.30112308263778687,
    0.30157050490379333,
    0.2912701964378357,
    0.2825144827365875,
    0.28314676880836487,
    0.28385210037231445,
    0.2744659185409546,
    0.2752895653247833,
    0.26595744490623474,
    0.2668929398059845,
    0.2575974464416504,
    0.2586384415626526,
    0.24936217069625854,
    0.2505028545856476,
    0.2412281334400177,
    0.24246248602867126,
    0.243770033121109,
    0.2451525181531906,
    0.235889732837677,
    0.2373613715171814,
    0.22805127501487732,
    0.2296067327260971,
    0.23124101758003235,
    0.2329566478729248,
    0.22893160581588745,
    null,
    null,
    null,
    null,
    null,
    null,
    null,
    null,
    null,
    null,
    null,
    null,
    null,
    null,
    null,
    null,
    null,
    null,
    null,
    null,
    null,
    null,
    null,
    null,
    null,
    null,
    null,
    null,
    null,
    null,
    null,
    null,
    null,
    null,
    null,
    null,
    null,
    null,
    null,
    null,
    null,
    null,
    null,
    null,
    null,
    null,
    null,
    null,
    null,
    null,
    null,
    null,
    null,
    null,
    null,
    null,
    null,
    null,
    null,
    null,
    null,
    null,
    null,
    null,
    null,
    null,
    null,
    null,
    null,
    null,
    null,
    null,
    null,
    null,
    null,
    0.28597787022590637,
    0.28191930055618286,
    0.2912820279598236,
    0.3004637658596039,
    0.29658448696136475,
    0.3056090474128723,
    0.31448739767074585,
    0.31080007553100586,
    0.31956401467323303,
    0.3249671459197998,
    0.33675312995910645,
    0.3451996147632599,
    0.3584401607513428,
    0.3614828586578369,
    0.37006476521492004,
    0.38214173913002014,
    0.3859662413597107,
    0.39727434515953064,
    0.4082636833190918,
    0.4189630448818207,
    0.42939913272857666,
    0.435094952583313,
    0.46044105291366577,
    0.48095181584358215,
    0.49600881338119507,
    0.509259819984436,
    0.53046053647995,
    0.5512961149215698,
    0.5609194040298462,
    0.5769928693771362,
    0.5989847779273987,
    0.6870254278182983,
    0.7129583954811096,
    0.7528192400932312,
    0.7733820080757141,
    0.8243194818496704,
    0.8939700126647949,
    0.952071487903595,
    1.03121817111969,
    1.1075596809387207,
    1.2058472633361816,
    1.3237704038619995,
    1.4824081659317017,
    1.6598035097122192,
    1.9084155559539795,
    2.226377248764038,
    2.6705760955810547,
    2.690136194229126,
    2.720137119293213,
    2.7409255504608154,
    2.762420892715454,
    2.7837634086608887,
    2.817664861679077,
    2.8414573669433594,
    2.8637681007385254,
    2.9016101360321045,
    2.924100399017334,
    2.965394973754883,
    2.987492799758911,
    3.0350379943847656,
    3.061923027038574,
    2.198084831237793,
    2.1830685138702393,
    2.1968393325805664,
    2.180999755859375,
    1.3449989557266235,
    1.3322582244873047,
    1.3953250646591187,
    1.4543958902359009,
    1.5492504835128784,
    1.6320053339004517,
    1.7306036949157715,
    2.111783266067505,
    2.0763630867004395,
    0.4067966639995575,
    0.3963649868965149,
    0.39083847403526306,
    0.36890268325805664,
    0.3718671202659607,
    0.3749729096889496,
    0.3782251179218292,
    0.38162916898727417,
    0.3851909935474396,
    0.3889167904853821,
    0.3928132653236389,
    0.3968876004219055,
    0.4011472463607788,
    0.4056004583835602,
    0.410256028175354,
    0.41512331366539,
    0.42021244764328003,
    0.4255341589450836,
    0.43110013008117676,
    0.4369228780269623,
    0.4430158734321594,
    0.4493936598300934,
    0.4560719132423401,
    0.44903531670570374,
    0.46306806802749634,
    0.4698927104473114,
    0.4766300320625305,
    0.4809172451496124,
    0.48988357186317444,
    0.5094822645187378,
    0.5029042959213257,
    0.5220823884010315,
    0.5240204930305481,
    0.5317316651344299,
    0.550201952457428,
    0.5559317469596863,
    0.574122428894043,
    0.5811775326728821,
    0.5961735844612122,
    0.6073321104049683,
    0.6282521486282349,
    0.6457542181015015,
    0.6583033800125122,
    0.6789917945861816,
    0.6935592889785767,
    0.7159005999565125,
    0.737866997718811,
    0.7589242458343506,
    0.7623544335365295,
    0.829097330570221,
    0.7144775986671448,
    0.9165443181991577,
    0.9739159941673279,
    1.018646001815796,
    1.0782513618469238,
    1.1123055219650269,
    1.1459569931030273,
    3.0425314903259277,
    2.961219310760498,
    2.8835678100585938,
    2.8074586391448975,
    2.740272045135498,
    2.671175718307495,
    2.61552357673645,
    2.557793617248535,
    2.500948190689087,
    2.4441721439361572,
    2.397463798522949,
    2.3105580806732178,
    2.2552988529205322,
    2.1798312664031982,
    2.1094017028808594,
    2.0485033988952637,
    1.98456871509552,
    1.926039457321167,
    1.8518157005310059,
    1.822824478149414,
    1.7471342086791992,
    1.7400126457214355,
    1.699905276298523,
    1.6613954305648804,
    1.6243921518325806,
    1.588810920715332,
    1.558461308479309,
    1.5216073989868164,
    1.502577781677246,
