{
  "step": 665,
  "timestamp": 21.28,
  "robot_pose_odom": {
    "x": -2.4256479066578307,
    "y": -1.0082072164943576,
    "yaw_fused": 2.874481866767648,
    "yaw_imu": 2.8813782327524606
  },
  "lidar_pose_relative_to_robot": {
    "x_offset": 0.0,
    "y_offset": 0.0,
    "yaw_offset": 0.0
  },
  "lidar_meta": {
    "fov": 6.283184,
    "horizontal_resolution": 400,
    "angle_min": -3.141592,
    "angle_increment": 0.015747328320802004
  },
  "ranges": [
    1.1049714088439941,
    1.0745927095413208,
    1.0332707166671753,
    0.9778447151184082,
    0.9438532590866089,
    0.9098954200744629,
    0.8826610445976257,
    0.8482365608215332,
    0.8148981332778931,
    0.8004080653190613,
    0.766692042350769,
    0.7382227182388306,
    0.721176266670227,
    0.7022997140884399,
    0.6780537962913513,
    0.6625764966011047,
    0.647546112537384,
    0.6404517292976379,
    0.6187286972999573,
    0.6048964262008667,
    0.5832244753837585,
    null,
    null,
    null,
    null,
    0.5271538496017456,
    0.5258439779281616,
    0.5155513286590576,
    0.5027358531951904,
    0.4925651550292969,
    0.4918343722820282,
    0.4808865487575531,
    null,
    0.4705084264278412,
    0.4602101445198059,
    0.4500138759613037,
    0.4500138759613037,
    0.44012215733528137,
    0.44033950567245483,
    0.43065062165260315,
    0.4310764968395233,
    0.42157232761383057,
    0.42219871282577515,
    0.41361576318740845,
    0.4035920798778534,
    0.40449535846710205,
    0.40550297498703003,
    0.39645078778266907,
    0.39764052629470825,
    0.38870707154273987,
    0.3900742828845978,
    0.3812442123889923,
    0.382784903049469,
    0.3740432560443878,
    0.37575429677963257,
    0.3670862913131714,
    0.36896467208862305,
    0.36009275913238525,
    0.3505592346191406,
    0.3431123197078705,
    0.3452529013156891,
    0.3366471230983734,
    0.3302610218524933,
    0.3193328380584717,
    0.3217020332813263,
    0.3130083680152893,
    0.3042549192905426,
    0.30679601430892944,
    0.29799553751945496,
    0.28911301493644714,
    0.29181137681007385,
    0.2946339547634125,
    0.2856823801994324,
    0.276618629693985,
    0.2795874774456024,
    0.28269124031066895,
    0.2735040485858917,
    0.2767488956451416,
    0.26740792393684387,
    0.2578994929790497,
    0.2612727880477905,
    null,
    null,
    null,
    null,
    null,
    null,
    null,
    null,
    null,
    null,
    null,
    null,
    null,
    null,
    null,
    null,
    null,
    null,
    null,
    null,
    null,
    null,
    0.2292274832725525,
    0.22725644707679749,
    0.22537411749362946,
    0.22357748448848724,
    0.2218635380268097,
    0.2312411218881607,
    0.22960680723190308,
    0.2280513197183609,
    0.22657231986522675,
    0.22760188579559326,
    0.22516751289367676,
    0.22657227516174316,
    0.2280513048171997,
    0.21867312490940094,
    0.2202296108007431,
    0.2218635231256485,
    0.22357743978500366,
    null,
    null,
    null,
    null,
    null,
    null,
    null,
    null,
    null,
    null,
    null,
    null,
    null,
    null,
    null,
    null,
    null,
    null,
    null,
    null,
    null,
    null,
    null,
    null,
    null,
    null,
    null,
    0.25467419624328613,
    0.2641693949699402,
    0.2610720694065094,
    0.2704003155231476,
    0.26743149757385254,
    0.276618629693985,
    0.2737790048122406,
    0.28284868597984314,
    0.2801389694213867,
    0.27754858136177063,
    0.28653424978256226,
    0.29543331265449524,
    0.29298633337020874,
    0.3018295168876648,
    0.2995157241821289,
    0.30832144618034363,
    0.3061423599720001,
    0.31492793560028076,
    0.3282347619533539,
    0.33239006996154785,
    0.330422967672348,
    0.3394211530685425,
    0.3478809893131256,
    0.3461099863052368,
    0.3586359918117523,
    0.368330180644989,
    0.3724394142627716,
    0.37714654207229614,
    0.3866415321826935,
    0.39608392119407654,
    0.4101855158805847,
    0.4148656725883484,
    0.4273242950439453,
    0.4437114894390106,
    0.45306968688964844,
    0.46396487951278687,
    0.473036527633667,
    0.49269750714302063,
    0.510961651802063,
    0.5210084319114685,
    0.5407081842422485,
    0.5599905848503113,
    0.5800710916519165,
    0.6100719571113586,
    0.6300102472305298,
    0.6600724458694458,
    0.6917085647583008,
    0.7208573818206787,
    0.7515133619308472,
    0.7918317914009094,
    0.8327774405479431,
    0.8830468058586121,
    0.9579632878303528,
    1.0044817924499512,
    1.0742883682250977,
    1.14589262008667,
    1.2969322204589844,
    1.3789575099945068,
    1.3869287967681885,
    1.3814473152160645,
    1.3818820714950562,
    1.38152277469635,
    1.3739515542984009,
    1.3809820413589478,
    1.3780936002731323,
    1.3738045692443848,
    1.372449278831482,
    1.3810116052627563,
    1.3683077096939087,
    1.3776404857635498,
    1.3763865232467651,
    1.3755536079406738,
    1.3861799240112305,
    1.374781608581543,
    1.3862636089324951,
    1.3829091787338257,
    1.3877424001693726,
    1.3890221118927002,
    1.402457594871521,
    1.392701506614685,
    1.40714693069458,
    1.4100933074951172,
    1.4134562015533447,
    1.4200936555862427,
    1.4214829206466675,
    1.426175594329834,
    1.4313422441482544,
    1.4500641822814941,
    1.4564096927642822,
    1.0423800945281982,
    1.0033475160598755,
    0.941247284412384,
    0.8981398344039917,
    0.8980714082717896,
    0.8645061254501343,
    0.8443160653114319,
    0.8054839372634888,
    0.7816478610038757,
    0.7576916217803955,
    0.7350139617919922,
    0.7130881547927856,
    0.6918725967407227,
    0.6837604641914368,
    0.6637100577354431,
    0.6442670822143555,
    0.6374257802963257,
    0.6189789175987244,
    0.6010537147521973,
    0.5952955484390259,
    0.5782265067100525,
    0.5616073608398438,
    0.5567783117294312,
    0.5521665811538696,
    0.5365859866142273,
    0.5213793516159058,
    0.5175396800041199,
    0.5138819217681885,
    0.4995409846305847,
    0.4963012635707855,
    0.4758948087692261,
    0.47397932410240173,
    0.47219517827033997,
    0.46031099557876587,
    0.4588160216808319,
    0.44727784395217896,
    0.44605329632759094,
    0.43483251333236694,
    0.43386149406433105,
    0.4330013394355774,
    0.42219871282577515,
    0.42157232761383057,
    0.4210514724254608,
    0.41062039136886597,
    0.4103163778781891,
    0.4101138412952423,
    0.4000123143196106,
    0.4000123143196106,
    0.39010825753211975,
    0.3903009295463562,
    0.390590101480484,
    0.3809513449668884,
    0.38142257928848267,
    0.38198933005332947,
    0.3826523721218109,
    0.3733226954936981,
    0.37415823340415955,
    0.37509027123451233,
    0.36595457792282104,
    0.36705276370048523,
    0.3682487905025482,
    0.36954405903816223,
    0.3606364130973816,
    0.36209380626678467,
    0.36365318298339844,
    0.35487908124923706,
    0.3565981090068817,
    0.3584228456020355,
    0.3603557348251343,
    0.3517405688762665,
    0.3538345694541931,
    0.3560420572757721,
    1.0359991788864136,
    1.0277634859085083,
    1.0350788831710815,
    1.0342426300048828,
    1.0284559726715088,
    1.0254517793655396,
    1.0340162515640259,
    1.0276068449020386,
    1.0292422771453857,
    1.027176022529602,
    1.037111520767212,
    1.0236951112747192,
    1.0343132019042969,
    1.033258080482483,
    1.0324375629425049,
    1.0318561792373657,
    1.0440980195999146,
    1.0441642999649048,
    1.0444929599761963,
    1.045091152191162,
    1.0464481115341187,
    0.9934296011924744,
    0.9941132068634033,
    1.0088863372802734,
    0.975283145904541,
    0.9892458915710449,
    0.9950668811798096,
    0.9894981384277344,
    1.0092281103134155,
    1.0062472820281982,
    1.015075922012329,
    1.0238068103790283,
    1.0320221185684204,
    1.0397800207138062,
    1.0471333265304565,
