{
  "step": 410,
  "timestamp": 13.120000000000001,
  "robot_pose_odom": {
    "x": -0.8312361156384644,
    "y": -1.037634580553545,
    "yaw_fused": -2.5975344063417816,
    "yaw_imu": -2.5975659182354214
  },
  "lidar_pose_relative_to_robot": {
    "x_offset": 0.0,
    "y_offset": 0.0,
    "yaw_offset": 0.0
  },
  "lidar_meta": {
    "fov": 6.283184,
    "horizontal_resolution": 400,
    "angle_min": -3.141592,
    "angle_increment": 0.015747328320802004
  },
  "ranges": [
    0.7986679673194885,
    0.7554622292518616,
    0.7474009394645691,
    0.7258129715919495,
    0.7121144533157349,
    0.6943917274475098,
    0.6839789152145386,
    0.6788901686668396,
    0.6617413759231567,
    0.6498157978057861,
    0.6360941529273987,
    0.6240627765655518,
    0.617879331111908,
    0.5958041548728943,
    0.5883142352104187,
    0.5719557404518127,
    0.5604568719863892,
    0.5612943768501282,
    0.5612943768501282,
    0.5528146624565125,
    0.5447197556495667,
    0.536989152431488,
    null,
    null,
    null,
    0.5093483924865723,
    0.5031797885894775,
    0.497280091047287,
    0.49163690209388733,
    0.48623907566070557,
    0.48107588291168213,
    0.4761373698711395,
    null,
    0.46689826250076294,
    0.46258094906806946,
    0.45845475792884827,
    0.45451274514198303,
    0.45074817538261414,
    0.44133052229881287,
    0.4241182804107666,
    0.4073761999607086,
    0.3913603127002716,
    0.38008546829223633,
    0.36227113008499146,
    0.3566194474697113,
    0.34108176827430725,
    0.3391583263874054,
    0.3283573091030121,
    0.3146454393863678,
    0.3131285607814789,
    0.3013126850128174,
    0.284820020198822,
    0.2782052457332611,
    0.2771580219268799,
    0.27618658542633057,
    0.26509371399879456,
    0.26430052518844604,
    0.25343936681747437,
    0.2528096139431,
    0.2421552538871765,
    0.24167518317699432,
    0.24125641584396362,
    0.23086102306842804,
    0.2305757999420166,
    0.22033289074897766,
    0.22016975283622742,
    0.22006107866764069,
    0.2200067937374115,
    0.2100064754486084,
    0.2100583016872406,
    0.21016204357147217,
    0.21031774580478668,
    0.20081572234630585,
    null,
    null,
    null,
    null,
    null,
    null,
    null,
    null,
    null,
    null,
    null,
    null,
    null,
    null,
    null,
    null,
    null,
    null,
    null,
    null,
    null,
    null,
    null,
    null,
    null,
    null,
    null,
    null,
    null,
    null,
    null,
    null,
    null,
    null,
    null,
    null,
    null,
    null,
    null,
    null,
    null,
    null,
    null,
    null,
    null,
    null,
    null,
    null,
    null,
    null,
    null,
    null,
    null,
    null,
    null,
    null,
    null,
    null,
    null,
    null,
    null,
    null,
    null,
    null,
    null,
    null,
    null,
    null,
    null,
    null,
    null,
    null,
    null,
    null,
    null,
    null,
    null,
    null,
    null,
    null,
    null,
    null,
    null,
    null,
    null,
    null,
    null,
    null,
    null,
    null,
    null,
    null,
    null,
    null,
    null,
    null,
    null,
    null,
    null,
    null,
    null,
    null,
    null,
    0.2643202245235443,
    0.27433648705482483,
    0.2836895287036896,
    0.29287534952163696,
    0.30190789699554443,
    0.29836806654930115,
    0.30727308988571167,
    0.3192996382713318,
    0.3247262239456177,
    0.33538803458213806,
    0.3584401607513428,
    0.3614828586578369,
    0.3738330006599426,
    0.3857700526714325,
    0.39806830883026123,
    0.41981175541877747,
    0.44133052229881287,
    0.4496649503707886,
    0.4735907316207886,
    0.49651703238487244,
    0.519077479839325,
    0.5440179109573364,
    0.554772675037384,
    0.5660980939865112,
    0.5834540724754333,
    0.6024453639984131,
    0.6055933833122253,
    0.6187433004379272,
    0.634831964969635,
    0.7028613686561584,
    0.7130774259567261,
    0.7459536790847778,
    0.7757417559623718,
    0.7984298467636108,
    0.8393110036849976,
    0.8780160546302795,
    0.9150482416152954,
    0.9536742568016052,
    1.0107505321502686,
    1.0690053701400757,
    1.131209373474121,
    1.2052102088928223,
    1.2899572849273682,
    1.3823766708374023,
    1.4801634550094604,
    1.5099667310714722,
    1.540127158164978,
    1.5706828832626343,
    1.6007977724075317,
    1.64314603805542,
    1.6732357740402222,
    1.7176958322525024,
    1.7473812103271484,
    1.7954401969909668,
    1.8324593305587769,
    1.8759708404541016,
    1.9440064430236816,
    2.00008225440979,
    2.029787063598633,
    2.0827126502990723,
    2.183100700378418,
    2.2051548957824707,
    2.2675812244415283,
    2.4193201065063477,
    2.562640428543091,
    2.641094446182251,
    2.7322778701782227,
    2.832218885421753,
    2.9406487941741943,
    2.951406240463257,
    2.954558849334717,
    2.901691198348999,
    2.8906641006469727,
    1.4975128173828125,
    1.5001559257507324,
    1.503322720527649,
    1.6448067426681519,
    1.769646167755127,
    1.855879545211792,
    2.207789421081543,
    2.3297722339630127,
    2.818727731704712,
    2.81339430809021,
    2.8111257553100586,
    2.799118995666504,
    2.8175106048583984,
    2.802891254425049,
    2.7965919971466064,
    2.8008248805999756,
    2.7904186248779297,
    2.812570095062256,
    2.807379722595215,
    2.7947168350219727,
    2.7963051795959473,
    2.797891855239868,
    2.7994892597198486,
    2.813453435897827,
    2.8178906440734863,
    2.828157901763916,
    2.834991455078125,
    2.848067283630371,
    1.122076153755188,
    1.0726982355117798,
    0.969535768032074,
    0.8845074772834778,
    0.8396872282028198,
    0.7923990488052368,
    0.7601578831672668,
    0.7007291913032532,
    0.6805872321128845,
    0.6412899494171143,
    0.6182764172554016,
    0.5860234498977661,
    0.5655245780944824,
    0.545785665512085,
    0.5324985980987549,
    0.5084042549133301,
    0.4855218529701233,
    0.47354257106781006,
    0.4569626748561859,
    0.44958117604255676,
    0.4315662980079651,
    0.38278499245643616,
    0.3812442719936371,
    0.3729768395423889,
    0.36087191104888916,
    0.3466610014438629,
    0.34562379121780396,
    0.33608612418174744,
    0.3235962986946106,
    0.32287368178367615,
    0.312163770198822,
    0.31162288784980774,
    0.30112308263778687,
    0.3007510304450989,
    0.29043880105018616,
    0.29022377729415894,
    0.28007772564888,
    0.2800086438655853,
    0.2700083255767822,
    0.2700749337673187,
    0.27020832896232605,
    0.2603934109210968,
    0.2606509029865265,
    0.2509359121322632,
    0.25130876898765564,
    0.25174498558044434,
    0.2421552538871765,
    0.24269722402095795,
    0.24330179393291473,
    0.2541351318359375,
    0.2548977732658386,
    0.26595744490623474,
    0.2668929398059845,
    0.2782052159309387,
    0.2793295085430145,
    1.2826584577560425,
    1.2696325778961182,
    1.2613029479980469,
    1.2529196739196777,
    1.240310549736023,
    1.237602710723877,
    1.219552993774414,
    1.2146143913269043,
    1.2097525596618652,
    1.2004505395889282,
    1.1891913414001465,
    1.1843922138214111,
    1.1796059608459473,
    1.174815058708191,
    1.1700009107589722,
    1.1729756593704224,
    1.1486561298370361,
    1.1439005136489868,
    1.1549650430679321,
    1.1448217630386353,
    1.1393870115280151,
    1.130505919456482,
    1.1430559158325195,
    1.6850613355636597,
    1.7273348569869995,
    1.8197368383407593,
    1.9057695865631104,
    1.9673213958740234,
    2.050769805908203,
    2.1803739070892334,
    2.047315835952759,
    2.0392348766326904,
    3.6484813690185547,
    3.676407814025879,
    3.6747536659240723,
    3.65401029586792,
    3.6831231117248535,
    3.6797823905944824,
    null,
    null,
    null,
    3.7344272136688232,
    3.3082828521728516,
    2.962808609008789,
    2.7415831089019775,
