{
  "step": 1530,
  "timestamp": 48.96,
  "robot_pose_odom": {
    "x": -1.4634223249902696,
    "y": 1.157125383009351,
    "yaw_fused": -2.7402913540825504,
    "yaw_imu": -2.730145208572314
  },
  "lidar_pose_relative_to_robot": {
    "x_offset": 0.0,
    "y_offset": 0.0,
    "yaw_offset": 0.0
  },
  "lidar_meta": {
    "fov": 6.283184,
    "horizontal_resolution": 400,
    "angle_min": -3.141592,
    "angle_increment": 0.015747328320802004
  },
  "ranges": [
    0.42959144711494446,
    0.4236830770969391,
    0.4180367588996887,
    0.4255343973636627,
    0.42021262645721436,
    0.4151235520839691,
    0.4226882755756378,
    0.41789156198501587,
    0.4133034348487854,
    0.4209415912628174,
    0.4166204333305359,
    0.42427322268486023,
    0.4202086329460144,
    0.41632306575775146,
    0.4240708649158478,
    0.4204244613647461,
    0.41694214940071106,
    0.4247972369194031,
    0.4215407371520996,
    0.41843631863594055,
    0.41547900438308716,
    0.423523873090744,
    null,
    null,
    null,
    0.9165434241294861,
    0.9097445011138916,
    0.9028928279876709,
    0.9011250734329224,
    0.8889551162719727,
    0.8818286061286926,
    0.8753068447113037,
    null,
    0.8557748794555664,
    0.8637620210647583,
    0.8554519414901733,
    0.8472356200218201,
    0.8387145400047302,
    0.8387625217437744,
    0.8386721611022949,
    0.8205121755599976,
    0.8302468657493591,
    0.8276914358139038,
    0.8123836517333984,
    0.8230095505714417,
    0.8076456785202026,
    0.8054836392402649,
    0.8034616708755493,
    0.8077595233917236,
    0.79984450340271,
    0.79984450340271,
    0.8015813231468201,
    0.8034616708755493,
    0.7920590043067932,
    0.794405460357666,
    0.7968822121620178,
    0.7994886636734009,
    0.7894901037216187,
    0.7925082445144653,
    0.7956481575965881,
    0.7866190671920776,
    0.7901384830474854,
    0.793775200843811,
    0.7856266498565674,
    2.0201761722564697,
    2.0189719200134277,
    2.015995502471924,
    2.0247459411621094,
    2.022951602935791,
    2.031236410140991,
    2.0350241661071777,
    2.0496597290039062,
    2.0481839179992676,
    2.0577783584594727,
    2.0481231212615967,
    2.077746629714966,
    2.0829031467437744,
    2.0867629051208496,
    2.0980162620544434,
    2.1052498817443848,
    1.4337631464004517,
    1.3694188594818115,
    1.311224341392517,
    1.2608851194381714,
    1.207545518875122,
    1.149659514427185,
    1.1235322952270508,
    1.0878137350082397,
    1.0508686304092407,
    1.0254411697387695,
    1.0100051164627075,
    1.019070029258728,
    1.017049789428711,
    1.0247637033462524,
    1.0342875719070435,
    1.0523134469985962,
    1.0613822937011719,
    1.070679783821106,
    1.0803823471069336,
    1.10000741481781,
    1.1100608110427856,
    1.1203933954238892,
    1.1307264566421509,
    1.1519615650177002,
    1.1625890731811523,
    1.1835545301437378,
    0.6126174330711365,
    0.6034339666366577,
    0.5943272113800049,
    0.5852850675582886,
    0.5793877243995667,
    0.5915091633796692,
    0.6039074659347534,
    0.6108959913253784,
    0.626171886920929,
    0.6285377740859985,
    0.6462780237197876,
    0.6602885127067566,
    0.6746882796287537,
    0.6894985437393188,
    0.7078638672828674,
    0.7204484343528748,
    0.7342761754989624,
    0.764065146446228,
    0.781378984451294,
    0.7992706894874573,
    0.8222754597663879,
    0.847931981086731,
    0.8678449392318726,
    0.8777765035629272,
    0.9324321150779724,
    0.954107403755188,
    0.9895938038825989,
    1.021704912185669,
    1.0614674091339111,
    1.1057963371276855,
    1.1623519659042358,
    1.2090262174606323,
    1.2707101106643677,
    1.3064614534378052,
    1.3675202131271362,
    1.3754825592041016,
    1.350365161895752,
    1.3461815118789673,
    1.3416672945022583,
    1.3367676734924316,
    1.3314217329025269,
    1.3255621194839478,
    1.3267546892166138,
    1.3120596408843994,
    1.319042444229126,
    1.31911301612854,
    1.3209459781646729,
    1.3156237602233887,
    1.3112516403198242,
    1.319428563117981,
    1.3023931980133057,
    1.3121639490127563,
    1.3082681894302368,
    1.308205485343933,
    1.315129280090332,
    1.3006901741027832,
    1.3141013383865356,
    1.9899656772613525,
    1.9966071844100952,
    1.9956269264221191,
    1.9853315353393555,
    2.0018234252929688,
    2.0002269744873047,
    2.0086991786956787,
    2.0126664638519287,
    2.0274734497070312,
    2.0261614322662354,
    2.0359113216400146,
    2.026404619216919,
    2.056168556213379,
    2.0228707790374756,
    2.090841293334961,
    2.1038854122161865,
    2.106759548187256,
    2.121129274368286,
    2.1362273693084717,
    0.3720124363899231,
    0.3523692786693573,
    0.3409307599067688,
    0.3295217752456665,
    0.3323797583580017,
    0.3238067030906677,
    0.31515640020370483,
    0.318204790353775,
    0.30948933959007263,
    0.3126993179321289,
    0.30389946699142456,
    0.30727311968803406,
    0.31080007553100586,
    0.3019079566001892,
    0.3056091368198395,
    0.29658448696136475,
    0.30046379566192627,
    0.3045221269130707,
    0.30876871943473816,
    0.2995958924293518,
    0.304048091173172,
    0.3087119162082672,
    0.3087119162082672,
    0.3178684413433075,
    0.31321385502815247,
    0.3221935033798218,
    0.31776219606399536,
    0.3265910744667053,
    0.33526942133903503,
    0.3432183265686035,
    0.3522258996963501,
    0.3672696352005005,
    0.6760008335113525,
    0.6685788035392761,
    0.6614794135093689,
    0.6546889543533325,
    0.6481949090957642,
    0.6419851779937744,
    0.6360488533973694,
    0.6303753852844238,
    0.6249551177024841,
    0.6197788119316101,
    0.6036590337753296,
    0.5990314483642578,
    0.594619870185852,
    0.5904173851013184,
    0.586417555809021,
    0.5826143026351929,
    0.5790020227432251,
    0.5755754709243774,
    0.5723296403884888,
    0.5692598223686218,
    0.5663617849349976,
    0.5636314153671265,
    0.5610650181770325,
    0.5434584617614746,
    0.5029017329216003,
    0.4927586317062378,
    0.4557863473892212,
    0.4329264163970947,
    0.4104480445384979,
    0.3867740035057068,
    0.3729248046875,
    0.35411450266838074,
    0.3416190445423126,
    0.32225126028060913,
    0.3107289671897888,
    0.30106619000434875,
    0.29066041111946106,
    0.28007030487060547,
    0.2701573967933655,
    0.2600080072879791,
    0.2600080072879791,
    0.25015175342559814,
    0.24003958702087402,
    0.23034800589084625,
    0.2305757999420166,
    0.22082360088825226,
    0.2211517095565796,
    0.2114657759666443,
    0.21188585460186005,
    0.21236006915569305,
    0.21288906037807465,
    0.22363892197608948,
    0.224310040473938,
    0.22504092752933502,
    0.2258324921131134,
    0.22668574750423431,
    0.23794735968112946,
    0.23897208273410797,
    0.24006524682044983,
    1.2220714092254639,
    1.2048908472061157,
    1.1875801086425781,
    1.1748313903808594,
    1.1524347066879272,
    1.1345303058624268,
    1.1163548231124878,
    1.0956169366836548,
    1.0901844501495361,
    1.0734604597091675,
    1.0785257816314697,
    1.0451191663742065,
    1.033647060394287,
    1.0276068449020386,
    1.013909101486206,
    1.0034681558609009,
    0.9968764781951904,
    0.9900771379470825,
    0.9830373525619507,
    0.9757223725318909,
    0.968093752861023,
    0.9601095914840698,
    0.9517238736152649,
    0.9417027831077576,
    0.9335423707962036,
    0.9236307740211487,
    0.9268061518669128,
    0.9105071425437927,
    0.912405252456665,
    0.8983234763145447,
    0.8910890221595764,
    0.8980714082717896,
    0.8845039010047913,
    0.885170042514801,
    0.8860322833061218,
    0.8870863914489746,
    0.8752644062042236,
    0.8768587708473206,
    0.865892767906189,
    0.8679856061935425,
    0.8702405095100403,
    0.8726558685302734,
    0.863074779510498,
