{
  "step": 1110,
  "timestamp": 35.52,
  "robot_pose_odom": {
    "x": -2.9543197845639115,
    "y": 0.552968510297722,
    "yaw_fused": 1.0607840648689193,
    "yaw_imu": 1.0608287821853741
  },
  "lidar_pose_relative_to_robot": {
    "x_offset": 0.0,
    "y_offset": 0.0,
    "yaw_offset": 0.0
  },
  "lidar_meta": {
    "fov": 6.283184,
    "horizontal_resolution": 400,
    "angle_min": -3.141592,
    "angle_increment": 0.015747328320802004
  },
  "ranges": [
    1.3764480352401733,
    1.3707038164138794,
    1.3755251169204712,
    1.380722165107727,
    1.375956416130066,
    1.3065448999404907,
    1.2207778692245483,
    1.0942864418029785,
    0.9928730130195618,
    0.9024670124053955,
    0.8349575996398926,
    0.7688015103340149,
    0.7154224514961243,
    0.6645908951759338,
    0.6164639592170715,
    0.5944750905036926,
    0.5605971217155457,
    0.5370562076568604,
    0.5128318071365356,
    0.48786279559135437,
    0.4659998416900635,
    null,
    null,
    null,
    null,
    0.381692498922348,
    0.3679235279560089,
    0.3535476326942444,
    0.3480960428714752,
    0.3353286683559418,
    0.3310764729976654,
    0.3223743736743927,
    0.30963972210884094,
    0.30452200770378113,
    0.29534393548965454,
    0.2859777808189392,
    0.27022838592529297,
    null,
    null,
    null,
    null,
    null,
    null,
    null,
    null,
    null,
    null,
    null,
    null,
    null,
    null,
    null,
    null,
    null,
    null,
    null,
    null,
    null,
    null,
    null,
    null,
    null,
    null,
    null,
    null,
    null,
    null,
    null,
    null,
    null,
    null,
    null,
    null,
    null,
    null,
    null,
    null,
    null,
    null,
    null,
    null,
    null,
    null,
    null,
    null,
    null,
    null,
    null,
    null,
    null,
    null,
    null,
    null,
    null,
    null,
    null,
    null,
    null,
    null,
    null,
    null,
    null,
    null,
    null,
    null,
    null,
    null,
    null,
    null,
    null,
    null,
    null,
    null,
    null,
    null,
    null,
    null,
    null,
    null,
    null,
    null,
    null,
    null,
    null,
    null,
    null,
    null,
    null,
    null,
    null,
    null,
    null,
    null,
    null,
    null,
    null,
    null,
    null,
    null,
    null,
    0.20005550980567932,
    0.2000061571598053,
    0.2100064754486084,
    0.2100583016872406,
    0.21016204357147217,
    0.21031774580478668,
    0.2205507755279541,
    0.22082360088825226,
    0.2211517095565796,
    0.2316053807735443,
    0.23206545412540436,
    0.23258483409881592,
    0.24330179393291473,
    0.24396972358226776,
    0.24470186233520508,
    0.2557283341884613,
    0.2566278278827667,
    0.2575974464416504,
    0.26898396015167236,
    0.28053244948387146,
    0.28181570768356323,
    0.283180832862854,
    0.2936115860939026,
    0.30736222863197327,
    0.3091053366661072,
    0.32166779041290283,
    0.32367458939552307,
    0.3366471230983734,
    0.3476255238056183,
    0.36337873339653015,
    0.36607474088668823,
    0.3854358196258545,
    0.40567323565483093,
    0.40906137228012085,
    0.42798683047294617,
    0.44724762439727783,
    0.46653518080711365,
    0.48807865381240845,
    0.5139397978782654,
    0.5323517322540283,
    0.5680867433547974,
    0.5870751738548279,
    0.6368775367736816,
    0.6580778360366821,
    0.7246378064155579,
    0.7763850688934326,
    0.8152341246604919,
    0.9150097966194153,
    1.013976812362671,
    1.1118243932724,
    1.3023674488067627,
    1.5012544393539429,
    1.5365082025527954,
    1.5540592670440674,
    1.5570679903030396,
    1.5730668306350708,
    1.5883293151855469,
    1.6029400825500488,
    1.5938745737075806,
    1.6305068731307983,
    1.639277458190918,
    1.6477676630020142,
    1.6780775785446167,
    1.6961686611175537,
    1.713509202003479,
    1.730181097984314,
    1.7580448389053345,
    1.7734861373901367,
    1.773402452468872,
    1.825985312461853,
    1.8415178060531616,
    1.8679448366165161,
    1.927652359008789,
    1.9224791526794434,
    1.9491788148880005,
    1.9857447147369385,
    1.985149621963501,
    2.045379400253296,
    2.0642528533935547,
    2.066986083984375,
    2.0769855976104736,
    1.1178278923034668,
    1.0988093614578247,
    1.1099451780319214,
    1.1283631324768066,
    1.1565120220184326,
    1.1170539855957031,
    1.0797308683395386,
    1.0465965270996094,
    1.0229554176330566,
    0.9934239387512207,
    0.9621174335479736,
    0.9310091733932495,
    0.9104175567626953,
    0.8900806903839111,
    0.8700799942016602,
    0.8500713109970093,
    0.8303492069244385,
    0.8116686344146729,
    0.7913476228713989,
    0.7724511027336121,
    0.7639786601066589,
    0.7653047442436218,
    0.777885913848877,
    0.7875327467918396,
    1.0905760526657104,
    0.8322343826293945,
    0.7756901383399963,
    0.7581345438957214,
    0.6877305507659912,
    0.6574612855911255,
    0.6559873819351196,
    0.572490394115448,
    0.5607078075408936,
    0.5294544696807861,
    0.519670844078064,
    0.497612863779068,
    0.4772835671901703,
    0.4582724869251251,
    0.45770442485809326,
    0.4278624355792999,
    0.41773027181625366,
    0.4074728786945343,
    0.39677688479423523,
    0.3859062194824219,
    0.3831358551979065,
    0.3863357603549957,
    0.3896864950656891,
    0.39319369196891785,
    0.39686349034309387,
    0.40070217847824097,
    0.40471670031547546,
    1.5932408571243286,
    1.5770328044891357,
    1.570349097251892,
    1.5568456649780273,
    1.564175009727478,
    1.5413707494735718,
    1.526711106300354,
    1.524558186531067,
    1.5221288204193115,
    1.5059432983398438,
    1.502596139907837,
    1.4987778663635254,
    1.4804478883743286,
    1.4874306917190552,
    1.4849573373794556,
    1.470744013786316,
    1.4767205715179443,
    1.4691685438156128,
    1.4761923551559448,
    1.4571329355239868,
    1.4649685621261597,
    1.4592221975326538,
    1.4573895931243896,
    1.459730625152588,
    1.458717942237854,
    1.4584238529205322,
    1.4543108940124512,
    1.4565054178237915,
    1.4586937427520752,
    1.4533631801605225,
    0.9817609190940857,
    0.9885656237602234,
    0.9803774356842041,
    1.4376578330993652,
    1.5215619802474976,
    2.885057210922241,
    2.851433515548706,
    2.8191545009613037,
    2.788163423538208,
    2.7746989727020264,
    2.726764440536499,
    2.6953325271606445,
    2.6610591411590576,
    2.6539127826690674,
    2.621349334716797,
    2.599792003631592,
    2.5750041007995605,
    2.5687367916107178,
    2.5676357746124268,
    2.486632823944092,
    2.473470687866211,
    2.4485023021698,
    2.4226725101470947,
    2.414884567260742,
    2.3679921627044678,
    2.3388986587524414,
    2.306662082672119,
    2.29341197013855,
    2.267784357070923,
    2.233518600463867,
    2.226106882095337,
    2.2120587825775146,
    1.3740696907043457,
    1.3437966108322144,
    1.2867581844329834,
    1.2699637413024902,
    1.2559313774108887,
    1.2300127744674683,
    1.1983835697174072,
    1.1813760995864868,
    1.1518880128860474,
    1.136536955833435,
    1.1218631267547607,
    1.0950990915298462,
    1.0818365812301636,
    1.0691522359848022,
    1.0447285175323486,
    1.033258080482483,
    1.0102593898773193,
    0.9998884797096252,
    0.9899703860282898,
    0.968813955783844,
    0.9598554968833923,
    0.9512937068939209,
    0.9317511916160583,
    0.9240338206291199,
    0.9166674613952637,
    0.909640371799469,
    0.8919298648834229,
    0.8856260776519775,
    0.8796263933181763,
    0.8631323575973511,
    0.8577808141708374,
    null,
    null,
    0.8328060507774353,
    0.8285663723945618,
    0.8245719075202942,
    0.8208173513412476,
    0.8069521188735962,
    0.8037040829658508,
    0.8006787896156311,
    0.7978723645210266,
    0.7952811121940613,
    0.7929015755653381,
    0.78059321641922,
