{
  "step": 350,
  "timestamp": 11.200000000000001,
  "robot_pose_odom": {
    "x": -0.4721229167774283,
    "y": -0.8203240595781462,
    "yaw_fused": -2.4299692668628934,
    "yaw_imu": -2.4414177910236834
  },
  "lidar_pose_relative_to_robot": {
    "x_offset": 0.0,
    "y_offset": 0.0,
    "yaw_offset": 0.0
  },
  "lidar_meta": {
    "fov": 6.283184,
    "horizontal_resolution": 400,
    "angle_min": -3.141592,
    "angle_increment": 0.015747328320802004
  },
  "ranges": [
    0.6557355523109436,
    0.603461742401123,
    0.6033914685249329,
    0.5742773413658142,
    0.5583378076553345,
    0.536989152431488,
    0.5163635611534119,
    0.49641841650009155,
    0.477114200592041,
    0.45841357111930847,
    0.45286184549331665,
    0.4351201057434082,
    0.41789141297340393,
    0.4133032262325287,
    0.3968876004219055,
    0.3928133249282837,
    0.3771315813064575,
    0.37351861596107483,
    0.35850024223327637,
    0.35530248284339905,
    0.352247416973114,
    0.3409307897090912,
    null,
    null,
    null,
    0.31482475996017456,
    0.304068386554718,
    0.30209633708000183,
    0.30022329092025757,
    0.2877877354621887,
    0.2861648201942444,
    0.2846299111843109,
    null,
    null,
    0.27014240622520447,
    0.26898401975631714,
    0.26790136098861694,
    0.2566278278827667,
    0.2557283341884613,
    0.254897803068161,
    0.2541351318359375,
    0.25343936681747437,
    0.24269722402095795,
    0.2421552538871765,
    0.24167518317699432,
    0.24125641584396362,
    0.2408984750509262,
    0.2305757999420166,
    0.23034800589084625,
    0.23017746210098267,
    0.23006384074687958,
    0.2300070971250534,
    0.2200067937374115,
    0.22006107866764069,
    0.22016975283622742,
    0.22033289074897766,
    0.2205507755279541,
    0.22082360088825226,
    0.21109935641288757,
    0.2114657759666443,
    0.21188585460186005,
    0.21236006915569305,
    0.21288906037807465,
    0.21347349882125854,
    0.21411412954330444,
    0.20458266139030457,
    0.20530225336551666,
    0.2060779482126236,
    0.20691074430942535,
    null,
    null,
    null,
    null,
    null,
    null,
    null,
    null,
    null,
    null,
    null,
    null,
    null,
    null,
    null,
    null,
    null,
    null,
    null,
    null,
    null,
    null,
    null,
    null,
    null,
    null,
    null,
    null,
    null,
    null,
    null,
    null,
    null,
    null,
    null,
    null,
    null,
    null,
    null,
    null,
    null,
    null,
    null,
    null,
    null,
    null,
    null,
    0.247492715716362,
    0.24512170255184174,
    0.24285513162612915,
    0.2521502375602722,
    0.2499821037054062,
    0.24791154265403748,
    0.25711411237716675,
    0.25514307618141174,
    0.25326409935951233,
    0.26015686988830566,
    0.25410863757133484,
    0.25893980264663696,
    0.25863850116729736,
    0.25733429193496704,
    0.2589397430419922,
    0.2606300711631775,
    0.2514740824699402,
    0.25326406955718994,
    0.25514304637908936,
    0.257114052772522,
    0.2591802179813385,
    0.261344850063324,
    0.2636115252971649,
    0.25441956520080566,
    0.25679412484169006,
    0.25927796959877014,
    0.26187559962272644,
    0.2645917534828186,
    0.2674315273761749,
    0.27040034532546997,
    0.27634933590888977,
    0.26416945457458496,
    0.26740798354148865,
    0.270794540643692,
    0.2743365168571472,
    0.2780419588088989,
    0.26849454641342163,
    0.2723598778247833,
    0.2764073312282562,
    null,
    0.2806471884250641,
    0.2764073312282562,
    0.28597787022590637,
    0.2953440248966217,
    0.2912820279598236,
    0.28740015625953674,
    0.29658448696136475,
    0.3056090474128723,
    0.30190789699554443,
    0.31080007553100586,
    0.30727308988571167,
    0.31605541706085205,
    0.3247262239456177,
    0.3213927149772644,
    0.32999011874198914,
    0.32682880759239197,
    0.335371196269989,
    0.3438410758972168,
    0.34088456630706787,
    0.3493298590183258,
    0.3577238619327545,
    0.35498160123825073,
    0.36342740058898926,
    0.371744304895401,
    0.3692258894443512,
    0.3884095549583435,
    0.3860013484954834,
    0.39319437742233276,
    0.40301334857940674,
    0.4126920998096466,
    0.41680607199668884,
    0.43169933557510376,
    0.4410608112812042,
    0.4503486454486847,
    0.4595777094364166,
    0.47562795877456665,
    0.4836215078830719,
    0.49725061655044556,
    0.5063543319702148,
    0.5185624361038208,
    0.5384231805801392,
    0.5529963374137878,
    0.5732244849205017,
    0.5836123824119568,
    0.6031093001365662,
    0.6221825480461121,
    0.650540292263031,
    0.6708084940910339,
    0.699946939945221,
    0.7301023602485657,
    0.7599438428878784,
    0.8004691004753113,
    0.830203652381897,
    0.8822175860404968,
    0.923248291015625,
    0.9548508524894714,
    0.9862822890281677,
    1.00547194480896,
    1.0421631336212158,
    1.0682132244110107,
    1.1096335649490356,
    1.132778286933899,
    1.1921206712722778,
    1.2360519170761108,
    1.2523118257522583,
    1.335288405418396,
    1.3461922407150269,
    1.498779535293579,
    1.5222258567810059,
    1.5988516807556152,
    1.6960563659667969,
    1.7718231678009033,
    1.867653727531433,
    1.903409481048584,
    1.9403784275054932,
    1.9807829856872559,
    2.0162951946258545,
    2.048231363296509,
    2.0880942344665527,
    2.107452154159546,
    2.169119119644165,
    2.216487407684326,
    2.250056743621826,
    2.3166725635528564,
    2.370234489440918,
    2.4257564544677734,
    2.483633041381836,
    2.5440118312835693,
    2.6192023754119873,
    2.685199499130249,
    2.7666454315185547,
    2.821751117706299,
    2.9299371242523193,
    3.0279011726379395,
    3.1299853324890137,
    3.229138135910034,
    1.7941645383834839,
    0.38130372762680054,
    0.3731497526168823,
    0.3788735270500183,
    0.3788738548755646,
    0.3731500804424286,
    0.367686003446579,
    0.36246776580810547,
    0.3707227110862732,
    0.3749571442604065,
    0.38174620270729065,
    0.4196215271949768,
    0.45680439472198486,
    0.47915899753570557,
    0.5321313738822937,
    0.5810615420341492,
    0.6621280908584595,
    0.7127584218978882,
    0.8709221482276917,
    0.9250369071960449,
    0.9915674924850464,
    1.3485249280929565,
    1.3521759510040283,
    1.3409759998321533,
    1.3579987287521362,
    1.3533676862716675,
    1.3434008359909058,
    1.3470909595489502,
    1.3465888500213623,
    1.3440841436386108,
    1.355265736579895,
    1.3498107194900513,
    1.3447297811508179,
    1.3502455949783325,
    1.3458603620529175,
    1.3519988059997559,
    1.348297357559204,
    1.3550593852996826,
    1.3520334959030151,
    1.3594229221343994,
    1.357067346572876,
    1.365091323852539,
    1.3634047508239746,
    1.3720729351043701,
    1.371057152748108,
    1.3803831338882446,
    1.380042552947998,
    1.3900694847106934,
    1.4003887176513672,
    1.4010802507400513,
    1.4021183252334595,
    1.413214921951294,
    0.9326186776161194,
    0.9153398871421814,
    0.9264215230941772,
    0.9282618165016174,
    0.9404518008232117,
    0.9427944421768188,
    0.9453827142715454,
    0.9584156274795532,
    0.961538553237915,
    0.9649206399917603,
    0.9788702726364136,
    0.9828260540962219,
    0.9974486827850342,
    1.0020114183425903,
    1.0173534154891968,
    1.0225591659545898,
    1.0386723279953003,
    1.0445629358291626,
    1.050781488418579,
    1.0681262016296387,
    1.085958480834961,
    1.0933654308319092,
    1.112159252166748,
    1.1204105615615845,
    1.1290658712387085,
    1.1494075059890747,
    1.15900719165802,
    1.153969168663025,
    1.1177313327789307,
    1.097936749458313,
    1.0793739557266235,
    1.061497688293457,
    1.0615352392196655,
    1.0300137996673584,
    1.0172574520111084,
    1.004146695137024,
    0.9894623160362244,
    0.9810875654220581,
    0.9722273349761963,
