{
  "step": 960,
  "timestamp": 30.72,
  "robot_pose_odom": {
    "x": -3.416226566497406,
    "y": -0.2807058813200829,
    "yaw_fused": 1.1462738235109382,
    "yaw_imu": 1.1472529978052435
  },
  "lidar_pose_relative_to_robot": {
    "x_offset": 0.0,
    "y_offset": 0.0,
    "yaw_offset": 0.0
  },
  "lidar_meta": {
    "fov": 6.283184,
    "horizontal_resolution": 400,
    "angle_min": -3.141592,
    "angle_increment": 0.015747328320802004
  },
  "ranges": [
    0.4115349054336548,
    0.4020940065383911,
    0.40279194712638855,
    0.4035920798778534,
    0.40449535846710205,
    0.40550297498703003,
    0.4066161811351776,
    0.4078364074230194,
    0.40916532278060913,
    0.4106045067310333,
    0.4121558964252472,
    0.40347594022750854,
    0.40521353483200073,
    0.4070671498775482,
    0.4090389907360077,
    0.4111320674419403,
    0.4133491814136505,
    0.41569340229034424,
    0.41816815733909607,
    0.42077696323394775,
    0.40832558274269104,
    0.4286639094352722,
    null,
    null,
    null,
    null,
    0.43141788244247437,
    0.42798683047294617,
    0.38942503929138184,
    0.38482800126075745,
    0.3722524642944336,
    0.35919517278671265,
    0.35194826126098633,
    null,
    0.32896578311920166,
    0.3079545795917511,
    0.30190786719322205,
    0.29287534952163696,
    0.2836894392967224,
    0.28740009665489197,
    0.2780418395996094,
    null,
    null,
    null,
    null,
    null,
    null,
    null,
    null,
    null,
    null,
    null,
    null,
    null,
    null,
    null,
    null,
    null,
    null,
    null,
    null,
    null,
    null,
    null,
    null,
    null,
    null,
    null,
    null,
    null,
    null,
    null,
    null,
    null,
    null,
    null,
    null,
    null,
    null,
    null,
    null,
    null,
    null,
    null,
    null,
    null,
    null,
    null,
    null,
    null,
    null,
    null,
    null,
    null,
    null,
    null,
    null,
    null,
    null,
    null,
    null,
    null,
    null,
    null,
    null,
    null,
    null,
    null,
    null,
    null,
    null,
    null,
    null,
    null,
    null,
    null,
    null,
    null,
    null,
    null,
    null,
    null,
    null,
    null,
    null,
    null,
    null,
    null,
    null,
    null,
    null,
    null,
    null,
    null,
    null,
    null,
    null,
    null,
    null,
    null,
    null,
    null,
    null,
    null,
    null,
    null,
    null,
    null,
    null,
    null,
    null,
    null,
    0.2005006968975067,
    0.20074871182441711,
    0.21109935641288757,
    0.2114657759666443,
    0.2219756543636322,
    0.22247245907783508,
    0.22302664816379547,
    0.22363892197608948,
    0.23450593650341034,
    0.23527005314826965,
    0.24636271595954895,
    0.24729354679584503,
    0.24829289317131042,
    0.2597522735595703,
    0.2609404921531677,
    0.2699713110923767,
    0.2846298813819885,
    0.2861648201942444,
    0.2877877354621887,
    0.30300799012184143,
    0.31288543343544006,
    0.3257875144481659,
    0.32800960540771484,
    0.3414040207862854,
    0.35498157143592834,
    0.35772383213043213,
    0.3802657127380371,
    0.3976985514163971,
    0.40114787220954895,
    0.42411860823631287,
    0.44391629099845886,
    0.46450793743133545,
    0.4978519380092621,
    0.5139883160591125,
    0.5502631664276123,
    0.5805625319480896,
    0.6159091591835022,
    0.6584513783454895,
    0.7119041085243225,
    0.783906877040863,
    0.8346722722053528,
    0.9150097966194153,
    1.0107824802398682,
    1.1344431638717651,
    1.2896816730499268,
    1.5994118452072144,
    1.7746273279190063,
    1.9603968858718872,
    2.501325845718384,
    2.5285961627960205,
    2.5543742179870605,
    2.5813159942626953,
    2.594306230545044,
    2.609229803085327,
    2.6413187980651855,
    2.6689834594726562,
    2.6953346729278564,
    2.7010538578033447,
    2.7756941318511963,
    2.793769598007202,
    2.8549139499664307,
    2.858297109603882,
    2.8946382999420166,
    2.97662091255188,
    2.033945322036743,
    2.0170984268188477,
    2.0841565132141113,
    1.9428688287734985,
    1.861282467842102,
    1.7870090007781982,
    1.188033103942871,
    1.18680739402771,
    1.220138430595398,
    1.1715117692947388,
    1.2196192741394043,
    1.509426236152649,
    1.634259581565857,
    1.9489349126815796,
    1.9387280941009521,
    1.9451237916946411,
    1.9607547521591187,
    1.9881236553192139,
    2.853592872619629,
    2.8292806148529053,
    2.8240082263946533,
    2.828486919403076,
    4.942017555236816,
    4.979135513305664,
    4.2375898361206055,
    4.176758766174316,
    4.085489273071289,
    3.2113406658172607,
    3.135451555252075,
    3.0356945991516113,
    3.0152132511138916,
    2.9506139755249023,
    2.289324998855591,
    2.2472007274627686,
    2.195974349975586,
    2.1260080337524414,
    2.1329188346862793,
    2.100695848464966,
    0.28597787022590637,
    0.28191930055618286,
    0.27804192900657654,
    0.27433648705482483,
    0.270794540643692,
    0.26740792393684387,
    0.2641693949699402,
    0.2610720694065094,
    0.2581093907356262,
    0.25527551770210266,
    0.2645917534828186,
    0.26187556982040405,
    0.28284868597984314,
    0.2801389694213867,
    0.2891131043434143,
    0.294079065322876,
    0.3071657419204712,
    0.31552374362945557,
    0.3188326954841614,
    0.33537283539772034,
    0.34130731225013733,
    0.35212820768356323,
    0.35402777791023254,
    0.3838493824005127,
    0.3939387798309326,
    0.406216025352478,
    0.4234221875667572,
    0.44431763887405396,
    0.44827061891555786,
    0.4621790647506714,
    0.5080782771110535,
    0.5628789067268372,
    0.5647251009941101,
    0.6159399747848511,
    0.6330264210700989,
    0.6925223469734192,
    0.7414888739585876,
    0.7814537286758423,
    0.8568407893180847,
    0.9360330104827881,
    1.0238368511199951,
    1.142828106880188,
    2.6721158027648926,
    2.618109941482544,
    2.564760208129883,
    2.5213613510131836,
    2.471015691757202,
    2.4299683570861816,
    2.3802061080932617,
    2.3101470470428467,
    2.2508625984191895,
    2.1946427822113037,
    2.1337573528289795,
    2.085629463195801,
    2.0435070991516113,
    1.9900503158569336,
    1.943447232246399,
    1.9161734580993652,
    1.869267463684082,
    1.8322755098342896,
    1.795281171798706,
    1.781048059463501,
    1.7245068550109863,
    1.6981549263000488,
    1.700886607170105,
    1.6452761888504028,
    1.59612238407135,
    1.5491321086883545,
    1.4973214864730835,
    1.4218032360076904,
    1.357239007949829,
    1.2941923141479492,
    1.2395310401916504,
    1.1901895999908447,
    1.1461056470870972,
    1.101340651512146,
    1.0572125911712646,
    1.0556975603103638,
    0.9717666506767273,
    0.953738272190094,
    0.9476646184921265,
    0.8980054259300232,
    0.8761601448059082,
    0.8505731225013733,
    0.8234291076660156,
    0.8209972977638245,
    0.7868942618370056,
    0.7714390158653259,
    0.7487655282020569,
    0.7378724813461304,
    0.7136796712875366,
    0.7014328241348267,
    0.6884852647781372,
    0.6747632622718811,
    0.6578114628791809,
    0.6400455236434937,
    0.6419154405593872,
    0.6104419827461243,
    0.6174241304397583,
    0.6080964803695679,
    0.5991920232772827,
    0.5906882286071777,
    0.5825642347335815,
    0.5748005509376526,
    0.5673792362213135,
    0.5602835416793823,
    0.5534980893135071,
    0.5470083355903625,
    0.5408008694648743,
    0.534863293170929,
    0.5291836857795715,
    0.5139390230178833,
    null,
    0.5019158720970154,
    0.4972747564315796,
    0.49283909797668457,
    0.4886013865470886,
    0.48455435037612915,
    0.4806916117668152,
    0.47700661420822144,
    0.4734937250614166,
    0.4701472520828247,
    0.46696221828460693,
    0.4639337956905365,
    0.444858193397522,
    0.4327637553215027,
    0.43113473057746887,
