{
  "step": 225,
  "timestamp": 7.2,
  "robot_pose_odom": {
    "x": -0.06543708602420566,
    "y": -0.11427259482287055,
    "yaw_fused": -2.091833529836558,
    "yaw_imu": -2.0937466549047756
  },
  "lidar_pose_relative_to_robot": {
    "x_offset": 0.0,
    "y_offset": 0.0,
    "yaw_offset": 0.0
  },
  "lidar_meta": {
    "fov": 6.283184,
    "horizontal_resolution": 400,
    "angle_min": -3.141592,
    "angle_increment": 0.015747328320802004
  },
  "ranges": [
    null,
    null,
    null,
    2.2138655185699463,
    1.8922065496444702,
    1.6614762544631958,
    1.5486091375350952,
    1.5506856441497803,
    1.5422933101654053,
    0.927785336971283,
    0.8467698097229004,
    0.8023896813392639,
    0.7439680099487305,
    0.7018024325370789,
    0.6551429033279419,
    0.6266983151435852,
    0.5843887329101562,
    0.5606412291526794,
    0.5473008751869202,
    0.5196781754493713,
    0.49959444999694824,
    0.4790249168872833,
    null,
    null,
    null,
    0.4132276475429535,
    0.4061431586742401,
    0.3776203989982605,
    0.37527909874916077,
    0.3612179458141327,
    0.34975701570510864,
    0.3478809893131256,
    null,
    null,
    0.3174159824848175,
    0.3103661835193634,
    0.2988130748271942,
    0.2976882755756378,
    0.2864157259464264,
    0.28548553586006165,
    0.2846313416957855,
    0.27371448278427124,
    0.27303436398506165,
    0.2623348534107208,
    0.26181477308273315,
    0.25130876898765564,
    0.2509359121322632,
    0.250625878572464,
    0.24036315083503723,
    0.2401851862668991,
    0.24006663262844086,
    0.2300070971250534,
    0.2300070971250534,
    0.23006384074687958,
    0.22016975283622742,
    0.22033289074897766,
    0.2205507755279541,
    0.22082360088825226,
    0.21109935641288757,
    0.2114657759666443,
    0.21188585460186005,
    0.21236006915569305,
    0.20275148749351501,
    0.2033080905675888,
    null,
    null,
    null,
    null,
    null,
    null,
    null,
    null,
    null,
    null,
    null,
    null,
    null,
    null,
    null,
    null,
    null,
    null,
    null,
    null,
    null,
    null,
    null,
    null,
    null,
    null,
    null,
    null,
    null,
    null,
    null,
    null,
    null,
    null,
    null,
    null,
    null,
    null,
    null,
    null,
    null,
    null,
    null,
    null,
    null,
    null,
    null,
    null,
    null,
    null,
    null,
    null,
    null,
    null,
    null,
    null,
    null,
    null,
    null,
    null,
    null,
    null,
    null,
    null,
    null,
    null,
    null,
    null,
    null,
    null,
    null,
    null,
    null,
    null,
    null,
    null,
    null,
    null,
    null,
    null,
    null,
    null,
    null,
    null,
    null,
    null,
    null,
    null,
    0.26849454641342163,
    0.2723598778247833,
    0.2764073312282562,
    0.2806471884250641,
    0.29467955231666565,
    0.2902277112007141,
    0.2995958924293518,
    0.30876874923706055,
    0.31776219606399536,
    0.32270321249961853,
    0.33526942133903503,
    0.34381017088890076,
    0.3479079306125641,
    0.3633733093738556,
    0.3687276840209961,
    0.3800795376300812,
    0.40005582571029663,
    0.40680864453315735,
    0.42915233969688416,
    0.4322442412376404,
    0.45478466153144836,
    0.47746098041534424,
    0.4889708459377289,
    0.5128310322761536,
    0.5584737658500671,
    0.5605967044830322,
    0.5837055444717407,
    0.6190385222434998,
    0.6276999711990356,
    0.7303248047828674,
    0.7394187450408936,
    0.7934772372245789,
    0.8359828591346741,
    0.8866972923278809,
    0.9757974743843079,
    1.0057684183120728,
    1.003162145614624,
    1.0394091606140137,
    1.0468999147415161,
    1.060739278793335,
    1.0683544874191284,
    1.0956605672836304,
    1.1061131954193115,
    1.1166794300079346,
    1.1301202774047852,
    1.1482946872711182,
    1.166588544845581,
    1.1850252151489258,
    1.2053554058074951,
    1.2324490547180176,
    1.251448154449463,
    1.2712715864181519,
    1.3001959323883057,
    1.3200939893722534,
    1.3501213788986206,
    1.3806302547454834,
    1.411524772644043,
    1.4428433179855347,
    1.472735047340393,
    1.5169472694396973,
    1.546334147453308,
    1.5880123376846313,
    1.6384327411651611,
    1.6835885047912598,
    1.7264795303344727,
    1.7446181774139404,
    1.7693909406661987,
    1.8162604570388794,
    1.8305903673171997,
    1.8630173206329346,
    1.0096441507339478,
    1.0078388452529907,
    1.012449026107788,
    1.0173534154891968,
    1.0225591659545898,
    1.0386723279953003,
    1.0445629358291626,
    1.050781488418579,
    1.0573370456695557,
    1.064239263534546,
    1.082431674003601,
    1.0901362895965576,
    1.09822416305542,
    1.10670804977417,
    1.1268701553344727,
    1.1362816095352173,
    1.14613676071167,
    1.1680165529251099,
    1.1789180040359497,
    1.1903212070465088,
    1.2022466659545898,
    1.2267435789108276,
    1.2399096488952637,
    1.2536741495132446,
    1.2804961204528809,
    1.2956879138946533,
    1.3115721940994263,
    1.3410773277282715,
    1.3586186170578003,
    1.3902091979980469,
    1.4095959663391113,
    1.4435068368911743,
    1.4649583101272583,
    1.5084433555603027,
    1.5294560194015503,
    1.5602368116378784,
    1.588919758796692,
    1.6291388273239136,
    1.6550121307373047,
    1.6329561471939087,
    1.6118727922439575,
    1.6038572788238525,
    1.0315191745758057,
    1.0194246768951416,
    1.0201470851898193,
    1.0089466571807861,
    0.998232901096344,
    0.9879855513572693,
    0.9781854748725891,
    0.9804868102073669,
    0.9714205265045166,
    0.9627554416656494,
    0.9544771313667297,
    0.9578400254249573,
    0.9502043128013611,
    0.9429200887680054,
    0.935975968837738,
    0.9293608665466309,
    0.9230648875236511,
    0.927867591381073,
    0.9207530617713928,
    0.9170470237731934,
    0.9135950803756714,
    0.9103928804397583,
    0.907436192035675,
    0.9047210812568665,
    0.44605329632759094,
    0.44494491815567017,
    0.4439513087272644,
    0.443071186542511,
    0.4423034191131592,
    0.4416472017765045,
    0.4411015510559082,
    0.4611392915248871,
    0.7649592161178589,
    1.3803831338882446,
    1.380042552947998,
    1.370068907737732,
    1.9804672002792358,
    1.9715200662612915,
    1.9729807376861572,
    1.9846417903900146,
    2.016230344772339,
    2.3700506687164307,
    2.3392093181610107,
    2.285529375076294,
    2.240016460418701,
    2.2161753177642822,
    2.1575684547424316,
    2.1215503215789795,
    2.1026761531829834,
    2.118013620376587,
    3.066585063934326,
    3.0173144340515137,
    2.974172353744507,
    2.9308807849884033,
    2.8846466541290283,
    2.8400585651397705,
    2.807339906692505,
    1.0919502973556519,
    1.04242742061615,
    1.038649559020996,
    0.9426276087760925,
    0.9361149072647095,
    0.9028447270393372,
    0.892608642578125,
    0.8500645160675049,
    0.8283554315567017,
    0.8060216903686523,
    0.7986668348312378,
    0.7554624676704407,
    0.7474000453948975,
    0.7404502034187317,
    0.7043947577476501,
    0.7007282972335815,
    0.6685788035392761,
    0.6760008335113525,
    0.671328067779541,
    0.6667131781578064,
    0.6748866438865662,
    0.6834336519241333,
    0.6923729181289673,
    0.6884845495223999,
    0.6980856657028198,
    0.7081354260444641,
    0.7048384547233582,
    0.7156500816345215,
    0.7226309776306152,
    0.7324798107147217,
    0.7307561039924622,
    0.7383602857589722,
    0.7542033195495605,
    0.7707552313804626,
    0.7608039379119873,
    0.7773478627204895,
    0.7881900072097778,
    0.7984931468963623,
    0.808311402797699,
    0.8112073540687561,
    0.8387143015861511,
    0.847235381603241,
    0.8652119636535645,
    0.8750705718994141,
    0.8751367330551147,
    null,
    0.9200184941291809,
    0.9211644530296326,
    0.9560282230377197,
