{
  "step": 1140,
  "timestamp": 36.480000000000004,
  "robot_pose_odom": {
    "x": -2.833785625109789,
    "y": 0.7684599866335783,
    "yaw_fused": 1.0608191086981777,
    "yaw_imu": 1.0608287671871448
  },
  "lidar_pose_relative_to_robot": {
    "x_offset": 0.0,
    "y_offset": 0.0,
    "yaw_offset": 0.0
  },
  "lidar_meta": {
    "fov": 6.283184,
    "horizontal_resolution": 400,
    "angle_min": -3.141592,
    "angle_increment": 0.015747328320802004
  },
  "ranges": [
    1.6276826858520508,
    1.6169836521148682,
    1.6251579523086548,
    1.6220194101333618,
    1.6285319328308105,
    1.5203654766082764,
    1.331145167350769,
    1.1877824068069458,
    1.0487934350967407,
    0.9583179950714111,
    0.881325364112854,
    0.8363372087478638,
    0.7520056962966919,
    0.718388557434082,
    0.6384349465370178,
    0.6190045475959778,
    0.6051231026649475,
    0.5540632009506226,
    0.5336825251579285,
    0.5042223334312439,
    0.48604652285575867,
    0.46333548426628113,
    null,
    null,
    null,
    0.40375950932502747,
    0.3779298961162567,
    0.3750380873680115,
    0.36271172761917114,
    0.3449382781982422,
    0.33646509051322937,
    0.335458368062973,
    null,
    null,
    0.30269405245780945,
    0.3020939528942108,
    0.2920942008495331,
    0.2810482084751129,
    0.2807009816169739,
    0.2704085111618042,
    0.27020832896232605,
    0.26007217168807983,
    0.2600080072879791,
    0.2500077188014984,
    0.25006940960884094,
    0.2401851862668991,
    0.24036315083503723,
    0.2305757999420166,
    0.23086102306842804,
    0.2312040627002716,
    0.2215355932712555,
    0.2219756543636322,
    0.21236006915569305,
    0.21288906037807465,
    0.21347349882125854,
    0.21411412954330444,
    0.20743462443351746,
    null,
    null,
    null,
    null,
    null,
    null,
    null,
    null,
    null,
    null,
    null,
    null,
    null,
    null,
    null,
    null,
    null,
    null,
    null,
    null,
    null,
    null,
    null,
    null,
    null,
    null,
    null,
    null,
    null,
    null,
    null,
    null,
    null,
    null,
    null,
    null,
    null,
    null,
    null,
    null,
    null,
    null,
    null,
    null,
    null,
    null,
    null,
    null,
    null,
    null,
    null,
    null,
    null,
    null,
    null,
    null,
    null,
    null,
    null,
    null,
    null,
    null,
    null,
    null,
    null,
    null,
    null,
    null,
    null,
    null,
    null,
    null,
    null,
    null,
    null,
    null,
    null,
    null,
    null,
    null,
    null,
    null,
    null,
    null,
    null,
    null,
    null,
    null,
    null,
    null,
    null,
    null,
    null,
    null,
    null,
    null,
    null,
    0.25158989429473877,
    0.2610720694065094,
    0.2704003155231476,
    0.26743149757385254,
    0.276618629693985,
    0.28568243980407715,
    0.29463404417037964,
    0.29181143641471863,
    0.3044458329677582,
    0.3094569742679596,
    0.31778931617736816,
    0.32966211438179016,
    0.3411904573440552,
    0.35240399837493896,
    0.36342740058898926,
    0.3739955425262451,
    0.38442397117614746,
    0.4037589132785797,
    0.4153832793235779,
    0.4275336265563965,
    0.4456709921360016,
    0.4654013514518738,
    0.4692470133304596,
    0.5085195302963257,
    0.528858482837677,
    0.5544393658638,
    0.6099194288253784,
    0.6227059364318848,
    0.6865317225456238,
    0.7231100797653198,
    0.7719851136207581,
    0.8304206132888794,
    0.8985238075256348,
    0.9763922691345215,
    1.0749399662017822,
    1.1798409223556519,
    1.2943977117538452,
    1.3029394149780273,
    1.3117605447769165,
    1.3208726644515991,
    1.3304517269134521,
    1.3500151634216309,
    1.3600685596466064,
    1.3704627752304077,
    1.381210446357727,
    1.392324686050415,
    1.4031898975372314,
    1.4257473945617676,
    1.438062071800232,
    1.4508050680160522,
    1.462050199508667,
    1.4877536296844482,
    1.5019069910049438,
    1.5127296447753906,
    1.5419312715530396,
    1.5519763231277466,
    1.5842597484588623,
    1.6012014150619507,
    1.6090490818023682,
    1.656701683998108,
    1.6729427576065063,
    1.7068519592285156,
    1.7304232120513916,
    1.7588578462600708,
    1.7930419445037842,
    1.8199995756149292,
    1.8188068866729736,
    1.813550591468811,
    1.8259202241897583,
    1.827905297279358,
    1.8414669036865234,
    1.839159369468689,
    0.881828784942627,
    0.8745676875114441,
    0.86714768409729,
    0.867339015007019,
    0.8874695301055908,
    0.9123514890670776,
    0.9067531228065491,
    0.9051855802536011,
    0.8695628046989441,
    0.8451845645904541,
    0.8233575224876404,
    0.8219848275184631,
    0.7900819182395935,
    0.7685942649841309,
    0.7538034915924072,
    0.7409636974334717,
    0.7273091673851013,
    0.712752640247345,
    0.7048384547233582,
    0.6806036829948425,
    0.6806056499481201,
    0.6771982908248901,
    0.6536639928817749,
    0.6443871259689331,
    0.6355246305465698,
    0.6270551085472107,
    0.6189591288566589,
    0.6112183928489685,
    0.6038160920143127,
    0.5967363715171814,
    0.5899645686149597,
    0.5834872126579285,
    0.5772913098335266,
    0.5811775326728821,
    0.607958972454071,
    0.6190045475959778,
    0.6669751405715942,
    0.6457542181015015,
    0.6245850920677185,
    0.6056406497955322,
    0.5924803614616394,
    0.579423189163208,
    0.5615856051445007,
    0.5576165318489075,
    0.5473175048828125,
    0.5286687612533569,
    0.5069314241409302,
    0.528175950050354,
    0.5025299191474915,
    0.49301958084106445,
    0.48108088970184326,
    0.48450517654418945,
    0.47442880272865295,
    0.46415799856185913,
    0.45074817538261414,
    0.45451274514198303,
    0.4430767893791199,
    0.4278874397277832,
    0.43188101053237915,
    0.41939353942871094,
    0.41662025451660156,
    0.4089145362377167,
    0.4011472761631012,
    0.40560048818588257,
    0.39782407879829407,
    0.3899644613265991,
    0.38201141357421875,
    0.3868493437767029,
    0.3788456618785858,
    0.37072259187698364,
    0.36246761679649353,
    0.36768582463264465,
    0.35932955145835876,
    0.3438279330730438,
    0.3577899634838104,
    0.35932955145835876,
    0.354067862033844,
    0.34904295206069946,
    0.3442423641681671,
    0.33965471386909485,
    0.33526942133903503,
    0.34381017088890076,
    0.3396463692188263,
    0.3356640636920929,
    0.331854909658432,
    0.32821136713027954,
    0.33358490467071533,
    0.3472914695739746,
    0.37022554874420166,
    1.2266979217529297,
    1.19088613986969,
    1.077080488204956,
    1.0457489490509033,
    1.0283217430114746,
    1.03428053855896,
    1.045336127281189,
    2.7088241577148438,
    2.6896793842315674,
    2.6714580059051514,
    2.664921283721924,
    2.6483983993530273,
    2.612588882446289,
    2.5863451957702637,
    2.5601091384887695,
    2.535418748855591,
    2.511709213256836,
    2.488945245742798,
    2.4670937061309814,
    2.4461216926574707,
    2.425999402999878,
    2.403846263885498,
    2.3960392475128174,
    2.368539333343506,
    2.3620548248291016,
    2.347306489944458,
    2.3317158222198486,
    2.3152997493743896,
    1.5391616821289062,
    1.5147898197174072,
    1.4843355417251587,
    1.462652325630188,
    1.440819501876831,
    1.4105563163757324,
    1.3900961875915527,
    1.369989275932312,
    1.3505395650863647,
    1.3307349681854248,
    1.311760663986206,
    1.3035695552825928,
    1.2839288711547852,
    1.265444278717041,
    1.247901201248169,
    1.2420169115066528,
    1.2223652601242065,
    1.2180547714233398,
    1.1956863403320312,
    1.1803768873214722,
    1.1734983921051025,
    1.1736552715301514,
    1.1622313261032104,
    null,
    1.1268070936203003,
    1.1205823421478271,
    1.1144683361053467,
    1.1053338050842285,
    1.0919287204742432,
    1.0860167741775513,
