{
  "step": 910,
  "timestamp": 29.12,
  "robot_pose_odom": {
    "x": -3.453583932134405,
    "y": -0.38954558660826055,
    "yaw_fused": 1.6553289071579516,
    "yaw_imu": 1.6710169326623163
  },
  "lidar_pose_relative_to_robot": {
    "x_offset": 0.0,
    "y_offset": 0.0,
    "yaw_offset": 0.0
  },
  "lidar_meta": {
    "fov": 6.283184,
    "horizontal_resolution": 400,
    "angle_min": -3.141592,
    "angle_increment": 0.015747328320802004
  },
  "ranges": [
    0.3782252371311188,
    0.37006479501724243,
    0.36184626817703247,
    0.3653462529182434,
    0.35710304975509644,
    0.3608069121837616,
    0.3525233566761017,
    0.3564368188381195,
    0.3480960726737976,
    0.3522259593009949,
    0.3438102602958679,
    0.33526942133903503,
    0.33965474367141724,
    0.3310023248195648,
    0.33561819791793823,
    0.3268318772315979,
    0.3316888213157654,
    0.3227442800998688,
    0.3227442800998688,
    0.3178684413433075,
    0.3268318772315979,
    0.3221935033798218,
    null,
    null,
    null,
    0.31834277510643005,
    0.31448739767074585,
    0.31080007553100586,
    0.31956401467323303,
    0.31605541706085205,
    0.3126993179321289,
    0.30948930978775024,
    null,
    0.31515634059906006,
    0.3122421205043793,
    0.3094569742679596,
    0.31815895438194275,
    0.31552374362945557,
    0.3130083978176117,
    0.3106089234352112,
    0.30832144618034363,
    0.3170759975910187,
    0.31492793560028076,
    0.31288549304008484,
    0.32166779041290283,
    0.3197641372680664,
    0.3179609179496765,
    0.31625545024871826,
    0.3146454393863678,
    0.323566198348999,
    0.3220928907394409,
    0.32071173191070557,
    0.31942087411880493,
    0.32848361134529114,
    0.3273322582244873,
    0.3262691795825958,
    0.335458368062973,
    0.3345399498939514,
    0.33370867371559143,
    0.3329634666442871,
    0.33230337500572205,
    0.3417799174785614,
    0.34127283096313477,
    0.34085118770599365,
    0.35052958130836487,
    0.3502700626850128,
    0.3500971794128418,
    0.35001081228256226,
    0.3400370478630066,
    0.3300092816352844,
    0.3201013207435608,
    0.31069058179855347,
    0.30043599009513855,
    0.2910856604576111,
    0.2915181517601013,
    0.28270837664604187,
    0.2724246680736542,
    0.27303436398506165,
    0.2620309889316559,
    0.2541351318359375,
    0.2548977732658386,
    0.24549919366836548,
    0.24636271595954895,
    0.23698963224887848,
    0.23794735968112946,
    0.2285819947719574,
    0.22962763905525208,
    0.22025176882743835,
    0.22137880325317383,
    0.22257263958454132,
    0.2143574357032776,
    null,
    null,
    null,
    null,
    null,
    null,
    null,
    null,
    null,
    null,
    null,
    null,
    null,
    null,
    null,
    null,
    null,
    null,
    null,
    null,
    null,
    null,
    null,
    null,
    null,
    null,
    null,
    null,
    null,
    null,
    null,
    null,
    null,
    null,
    null,
    null,
    null,
    null,
    null,
    null,
    null,
    null,
    null,
    null,
    null,
    null,
    null,
    null,
    null,
    null,
    null,
    null,
    null,
    null,
    null,
    null,
    null,
    null,
    null,
    null,
    null,
    null,
    null,
    null,
    null,
    null,
    null,
    null,
    null,
    null,
    null,
    null,
    null,
    null,
    null,
    null,
    null,
    null,
    null,
    null,
    null,
    null,
    null,
    null,
    null,
    null,
    null,
    null,
    null,
    null,
    null,
    null,
    null,
    null,
    null,
    null,
    null,
    0.23129047453403473,
    0.240688756108284,
    0.23861920833587646,
    0.2479115128517151,
    0.2571140229701996,
    0.25514301657676697,
    0.25326403975486755,
    0.26465898752212524,
    0.27148962020874023,
    0.2805180251598358,
    0.2787787616252899,
    0.28896915912628174,
    0.2970263659954071,
    0.30727359652519226,
    0.3146454393863678,
    0.3131285607814789,
    0.32676979899406433,
    0.34625789523124695,
    0.34623482823371887,
    0.3558461666107178,
    0.371101051568985,
    0.38509559631347656,
    0.3983667194843292,
    0.41409438848495483,
    0.42595356702804565,
    0.44200852513313293,
    0.4647189974784851,
    0.4813607335090637,
    0.5027349591255188,
    0.5306965112686157,
    0.5512754917144775,
    0.5808848142623901,
    0.6104167699813843,
    0.650126576423645,
    0.6899150609970093,
    0.7397937178611755,
    0.7997435927391052,
    0.8599721789360046,
    0.9398329257965088,
    1.0299729108810425,
    1.1396323442459106,
    1.269062876701355,
    1.4364216327667236,
    1.660404920578003,
    1.9507237672805786,
    2.4887635707855225,
    2.6226978302001953,
    2.641968250274658,
    2.6620967388153076,
    2.6831107139587402,
    2.6953306198120117,
    2.7383065223693848,
    2.769726037979126,
    2.7976224422454834,
    2.826775074005127,
    2.8513128757476807,
    2.8897178173065186,
    2.9192395210266113,
    2.9408788681030273,
    3.001584053039551,
    3.0440587997436523,
    2.125166893005371,
    2.1324667930603027,
    2.152167558670044,
    2.011992931365967,
    1.8899186849594116,
    1.2797569036483765,
    1.2683286666870117,
    1.3178985118865967,
    1.3662773370742798,
    1.5480960607528687,
    1.6134804487228394,
    2.0454483032226562,
    2.0554733276367188,
    2.041693687438965,
    2.050457715988159,
    2.075594902038574,
    2.9631574153900146,
    2.973221778869629,
    2.9402620792388916,
    2.9179131984710693,
    2.9278676509857178,
    4.996791839599609,
    0.36484119296073914,
    0.35080915689468384,
    0.3455093502998352,
    0.3404500186443329,
    0.3356183171272278,
    0.331002414226532,
    0.3396548628807068,
    0.3352695107460022,
    0.3438103199005127,
    0.35222604870796204,
    0.34809622168540955,
    0.35643690824508667,
    0.3525235056877136,
    0.36080706119537354,
    0.37109774351119995,
    0.37713176012039185,
    0.3851912319660187,
    0.38162946701049805,
    0.40114811062812805,
    0.3976988196372986,
    0.4028039872646332,
    0.41361838579177856,
    0.4189627766609192,
    0.42939892411231995,
    0.4350953698158264,
    0.44958117604255676,
    0.4684944450855255,
    0.46069419384002686,
    0.47807708382606506,
    0.4858931005001068,
    0.49837526679039,
    0.5121446847915649,
    0.5266851186752319,
    0.5388375520706177,
    0.5549477934837341,
    0.5660003423690796,
    0.5825400948524475,
    0.6042931079864502,
    0.6214579343795776,
    0.6409719586372375,
    0.6614418625831604,
    0.6900951266288757,
    0.7204472422599792,
    0.7499432563781738,
    0.7799444198608398,
    0.8204746842384338,
    0.8502190113067627,
    0.8904606103897095,
    0.9439285397529602,
    0.9915488958358765,
    1.0520410537719727,
    1.113223910331726,
    1.1837984323501587,
    2.853172540664673,
    2.787148952484131,
    2.747904062271118,
    2.657236099243164,
    2.601546287536621,
    2.549116373062134,
    2.5449419021606445,
    2.448309898376465,
    2.3559441566467285,
    2.3330130577087402,
    2.263519763946533,
    2.191523313522339,
    2.12876033782959,
    2.0725603103637695,
    2.0511529445648193,
    1.9624042510986328,
    1.883072853088379,
    1.8677268028259277,
    1.8277124166488647,
    1.8074036836624146,
    1.7501987218856812,
    1.7101843357086182,
    1.6828041076660156,
    1.6386882066726685,
    1.599931001663208,
    1.5885428190231323,
    1.5820894241333008,
    1.4549607038497925,
    1.3552253246307373,
    1.280442714691162,
    1.2023557424545288,
    1.1274164915084839,
    1.107369065284729,
    1.0204722881317139,
    0.9569147229194641,
    0.9328068494796753,
    0.8861233592033386,
    0.8568082451820374,
    0.8263136744499207,
    0.7815817594528198,
    0.7507654428482056,
    0.7367351055145264,
    0.7186594009399414,
    0.6945180296897888,
    0.6712366342544556,
    0.6487647294998169,
    0.6270551085472107,
