{
  "step": 1580,
  "timestamp": 50.56,
  "robot_pose_odom": {
    "x": -1.6524608805241014,
    "y": 1.0758974292145091,
    "yaw_fused": -2.7308921543547613,
    "yaw_imu": -2.7300918785556454
  },
  "lidar_pose_relative_to_robot": {
    "x_offset": 0.0,
    "y_offset": 0.0,
    "yaw_offset": 0.0
  },
  "lidar_meta": {
    "fov": 6.283184,
    "horizontal_resolution": 400,
    "angle_min": -3.141592,
    "angle_increment": 0.015747328320802004
  },
  "ranges": [
    0.6360491514205933,
    0.6303756237030029,
    0.6363180875778198,
    0.6310475468635559,
    0.637195885181427,
    0.6323111057281494,
    0.627654492855072,
    0.6232184767723083,
    0.6298560500144958,
    0.636560320854187,
    0.6310779452323914,
    0.6285378336906433,
    1.8887807130813599,
    1.8821604251861572,
    1.8682008981704712,
    1.850103735923767,
    1.8450385332107544,
    1.8315750360488892,
    1.8151930570602417,
    1.118501901626587,
    1.1063346862792969,
    1.0936490297317505,
    null,
    null,
    null,
    null,
    1.0500589609146118,
    1.0400054454803467,
    1.0302035808563232,
    1.020787000656128,
    1.0215433835983276,
    1.0128436088562012,
    null,
    null,
    0.9868403077125549,
    0.9888006448745728,
    0.9796680808067322,
    0.9732071757316589,
    0.975878894329071,
    0.9662628173828125,
    0.9586865901947021,
    0.9546555280685425,
    0.9582625031471252,
    0.946934700012207,
    0.9454982280731201,
    0.9431427121162415,
    0.9334480166435242,
    0.9382244348526001,
    0.9329483509063721,
    0.9284974336624146,
    0.9566493630409241,
    1.0457737445831299,
    2.148015260696411,
    2.1343140602111816,
    2.136178493499756,
    2.1384050846099854,
    2.140988826751709,
    2.1326546669006348,
    2.13584041595459,
    2.139359474182129,
    2.143204927444458,
    2.148094654083252,
    2.1400561332702637,
    2.144710063934326,
    2.149646520614624,
    2.1548521518707275,
    2.160313367843628,
    2.166013717651367,
    2.180570125579834,
    2.176872730255127,
    1.4265069961547852,
    1.3783713579177856,
    1.2823635339736938,
    1.20192289352417,
    1.1164416074752808,
    1.070346713066101,
    1.0664589405059814,
    1.0734400749206543,
    1.0641688108444214,
    1.0804378986358643,
    1.0897765159606934,
    1.0984457731246948,
    1.1142988204956055,
    0.6138558983802795,
    0.5984846949577332,
    0.5912365913391113,
    0.5967363715171814,
    0.605145275592804,
    0.6077991724014282,
    0.6102031469345093,
    0.6189789175987244,
    0.6197443008422852,
    0.6306769847869873,
    0.6360491514205933,
    0.6379197239875793,
    0.647310733795166,
    0.6564543843269348,
    0.6760874390602112,
    0.6741058826446533,
    0.682663083076477,
    0.6910713315010071,
    0.6993517279624939,
    0.707523763179779,
    0.7183915376663208,
    0.7336626052856445,
    0.7493114471435547,
    0.7544223070144653,
    0.7597922086715698,
    0.7791001200675964,
    0.7936999201774597,
    0.8000780344009399,
    0.8184927105903625,
    0.8366800546646118,
    0.8520067930221558,
    0.8754345178604126,
    0.8839021921157837,
    0.9046611189842224,
    0.9260711073875427,
    0.9449222087860107,
    0.9709830284118652,
    0.9974054098129272,
    1.0189393758773804,
    1.0441645383834839,
    1.0651793479919434,
    1.1012340784072876,
    1.1386479139328003,
    1.1655776500701904,
    1.2120015621185303,
    1.243833065032959,
    1.241899013519287,
    1.2488800287246704,
    1.2300127744674683,
    1.2256195545196533,
    1.2216503620147705,
    1.2180883884429932,
    1.214918851852417,
    1.199233055114746,
    1.1969687938690186,
    1.195052146911621,
    1.1810402870178223,
    1.1799286603927612,
    1.1669738292694092,
    1.1666090488433838,
    1.166536569595337,
    1.1667507886886597,
    1.1555732488632202,
    1.1564524173736572,
    1.1575983762741089,
    1.1476447582244873,
    1.1494078636169434,
    1.151423692703247,
    1.1425970792770386,
    1.1451939344406128,
    1.137100100517273,
    1.8178890943527222,
    1.8188070058822632,
    1.8199994564056396,
    1.8226556777954102,
    1.8123772144317627,
    1.8116379976272583,
    null,
    null,
    null,
    null,
    null,
    null,
    null,
    null,
    null,
    null,
    null,
    null,
    null,
    null,
    null,
    null,
    null,
    null,
    null,
    null,
    null,
    null,
    null,
    null,
    null,
    null,
    null,
    null,
    null,
    null,
    null,
    null,
    null,
    null,
    null,
    null,
    null,
    null,
    null,
    null,
    null,
    null,
    null,
    null,
    null,
    null,
    null,
    null,
    null,
    null,
    null,
    null,
    null,
    null,
    null,
    null,
    null,
    null,
    null,
    null,
    null,
    null,
    null,
    null,
    null,
    null,
    null,
    null,
    null,
    null,
    null,
    0.42843160033226013,
    0.42215803265571594,
    0.42959144711494446,
    0.4236830770969391,
    0.4180367588996887,
    0.41263940930366516,
    0.42021262645721436,
    0.4151235520839691,
    0.4102562367916107,
    0.4056006073951721,
    0.4133034348487854,
    0.4089146852493286,
    0.40471699833869934,
    0.40070250630378723,
    0.4085361659526825,
    0.4047585427761078,
    0.40114811062812805,
    0.3976988196372986,
    0.40567341446876526,
    0.4024394750595093,
    0.39935439825057983,
    0.3964133560657501,
    0.3936116695404053,
    0.3909451365470886,
    0.39919885993003845,
    0.39313051104545593,
    0.3967237174510956,
    0.38384920358657837,
    0.36488771438598633,
    0.36306166648864746,
    0.3523674011230469,
    0.3549816310405731,
    0.3518996834754944,
    0.326792448759079,
    0.3295217752456665,
    0.32483506202697754,
    0.31224215030670166,
    0.3034839332103729,
    0.3064194321632385,
    0.2975859045982361,
    0.28864553570747375,
    0.2795875072479248,
    0.28269127011299133,
    0.2735040783882141,
    0.2767489552497864,
    0.26740798354148865,
    0.25789955258369446,
    0.2612728774547577,
    null,
    null,
    null,
    null,
    null,
    null,
    null,
    null,
    null,
    null,
    null,
    null,
    null,
    null,
    null,
    null,
    null,
    null,
    null,
    null,
    null,
    null,
    null,
    null,
    null,
    null,
    null,
    null,
    null,
    null,
    null,
    null,
    null,
    null,
    null,
    null,
    null,
    null,
    null,
    null,
    null,
    null,
    null,
    null,
    null,
    null,
    null,
    null,
    null,
    null,
    null,
    null,
    null,
    0.9401785135269165,
    0.9500293135643005,
    0.9500293135643005,
    0.9402610063552856,
    0.9407253265380859,
    0.9211705327033997,
    0.911963164806366,
    0.9029377698898315,
    0.8946592211723328,
    0.8962121605873108,
    0.8869314789772034,
    0.8810106515884399,
    0.8702853918075562,
    0.8621436953544617,
    0.8541077375411987,
    0.8490180373191833,
    0.85200434923172,
    0.8408222198486328,
    0.842843234539032,
    0.8208171725273132,
    0.8245719075202942,
    0.8207992911338806,
    0.8132823705673218,
    0.8055009841918945,
    0.81006920337677,
    0.8013848662376404,
    0.7983973622322083,
    0.7927496433258057,
    0.79815673828125,
    0.7927781343460083,
    0.7876153588294983,
    0.7936997413635254,
    0.7888091206550598,
    null,
    null,
    0.778591513633728,
    0.7700190544128418,
    0.7611693143844604,
    0.7520084977149963,
    0.7424994111061096,
    0.7293586134910583,
    0.7374553680419922,
    0.7210561037063599,
    0.7296106815338135,
    0.7136796712875366,
    0.7092236280441284,
    0.7015488743782043,
    0.6884845495223999,
    0.6846609115600586,
    0.6808995008468628,
    0.6771976947784424,
    0.6665713787078857,
    0.6735535860061646,
    0.6633779406547546,
    0.667281985282898,
    0.6578118801116943,
    0.662004828453064,
    0.6531824469566345,
    0.6576440930366516,
