{
  "step": 1455,
  "timestamp": 46.56,
  "robot_pose_odom": {
    "x": -1.456597493165169,
    "y": 1.3619645135035154,
    "yaw_fused": -0.8703054373132945,
    "yaw_imu": -0.8708897778342328
  },
  "lidar_pose_relative_to_robot": {
    "x_offset": 0.0,
    "y_offset": 0.0,
    "yaw_offset": 0.0
  },
  "lidar_meta": {
    "fov": 6.283184,
    "horizontal_resolution": 400,
    "angle_min": -3.141592,
    "angle_increment": 0.015747328320802004
  },
  "ranges": [
    0.8095170855522156,
    0.8022962212562561,
    0.7953976392745972,
    0.7888094186782837,
    0.7825212478637695,
    0.7654292583465576,
    0.7597922682762146,
    0.7544223666191101,
    0.7493115067481995,
    0.7444519400596619,
    0.7241877913475037,
    0.7109690308570862,
    0.7082927823066711,
    0.7058101892471313,
    0.7035179138183594,
    0.6912475824356079,
    0.6893550753593445,
    0.6876421570777893,
    0.6760167479515076,
    0.6746765375137329,
    0.6735074520111084,
    0.672508180141449,
    null,
    null,
    null,
    null,
    0.6500200629234314,
    0.6500200629234314,
    0.650180459022522,
    0.6404938101768494,
    0.640968382358551,
    0.6416022181510925,
    null,
    null,
    0.6343973875045776,
    0.635657548904419,
    0.637080192565918,
    0.6386672258377075,
    0.6302551031112671,
    0.6321464776992798,
    0.6108959913253784,
    0.602209210395813,
    0.593528687953949,
    0.5848409533500671,
    0.5667777061462402,
    0.5673884153366089,
    0.558594822883606,
    0.5497362017631531,
    0.5405335426330566,
    0.5435990691184998,
    0.538897693157196,
    0.5286685228347778,
    0.5255987048149109,
    0.5116303563117981,
    0.5064797401428223,
    0.49919283390045166,
    0.5030491352081299,
    0.49582287669181824,
    0.48823195695877075,
    0.48137742280960083,
    0.4741453528404236,
    0.4785706400871277,
    0.4714142978191376,
    0.4642338454723358,
    0.46904900670051575,
    0.4619271457195282,
    0.454764187335968,
    0.45998406410217285,
    0.4528617858886719,
    0.4456798732280731,
    0.4384291470050812,
    0.44416379928588867,
    0.4369228780269623,
    0.4430158734321594,
    0.43577566742897034,
    0.4284312427043915,
    0.43500298261642456,
    0.4350033700466156,
    0.42843160033226013,
    0.42215803265571594,
    0.42959144711494446,
    0.4236830770969391,
    0.43110039830207825,
    0.4255343973636627,
    0.42021262645721436,
    0.4277030825614929,
    0.4226882755756378,
    0.41789156198501587,
    0.4254594147205353,
    0.4209415912628174,
    0.4166204333305359,
    0.4291533827781677,
    0.4085361659526825,
    0.4047585427761078,
    0.40114811062812805,
    0.3976988196372986,
    0.39440470933914185,
    0.39126062393188477,
    0.40193235874176025,
    0.3854018747806549,
    0.3826780319213867,
    0.3800855576992035,
    0.37305986881256104,
    0.37527918815612793,
    0.3776204586029053,
    0.3692259192466736,
    0.3717443346977234,
    0.3743903636932373,
    0.366074800491333,
    0.3689027726650238,
    0.3605985641479492,
    0.3636102080345154,
    0.3667638599872589,
    0.35850030183792114,
    0.36184626817703247,
    0.3653462529182434,
    0.35710304975509644,
    0.3608069121837616,
    0.3525233566761017,
    0.3564368188381195,
    0.3605280816555023,
    0.3522259593009949,
    0.35654401779174805,
    0.3481644093990326,
    0.3527183532714844,
    0.3574824929237366,
    0.3490429222583771,
    0.354067862033844,
    0.35932955145835876,
    0.3508090078830719,
    0.3508090078830719,
    0.35932955145835876,
    0.354067862033844,
    0.3624676465988159,
    0.3574824631214142,
    0.3657819926738739,
    0.36105939745903015,
    0.3565438985824585,
    0.3648053705692291,
    0.3605280816555023,
    0.3687276840209961,
    0.3646793067455292,
    0.37283381819725037,
    0.369006484746933,
    0.3771315813064575,
    0.37351861596107483,
    0.37006476521492004,
    0.378225177526474,
    0.3863358795642853,
    0.38313597440719604,
    0.3912605047225952,
    0.3882611393928528,
    0.38540178537368774,
    0.3936115801334381,
    0.39094504714012146,
    0.3991987407207489,
    0.40744590759277344,
    0.405034601688385,
    0.4133491814136505,
    0.4111320972442627,
    0.4195272624492645,
    0.41750475764274597,
    0.4156036972999573,
    0.4345126748085022,
    0.4327637553215027,
    0.44139984250068665,
    0.4398527145385742,
    0.4509691894054413,
    0.9047210812568665,
    0.9022441506385803,
    0.9000021815299988,
    0.8979924321174622,
    0.8962121605873108,
    0.8946592211723328,
    0.8933318257331848,
    0.8922281265258789,
    0.8913466930389404,
    0.9006944298744202,
    0.9002498388290405,
    0.9000277519226074,
    0.9000277519226074,
    0.9002498388290405,
    0.9006944298744202,
    0.9013617634773254,
    0.9022531509399414,
    0.9033692479133606,
    0.914763867855072,
    0.9163517355918884,
    0.9181720018386841,
    0.9202269315719604,
    0.9139276742935181,
    0.9250518679618835,
    0.9278278350830078,
    2.1918864250183105,
    2.2069990634918213,
    2.2153379917144775,
    2.224290370941162,
    2.2442595958709717,
    2.254525661468506,
    2.265446662902832,
    2.287580728530884,
    2.299917221069336,
    1.59291410446167,
    1.5408042669296265,
    1.492241621017456,
    1.4356215000152588,
    1.3927533626556396,
    1.3656160831451416,
    1.323448657989502,
    1.2918651103973389,
    1.2422155141830444,
    1.2260767221450806,
    1.1995272636413574,
    1.2027101516723633,
    1.2026258707046509,
    1.225677251815796,
    1.2379570007324219,
    1.2507972717285156,
    1.2642216682434082,
    1.2782560586929321,
    1.3053600788116455,
    1.3208469152450562,
    1.337039589881897,
    1.353972315788269,
    1.3716821670532227,
    1.403449296951294,
    1.4230207204818726,
    1.4435068368911743,
    0.821580171585083,
    0.7928625345230103,
    0.7998448610305786,
    0.7877613306045532,
    0.808077871799469,
    0.8347066044807434,
    0.8468839526176453,
    0.8713757395744324,
    0.8819620609283447,
    0.9052760601043701,
    0.9352017641067505,
    0.9505218863487244,
    0.9890539050102234,
    1.0032775402069092,
    1.0406513214111328,
    1.043320655822754,
    1.1057995557785034,
    1.1194641590118408,
    1.1335856914520264,
    1.2031539678573608,
    1.239658236503601,
    1.284841537475586,
    1.374063491821289,
    1.3848506212234497,
    1.4427484273910522,
    1.5114166736602783,
    1.5659352540969849,
    1.5752170085906982,
    1.5725220441818237,
    1.5626652240753174,
    1.5689878463745117,
    1.5463993549346924,
    1.5438965559005737,
    1.5416560173034668,
    1.5282806158065796,
    1.5261509418487549,
    1.518405556678772,
    1.5108851194381714,
    1.5089843273162842,
    1.5071563720703125,
    1.505383849143982,
    1.503646969795227,
    1.5019245147705078,
    1.5001938343048096,
    1.498429536819458,
    1.5023821592330933,
    1.4889949560165405,
    2.1719350814819336,
    2.1768734455108643,
    2.1714601516723633,
    2.1777405738830566,
    2.1850969791412354,
    2.1771798133850098,
    0.5084823966026306,
    0.48989105224609375,
    0.45608678460121155,
    0.4630678594112396,
    0.4560721218585968,
    0.4493938088417053,
    0.44301605224609375,
    0.43692299723625183,
    0.44416385889053345,
    0.4384292662143707,
    0.43294617533683777,
    0.44028234481811523,
    0.4351201057434082,
    0.4301823079586029,
    0.43761515617370605,
    0.43296828866004944,
    0.44042709469795227,
    0.4478437304496765,
    0.4435533881187439,
    0.4510164260864258,
    0.4623713195323944,
    0.465505987405777,
    0.47615525126457214,
    0.497224897146225,
    2.8158187866210938,
    0.9360243082046509,
    0.9206783175468445,
    0.8861474990844727,
    0.8569033741950989,
    0.8391211628913879,
    0.8195465803146362,
    0.7954279780387878,
    null,
    null,
    null,
    null,
    null,
    null,
    null,
    null,
    null,
