{
  "step": 935,
  "timestamp": 29.92,
  "robot_pose_odom": {
    "x": -3.4411679692137596,
    "y": -0.35031928233795295,
    "yaw_fused": 1.2653660871373589,
    "yaw_imu": 1.2753904639119562
  },
  "lidar_pose_relative_to_robot": {
    "x_offset": 0.0,
    "y_offset": 0.0,
    "yaw_offset": 0.0
  },
  "lidar_meta": {
    "fov": 6.283184,
    "horizontal_resolution": 400,
    "angle_min": -3.141592,
    "angle_increment": 0.015747328320802004
  },
  "ranges": [
    0.3525233566761017,
    0.3564368188381195,
    0.3480960726737976,
    0.3522259593009949,
    0.3438102602958679,
    0.3481644093990326,
    0.3527183532714844,
    0.3442423939704895,
    0.3490429222583771,
    0.34044986963272095,
    0.34550920128822327,
    0.3508090078830719,
    0.3508090078830719,
    0.34550920128822327,
    0.34044986963272095,
    0.34904295206069946,
    0.3442423641681671,
    0.352718323469162,
    0.3481644093990326,
    0.3565438985824585,
    0.3522258996963501,
    0.3480960726737976,
    null,
    null,
    null,
    null,
    0.35356083512306213,
    0.3618461787700653,
    0.35850024223327637,
    0.3667638301849365,
    0.3636102080345154,
    0.3605985641479492,
    null,
    null,
    0.3743903338909149,
    0.371744304895401,
    0.3692258894443512,
    0.3776203989982605,
    0.3860013484954834,
    0.38371697068214417,
    0.37069156765937805,
    0.3584228754043579,
    0.3565981984138489,
    0.3406845033168793,
    0.3278060853481293,
    0.3103661835193634,
    0.3091169595718384,
    0.3079533874988556,
    0.299497127532959,
    0.28548553586006165,
    0.2846313416957855,
    0.27371448278427124,
    0.27303436398506165,
    0.2623348534107208,
    0.26181477308273315,
    0.25130876898765564,
    0.2509359121322632,
    0.2406008392572403,
    0.24036315083503723,
    0.2401851862668991,
    0.23006384074687958,
    0.2300070971250534,
    0.2200067937374115,
    0.22006107866764069,
    0.22016975283622742,
    0.22033289074897766,
    0.2105257362127304,
    0.21078616380691528,
    0.21109935641288757,
    0.20139597356319427,
    0.2017960399389267,
    null,
    null,
    null,
    null,
    null,
    null,
    null,
    null,
    null,
    null,
    null,
    null,
    null,
    null,
    null,
    null,
    null,
    null,
    null,
    null,
    null,
    null,
    null,
    null,
    null,
    null,
    null,
    null,
    null,
    null,
    null,
    null,
    null,
    null,
    null,
    null,
    null,
    null,
    null,
    null,
    null,
    null,
    null,
    null,
    null,
    null,
    null,
    null,
    null,
    null,
    null,
    null,
    null,
    null,
    null,
    null,
    null,
    null,
    null,
    null,
    null,
    null,
    null,
    null,
    null,
    null,
    null,
    null,
    null,
    null,
    null,
    null,
    null,
    null,
    null,
    null,
    null,
    null,
    null,
    null,
    null,
    0.20015431940555573,
    0.20005550980567932,
    0.2100064754486084,
    0.2100064754486084,
    0.2100583016872406,
    0.21016204357147217,
    0.22033289074897766,
    0.2205507755279541,
    0.22082360088825226,
    0.2312040627002716,
    0.2316053807735443,
    0.23206545412540436,
    0.23258483409881592,
    0.24330179393291473,
    0.24396972358226776,
    0.24470186233520508,
    0.2557283341884613,
    0.2566278278827667,
    0.26790133118629456,
    0.26898396015167236,
    0.28053244948387146,
    0.28181570768356323,
    0.29366904497146606,
    0.29517173767089844,
    0.30736222863197327,
    0.3091053366661072,
    0.32166779041290283,
    0.32367458939552307,
    0.3366471230983734,
    0.3476255238056183,
    0.36337873339653015,
    0.36607474088668823,
    0.3800815939903259,
    0.3915344178676605,
    0.40869224071502686,
    0.42798683047294617,
    0.43945178389549255,
    0.4555887281894684,
    0.4665353000164032,
    0.4978519380092621,
    0.5139883160591125,
    0.5624191761016846,
    0.5805625319480896,
    0.6159091591835022,
    0.6584513783454895,
    0.6997622847557068,
    0.7581169009208679,
    0.8046573400497437,
    0.8596432209014893,
    0.9602778553962708,
    1.0624366998672485,
    1.1994460821151733,
    1.3679816722869873,
    1.4731111526489258,
    1.5828503370285034,
    1.918989658355713,
    2.5159852504730225,
    2.5940945148468018,
    2.618016004562378,
    2.6074750423431396,
    2.6631200313568115,
    2.695955753326416,
    2.6920559406280518,
    2.7444984912872314,
    2.7691385746002197,
    2.80478835105896,
    2.8273885250091553,
    2.856109142303467,
    2.8933143615722656,
    2.9293317794799805,
    2.995626449584961,
    3.0129988193511963,
    2.1043787002563477,
    2.113276243209839,
    2.1350460052490234,
    2.0044806003570557,
    1.9204639196395874,
    1.2597121000289917,
    1.251542329788208,
    1.2703789472579956,
    1.3275108337402344,
    1.591964602470398,
    1.6953595876693726,
    2.026015281677246,
    2.0163803100585938,
    2.01802134513855,
    2.028366804122925,
    2.056300401687622,
    2.9338223934173584,
    2.9102320671081543,
    2.9071693420410156,
    2.9138379096984863,
    4.951829433441162,
    5.0031890869140625,
    5.044731140136719,
    4.296778678894043,
    0.3356640636920929,
    0.33964642882347107,
    0.33107656240463257,
    0.32237446308135986,
    0.3135274648666382,
    0.3045221269130707,
    0.30876871943473816,
    0.31321385502815247,
    0.3178684413433075,
    0.3017308712005615,
    0.3227442800998688,
    0.3178684413433075,
    0.3268318772315979,
    0.3356182277202606,
    0.3442423641681671,
    0.33965471386909485,
    0.3430604934692383,
    0.3565438985824585,
    0.3604874014854431,
    0.37296006083488464,
    0.38101863861083984,
    0.37683531641960144,
    0.40005582571029663,
    0.4047167897224426,
    0.4076083302497864,
    0.42057177424430847,
    0.431655615568161,
    0.44307687878608704,
    0.4548823833465576,
    0.4648865759372711,
    0.4860459864139557,
    0.4855221211910248,
    0.49556514620780945,
    0.5161330699920654,
    0.5169215798377991,
    0.5564758777618408,
    0.5710646510124207,
    0.5885971784591675,
    0.6152501106262207,
    0.6293909549713135,
    0.6448249220848083,
    0.6671745777130127,
    0.7205570340156555,
    0.7801353335380554,
    0.8200951218605042,
    0.8554703593254089,
    0.9041958451271057,
    0.9341254830360413,
    1.0178707838058472,
    1.073722243309021,
    1.1525667905807495,
    2.8300015926361084,
    2.7654240131378174,
    2.706962823867798,
    2.652040958404541,
    2.598059892654419,
    2.5449514389038086,
    2.492504596710205,
    2.450350522994995,
    2.3999409675598145,
    2.329885959625244,
    2.2600510120391846,
    2.1908164024353027,
    2.132115364074707,
    2.086782455444336,
    2.025404930114746,
    1.977433204650879,
    1.9296315908432007,
    1.8916488885879517,
    1.8355212211608887,
    1.798304557800293,
    1.7764432430267334,
    1.7239097356796265,
    1.6894803047180176,
    1.6835105419158936,
    1.6260275840759277,
    1.5993398427963257,
    1.5444817543029785,
    1.5055172443389893,
    1.403489112854004,
    1.3068100214004517,
    1.252224087715149,
    1.2008743286132812,
    1.1254206895828247,
    1.118733525276184,
    0.9925868511199951,
    0.9798495173454285,
    0.9471316933631897,
    0.9044855237007141,
    0.9050180315971375,
    0.8396241664886475,
    0.8188610076904297,
    0.7830018997192383,
    0.7592311501502991,
    0.7350016832351685,
    0.7355711460113525,
    0.6924912929534912,
    0.6887013912200928,
    0.6596670150756836,
    0.6485297679901123,
    0.6244455575942993,
    0.612077534198761,
    0.5978925824165344,
    0.5853780508041382,
    0.5786877870559692,
    0.5560836791992188,
    0.5480395555496216,
    0.5311015844345093,
    0.5313525795936584,
    0.5191971063613892,
    0.505165159702301,
    0.4975334405899048,
    0.4902479946613312,
    0.48329034447669983,
    0.476643443107605,
