{
  "step": 115,
  "timestamp": 3.68,
  "robot_pose_odom": {
    "x": 6.493861364163846e-10,
    "y": -2.870931280212548e-11,
    "yaw_fused": -0.04130499704555894,
    "yaw_imu": -0.038097143495253505
  },
  "lidar_pose_relative_to_robot": {
    "x_offset": 0.0,
    "y_offset": 0.0,
    "yaw_offset": 0.0
  },
  "lidar_meta": {
    "fov": 6.283184,
    "horizontal_resolution": 400,
    "angle_min": -3.141592,
    "angle_increment": 0.015747328320802004
  },
  "ranges": [
    1.0281399488449097,
    1.019005537033081,
    1.0068542957305908,
    0.9941132068634033,
    0.49753302335739136,
    0.48415079712867737,
    0.49113282561302185,
    0.4975334405899048,
    0.4902479946613312,
    0.48329034447669983,
    0.476643443107605,
    0.5133709907531738,
    0.5337975025177002,
    0.5614657998085022,
    0.6124532222747803,
    0.639721691608429,
    0.6796225309371948,
    0.7074726819992065,
    0.8032820820808411,
    0.8555997014045715,
    0.9956810474395752,
    null,
    null,
    null,
    null,
    1.4001890420913696,
    2.542217254638672,
    2.0710649490356445,
    2.015101194381714,
    2.000859260559082,
    1.9873043298721313,
    null,
    null,
    null,
    2.37984299659729,
    2.356502056121826,
    2.3073229789733887,
    2.257110595703125,
    2.2083241939544678,
    2.212477445602417,
    2.115856647491455,
    2.0911285877227783,
    2.1164369583129883,
    3.107089042663574,
    3.0680391788482666,
    3.016225814819336,
    1.0936710834503174,
    1.0216399431228638,
    0.957898736000061,
    0.9304872751235962,
    0.8492724299430847,
    0.8216107487678528,
    0.7883071899414062,
    0.7581163644790649,
    0.7393401861190796,
    0.7022066116333008,
    0.6601853966712952,
    0.6354292035102844,
    0.6280947327613831,
    0.6174238324165344,
    0.6174238324165344,
    0.608096182346344,
    0.6128097772598267,
    0.6175374984741211,
    0.6222842931747437,
    0.6270548701286316,
    0.6318539381027222,
    0.6366855502128601,
    0.6415542960166931,
    0.634032130241394,
    0.6391280293464661,
    0.6475110054016113,
    0.6494524478912354,
    0.6567807793617249,
    0.6599802374839783,
    0.6649667620658875,
    0.670742392539978,
    0.6723042130470276,
    0.6821387410163879,
    0.6873910427093506,
    0.6877354979515076,
    0.6962924003601074,
    0.704686164855957,
    0.7129388451576233,
    0.7210710048675537,
    0.729102373123169,
    0.7370511293411255,
    0.7449349164962769,
    0.7527703642845154,
    0.7605730891227722,
    0.762916088104248,
    0.7761408090591431,
    0.7745801210403442,
    0.802096962928772,
    0.8181056976318359,
    0.8280413746833801,
    0.8416411876678467,
    0.8611547350883484,
    2.110572338104248,
    2.1319828033447266,
    2.1576380729675293,
    0.8172740340232849,
    0.8156537413597107,
    0.8142403960227966,
    0.813032329082489,
    0.8430483937263489,
    0.9436385631561279,
    1.0727204084396362,
    1.251831293106079,
    1.5007120370864868,
    2.420154094696045,
    2.4508450031280518,
    2.4716148376464844,
    2.4534857273101807,
    2.4464237689971924,
    2.4386653900146484,
    2.4332447052001953,
    2.4159977436065674,
    2.410491466522217,
    2.4055142402648926,
    2.401059150695801,
    2.4009511470794678,
    2.3834943771362305,
    2.3805360794067383,
    2.3780736923217773,
    2.376102924346924,
    2.3746190071105957,
    2.3632280826568604,
    2.362658977508545,
    2.3625619411468506,
    2.359813928604126,
    null,
    null,
    null,
    null,
    null,
    2.2475194931030273,
    1.9039729833602905,
    1.644924521446228,
    1.4614300727844238,
    1.397318959236145,
    1.4089891910552979,
    1.41366446018219,
    0.8014621138572693,
    0.7455852031707764,
    0.6924844980239868,
    0.6490619778633118,
    0.6070353388786316,
    0.5648424625396729,
    0.5473133325576782,
    0.5125575065612793,
    0.5074974894523621,
    0.47055545449256897,
    0.44621992111206055,
    0.42721250653266907,
    0.4236828088760376,
    0.40511587262153625,
    0.37668654322624207,
    0.3731497526168823,
    0.3438272774219513,
    0.35080915689468384,
    0.3316889703273773,
    0.32683199644088745,
    0.32219356298446655,
    0.30452221632003784,
    0.3004639148712158,
    0.2965845763683319,
    0.2928754687309265,
    0.27674904465675354,
    0.2735041677951813,
    0.27040043473243713,
    0.2674316465854645,
    0.252564936876297,
    0.24997225403785706,
    0.247492715716362,
    0.24512170255184174,
    0.24285513162612915,
    0.2292274832725525,
    0.22725644707679749,
    0.22537411749362946,
    null,
    null,
    null,
    null,
    null,
    null,
    null,
    null,
    null,
    null,
    null,
    null,
    null,
    null,
    null,
    null,
    null,
    null,
    null,
    null,
    null,
    null,
    null,
    null,
    null,
    null,
    null,
    null,
    null,
    null,
    null,
    null,
    null,
    null,
    null,
    null,
    null,
    null,
    null,
    null,
    null,
    null,
    null,
    null,
    null,
    null,
    null,
    null,
    null,
    null,
    null,
    null,
    null,
    null,
    null,
    null,
    null,
    null,
    null,
    null,
    null,
    null,
    null,
    null,
    null,
    null,
    null,
    null,
    null,
    null,
    null,
    null,
    null,
    null,
    null,
    null,
    null,
    null,
    null,
    null,
    null,
    null,
    null,
    null,
    null,
    null,
    null,
    null,
    null,
    null,
    null,
    null,
    null,
    null,
    null,
    null,
    null,
    null,
    null,
    0.21444524824619293,
    0.21578310430049896,
    0.21719171106815338,
    0.2296067774295807,
    0.2312411069869995,
    0.23295670747756958,
    0.23475632071495056,
    0.2479115128517151,
    0.24998202919960022,
    0.25215017795562744,
    0.25441956520080566,
    0.2684665620326996,
    0.27106332778930664,
    0.2737790048122406,
    0.276618629693985,
    0.2917434871196747,
    0.2949821949005127,
    0.29836806654930115,
    0.3144874572753906,
    0.3183428645133972,
    0.33526942133903503,
    0.33965474367141724,
    0.3442423939704895,
    0.36246761679649353,
    0.36768582463264465,
    0.38697031140327454,
    0.41391947865486145,
    0.4139193892478943,
    0.4346095025539398,
    0.4447772800922394,
    0.47223904728889465,
    0.49036499857902527,
    0.5264335870742798,
    0.5517969131469727,
    0.572425127029419,
    0.6203388571739197,
    0.6407736539840698,
    0.7215410470962524,
    0.7317819595336914,
    0.8273337483406067,
    0.8584914803504944,
    1.0310317277908325,
    1.071323037147522,
    1.1486561298370361,
    1.1651432514190674,
    1.170740008354187,
    1.1889532804489136,
    1.2077878713607788,
    1.2261872291564941,
    1.2442001104354858,
    1.2618728876113892,
    1.2792483568191528,
    1.3071565628051758,
    1.335129976272583,
    1.351305365562439,
    1.3667062520980835,
    1.3868441581726074,
    1.4240680932998657,
    1.4479053020477295,
    1.4452593326568604,
    1.5353596210479736,
    1.5435954332351685,
    1.5911256074905396,
    1.6276119947433472,
    1.6611340045928955,
    1.689958930015564,
    1.7397098541259766,
    1.77361261844635,
    1.8311113119125366,
    1.8707202672958374,
    1.9016224145889282,
    1.9359304904937744,
    1.9658522605895996,
    2.003912925720215,
    1.1407338380813599,
    1.15023672580719,
    1.1600357294082642,
    1.1600357294082642,
    1.1704071760177612,
    1.181056022644043,
    1.1920219659805298,
    1.2030041217803955,
    1.2044923305511475,
    1.2157584428787231,
    1.2292695045471191,
    1.240074634552002,
    null,
    null,
    1.2725913524627686,
    1.2870334386825562,
    1.3019518852233887,
    1.3173668384552002,
    1.3333001136779785,
    1.3497745990753174,
    1.3668146133422852,
    1.3844462633132935,
    1.4081374406814575,
    1.4215893745422363,
    1.441159963607788,
    1.461437702178955,
    1.4824565649032593,
