{
  "step": 1645,
  "timestamp": 52.64,
  "robot_pose_odom": {
    "x": -1.6524608805246037,
    "y": 1.0758974292142898,
    "yaw_fused": -2.7301204062570505,
    "yaw_imu": -2.7300918780572676
  },
  "lidar_pose_relative_to_robot": {
    "x_offset": 0.0,
    "y_offset": 0.0,
    "yaw_offset": 0.0
  },
  "lidar_meta": {
    "fov": 6.283184,
    "horizontal_resolution": 400,
    "angle_min": -3.141592,
    "angle_increment": 0.015747328320802004
  },
  "ranges": [
    0.6386672258377075,
    0.637080192565918,
    0.635657548904419,
    0.6343973875045776,
    0.6332980990409851,
    0.6323584914207458,
    0.63157719373703,
    0.6309532523155212,
    0.6304861307144165,
    0.6301749348640442,
    0.6300194263458252,
    0.6300194263458252,
    0.6301749348640442,
    1.8813050985336304,
    1.8730510473251343,
    1.8543163537979126,
    1.8473197221755981,
    1.8289518356323242,
    1.823387622833252,
    1.1189969778060913,
    1.1111291646957397,
    1.106541633605957,
    null,
    null,
    null,
    null,
    1.0469002723693848,
    1.0400445461273193,
    1.0332962274551392,
    1.0266436338424683,
    1.020074725151062,
    1.0104572772979736,
    null,
    null,
    0.9943854808807373,
    0.9880421161651611,
    0.9817011952400208,
    0.9753466248512268,
    0.968961775302887,
    0.9676835536956787,
    0.9560285806655884,
    0.9578396081924438,
    0.954107403755188,
    0.9473772644996643,
    0.9367261528968811,
    0.9454688429832458,
    0.9379496574401855,
    0.9284676909446716,
    0.9380980134010315,
    0.9206100106239319,
    0.971717357635498,
    1.2038037776947021,
    1.2859320640563965,
    2.139855146408081,
    2.132775068283081,
    2.138549327850342,
    2.1453754901885986,
    2.1369051933288574,
    2.1334071159362793,
    2.134514570236206,
    2.125936269760132,
    2.139899969100952,
    2.1221601963043213,
    2.1334099769592285,
    2.1455838680267334,
    2.157653570175171,
    2.1646769046783447,
    2.1483588218688965,
    2.1641407012939453,
    2.1974704265594482,
    1.4900494813919067,
    1.3758524656295776,
    1.287716269493103,
    1.1931836605072021,
    1.136457085609436,
    1.0675883293151855,
    1.0738664865493774,
    1.063936710357666,
    1.0734519958496094,
    1.0790979862213135,
    1.0846651792526245,
    1.1008846759796143,
    1.1144737005233765,
    0.6166918277740479,
    0.6036021113395691,
    0.590755820274353,
    0.604192852973938,
    0.6004467010498047,
    0.6041927337646484,
    0.6189963817596436,
    0.6232184171676636,
    0.6276544332504272,
    0.6323110461235046,
    0.6371957063674927,
    0.6423161625862122,
    0.6476806998252869,
    0.6647595167160034,
    0.6707424521446228,
    0.6770026683807373,
    0.683551013469696,
    0.6903992891311646,
    0.6975600719451904,
    0.7172027230262756,
    0.725164532661438,
    0.733488142490387,
    0.7421903610229492,
    0.7512891292572021,
    0.7608036994934082,
    0.7838186025619507,
    0.7944055199623108,
    0.8054836392402649,
    0.8170796632766724,
    0.8430424928665161,
    0.855974018573761,
    0.8629549741744995,
    0.8906816244125366,
    0.9034041166305542,
    0.928679883480072,
    0.9405280351638794,
    0.9758853316307068,
    0.9749144911766052,
    1.0175131559371948,
    1.0480417013168335,
    1.0634617805480957,
    1.1004047393798828,
    1.1118614673614502,
    1.1881405115127563,
    1.2085224390029907,
    1.2610336542129517,
    1.248952865600586,
    1.248968482017517,
    1.2378278970718384,
    1.2271844148635864,
    1.217020034790039,
    1.2184970378875732,
    1.2091561555862427,
    1.2002513408660889,
    1.1917685270309448,
    1.183694839477539,
    1.1868070363998413,
    1.1794487237930298,
    1.172468662261963,
    1.1658567190170288,
    1.1701452732086182,
    1.164188265800476,
    1.1585757732391357,
    1.153300404548645,
    1.1587004661560059,
    1.1540366411209106,
    1.1496926546096802,
    1.1456629037857056,
    1.1419421434402466,
    1.138525366783142,
    1.8130797147750854,
    1.820229172706604,
    1.816164493560791,
    1.8226336240768433,
    1.8194754123687744,
    1.816775918006897,
    1.8145313262939453,
    null,
    null,
    null,
    null,
    null,
    null,
    null,
    null,
    null,
    null,
    null,
    null,
    null,
    null,
    null,
    null,
    null,
    null,
    null,
    null,
    null,
    null,
    null,
    null,
    null,
    null,
    null,
    null,
    null,
    null,
    null,
    null,
    null,
    null,
    null,
    null,
    null,
    null,
    null,
    null,
    null,
    null,
    null,
    null,
    null,
    null,
    null,
    null,
    null,
    null,
    null,
    null,
    null,
    null,
    null,
    null,
    null,
    null,
    null,
    null,
    null,
    null,
    null,
    null,
    null,
    null,
    null,
    null,
    null,
    null,
    null,
    0.43553224205970764,
    0.43178728222846985,
    0.4282108247280121,
    0.4247972369194031,
    0.4215407371520996,
    0.41843631863594055,
    0.41547900438308716,
    0.4126642942428589,
    0.40998801589012146,
    0.41382157802581787,
    0.4074459969997406,
    0.4099879264831543,
    0.40180468559265137,
    0.40454530715942383,
    0.40742480754852295,
    0.39935433864593506,
    0.4024393856525421,
    0.4056733548641205,
    0.39769867062568665,
    0.4011479914188385,
    0.3931938707828522,
    0.3968636393547058,
    0.4007023572921753,
    0.39281338453292847,
    0.3968876004219055,
    0.4011472761631012,
    0.39042025804519653,
    0.38539209961891174,
    0.37306687235832214,
    0.3692777156829834,
    0.3481644093990326,
    0.3527183532714844,
    0.3442423939704895,
    0.33561819791793823,
    0.3268318772315979,
    0.3178684413433075,
    0.3017308712005615,
    0.3087119162082672,
    0.304048091173172,
    0.2995958924293518,
    0.2953440248966217,
    0.2912820279598236,
    0.28740015625953674,
    0.2836895287036896,
    0.2801416516304016,
    0.2641693949699402,
    0.2610720694065094,
    0.2581093907356262,
    0.25527551770210266,
    0.25256484746932983,
    0.2499721199274063,
    0.24749259650707245,
    0.24512159824371338,
    0.2428549975156784,
    0.240688756108284,
    0.23861920833587646,
    0.23664280772209167,
    0.23475629091262817,
    0.2329566776752472,
    0.23124107718467712,
    0.2296067625284195,
    0.22805127501487732,
    0.22657224535942078,
    0.22516746819019318,
    0.22383490204811096,
    0.22257263958454132,
    0.22137881815433502,
    0.22025182843208313,
    0.21250928938388824,
    0.2181919515132904,
    0.20691078901290894,
    0.2060779631137848,
    0.20530225336551666,
    0.20458266139030457,
    0.2039182335138321,
    0.2033080905675888,
    0.20275148749351501,
    0.20224767923355103,
    0.2017960399389267,
    0.20139597356319427,
    0.20104700326919556,
    0.20074871182441711,
    0.2005006968975067,
    0.2003026157617569,
    null,
    null,
    null,
    null,
    null,
    null,
    null,
    null,
    null,
    null,
    null,
    null,
    null,
    null,
    null,
    null,
    null,
    0.9443903565406799,
    0.9479585289955139,
    0.9517894387245178,
    0.9397854804992676,
    0.9327051043510437,
    0.9256811141967773,
    0.915580689907074,
    0.9117509126663208,
    0.9071797728538513,
    0.8871629238128662,
    0.8801506161689758,
    0.8731053471565247,
    0.8660100698471069,
    0.8588469624519348,
    0.8541743755340576,
    0.860772967338562,
    0.8480226993560791,
    0.8412175178527832,
    0.8327635526657104,
    0.8210809230804443,
    0.8287442922592163,
    0.8200961351394653,
    0.8094334006309509,
    0.8178290724754333,
    0.8022944927215576,
    0.8112009167671204,
    0.7956480979919434,
    0.8050876259803772,
    0.802223801612854,
    0.786593496799469,
    0.7968820929527283,
    0.7811651825904846,
    0.7786340117454529,
    0.7762254476547241,
    0.7739402651786804,
    0.7858118414878845,
