{
  "step": 460,
  "timestamp": 14.72,
  "robot_pose_odom": {
    "x": -0.9874547243804386,
    "y": -1.044526949230653,
    "yaw_fused": -3.0913448240493797,
    "yaw_imu": -3.081877406860216
  },
  "lidar_pose_relative_to_robot": {
    "x_offset": 0.0,
    "y_offset": 0.0,
    "yaw_offset": 0.0
  },
  "lidar_meta": {
    "fov": 6.283184,
    "horizontal_resolution": 400,
    "angle_min": -3.141592,
    "angle_increment": 0.015747328320802004
  },
  "ranges": [
    0.6323584914207458,
    0.6226697564125061,
    0.6142577528953552,
    0.615477979183197,
    0.6067430377006531,
    0.6082544326782227,
    0.585762083530426,
    0.5756685137748718,
    0.5364400744438171,
    0.5303854942321777,
    0.49669626355171204,
    0.4959495961666107,
    0.45248666405677795,
    0.4421370029449463,
    0.4272940158843994,
    0.4232340455055237,
    0.4130862355232239,
    0.3931944668292999,
    0.38321664929389954,
    0.373060405254364,
    0.3583662807941437,
    0.3608105778694153,
    null,
    null,
    null,
    null,
    0.3177897036075592,
    0.3094569146633148,
    0.3006775379180908,
    0.3034838140010834,
    0.2946339547634125,
    0.2856823801994324,
    0.28864553570747375,
    null,
    0.2798021137714386,
    0.2735040485858917,
    0.2641693949699402,
    0.26740792393684387,
    0.2578994929790497,
    null,
    null,
    null,
    null,
    null,
    null,
    null,
    null,
    null,
    null,
    null,
    null,
    null,
    null,
    null,
    null,
    null,
    null,
    null,
    null,
    null,
    null,
    null,
    null,
    null,
    null,
    null,
    null,
    null,
    null,
    null,
    null,
    null,
    null,
    null,
    null,
    null,
    null,
    null,
    null,
    null,
    null,
    null,
    null,
    null,
    null,
    null,
    null,
    null,
    null,
    null,
    null,
    null,
    null,
    null,
    null,
    null,
    null,
    null,
    null,
    null,
    null,
    null,
    null,
    null,
    null,
    null,
    null,
    null,
    null,
    null,
    null,
    null,
    null,
    null,
    null,
    null,
    null,
    null,
    0.22357740998268127,
    0.2329566776752472,
    0.23124107718467712,
    0.2296067625284195,
    0.23891086876392365,
    0.23736140131950378,
    0.235889732837677,
    0.2451525181531906,
    0.243770033121109,
    0.25300437211990356,
    0.25171637535095215,
    0.2505028545856476,
    0.2597523331642151,
    0.26898401975631714,
    0.26790136098861694,
    0.2771580219268799,
    0.27618658542633057,
    0.2752895951271057,
    0.28271540999412537,
    0.2939896583557129,
    0.2932591438293457,
    0.30269405245780945,
    0.3020939528942108,
    0.311046838760376,
    0.3211979568004608,
    0.32080110907554626,
    0.3307209312915802,
    0.34011662006378174,
    0.3500971794128418,
    0.35001081228256226,
    0.35998454689979553,
    0.37018507719039917,
    0.38043883442878723,
    0.39081159234046936,
    0.4006863236427307,
    0.41196635365486145,
    0.42219871282577515,
    0.4229315519332886,
    0.4328903257846832,
    0.44494491815567017,
    0.44605329632759094,
    0.45935893058776855,
    0.466663122177124,
    0.4836212396621704,
    0.4927254319190979,
    0.49458709359169006,
    0.5020766258239746,
    0.5252172946929932,
    0.5389991998672485,
    0.5531522035598755,
    0.5708198547363281,
    0.593264102935791,
    0.6087332367897034,
    0.6246757507324219,
    0.6320000290870667,
    0.6689556837081909,
    0.691071629524231,
    0.7157942652702332,
    0.729572057723999,
    0.770871639251709,
    0.8170867562294006,
    0.8415866494178772,
    0.8788964152336121,
    0.9326989650726318,
    0.9699026942253113,
    1.023298740386963,
    1.088839054107666,
    1.1520599126815796,
    1.2269327640533447,
    1.3115051984786987,
    1.355088233947754,
    1.3711649179458618,
    1.4007081985473633,
    1.4313422441482544,
    1.4631277322769165,
    1.4961299896240234,
    1.5169938802719116,
    1.5524508953094482,
    1.589341640472412,
    1.6277530193328857,
    1.6697797775268555,
    1.7122609615325928,
    1.7569518089294434,
    1.791794776916504,
    1.8550599813461304,
    1.9320223331451416,
    1.967555284500122,
    2.02229642868042,
    2.1306304931640625,
    2.136514186859131,
    2.27597975730896,
    2.2901761531829834,
    2.4313061237335205,
    2.496988296508789,
    2.7143197059631348,
    2.752516746520996,
    2.8023834228515625,
    2.7926583290100098,
    2.7838916778564453,
    2.7608330249786377,
    2.7665371894836426,
    1.3507897853851318,
    1.354412317276001,
    1.3448399305343628,
    1.361815094947815,
    1.651523232460022,
    1.8626052141189575,
    1.6928629875183105,
    1.830485463142395,
    2.6801345348358154,
    2.6700632572174072,
    2.6758382320404053,
    2.668299913406372,
    2.666395664215088,
    2.6651535034179688,
    2.6585299968719482,
    2.6744160652160645,
    2.6560726165771484,
    2.6609573364257812,
    2.680156946182251,
    2.664278030395508,
    2.6668031215667725,
    2.6654036045074463,
    2.6823110580444336,
    2.6757256984710693,
    2.687694549560547,
    2.6874051094055176,
    2.6899466514587402,
    2.700286388397217,
    2.7137372493743896,
    2.722846031188965,
    2.718982458114624,
    1.503491997718811,
    1.3612793684005737,
    1.1935255527496338,
    0.9888883829116821,
    0.9578761458396912,
    0.8970832228660583,
    0.860124409198761,
    0.8099458813667297,
    0.7994886636734009,
    0.751288890838623,
    0.7339286804199219,
    0.7057788968086243,
    0.6731116771697998,
    0.6531784534454346,
    0.6374255418777466,
    0.6168867945671082,
    0.6010534167289734,
    0.5832595825195312,
    0.5628934502601624,
    0.5501457452774048,
    0.5340525507926941,
    0.529629111289978,
    0.5142280459403992,
    0.5017704963684082,
    0.4845051169395447,
    0.4810808300971985,
    0.46696212887763977,
    0.45314449071884155,
    0.45033493638038635,
    0.4370110034942627,
    0.4345465898513794,
    0.4322158098220825,
    0.4195272624492645,
    0.41750475764274597,
    0.4052136242389679,
    0.39313051104545593,
    0.39154815673828125,
    0.3900742828845978,
    0.37847793102264404,
    0.37724876403808594,
    0.36595457792282104,
    0.3649526834487915,
    0.3640458285808563,
    0.3531430959701538,
    0.35244297981262207,
    0.3518322706222534,
    0.34127283096313477,
    0.34085118770599365,
    0.3405144512653351,
    0.34026235342025757,
    0.33009159564971924,
    0.33001017570495605,
    0.33001017570495605,
    0.32008883357048035,
    0.3202469050884247,
    0.3204841911792755,
    0.31077608466148376,
    0.31116053462028503,
    0.31162288784980774,
    0.312163770198822,
    0.30269405245780945,
    0.30337151885032654,
    0.30412721633911133,
    0.3049621284008026,
    0.2956814169883728,
    0.2966448664665222,
    0.2976882755756378,
    0.29881301522254944,
    0.2896750569343567,
    0.2909225523471832,
    0.2922533452510834,
    0.29366904497146606,
    0.2846298813819885,
    0.2861648201942444,
    0.2877877354621887,
    0.28950101137161255,
    0.29130712151527405,
    0.28234919905662537,
    0.28427499532699585,
    0.2862984240055084,
    0.28842252492904663,
    0.2906506061553955,
    0.28171753883361816,
    0.2840704023838043,
    0.2865341901779175,
    2.143204927444458,
    2.1473686695098877,
    2.1615993976593018,
    3.7775723934173584,
    3.7821362018585205,
    3.7869973182678223,
    3.803673505783081,
    null,
    null,
    null,
    3.545311450958252,
    3.263737678527832,
    3.000206470489502,
    2.8642144203186035,
    2.8643949031829834,
    2.295970916748047,
    2.083977699279785,
    2.027784585952759,
    1.9610276222229004,
    1.8291983604431152,
    1.7404688596725464,
    1.669216513633728,
    1.584590196609497,
    1.5525009632110596,
    1.4759289026260376,
    1.4175413846969604,
    1.3732101917266846,
    1.312239408493042,
    1.2731348276138306,
