{
  "step": 1550,
  "timestamp": 49.6,
  "robot_pose_odom": {
    "x": -1.614691782963221,
    "y": 1.0922367580516568,
    "yaw_fused": -2.733813527423987,
    "yaw_imu": -2.7301100636537625
  },
  "lidar_pose_relative_to_robot": {
    "x_offset": 0.0,
    "y_offset": 0.0,
    "yaw_offset": 0.0
  },
  "lidar_meta": {
    "fov": 6.283184,
    "horizontal_resolution": 400,
    "angle_min": -3.141592,
    "angle_increment": 0.015747328320802004
  },
  "ranges": [
    0.5768450498580933,
    0.581301212310791,
    0.5747037529945374,
    0.5681408047676086,
    0.573068380355835,
    0.5666614770889282,
    0.5719502568244934,
    0.5774825215339661,
    0.5713647603988647,
    0.5772910714149475,
    0.5713309645652771,
    0.5776734352111816,
    0.5718720555305481,
    0.5786567330360413,
    1.8093706369400024,
    1.7872973680496216,
    1.785831093788147,
    1.7736904621124268,
    1.7610129117965698,
    1.7338683605194092,
    1.0565263032913208,
    null,
    null,
    null,
    null,
    1.0092281103134155,
    1.0062472820281982,
    0.9928373098373413,
    0.9800186157226562,
    0.9804961681365967,
    0.9686216115951538,
    0.9668519496917725,
    null,
    null,
    0.9501252174377441,
    0.9403718113899231,
    0.9428293704986572,
    0.9337969422340393,
    0.9251623749732971,
    0.9283713698387146,
    0.9203886985778809,
    0.9127652049064636,
    0.9166677594184875,
    0.9096405506134033,
    0.9029415845870972,
    0.9074935913085938,
    0.9013457298278809,
    0.906289279460907,
    0.889716386795044,
    0.8978849053382874,
    0.8954999446868896,
    0.8861478567123413,
    0.9756678938865662,
    1.1773041486740112,
    2.105125665664673,
    2.107452392578125,
    2.1043782234191895,
    2.1017518043518066,
    2.104975461959839,
    2.1085116863250732,
    2.112351655960083,
    2.1262447834014893,
    2.108999729156494,
    2.113565683364868,
    2.11838436126709,
    2.1292192935943604,
    2.1287176609039307,
    2.1341965198516846,
    2.1398556232452393,
    2.145670175552368,
    2.151613235473633,
    2.158616781234741,
    1.432516098022461,
    1.353029727935791,
    1.2391188144683838,
    1.1577750444412231,
    1.1436725854873657,
    1.0856308937072754,
    1.0532020330429077,
    1.0605535507202148,
    1.0596888065338135,
    1.0581550598144531,
    1.0753871202468872,
    1.0696316957473755,
    1.0818365812301636,
    1.096861481666565,
    1.1032938957214355,
    1.102949619293213,
    0.5981766581535339,
    0.5832682847976685,
    0.5843887329101562,
    0.5952953100204468,
    0.5897907018661499,
    0.6035360097885132,
    0.6135922074317932,
    0.6085100173950195,
    0.620662271976471,
    0.6297333240509033,
    0.6386658549308777,
    0.6341519951820374,
    0.6363769769668579,
    0.6643674373626709,
    0.6755024194717407,
    0.6715047359466553,
    0.6891781687736511,
    0.6973220109939575,
    0.69998699426651,
    0.7060012221336365,
    0.7319834232330322,
    0.7497339844703674,
    0.7583907842636108,
    0.7733162641525269,
    0.7847909927368164,
    0.7976301312446594,
    0.8170642256736755,
    0.8281887769699097,
    0.8469734191894531,
    0.869665801525116,
    0.8846340775489807,
    0.9035594463348389,
    0.9243072271347046,
    0.9517480134963989,
    0.9719109535217285,
    1.0004801750183105,
    1.020448088645935,
    1.0599528551101685,
    1.0901132822036743,
    1.1200639009475708,
    1.1613318920135498,
    1.1911360025405884,
    1.2318191528320312,
    1.284360408782959,
    1.27607262134552,
    1.2680407762527466,
    1.260254144668579,
    1.2527024745941162,
    1.2453757524490356,
    1.2420952320098877,
    1.2313563823699951,
    1.2246439456939697,
    1.218116044998169,
    1.211762547492981,
    1.2104278802871704,
    1.2099277973175049,
    1.2040833234786987,
    1.1983739137649536,
    1.1912288665771484,
    1.197652816772461,
    1.192604899406433,
    1.1873862743377686,
    1.1868069171905518,
    1.1793562173843384,
    1.1830860376358032,
    1.1781798601150513,
    1.1758763790130615,
    1.184960126876831,
    1.8509372472763062,
    1.8517699241638184,
    1.8528252840042114,
    1.8540918827056885,
    1.8555572032928467,
    1.8572075366973877,
    1.859027624130249,
    1.861000895500183,
    1.8598644733428955,
    1.8805112838745117,
    1.877232313156128,
    1.8826066255569458,
    1.8839974403381348,
    null,
    null,
    null,
    null,
    null,
    null,
    null,
    null,
    null,
    null,
    null,
    null,
    null,
    null,
    null,
    null,
    null,
    null,
    null,
    null,
    null,
    null,
    null,
    null,
    null,
    null,
    null,
    null,
    null,
    null,
    null,
    null,
    null,
    null,
    null,
    null,
    null,
    null,
    null,
    null,
    null,
    null,
    null,
    null,
    null,
    null,
    null,
    null,
    null,
    null,
    null,
    null,
    0.21030764281749725,
    0.22011137008666992,
    0.5109617710113525,
    0.5018718242645264,
    0.5026175379753113,
    0.49342015385627747,
    0.4944003224372864,
    0.4853944480419159,
    0.48660358786582947,
    0.477774053812027,
    0.4792078137397766,
    0.4705401062965393,
    0.47219517827033997,
    0.47397926449775696,
    0.46554917097091675,
    0.4571639895439148,
    0.45925527811050415,
    0.46147990226745605,
    0.4532994329929352,
    0.4557439684867859,
    0.45832860469818115,
    0.45033493638038635,
    0.4531444311141968,
    0.4452429711818695,
    0.44827982783317566,
    0.44045907258987427,
    0.44372695684432983,
    0.44715479016304016,
    0.43947935104370117,
    0.43141788244247437,
    0.42798683047294617,
    0.4009895324707031,
    0.3851909935474396,
    0.3889167904853821,
    0.36691421270370483,
    0.3576386868953705,
    0.3403673768043518,
    0.34414586424827576,
    0.3232320249080658,
    0.3270668387413025,
    0.31834277510643005,
    0.30947938561439514,
    0.3004637062549591,
    0.29128193855285645,
    0.2819192111492157,
    0.2859777808189392,
    null,
    null,
    null,
    null,
    null,
    null,
    null,
    null,
    null,
    null,
    null,
    null,
    null,
    null,
    null,
    null,
    null,
    null,
    null,
    null,
    null,
    null,
    null,
    null,
    null,
    null,
    null,
    null,
    null,
    null,
    null,
    null,
    null,
    null,
    null,
    null,
    null,
    null,
    null,
    null,
    null,
    null,
    null,
    null,
    null,
    null,
    null,
    null,
    0.9155434370040894,
    0.9275187253952026,
    0.9135664105415344,
    0.9128814935684204,
    0.9124056100845337,
    0.9183224439620972,
    0.9121034145355225,
    0.9121034145355225,
    0.9121442437171936,
    0.9124056100845337,
    0.9152551293373108,
    0.9135663509368896,
    0.914454996585846,
    0.9155434370040894,
    0.9174190163612366,
    0.9183031320571899,
    0.9199682474136353,
    0.909528374671936,
    0.8995423316955566,
    0.8899904489517212,
    0.8808541893959045,
    0.8721168041229248,
    0.863761842250824,
    0.8557748198509216,
    0.8481413722038269,
    0.8294857740402222,
    0.8226154446601868,
    0.816057562828064,
    0.8098017573356628,
    0.8038380146026611,
    0.7981567978858948,
    0.7927496433258057,
    0.78760826587677,
    0.7827249765396118,
    0.7780927419662476,
    0.7737048864364624,
    0.7695549726486206,
    0.7656372785568237,
    0.7619462013244629,
    0.7584767937660217,
    0.7552244067192078,
    0.7521845698356628,
    0.7493532299995422,
    0.7467266917228699,
    0.7443015575408936,
    0.7420745491981506,
    0.7400429248809814,
    0.7382040023803711,
    0.7365555763244629,
    0.7350953221321106,
    null,
    null,
    0.7017524242401123,
    0.7010591626167297,
    0.6906782388687134,
    0.680188775062561,
    0.6800209879875183,
    0.6699941158294678,
    0.6601831912994385,
    0.6605092287063599,
    0.6507619619369507,
    0.6416022181510925,
