{
  "step": 720,
  "timestamp": 23.04,
  "robot_pose_odom": {
    "x": -2.660316105806508,
    "y": -0.9143069019079396,
    "yaw_fused": 2.6822974292884143,
    "yaw_imu": 2.686330701885633
  },
  "lidar_pose_relative_to_robot": {
    "x_offset": 0.0,
    "y_offset": 0.0,
    "yaw_offset": 0.0
  },
  "lidar_meta": {
    "fov": 6.283184,
    "horizontal_resolution": 400,
    "angle_min": -3.141592,
    "angle_increment": 0.015747328320802004
  },
  "ranges": [
    0.8338842988014221,
    0.8102338910102844,
    0.7901935577392578,
    0.7708525657653809,
    0.752171516418457,
    0.7384519577026367,
    0.7274341583251953,
    0.7048841714859009,
    0.7058554887771606,
    0.6776325702667236,
    0.6647020578384399,
    0.6606401801109314,
    0.6519196033477783,
    0.64301997423172,
    0.6281778812408447,
    0.6135922074317932,
    0.618914008140564,
    0.5822545289993286,
    0.5712234973907471,
    0.5490325689315796,
    0.5258428454399109,
    0.5203248858451843,
    null,
    null,
    null,
    0.44854387640953064,
    0.43235474824905396,
    0.41774311661720276,
    0.40497297048568726,
    0.3967210054397583,
    0.3893170952796936,
    0.3813038468360901,
    0.35932955145835876,
    0.3438279330730438,
    0.3508090078830719,
    0.34550920128822327,
    0.34044986963272095,
    0.3221935033798218,
    0.31776219606399536,
    0.3135274350643158,
    0.3094794750213623,
    0.3056090474128723,
    0.30190789699554443,
    0.28593605756759644,
    0.28269124031066895,
    0.2795874774456024,
    0.276618629693985,
    0.2737790048122406,
    0.27106329798698425,
    0.2684665024280548,
    0.26598405838012695,
    0.26361149549484253,
    0.24998202919960022,
    0.2479115128517151,
    0.24593517184257507,
    0.24404986202716827,
    0.24225255846977234,
    0.24054041504859924,
    0.23891086876392365,
    0.23736140131950378,
    0.235889732837677,
    0.23449371755123138,
    0.23317134380340576,
    0.23192067444324493,
    0.22025182843208313,
    0.21919000148773193,
    0.2181919515132904,
    0.2172563374042511,
    0.21638187766075134,
    0.21556736528873444,
    0.2148117870092392,
    0.21411414444446564,
    0.21347349882125854,
    0.21288906037807465,
    0.21236006915569305,
    0.21188585460186005,
    0.2114657759666443,
    0.21109935641288757,
    0.21078616380691528,
    0.2005006968975067,
    0.2003026157617569,
    0.20015431940555573,
    0.20005550980567932,
    0.2000061571598053,
    0.2000061571598053,
    0.20005550980567932,
    null,
    null,
    null,
    null,
    null,
    null,
    null,
    null,
    null,
    null,
    null,
    null,
    null,
    null,
    null,
    null,
    null,
    null,
    null,
    null,
    null,
    null,
    null,
    null,
    null,
    null,
    null,
    null,
    null,
    null,
    null,
    null,
    null,
    null,
    null,
    null,
    null,
    null,
    null,
    null,
    null,
    null,
    null,
    null,
    null,
    null,
    null,
    null,
    null,
    null,
    null,
    null,
    null,
    null,
    null,
    0.2546743154525757,
    0.2641695439815521,
    0.26107215881347656,
    0.27040043473243713,
    0.27958759665489197,
    0.27661874890327454,
    0.2856825888156891,
    0.2946341931819916,
    0.2918115556240082,
    0.3006777763366699,
    0.30945709347724915,
    0.30679619312286377,
    0.31839320063591003,
    0.32418736815452576,
    0.33537328243255615,
    0.3413071036338806,
    0.3498770296573639,
    0.3475067913532257,
    0.3622707426548004,
    0.37729454040527344,
    0.3538346588611603,
    0.35604211688041687,
    0.3692259192466736,
    0.38042694330215454,
    0.39641329646110535,
    0.39935433864593506,
    0.4136182963848114,
    0.4253411591053009,
    0.44314995408058167,
    0.44699347019195557,
    0.4703774154186249,
    0.4902432858943939,
    0.4949852228164673,
    0.5216594934463501,
    0.5443786978721619,
    0.5680868625640869,
    0.5928537249565125,
    0.6244454383850098,
    0.6584519743919373,
    0.6882120966911316,
    0.7299099564552307,
    0.7538033127784729,
    0.8071639537811279,
    0.8678597807884216,
    0.9304085373878479,
    1.0103508234024048,
    1.1294995546340942,
    1.1295697689056396,
    1.1194498538970947,
    1.116675615310669,
    1.1142524480819702,
    1.1121677160263062,
    1.1104096174240112,
    1.1038641929626465,
    1.1205666065216064,
    1.1069955825805664,
    1.1092934608459473,
    1.1061830520629883,
    1.109438180923462,
    1.1185015439987183,
    1.1070194244384766,
    1.1196093559265137,
    1.1088835000991821,
    1.1139625310897827,
    1.1232142448425293,
    1.1135562658309937,
    1.112732172012329,
    1.1237114667892456,
    1.1315038204193115,
    1.1231709718704224,
    1.128417730331421,
    1.1337352991104126,
    1.1390901803970337,
    1.144497036933899,
    1.1523323059082031,
    1.1555209159851074,
    1.161163330078125,
    1.1669093370437622,
    1.172770380973816,
    1.1787574291229248,
    1.1848820447921753,
    1.1911544799804688,
    1.1975854635238647,
    1.2041854858398438,
    1.2109644412994385,
    1.2217645645141602,
    1.235237956047058,
    1.2450567483901978,
    0.8293066620826721,
    0.8070921897888184,
    0.7852354049682617,
    0.7637082934379578,
    0.7412223219871521,
    0.7215326428413391,
    0.7006859183311462,
    0.690109133720398,
    0.6700472831726074,
    0.6600468754768372,
    0.6400953531265259,
    0.6306317448616028,
    0.6107015013694763,
    0.6011870503425598,
    0.5917772650718689,
    0.582460343837738,
    0.5732246041297913,
    0.5640578269958496,
    0.5574143528938293,
    0.5458829998970032,
    0.5368507504463196,
    0.5278386473655701,
    0.5188338160514832,
    0.5166880488395691,
    0.5048909783363342,
    0.5069313049316406,
    0.48365694284439087,
    0.48013049364089966,
    0.4824562668800354,
    0.47594329714775085,
    0.4663426876068115,
    0.46898743510246277,
    0.4582724869251251,
    0.4531444311141968,
    0.4452429711818695,
    0.44827982783317566,
    0.44041088223457336,
    0.43263378739356995,
    0.43597590923309326,
    0.42821064591407776,
    0.4204241931438446,
    0.4240705966949463,
    0.4163227379322052,
    0.4202083647251129,
    0.41248753666877747,
    0.40471670031547546,
    0.4089145362377167,
    0.4011472463607788,
    0.4056004583835602,
    0.3978240489959717,
    0.4025438129901886,
    0.3947450518608093,
    0.3997442126274109,
    0.3919091820716858,
    0.39720261096954346,
    0.38931700587272644,
    0.3949216902256012,
    0.3869701325893402,
    0.37189191579818726,
    0.38585415482521057,
    0.3869704604148865,
    0.3813040256500244,
    0.38931724429130554,
    0.3839627802371979,
    0.37884581089019775,
    0.3739544749259949,
    0.3820114731788635,
    0.3773850202560425,
    0.3853922486305237,
    0.3810187876224518,
    0.37683549523353577,
    0.3848608732223511,
    0.38091009855270386,
    0.38891711831092834,
    0.3851912319660187,
    0.38162946701049805,
    0.3896867334842682,
    0.38633599877357483,
    0.38313600420951843,
    0.38008174300193787,
    0.38826122879981995,
    0.3854018747806549,
    0.3826780319213867,
    0.3909451365470886,
    0.38840967416763306,
    0.39313051104545593,
    0.4018520414829254,
    0.40033939480781555,
    0.40916532278060913,
    0.4078364670276642,
    0.4066161811351776,
    0.40550297498703003,
    0.4146077632904053,
    0.41368189454078674,
    0.4229315519332886,
    0.42219871282577515,
    0.42157232761383057,
    0.4310764968395233,
    0.43065062165260315,
    0.4303317964076996,
    0.44012215733528137,
    0.440013587474823,
    0.4499873220920563,
    1.1504839658737183,
    1.1710482835769653,
    1.1820069551467896,
    1.1932941675186157,
    1.2049237489700317,
    1.2157584428787231,
    1.2277616262435913,
    1.2521066665649414,
    1.265281319618225,
    1.2788803577423096,
    1.2890907526016235,
    1.3176212310791016,
