{
  "step": 1545,
  "timestamp": 49.44,
  "robot_pose_odom": {
    "x": -1.576907397811115,
    "y": 1.1085409565609172,
    "yaw_fused": -2.734894249978301,
    "yaw_imu": -2.7301351291264906
  },
  "lidar_pose_relative_to_robot": {
    "x_offset": 0.0,
    "y_offset": 0.0,
    "yaw_offset": 0.0
  },
  "lidar_meta": {
    "fov": 6.283184,
    "horizontal_resolution": 400,
    "angle_min": -3.141592,
    "angle_increment": 0.015747328320802004
  },
  "ranges": [
    0.5308019518852234,
    0.5304089188575745,
    0.530147135257721,
    0.5300163626670837,
    0.5300163626670837,
    0.530147135257721,
    0.5304089188575745,
    0.5308019518852234,
    0.5313268303871155,
    0.5319840908050537,
    0.5327745676040649,
    0.5336993336677551,
    0.534759521484375,
    0.5359563231468201,
    0.537291407585144,
    1.7649492025375366,
    1.7513478994369507,
    1.7520337104797363,
    1.7313717603683472,
    1.7351521253585815,
    1.7270686626434326,
    null,
    null,
    null,
    null,
    0.9862048029899597,
    0.9699512720108032,
    0.9757256507873535,
    0.9556746482849121,
    0.9404453039169312,
    0.9425456523895264,
    0.9360238313674927,
    null,
    null,
    0.9269036054611206,
    0.9207572340965271,
    0.9129931330680847,
    0.9058012366294861,
    0.898779034614563,
    0.907472550868988,
    0.8948497176170349,
    0.8899904489517212,
    0.8906305432319641,
    0.8849464654922485,
    0.8855175375938416,
    0.8805646300315857,
    0.8792179226875305,
    0.8768582940101624,
    0.8713762164115906,
    0.8738457560539246,
    0.8726070523262024,
    0.8579333424568176,
    0.856862485408783,
    0.8489919900894165,
    0.8978558778762817,
    1.0864670276641846,
    2.074552059173584,
    2.0832066535949707,
    2.0782129764556885,
    2.0810089111328125,
    2.08119535446167,
    2.0889205932617188,
    2.092515707015991,
    2.0914220809936523,
    2.0923476219177246,
    2.0940725803375244,
    2.09837007522583,
    2.1089999675750732,
    2.116486072540283,
    2.11307954788208,
    2.1238441467285156,
    2.139359951019287,
    2.1365809440612793,
    1.473122000694275,
    1.3852425813674927,
    1.2986830472946167,
    1.2444440126419067,
    1.209455132484436,
    1.1381018161773682,
    1.0652339458465576,
    1.0613707304000854,
    1.0400594472885132,
    1.0465481281280518,
    1.053379774093628,
    1.060564637184143,
    1.0681136846542358,
    1.076038122177124,
    1.0843505859375,
    1.093064308166504,
    1.1021934747695923,
    1.111752986907959,
    0.6166879534721375,
    0.607331395149231,
    0.5843886137008667,
    0.5713649392127991,
    0.5772910714149475,
    0.5834869742393494,
    0.5993659496307373,
    0.5967361330986023,
    0.6038159132003784,
    0.6245435476303101,
    0.6189589500427246,
    0.6401185393333435,
    0.6487645506858826,
    0.6578116416931152,
    0.6672816872596741,
    0.6771979928016663,
    0.6875856518745422,
    0.6945666074752808,
    0.704838752746582,
    0.7127522230148315,
    0.722561776638031,
    0.7409635782241821,
    0.7538033723831177,
    0.7556998133659363,
    0.7900819182395935,
    0.8094056248664856,
    0.8233574032783508,
    0.8451845645904541,
    0.8476741313934326,
    0.8811317086219788,
    0.8969413042068481,
    0.9408022165298462,
    0.946195662021637,
    0.9789564609527588,
    1.0122288465499878,
    1.034755825996399,
    1.0678672790527344,
    1.1018234491348267,
    1.150329828262329,
    1.1784225702285767,
    1.2226407527923584,
    1.2662062644958496,
    1.3054876327514648,
    1.2973934412002563,
    1.2897154092788696,
    1.282442331314087,
    1.2755637168884277,
    1.269070029258728,
    1.2629518508911133,
    1.2572011947631836,
    1.2518103122711182,
    1.2467716932296753,
    1.2420786619186401,
    1.237725019454956,
    1.2337052822113037,
    1.2300139665603638,
    1.2266464233398438,
    1.2235984802246094,
    1.220866084098816,
    1.2184456586837769,
    1.216334342956543,
    1.2145297527313232,
    1.213029146194458,
    1.2118308544158936,
    1.2109335660934448,
    1.2103358507156372,
    1.8900583982467651,
    1.8900583982467651,
    1.8905247449874878,
    1.8914583921432495,
    1.8928598165512085,
    1.8947316408157349,
    1.8970755338668823,
    1.8998942375183105,
    1.9031920433044434,
    1.9069726467132568,
    1.9112406969070435,
    1.916001558303833,
    1.9212615489959717,
    1.9270271062850952,
    1.9333062171936035,
    1.9401063919067383,
    1.9474366903305054,
    0.2434382140636444,
    0.22390466928482056,
    0.22294700145721436,
    0.20704223215579987,
    null,
    null,
    null,
    null,
    null,
    null,
    null,
    null,
    null,
    null,
    null,
    null,
    null,
    null,
    null,
    null,
    null,
    null,
    null,
    null,
    null,
    null,
    null,
    null,
    null,
    null,
    null,
    null,
    null,
    null,
    null,
    null,
    null,
    null,
    null,
    null,
    null,
    null,
    null,
    null,
    null,
    null,
    0.5412105917930603,
    0.5356548428535461,
    0.5303415060043335,
    0.5252608060836792,
    0.5204038619995117,
    0.5157618522644043,
    0.5113270282745361,
    0.507091760635376,
    0.503049373626709,
    0.4991929829120636,
    0.49551668763160706,
    0.4920145869255066,
    0.4886814057826996,
    0.4855121076107025,
    0.4965859055519104,
    0.49458715319633484,
    0.4927254319190979,
    0.49099838733673096,
    0.48940378427505493,
    0.477774053812027,
    0.47646600008010864,
    0.47528207302093506,
    0.47422072291374207,
    0.47328057885169983,
    0.47246047854423523,
    0.47175952792167664,
    0.46083641052246094,
    0.4408873915672302,
    0.43018603324890137,
    0.4099489152431488,
    0.3900386393070221,
    0.37998518347740173,
    0.37018507719039917,
    0.3601321578025818,
    0.3503080904483795,
    0.34116625785827637,
    0.33080393075942993,
    0.32109925150871277,
    0.3129177689552307,
    0.3017228841781616,
    0.29202595353126526,
    0.28385210037231445,
    0.2846313416957855,
    0.27294081449508667,
    0.26310548186302185,
    0.2566278278827667,
    0.2575974464416504,
    0.2586384415626526,
    0.23897208273410797,
    0.24006524682044983,
    0.2412281334400177,
    0.23192065954208374,
    0.23317134380340576,
    0.22383490204811096,
    0.22516746819019318,
    0.21578305959701538,
    null,
    null,
    null,
    null,
    null,
    null,
    null,
    null,
    null,
    null,
    null,
    null,
    null,
    null,
    null,
    null,
    null,
    null,
    null,
    null,
    null,
    null,
    null,
    null,
    null,
    null,
    null,
    0.939642071723938,
    0.9397312998771667,
    0.9400468468666077,
    0.9275190234184265,
    0.928438663482666,
    0.9168275594711304,
    0.9183036088943481,
    0.9199686050415039,
    0.9095287322998047,
    0.9116987586021423,
    0.9140445590019226,
    0.9046614766120911,
    0.9074732661247253,
    0.898779571056366,
    0.9020333290100098,
    0.8939871788024902,
    0.8972927927970886,
    0.9014964699745178,
    0.894309937953949,
    0.8985474109649658,
    0.891930103302002,
    0.8965599536895752,
    0.8904861211776733,
    0.895500123500824,
    0.900670051574707,
    0.9062891006469727,
    0.8861478567123413,
    0.8769435286521912,
    0.8698583245277405,
    0.8626899719238281,
    0.8661277890205383,
    0.8310145735740662,
    0.8291160464286804,
    0.821302056312561,
    0.8132848739624023,
    0.805036187171936,
    0.8062841892242432,
    0.7856267690658569,
    0.793775200843811,
    0.7812267541885376,
    0.7714389562606812,
    0.7583522200584412,
    0.7673494219779968,
    0.7512891292572021,
    0.7530125379562378,
    0.740739643573761,
    0.7414451837539673,
    0.7383600473403931,
    0.7217536568641663,
    0.7186591029167175,
    0.7086693048477173,
    0.7156503796577454,
    0.7186591029167175,
    0.708135724067688,
    0.7115105986595154,
