{
  "step": 155,
  "timestamp": 4.96,
  "robot_pose_odom": {
    "x": 4.087292590624508e-09,
    "y": -1.2849464399533572e-09,
    "yaw_fused": -1.6950735985136047,
    "yaw_imu": -1.6596632312885096
  },
  "lidar_pose_relative_to_robot": {
    "x_offset": 0.0,
    "y_offset": 0.0,
    "yaw_offset": 0.0
  },
  "lidar_meta": {
    "fov": 6.283184,
    "horizontal_resolution": 400,
    "angle_min": -3.141592,
    "angle_increment": 0.015747328320802004
  },
  "ranges": [
    0.8615560531616211,
    0.8743284940719604,
    2.1607882976531982,
    2.1765635013580322,
    2.201159715652466,
    0.8302471041679382,
    0.8329444527626038,
    0.8357831239700317,
    0.8266068696975708,
    1.01155686378479,
    1.0742056369781494,
    1.5207774639129639,
    1.7129167318344116,
    2.4667506217956543,
    2.498579740524292,
    2.477095603942871,
    2.467846632003784,
    2.4539976119995117,
    2.44901442527771,
    2.444549083709717,
    2.427272081375122,
    2.4260261058807373,
    null,
    null,
    null,
    2.3977854251861572,
    2.3857882022857666,
    2.3895397186279297,
    2.3824548721313477,
    2.3869237899780273,
    null,
    null,
    null,
    null,
    null,
    null,
    1.9499200582504272,
    1.702712059020996,
    1.4870940446853638,
    1.4228578805923462,
    1.429680347442627,
    1.4340628385543823,
    0.8421998023986816,
    0.7890100479125977,
    0.7562918066978455,
    0.6894482970237732,
    0.6420131921768188,
    0.589958667755127,
    0.5604568719863892,
    0.5192675590515137,
    0.5191973447799683,
    0.49753323197364807,
    0.4766298234462738,
    0.4588143229484558,
    0.43692299723625183,
    0.4180365800857544,
    0.4126392900943756,
    0.3947450518608093,
    0.37738484144210815,
    0.37296006083488464,
    0.35643675923347473,
    0.3403673768043518,
    0.33675312995910645,
    0.33329617977142334,
    0.31820473074913025,
    0.31515634059906006,
    0.300677627325058,
    0.29799559712409973,
    0.29543331265449524,
    0.2817176282405853,
    0.2794717848300934,
    0.26623621582984924,
    0.26427552103996277,
    0.26240772008895874,
    0.2606300413608551,
    0.2481505423784256,
    0.24661198258399963,
    0.2451525181531906,
    0.243770033121109,
    0.23192067444324493,
    0.2307400107383728,
    0.22962763905525208,
    0.22858205437660217,
    0.2172563374042511,
    0.21638187766075134,
    0.21556736528873444,
    0.2148117870092392,
    0.21411414444446564,
    0.2033080905675888,
    0.20275148749351501,
    null,
    null,
    null,
    null,
    null,
    null,
    null,
    null,
    null,
    null,
    null,
    null,
    null,
    null,
    null,
    null,
    null,
    null,
    null,
    null,
    null,
    null,
    null,
    null,
    null,
    null,
    null,
    null,
    null,
    null,
    null,
    null,
    null,
    null,
    null,
    null,
    null,
    null,
    null,
    null,
    null,
    null,
    null,
    null,
    null,
    null,
    null,
    null,
    null,
    null,
    null,
    null,
    null,
    null,
    null,
    null,
    null,
    null,
    null,
    null,
    null,
    null,
    null,
    null,
    null,
    null,
    null,
    null,
    null,
    null,
    null,
    null,
    null,
    null,
    null,
    null,
    null,
    null,
    null,
    null,
    null,
    null,
    null,
    null,
    null,
    0.21122249960899353,
    null,
    0.22516751289367676,
    0.23736143112182617,
    0.23891088366508484,
    0.24054044485092163,
    0.24225258827209473,
    0.25514304637908936,
    0.257114052772522,
    0.2591802179813385,
    0.261344850063324,
    0.2750729024410248,
    0.277548611164093,
    0.2801390290260315,
    0.2828487157821655,
    0.2975859045982361,
    0.3006724417209625,
    0.31605544686317444,
    0.3195640444755554,
    0.3232320547103882,
    0.33964642882347107,
    0.3438102602958679,
    0.36105939745903015,
    0.3657820522785187,
    0.3839626908302307,
    0.3893170952796936,
    0.4085398316383362,
    0.4284314215183258,
    0.45601657032966614,
    0.456016480922699,
    0.4760706126689911,
    0.4856312572956085,
    0.5259379148483276,
    0.5433253645896912,
    0.5839760303497314,
    0.5880650877952576,
    0.6355018615722656,
    0.7005082368850708,
    0.7125205397605896,
    0.8104667067527771,
    0.8517394065856934,
    0.9222568869590759,
    0.9775257706642151,
    1.1265153884887695,
    1.1318650245666504,
    1.129555106163025,
    1.1612266302108765,
    1.181363582611084,
    1.1803443431854248,
    1.2077878713607788,
    1.2261872291564941,
    1.2442001104354858,
    1.2618728876113892,
    1.2618944644927979,
    1.3071565628051758,
    1.335129976272583,
    1.3501240015029907,
    1.3783563375473022,
    1.3884040117263794,
    1.4240680932998657,
    1.451662302017212,
    1.4509724378585815,
    1.5457053184509277,
    1.5498017072677612,
    1.5876264572143555,
    1.648070216178894,
    1.6627333164215088,
    1.715451717376709,
    1.7460695505142212,
    1.7938374280929565,
    1.8435195684432983,
    1.8707202672958374,
    1.9016224145889282,
    1.9354989528656006,
    1.9761923551559448,
    1.1216946840286255,
    1.1208642721176147,
    1.130231261253357,
    1.140008568763733,
    1.1500355005264282,
    1.150319218635559,
    1.1610406637191772,
    1.1719918251037598,
    1.1832691431045532,
    1.194886326789856,
    1.2062820196151733,
    1.2083758115768433,
    1.2198948860168457,
    1.2349441051483154,
    1.2484675645828247,
    1.2624260187149048,
    1.274488925933838,
    1.278641700744629,
    1.3071017265319824,
    1.3229962587356567,
    1.3394290208816528,
    1.3507118225097656,
    1.3740086555480957,
    1.3922064304351807,
    1.4141677618026733,
    1.4305613040924072,
    1.450778841972351,
    1.4717344045639038,
    1.493463158607483,
    1.524680495262146,
    1.5503274202346802,
    1.5746893882751465,
    1.599994421005249,
    1.6262903213500977,
    1.6648976802825928,
    1.6934287548065186,
    1.7192051410675049,
    1.7040116786956787,
    1.108520269393921,
    1.1029447317123413,
    1.085304617881775,
    1.0792524814605713,
    1.0608142614364624,
    1.05413019657135,
    1.0471335649490356,
    1.0397803783416748,
    1.0308387279510498,
    1.023807168006897,
    1.0150762796401978,
    1.005765438079834,
    0.9910554885864258,
    0.9804952144622803,
    0.9874244928359985,
    0.9612508416175842,
    0.4840807020664215,
    0.4837130904197693,
    0.4766300320625305,
    0.4698656499385834,
    0.476643443107605,
    0.4702913463115692,
    0.464219331741333,
    0.49602383375167847,
    0.5495557188987732,
    0.5537509918212891,
    0.6203261017799377,
    0.6345368027687073,
    0.7209656238555908,
    0.7653593420982361,
    0.9249688386917114,
    1.4006953239440918,
    1.387743592262268,
    1.3982877731323242,
    1.386264443397522,
    1.3889204263687134,
    2.536393404006958,
    2.0463006496429443,
    2.004089832305908,
    1.9899256229400635,
    1.9764448404312134,
    2.005115509033203,
    2.037436008453369,
    1.998956322669983,
    1.9914318323135376,
    1.9844517707824707,
    1.9905518293380737,
    2.018497943878174,
    2.3706462383270264,
    2.3776438236236572,
    2.3268587589263916,
    2.2787909507751465,
    2.2339260578155518,
    2.1864349842071533,
    2.136277914047241,
    2.103177547454834,
    2.1016204357147217,
    3.1110284328460693,
    3.0900421142578125,
    3.0299606323242188,
    2.981239080429077,
    2.9329886436462402,
    1.0402445793151855,
    0.9808781743049622,
    0.931755781173706,
    0.8923553228378296,
    0.8529170155525208,
    0.8143605589866638,
    0.7850663661956787,
    0.7649559378623962,
    0.7261620163917542,
    0.6988203525543213,
    0.6910558342933655,
    0.6501024961471558,
    0.6470364332199097,
    0.6207322478294373,
    0.6083380579948425,
    null,
    null,
    0.6219689846038818,
    0.6253231167793274,
    0.6288694739341736,
    0.6326133608818054,
