{
  "step": 640,
  "timestamp": 20.48,
  "robot_pose_odom": {
    "x": -2.3011654221882627,
    "y": -1.0490952911363352,
    "yaw_fused": 2.6170507562625582,
    "yaw_imu": 2.6123073622974076
  },
  "lidar_pose_relative_to_robot": {
    "x_offset": 0.0,
    "y_offset": 0.0,
    "yaw_offset": 0.0
  },
  "lidar_meta": {
    "fov": 6.283184,
    "horizontal_resolution": 400,
    "angle_min": -3.141592,
    "angle_increment": 0.015747328320802004
  },
  "ranges": [
    0.5753270387649536,
    0.5666353106498718,
    0.5583380460739136,
    0.5369892716407776,
    0.5296038389205933,
    0.5225459337234497,
    0.5029042959213257,
    0.496614933013916,
    0.4906005561351776,
    0.484848290681839,
    0.4670552611351013,
    0.4619273543357849,
    0.4570222795009613,
    0.45233073830604553,
    0.4360586106777191,
    0.4318810999393463,
    0.42788761854171753,
    0.4240708649158478,
    0.40906161069869995,
    0.40567341446876526,
    0.4024394750595093,
    0.39935439825057983,
    null,
    null,
    null,
    0.37762054800987244,
    0.36209389567375183,
    0.36063647270202637,
    0.35927894711494446,
    0.3580196499824524,
    0.35685691237449646,
    0.3437078595161438,
    null,
    null,
    0.3440247178077698,
    0.33230337500572205,
    0.3317275643348694,
    0.3312353789806366,
    0.33082613348960876,
    0.3304993212223053,
    0.33025461435317993,
    0.32008883357048035,
    0.32000988721847534,
    0.32000988721847534,
    0.32008883357048035,
    0.3202469050884247,
    0.3204841911792755,
    0.31077608466148376,
    0.31116053462028503,
    0.31162288784980774,
    0.312163770198822,
    0.3127838969230652,
    0.30337151885032654,
    0.30412721633911133,
    0.3049621284008026,
    0.30587729811668396,
    0.30687397718429565,
    0.3079533874988556,
    0.309116929769516,
    0.31036612391471863,
    0.3013126254081726,
    0.30269095301628113,
    0.30415719747543335,
    0.29517173767089844,
    0.29676353931427,
    0.29844656586647034,
    0.28950101137161255,
    0.29130712151527405,
    0.28234919905662537,
    0.28427499532699585,
    0.2862984240055084,
    0.27732935547828674,
    0.279471755027771,
    0.28171753883361816,
    0.27270758152008057,
    0.2750728130340576,
    0.2659839689731598,
    0.26846644282341003,
    0.2710632383823395,
    0.2737789452075958,
    0.2645917534828186,
    0.26743149757385254,
    0.2704003155231476,
    0.261072039604187,
    0.2641693949699402,
    0.26740792393684387,
    0.2578994929790497,
    0.2612727880477905,
    null,
    null,
    null,
    null,
    null,
    null,
    null,
    null,
    null,
    null,
    null,
    null,
    0.2546743154525757,
    0.2515900135040283,
    0.26107215881347656,
    0.2581094801425934,
    0.2552756369113922,
    0.26459184288978577,
    0.2618756890296936,
    0.2592780888080597,
    0.25679415464401245,
    0.2659841775894165,
    0.2636116147041321,
    0.26134490966796875,
    0.2704489529132843,
    0.26829299330711365,
    0.266236275434494,
    0.26427558064460754,
    0.27334144711494446,
    0.271489679813385,
    0.26972895860671997,
    0.2787788212299347,
    0.2805180549621582,
    0.28234922885894775,
    0.2842750549316406,
    0.2862985134124756,
    0.2884225845336914,
    0.2906506657600403,
    0.29298633337020874,
    0.29543331265449524,
    0.29045096039772034,
    0.30067765712738037,
    0.3034839332103729,
    0.3064194321632385,
    0.30948933959007263,
    0.3126993179321289,
    0.31605544686317444,
    0.3195640444755554,
    0.31080007553100586,
    0.3144874572753906,
    0.3183428645133972,
    0.33526942133903503,
    0.33965474367141724,
    0.3310023248195648,
    0.3490429222583771,
    0.34044986963272095,
    0.35932955145835876,
    0.3438279330730438,
    0.3648413419723511,
    0.35932955145835876,
    0.36768582463264465,
    0.37589243054389954,
    0.3839626610279083,
    0.39190927147865295,
    0.39974433183670044,
    0.4080705940723419,
    0.4151233434677124,
    0.42553335428237915,
    0.44247323274612427,
    0.43761515617370605,
    0.45385387539863586,
    0.4663257896900177,
    0.47832047939300537,
    0.48987987637519836,
    0.4935062825679779,
    0.5196781754493713,
    0.5336828827857971,
    0.543767511844635,
    0.5647678971290588,
    0.5794227123260498,
    0.5947170257568359,
    0.6167871952056885,
    0.6385328769683838,
    0.6598073244094849,
    0.6917943954467773,
    0.7176841497421265,
    0.7426973581314087,
    0.7648749947547913,
    0.8157535791397095,
    0.8237388134002686,
    0.854060173034668,
    0.996756374835968,
    1.0058034658432007,
    1.1086986064910889,
    1.1758577823638916,
    1.2227598428726196,
    1.3489115238189697,
    1.4373036623001099,
    1.5269700288772583,
    1.5235601663589478,
    1.5205397605895996,
    1.5179049968719482,
    1.5156528949737549,
    1.5137803554534912,
    1.512284755706787,
    1.5111651420593262,
    1.510419249534607,
    1.5100466012954712,
    1.5100466012954712,
    1.510419249534607,
    1.5111651420593262,
    1.512284755706787,
    1.5137803554534912,
    1.5156528949737549,
    1.5179049968719482,
    1.5205397605895996,
    1.5235601663589478,
    1.5269700288772583,
    1.5307737588882446,
    1.5349762439727783,
    1.5395824909210205,
    1.544599175453186,
    1.5500320196151733,
    1.5455846786499023,
    1.5518306493759155,
    1.5585136413574219,
    1.1773607730865479,
    1.0981402397155762,
    1.0604254007339478,
    1.0185267925262451,
    0.9853354096412659,
    0.924482524394989,
    0.8926089406013489,
    0.8448652625083923,
    0.815521240234375,
    0.7927299737930298,
    0.7816769480705261,
    0.7382758259773254,
    0.7156684398651123,
    0.6938700079917908,
    0.6723044514656067,
    0.6513818502426147,
    0.6423479914665222,
    0.6197450160980225,
    0.6091672778129578,
    0.6045131087303162,
    0.5680867433547974,
    0.5624933242797852,
    0.5441626310348511,
    0.5366005897521973,
    0.5220821499824524,
    0.5209031701087952,
    0.5055943131446838,
    0.5031233429908752,
    0.48329004645347595,
    0.4766296446323395,
    0.46989232301712036,
    0.45608603954315186,
    0.45608779788017273,
    0.4560723304748535,
    0.44939398765563965,
    0.4430161416530609,
    0.43692317605018616,
    0.41414809226989746,
    0.4255343973636627,
    0.42021262645721436,
    0.4025440514087677,
    0.397824227809906,
    0.39330971240997314,
    0.3979039788246155,
    0.4000566303730011,
    0.38091009855270386,
    0.37713176012039185,
    0.37351879477500916,
    0.37006494402885437,
    0.36676397919654846,
    0.36361032724380493,
    0.3605985939502716,
    0.35772398114204407,
    0.3686528205871582,
    0.37434154748916626,
    0.3804270923137665,
    0.3931284546852112,
    2.1213464736938477,
    2.3148598670959473,
    2.2362189292907715,
    2.3117713928222656,
    1.05771803855896,
    1.051882028579712,
    1.0460420846939087,
    1.0401808023452759,
    1.044989824295044,
    1.036720871925354,
    1.033646821975708,
    1.027606725692749,
    1.0214463472366333,
    1.0158675909042358,
    1.0135411024093628,
    1.0138837099075317,
    1.0070910453796387,
    1.008946180343628,
    1.0049664974212646,
    1.006992220878601,
    1.0020416975021362,
    0.9932296872138977,
    0.9929133057594299,
    1.0059006214141846,
    0.9930069446563721,
    0.9934298992156982,
    0.9987300634384155,
    0.9950664639472961,
    0.9962975382804871,
    0.9962975382804871,
    0.9950664639472961,
    0.9894970655441284,
    1.0068546533584595,
    1.0067285299301147,
    0.9536458849906921,
    0.9413333535194397,
    0.9550282955169678,
    0.9265647530555725,
    0.9352454543113708,
    0.934110164642334,
    0.9392545223236084,
    0.9469566345214844,
    0.952274739742279,
    0.9497349858283997,
    0.9567781686782837,
    0.9598554968833923,
    0.9588384628295898,
    0.965470016002655,
    0.9662389755249023,
    0.9783861041069031,
