{
  "step": 470,
  "timestamp": 15.040000000000001,
  "robot_pose_odom": {
    "x": -1.0696450694764457,
    "y": -1.048845711982742,
    "yaw_fused": -3.087545267460641,
    "yaw_imu": -3.0818752507739324
  },
  "lidar_pose_relative_to_robot": {
    "x_offset": 0.0,
    "y_offset": 0.0,
    "yaw_offset": 0.0
  },
  "lidar_meta": {
    "fov": 6.283184,
    "horizontal_resolution": 400,
    "angle_min": -3.141592,
    "angle_increment": 0.015747328320802004
  },
  "ranges": [
    0.7099285125732422,
    0.7042691111564636,
    0.6988701820373535,
    0.6937233805656433,
    0.6888204216957092,
    0.6841539740562439,
    0.645681619644165,
    0.6055987477302551,
    0.6025243997573853,
    0.5451624393463135,
    0.5402511954307556,
    0.5174909830093384,
    0.5128639340400696,
    0.48651573061943054,
    0.47041597962379456,
    0.45414304733276367,
    0.4430767893791199,
    0.42411932349205017,
    0.41984501481056213,
    0.40760818123817444,
    0.39281338453292847,
    0.3968876004219055,
    null,
    null,
    null,
    0.3604874014854431,
    0.3438102602958679,
    0.33526942133903503,
    0.33965474367141724,
    0.3310023248195648,
    0.3221934735774994,
    0.31321385502815247,
    0.304048091173172,
    0.3087119162082672,
    0.29467955231666565,
    0.2978699803352356,
    0.2995958924293518,
    0.2953440248966217,
    0.2912820279598236,
    0.28740015625953674,
    0.2836895287036896,
    0.26740792393684387,
    0.2641693949699402,
    0.27065885066986084,
    0.2732895016670227,
    0.2585197687149048,
    0.2645917534828186,
    0.26187556982040405,
    0.25927796959877014,
    0.24512159824371338,
    0.2428549975156784,
    0.240688756108284,
    0.23861920833587646,
    0.23664280772209167,
    0.22940173745155334,
    0.24662747979164124,
    0.23124107718467712,
    0.2296067625284195,
    0.2345723658800125,
    0.2419215589761734,
    0.22238260507583618,
    0.23449371755123138,
    0.23317134380340576,
    0.22293880581855774,
    0.22801882028579712,
    0.21919000148773193,
    0.2181919515132904,
    0.2172563374042511,
    0.21638187766075134,
    0.21556736528873444,
    0.2148117870092392,
    0.21411414444446564,
    0.21347349882125854,
    0.2245728224515915,
    0.21236006915569305,
    0.21188585460186005,
    0.2114657759666443,
    0.21109935641288757,
    0.21078616380691528,
    0.2105257362127304,
    0.22055451571941376,
    0.21001628041267395,
    0.22014354169368744,
    0.2100064754486084,
    0.2100064754486084,
    0.2100583016872406,
    0.21016204357147217,
    0.21031774580478668,
    0.22023573517799377,
    0.21078616380691528,
    0.21109935641288757,
    0.2114657759666443,
    0.21188585460186005,
    0.21236006915569305,
    0.21288906037807465,
    0.21347349882125854,
    0.21411412954330444,
    0.2148117870092392,
    0.21556736528873444,
    0.21638184785842896,
    0.22274714708328247,
    0.21819190680980682,
    0.21919000148773193,
    0.22025176882743835,
    0.22137880325317383,
    0.22257263958454132,
    0.22383490204811096,
    0.22516746819019318,
    0.2265722155570984,
    0.22805127501487732,
    0.2296067327260971,
    0.23124101758003235,
    0.2329566478729248,
    0.2347562611103058,
    0.2366427183151245,
    0.2386191338300705,
    0.24068871140480042,
    0.24285492300987244,
    0.2451215535402298,
    0.24749250710010529,
    0.24997207522392273,
    0.25256484746932983,
    0.25527551770210266,
    0.2581093907356262,
    0.261072039604187,
    0.2641693949699402,
    0.26740792393684387,
    0.27079445123672485,
    0.27433645725250244,
    0.2780418395996094,
    0.2819192111492157,
    0.2859777808189392,
    0.29022759199142456,
    0.2946794331073761,
    0.3016599714756012,
    0.30404824018478394,
    0.3132140040397644,
    0.32219356298446655,
    0.3177623152732849,
    0.32659122347831726,
    0.3352695107460022,
    0.3438103199005127,
    0.35222604870796204,
    0.34809622168540955,
    0.35643690824508667,
    0.3646794855594635,
    0.3728339672088623,
    0.3690066635608673,
    0.37713176012039185,
    0.3851912319660187,
    0.38162946701049805,
    0.40114811062812805,
    0.3976988196372986,
    0.4028039872646332,
    0.4247972369194031,
    0.4215407371520996,
    0.42939892411231995,
    0.4350953698158264,
    0.44958117604255676,
    0.4684944450855255,
    0.4655492901802063,
    0.47177955508232117,
    0.47472286224365234,
    0.49954092502593994,
    0.5029481649398804,
    0.5175882577896118,
    0.5324724912643433,
    0.5365858674049377,
    0.5605656504631042,
    0.5795037746429443,
    0.5845299363136292,
    0.6091516613960266,
    0.6299492716789246,
    0.6530745029449463,
    0.6764041781425476,
    0.7007283568382263,
    0.7326027750968933,
    0.7526357173919678,
    0.7803709506988525,
    0.8007698059082031,
    0.8537504076957703,
    0.8975446820259094,
    0.9236306548118591,
    0.9934886693954468,
    1.0423811674118042,
    1.1074424982070923,
    1.2009079456329346,
    1.2488800287246704,
    1.2698934078216553,
    1.2976504564285278,
    1.302711009979248,
    1.3472200632095337,
    1.3764879703521729,
    1.4030975103378296,
    1.4286555051803589,
    1.450459361076355,
    1.5055958032608032,
    1.5252400636672974,
    1.564570665359497,
    1.6021655797958374,
    1.6502071619033813,
    1.672108769416809,
    1.7365015745162964,
    1.787339210510254,
    1.842267632484436,
    1.933631420135498,
    1.963919758796692,
    1.9914811849594116,
    2.097682476043701,
    2.214492082595825,
    2.257693290710449,
    2.3108584880828857,
    2.371781349182129,
    2.6565768718719482,
    2.707162380218506,
    2.7179954051971436,
    2.7026679515838623,
    2.68817138671875,
    2.68225359916687,
    2.6653499603271484,
    2.6598639488220215,
    1.2725014686584473,
    1.267379641532898,
    1.2626088857650757,
    1.40207839012146,
    1.5418819189071655,
    1.7219442129135132,
    1.9398798942565918,
    2.241502523422241,
    2.6031689643859863,
    2.598008155822754,
    2.593506336212158,
    2.589658498764038,
    2.586458921432495,
    2.593918800354004,
    2.59199857711792,
    2.590718984603882,
    2.5900797843933105,
    2.6000802516937256,
    2.600721836090088,
    2.602006196975708,
    2.6039340496063232,
    2.60650897026062,
    2.6197707653045654,
    2.6236634254455566,
    2.6282174587249756,
    2.6334383487701416,
    2.6393322944641113,
    2.645906925201416,
    2.6633360385894775,
    2.671328544616699,
    2.680032730102539,
    2.6894595623016357,
    1.4241679906845093,
    1.3523192405700684,
    1.2291369438171387,
    0.9857266545295715,
    0.9416120648384094,
    0.9019184708595276,
    0.8698821067810059,
    0.8385015726089478,
    0.8232458829879761,
    0.7784882187843323,
    0.7406340837478638,
    0.737057626247406,
    0.7156496047973633,
    0.6937152147293091,
    0.6926195621490479,
    0.6451860666275024,
    0.6359485983848572,
    0.6342914700508118,
    0.6051236987113953,
    0.5956581830978394,
    0.5726035237312317,
    0.5573691129684448,
    0.5500690340995789,
    0.5316187739372253,
    0.5256205201148987,
    0.522144079208374,
    0.5200769305229187,
    0.4966147243976593,
    0.4951132535934448,
    0.48724234104156494,
    0.4766431450843811,
    0.4698653519153595,
    0.46301165223121643,
    0.4422515630722046,
    0.44903531670570374,
    0.4350033700466156,
    0.42843160033226013,
    0.42215803265571594,
    0.4161667227745056,
    0.4236830770969391,
    0.4049731194972992,
    0.41263940930366516,
    0.407478928565979,
    0.4025440514087677,
    0.397824227809906,
    0.39330971240997314,
    0.38899147510528564,
    0.3848608732223511,
    0.38091009855270386,
    0.37713176012039185,
    0.37351879477500916,
    0.37006494402885437,
    0.36676397919654846,
    0.36361032724380493,
    0.3605985939502716,
    0.35772398114204407,
    0.3549816906452179,
    0.35236743092536926,
    0.3498770296573639,
