{
  "step": 940,
  "timestamp": 30.080000000000002,
  "robot_pose_odom": {
    "x": -3.428848193392536,
    "y": -0.3110529189549038,
    "yaw_fused": 1.267634338257951,
    "yaw_imu": 1.2753818949353575
  },
  "lidar_pose_relative_to_robot": {
    "x_offset": 0.0,
    "y_offset": 0.0,
    "yaw_offset": 0.0
  },
  "lidar_meta": {
    "fov": 6.283184,
    "horizontal_resolution": 400,
    "angle_min": -3.141592,
    "angle_increment": 0.015747328320802004
  },
  "ranges": [
    0.3912605047225952,
    0.39935430884361267,
    0.39641326665878296,
    0.3936115801334381,
    0.39094504714012146,
    0.3884095549583435,
    0.3860013484954834,
    0.38371697068214417,
    0.3921518325805664,
    0.39004841446876526,
    0.3880627453327179,
    0.3861919343471527,
    0.38443344831466675,
    0.39313051104545593,
    0.39154815673828125,
    0.3900742828845978,
    0.38870707154273987,
    0.3874446451663971,
    0.3862853944301605,
    0.38522782921791077,
    0.3943829834461212,
    0.39350229501724243,
    null,
    null,
    null,
    null,
    0.4006052315235138,
    0.40030863881111145,
    0.40011101961135864,
    0.4000123143196106,
    0.4000123143196106,
    0.4100314974784851,
    null,
    null,
    0.4110264480113983,
    0.4115349054336548,
    0.4121463894844055,
    0.3919681906700134,
    0.3843836784362793,
    0.3628126382827759,
    0.35326915979385376,
    0.347539484500885,
    0.33411628007888794,
    0.324480265378952,
    0.321650892496109,
    0.3050195574760437,
    0.29516592621803284,
    0.2909225523471832,
    0.28557270765304565,
    0.27541401982307434,
    0.2635461986064911,
    0.2649674415588379,
    0.25581133365631104,
    0.25733423233032227,
    0.2481505274772644,
    0.23891086876392365,
    0.24054040014743805,
    0.23124101758003235,
    0.2329566478729248,
    0.22893160581588745,
    null,
    null,
    null,
    null,
    null,
    null,
    null,
    null,
    null,
    null,
    null,
    null,
    null,
    null,
    null,
    null,
    null,
    null,
    null,
    null,
    null,
    null,
    null,
    null,
    null,
    null,
    null,
    null,
    null,
    null,
    null,
    null,
    null,
    null,
    null,
    null,
    null,
    null,
    null,
    null,
    null,
    null,
    null,
    null,
    null,
    null,
    null,
    null,
    null,
    null,
    null,
    null,
    null,
    null,
    null,
    null,
    null,
    null,
    null,
    null,
    null,
    null,
    null,
    null,
    null,
    null,
    null,
    null,
    null,
    null,
    null,
    null,
    null,
    null,
    null,
    null,
    null,
    null,
    null,
    null,
    null,
    null,
    null,
    null,
    null,
    null,
    null,
    null,
    null,
    null,
    null,
    null,
    null,
    null,
    null,
    null,
    null,
    null,
    null,
    null,
    null,
    null,
    null,
    null,
    null,
    null,
    null,
    null,
    null,
    null,
    null,
    null,
    null,
    null,
    null,
    0.2859780192375183,
    0.28191938996315,
    0.30452221632003784,
    0.3004639148712158,
    0.31458282470703125,
    0.318342924118042,
    0.3270670473575592,
    0.33281955122947693,
    0.353547066450119,
    0.36143600940704346,
    0.3728339672088623,
    0.3788190186023712,
    0.40760770440101624,
    0.4205726683139801,
    0.4241200387477875,
    0.46237218379974365,
    0.47649821639060974,
    0.5015619397163391,
    0.5258761048316956,
    0.5598148107528687,
    0.5837550759315491,
    0.6190375685691833,
    0.6277012228965759,
    0.7411161065101624,
    0.7938656210899353,
    0.8125234246253967,
    0.9925324320793152,
    1.0653880834579468,
    1.1557676792144775,
    1.2584527730941772,
    1.3666400909423828,
    1.9167288541793823,
    2.171678304672241,
    2.5329630374908447,
    2.555760145187378,
    2.57961368560791,
    2.604565143585205,
    2.618756055831909,
    2.6459176540374756,
    2.6743154525756836,
    2.7040035724639893,
    2.7350406646728516,
    2.7674896717071533,
    2.7886836528778076,
    2.824000358581543,
    2.86093807220459,
    2.886340379714966,
    2.92659068107605,
    2.9687230587005615,
    2.0515928268432617,
    2.0627567768096924,
    2.076789379119873,
    1.971598744392395,
    1.8518157005310059,
    1.765760064125061,
    1.2180883884429932,
    1.2188067436218262,
    1.2226061820983887,
    1.358955979347229,
    1.552344560623169,
    1.5905532836914062,
    1.9911296367645264,
    1.9692683219909668,
    1.9781016111373901,
    1.9836899042129517,
    2.9061050415039062,
    2.894406318664551,
    2.8795664310455322,
    2.8614258766174316,
    2.8524372577667236,
    4.952910900115967,
    4.998364448547363,
    5.073953628540039,
    4.228505611419678,
    4.181158542633057,
    4.128798007965088,
    3.1794629096984863,
    3.109872579574585,
    3.033033609390259,
    0.31769809126853943,
    0.30571362376213074,
    0.3041572868824005,
    0.30269095301628113,
    0.290922611951828,
    0.2793295681476593,
    0.2782052457332611,
    0.2771580219268799,
    0.2864157259464264,
    0.28548553586006165,
    0.29479673504829407,
    0.2939896583557129,
    0.30337151885032654,
    0.30269405245780945,
    0.3114096522331238,
    0.321099191904068,
    0.3312353789806366,
    0.33082613348960876,
    0.3402928411960602,
    0.3501242995262146,
    0.36018240451812744,
    0.36998480558395386,
    0.3800382912158966,
    0.39010825753211975,
    0.3903009295463562,
    0.4108418822288513,
    0.42136651277542114,
    0.4311783015727997,
    0.44287940859794617,
    0.4523869752883911,
    0.4751918911933899,
    0.48416125774383545,
    0.5099706053733826,
    0.5324324369430542,
    0.5458816289901733,
    0.5785354375839233,
    0.6022412776947021,
    0.6100391149520874,
    0.6614782214164734,
    0.6924942135810852,
    0.7523419260978699,
    0.7757281064987183,
    0.8390465378761292,
    0.8807437419891357,
    0.9320681691169739,
    1.0246007442474365,
    1.0515553951263428,
    2.7626471519470215,
    2.7009360790252686,
    2.6540069580078125,
    2.5940089225769043,
    2.5443689823150635,
    2.478902578353882,
    2.4528915882110596,
    2.445474624633789,
    2.301856517791748,
    2.2743136882781982,
    2.263612747192383,
    2.153079032897949,
    2.092034101486206,
    2.043025016784668,
    2.014977216720581,
    1.947928547859192,
    1.9376156330108643,
    1.8608973026275635,
    1.8155049085617065,
    1.8105577230453491,
    1.7467291355133057,
    1.7136164903640747,
    1.6657785177230835,
    1.6569806337356567,
    1.599757432937622,
    1.5996897220611572,
    1.5755226612091064,
    1.4751304388046265,
    1.414343237876892,
    1.323045253753662,
    1.2618876695632935,
    1.2223347425460815,
    1.1448522806167603,
    1.0900980234146118,
    1.0510313510894775,
    1.010745882987976,
    0.987878143787384,
    0.9349294900894165,
    0.902570366859436,
    0.8672370910644531,
    0.8524537682533264,
    0.8364136815071106,
    0.7947521209716797,
    0.7726719975471497,
    0.7662720084190369,
    0.7319818139076233,
    0.7099633812904358,
    0.7047348618507385,
    0.6865695714950562,
    0.6689562797546387,
    0.6519100666046143,
    0.6152419447898865,
    0.6405506134033203,
    0.6319997906684875,
    0.6146581768989563,
    0.6036021709442139,
    0.5945712924003601,
    0.5853605270385742,
    0.5759467482566833,
    0.5605656504631042,
    0.5564084053039551,
    0.5462291240692139,
    0.5357362627983093,
    0.5252606868743896,
    0.5303413271903992,
    null,
    0.5139882564544678,
    0.4983951151371002,
    0.5039278864860535,
    0.48484811186790466,
    0.4906004071235657,
    0.4838811457157135,
    0.477114200592041,
    0.4702911674976349,
    0.46340325474739075,
    0.4564407467842102,
    0.4493938088417053,
    0.4560721218585968,
    0.44903552532196045,
    0.44903552532196045,
    0.4422517716884613,
    0.4357758164405823,
    0.4295913279056549,
