{
  "step": 320,
  "timestamp": 10.24,
  "robot_pose_odom": {
    "x": -0.4104614603151989,
    "y": -0.7133601875569519,
    "yaw_fused": -2.093730252962429,
    "yaw_imu": -2.0937448375877756
  },
  "lidar_pose_relative_to_robot": {
    "x_offset": 0.0,
    "y_offset": 0.0,
    "yaw_offset": 0.0
  },
  "lidar_meta": {
    "fov": 6.283184,
    "horizontal_resolution": 400,
    "angle_min": -3.141592,
    "angle_increment": 0.015747328320802004
  },
  "ranges": [
    null,
    null,
    3.1402437686920166,
    2.5841636657714844,
    2.262408971786499,
    1.627051830291748,
    1.4383639097213745,
    1.2896993160247803,
    1.170636773109436,
    1.0723726749420166,
    0.9906051754951477,
    0.9137392640113831,
    0.8553726673126221,
    0.8038250207901001,
    0.8001887202262878,
    0.6821040511131287,
    0.6688410639762878,
    0.6374547481536865,
    0.6040056347846985,
    0.5824024677276611,
    0.5672793388366699,
    0.5444670915603638,
    null,
    null,
    null,
    null,
    0.4411495625972748,
    0.4306217133998871,
    0.41407182812690735,
    0.40869224071502686,
    0.3972316384315491,
    0.37786048650741577,
    null,
    null,
    0.35919517278671265,
    0.3456117808818817,
    0.3403673768043518,
    0.331854909658432,
    0.3232320249080658,
    0.3270668387413025,
    0.31834277510643005,
    0.30947938561439514,
    0.3004637062549591,
    0.29128193855285645,
    0.29534393548965454,
    0.2859777808189392,
    0.2764072120189667,
    null,
    null,
    null,
    null,
    null,
    null,
    null,
    null,
    null,
    null,
    null,
    null,
    null,
    null,
    null,
    null,
    null,
    null,
    null,
    null,
    null,
    null,
    null,
    null,
    null,
    null,
    null,
    0.20691078901290894,
    0.2060779631137848,
    0.20530225336551666,
    0.20458266139030457,
    null,
    null,
    null,
    null,
    null,
    null,
    null,
    null,
    null,
    null,
    null,
    null,
    null,
    null,
    null,
    null,
    null,
    null,
    null,
    null,
    null,
    null,
    null,
    null,
    null,
    null,
    null,
    null,
    null,
    null,
    null,
    null,
    null,
    null,
    null,
    null,
    null,
    null,
    null,
    null,
    null,
    null,
    null,
    null,
    null,
    null,
    null,
    null,
    null,
    null,
    null,
    null,
    null,
    null,
    null,
    null,
    null,
    null,
    null,
    null,
    null,
    null,
    null,
    null,
    null,
    null,
    null,
    null,
    0.2743366062641144,
    0.2707946300506592,
    0.28014177083969116,
    0.27674904465675354,
    0.285936176776886,
    0.29498228430747986,
    0.29174360632896423,
    0.3006725609302521,
    0.3094894587993622,
    0.3230850398540497,
    0.3268289566040039,
    0.32380685210227966,
    0.33237984776496887,
    0.3412548303604126,
    0.3521993160247803,
    0.35772398114204407,
    0.3549816906452179,
    0.3633789122104645,
    0.36081069707870483,
    0.35836637020111084,
    0.36683139204978943,
    0.3645569384098053,
    0.36683130264282227,
    0.3692259192466736,
    0.3717443346977234,
    0.3743903636932373,
    0.3771679997444153,
    0.3800816833972931,
    0.38313597440719604,
    0.3863358795642853,
    0.38968661427497864,
    0.3931938707828522,
    0.3968636393547058,
    0.4007023572921753,
    0.4047168493270874,
    0.4089145362377167,
    0.4011472761631012,
    0.40560048818588257,
    0.4102560877799988,
    0.41512343287467957,
    0.4202125668525696,
    0.42553427815437317,
    0.4311002492904663,
    0.4369230568408966,
    0.443015992641449,
    0.4493938088417053,
    0.4560721218585968,
    0.4630678594112396,
    0.47004881501197815,
    0.4698925316333771,
    0.4766298234462738,
    0.4967149794101715,
    0.5031234622001648,
    0.5055941343307495,
    0.5157991051673889,
    0.522674024105072,
    0.5452362895011902,
    0.5470081567764282,
    0.5502023696899414,
    0.5559307336807251,
    0.5741228461265564,
    0.5811764597892761,
    0.607959508895874,
    0.6182768940925598,
    0.6207160949707031,
    0.6572146415710449,
    0.6700367331504822,
    0.6732526421546936,
    0.7047386169433594,
    0.7295718789100647,
    0.7378177046775818,
    0.7698583602905273,
    0.7732130885124207,
    0.8216446042060852,
    0.8526282906532288,
    0.8811365962028503,
    0.9106994271278381,
    0.9335445761680603,
    0.9862857460975647,
    0.9974214434623718,
    1.068107008934021,
    1.116683006286621,
    1.1211355924606323,
    1.1702560186386108,
    1.1882518529891968,
    1.2305564880371094,
    1.2528464794158936,
    1.2914248704910278,
    1.339768409729004,
    1.376098871231079,
    1.4160710573196411,
    1.4705233573913574,
    1.5231009721755981,
    1.5858464241027832,
    1.6438112258911133,
    1.7123396396636963,
    1.7898372411727905,
    1.8702707290649414,
    1.9701669216156006,
    2.010805130004883,
    2.042011022567749,
    2.073796510696411,
    2.1062023639678955,
    2.139268398284912,
    2.16957950592041,
    2.2176177501678467,
    2.247112512588501,
    2.299211025238037,
    2.3270044326782227,
    0.45552754402160645,
    0.448620080947876,
    0.45008185505867004,
    0.44139984250068665,
    0.4430675804615021,
    0.43451255559921265,
    0.45145121216773987,
    0.45549827814102173,
    0.4692467451095581,
    0.4864851236343384,
    0.49813878536224365,
    0.5009638667106628,
    0.5281754732131958,
    0.5440176725387573,
    0.56035977602005,
    0.5772322416305542,
    0.5945715308189392,
    0.6237951517105103,
    0.6318413615226746,
    0.6789921522140503,
    0.7048637270927429,
    0.7181499004364014,
    0.7823601961135864,
    0.8061254024505615,
    0.8270024061203003,
    0.9088453054428101,
    0.9406202435493469,
    1.0429906845092773,
    1.0729337930679321,
    1.189576506614685,
    1.2752201557159424,
    1.3758325576782227,
    1.3719713687896729,
    1.3677945137023926,
    1.3632478713989258,
    1.3582712411880493,
    1.3617990016937256,
    1.3605742454528809,
    1.3401243686676025,
    1.354087471961975,
    1.3605740070343018,
    1.348181962966919,
    1.3582711219787598,
    1.3637299537658691,
    1.3547307252883911,
    1.3590762615203857,
    1.3630987405776978,
    1.358586072921753,
    1.3579336404800415,
    1.361403226852417,
    1.3647135496139526,
    1.3678981065750122,
    1.3709867000579834,
    0.8956879377365112,
    0.8871071338653564,
    0.8942363858222961,
    0.9054485559463501,
    0.8976629972457886,
    0.8986270427703857,
    0.9113127589225769,
    0.9207337498664856,
    0.9139530062675476,
    0.9206781387329102,
    0.9274030327796936,
    0.9386568069458008,
    0.9365890026092529,
    0.9435591101646423,
    0.9494457244873047,
    0.9556435346603394,
    0.9621617794036865,
    0.9690103530883789,
    0.9761995077133179,
    0.9837408065795898,
    0.9916460514068604,
    0.9999281167984009,
    1.0086007118225098,
    1.0176782608032227,
    1.0271764993667603,
    1.0371118783950806,
    1.0475023984909058,
    1.0583670139312744,
    1.0697261095046997,
    1.0816013813018799,
    1.0748428106307983,
    1.0480417013168335,
    1.0308393239974976,
    1.0007045269012451,
    0.9889488816261292,
    0.9802486300468445,
    0.9555293917655945,
    0.9350250959396362,
    0.9183224439620972,
    0.8910899758338928,
    0.8980710506439209,
    0.8845035433769226,
    0.8715516328811646,
    0.8591826558113098,
    0.8473658561706543,
    0.8360731601715088,
    0.8252785801887512,
    0.8149574995040894,
    0.8050877451896667,
    0.7956481575965881,
    0.7866190671920776,
    0.7779825329780579,
    0.7697214484214783,
    0.7716314196586609,
    0.8062840104103088,
    1.2839703559875488,
    1.2720977067947388,
    null,
    null,
    1.2395576238632202,
    1.2296758890151978,
    1.2202492952346802,
    1.2223228216171265,
    1.2509392499923706,
    1.2510348558425903,
    1.3025964498519897,
