{
  "step": 740,
  "timestamp": 23.68,
  "robot_pose_odom": {
    "x": -2.744740702910458,
    "y": -0.8816259790117007,
    "yaw_fused": 2.773783537883077,
    "yaw_imu": 2.7787138674149565
  },
  "lidar_pose_relative_to_robot": {
    "x_offset": 0.0,
    "y_offset": 0.0,
    "yaw_offset": 0.0
  },
  "lidar_meta": {
    "fov": 6.283184,
    "horizontal_resolution": 400,
    "angle_min": -3.141592,
    "angle_increment": 0.015747328320802004
  },
  "ranges": [
    1.2396451234817505,
    1.1793303489685059,
    1.1324251890182495,
    1.0986734628677368,
    1.062705159187317,
    1.0173802375793457,
    1.003350019454956,
    0.9812465310096741,
    0.953260064125061,
    0.9263065457344055,
    0.9003265500068665,
    0.8752644062042236,
    0.8639637231826782,
    0.8404252529144287,
    0.8176676034927368,
    0.8080804944038391,
    0.7866194248199463,
    0.7779829502105713,
    0.7576948404312134,
    0.7499167919158936,
    0.7306928038597107,
    null,
    null,
    null,
    null,
    0.6732528805732727,
    0.647905707359314,
    0.6049688458442688,
    0.5836573839187622,
    0.5708010792732239,
    0.5386412143707275,
    null,
    null,
    null,
    0.4656020700931549,
    0.44090479612350464,
    0.42866361141204834,
    0.41838765144348145,
    0.4130253195762634,
    0.3970847725868225,
    0.38026633858680725,
    0.3746033012866974,
    0.3628472089767456,
    0.3469357490539551,
    0.3501737713813782,
    0.33689600229263306,
    0.3332962095737457,
    0.3215579092502594,
    0.31605544686317444,
    0.30727311968803406,
    0.29836806654930115,
    0.3019079566001892,
    0.29287540912628174,
    0.2836895287036896,
    0.28740015625953674,
    0.2780419588088989,
    0.2661207914352417,
    null,
    null,
    null,
    null,
    null,
    null,
    null,
    null,
    null,
    null,
    null,
    null,
    null,
    null,
    null,
    null,
    null,
    null,
    null,
    null,
    null,
    null,
    null,
    null,
    null,
    null,
    null,
    null,
    null,
    null,
    null,
    null,
    null,
    null,
    null,
    null,
    null,
    null,
    null,
    null,
    null,
    null,
    null,
    null,
    null,
    null,
    null,
    null,
    null,
    null,
    null,
    null,
    null,
    null,
    null,
    null,
    null,
    null,
    null,
    null,
    null,
    null,
    null,
    null,
    null,
    null,
    null,
    null,
    null,
    null,
    null,
    null,
    null,
    null,
    null,
    null,
    null,
    null,
    null,
    null,
    null,
    null,
    null,
    null,
    null,
    null,
    null,
    null,
    null,
    null,
    null,
    null,
    null,
    null,
    null,
    null,
    null,
    null,
    null,
    null,
    null,
    null,
    null,
    null,
    0.28258487582206726,
    0.2859780192375183,
    0.29534411430358887,
    0.29128211736679077,
    0.3004639148712158,
    0.30947956442832947,
    0.318342924118042,
    0.3270670473575592,
    0.3232322037220001,
    0.3441459834575653,
    0.34036752581596375,
    0.36080706119537354,
    0.3571031987667084,
    0.37225160002708435,
    0.3855552673339844,
    0.39696159958839417,
    0.4165267050266266,
    0.42005428671836853,
    0.43108025193214417,
    0.4529789388179779,
    0.46849143505096436,
    0.4844563603401184,
    0.48976367712020874,
    0.5190768837928772,
    0.5411257743835449,
    0.5890604853630066,
    0.6202232837677002,
    0.6261386871337891,
    0.6734503507614136,
    0.6941216588020325,
    0.7497382760047913,
    0.786777913570404,
    0.8331608176231384,
    0.8927596807479858,
    0.961909830570221,
    1.0442923307418823,
    1.0643998384475708,
    1.0526286363601685,
    1.051588773727417,
    1.0508102178573608,
    1.0502914190292358,
    1.050032377243042,
    1.050032377243042,
    1.0402886867523193,
    1.0408024787902832,
    1.0415736436843872,
    1.042603611946106,
    1.0438933372497559,
    1.0454444885253906,
    1.0472590923309326,
    1.0493394136428833,
    1.04157555103302,
    1.0441701412200928,
    1.0470367670059204,
    1.0501787662506104,
    1.0536006689071655,
    1.0573066473007202,
    1.0613014698028564,
    1.0655903816223145,
    1.0597892999649048,
    1.0646371841430664,
    1.0697942972183228,
    1.0752685070037842,
    1.0810670852661133,
    1.0765392780303955,
    1.0829483270645142,
    1.0897045135498047,
    1.0968180894851685,
    1.1042990684509277,
    1.112159252166748,
    1.1204105615615845,
    1.1290658712387085,
    1.1268701553344727,
    1.1362816095352173,
    1.14613676071167,
    1.1564520597457886,
    1.1672455072402954,
    1.17853581905365,
    1.178439736366272,
    1.1906628608703613,
    0.7747383117675781,
    0.7678155303001404,
    0.7363335490226746,
    0.725292980670929,
    0.7009459733963013,
    0.6885378360748291,
    0.6754215955734253,
    0.662485659122467,
    0.6467609405517578,
    0.6310446858406067,
    0.6080959439277649,
    0.5964095592498779,
    0.603391706943512,
    0.5804556608200073,
    0.5719560384750366,
    0.5638387799263,
    0.5560840368270874,
    0.5486732125282288,
    0.5415892601013184,
    0.5348160862922668,
    0.5283390879631042,
    0.5221443176269531,
    0.5039280652999878,
    0.49839532375335693,
    0.4931029975414276,
    0.48804107308387756,
    0.4832000732421875,
    0.47857093811035156,
    0.4741457402706146,
    0.46991637349128723,
    0.4658757448196411,
    0.4620169699192047,
    0.4583338797092438,
    0.45482027530670166,
    0.4514707922935486,
    0.4482799768447876,
    0.43438345193862915,
    0.4315662980079651,
    0.42889049649238586,
    0.4315662086009979,
    0.42352384328842163,
    0.4154789447784424,
    0.41843628883361816,
    0.4215407073497772,
    0.4136182963848114,
    0.4056733548641205,
    0.4090614914894104,
    0.412609338760376,
    0.40475839376449585,
    0.40853607654571533,
    0.4007023572921753,
    0.4047168493270874,
    0.3968876004219055,
    0.4011472761631012,
    0.3933095932006836,
    0.39782407879829407,
    0.3899644613265991,
    0.3947451412677765,
    0.3868493437767029,
    0.39190930128097534,
    0.3972027599811554,
    0.3893170952796936,
    0.37668728828430176,
    0.38697031140327454,
    0.3929060995578766,
    0.3929060995578766,
    0.38697031140327454,
    0.39492183923721313,
    0.389317125082016,
    0.397202730178833,
    0.39190927147865295,
    0.3868493437767029,
    0.3947450518608093,
    0.38996437191963196,
    0.39782407879829407,
    0.3933095335960388,
    0.38899126648902893,
    0.3968876004219055,
    0.3928133249282837,
    0.4007022976875305,
    0.39686354994773865,
    0.4047583341598511,
    0.4011479318141937,
    0.4090614914894104,
    0.4056733548641205,
    0.4136182367801666,
    0.41044750809669495,
    0.40742477774620056,
    0.41547891497612,
    0.4126642048358917,
    0.42077702283859253,
    0.41816815733909607,
    0.42635220289230347,
    0.42394787073135376,
    0.4322158098220825,
    0.4300154745578766,
    0.43838000297546387,
    0.4363839030265808,
    0.444858193397522,
    0.4533715546131134,
    0.4516649842262268,
    0.46031099557876587,
    0.4588160216808319,
    0.46760863065719604,
    0.4663284122943878,
    0.4740486443042755,
    0.484310507774353,
    0.48335036635398865,
    0.49314120411872864,
    0.5023033618927002,
    1.2725491523742676,
    1.2915085554122925,
    1.3107192516326904,
    1.3305341005325317,
    1.3499884605407715,
    1.3700953722000122,
    1.3905506134033203,
    1.4113792181015015,
    1.4317206144332886,
    1.464285135269165,
    1.4864035844802856,
    1.5067006349563599,
    1.5429412126541138,
    1.571095585823059,
    null,
    null,
    1.672873616218567,
    1.7097632884979248,
    1.7303967475891113,
    1.765567421913147,
    1.8360819816589355,
    1.8476327657699585,
    2.5388240814208984,
    2.5162994861602783,
    2.4938626289367676,
    2.47147274017334,
    2.4490880966186523,
    2.426663637161255,
