{
  "step": 995,
  "timestamp": 31.84,
  "robot_pose_odom": {
    "x": -3.314153900638412,
    "y": -0.07410080469967467,
    "yaw_fused": 1.1107278617318106,
    "yaw_imu": 1.1121231193541643
  },
  "lidar_pose_relative_to_robot": {
    "x_offset": 0.0,
    "y_offset": 0.0,
    "yaw_offset": 0.0
  },
  "lidar_meta": {
    "fov": 6.283184,
    "horizontal_resolution": 400,
    "angle_min": -3.141592,
    "angle_increment": 0.015747328320802004
  },
  "ranges": [
    0.6310779452323914,
    0.654058039188385,
    0.6581385135650635,
    0.6515751481056213,
    0.656019389629364,
    0.6606888175010681,
    0.6544973850250244,
    0.6595534682273865,
    0.653584897518158,
    0.659043550491333,
    0.6647595167160034,
    0.6591779589653015,
    0.6653302311897278,
    0.6717656850814819,
    0.6665924191474915,
    0.6557890176773071,
    0.5891546607017517,
    0.5596039295196533,
    0.5278346538543701,
    0.4988618493080139,
    0.4717389941215515,
    0.4282216727733612,
    null,
    null,
    null,
    0.372302383184433,
    0.35932955145835876,
    0.32979556918144226,
    0.33677664399147034,
    0.3316888213157654,
    0.31321385502815247,
    0.30876874923706055,
    0.2912820279598236,
    0.28740015625953674,
    0.2836895287036896,
    0.26740792393684387,
    0.2641693949699402,
    0.2486400455236435,
    0.24581845104694366,
    0.24311953783035278,
    null,
    null,
    null,
    null,
    null,
    null,
    null,
    null,
    null,
    null,
    null,
    null,
    null,
    null,
    null,
    null,
    null,
    null,
    null,
    null,
    null,
    null,
    null,
    null,
    null,
    null,
    null,
    null,
    null,
    null,
    null,
    null,
    null,
    null,
    null,
    null,
    null,
    null,
    null,
    null,
    null,
    null,
    null,
    null,
    null,
    null,
    null,
    null,
    null,
    null,
    null,
    null,
    null,
    null,
    null,
    null,
    null,
    null,
    null,
    null,
    null,
    null,
    null,
    null,
    null,
    null,
    null,
    null,
    null,
    null,
    null,
    null,
    null,
    null,
    null,
    null,
    null,
    null,
    null,
    null,
    null,
    null,
    null,
    null,
    null,
    null,
    null,
    null,
    null,
    null,
    null,
    null,
    null,
    null,
    null,
    null,
    null,
    null,
    null,
    null,
    null,
    null,
    null,
    null,
    null,
    null,
    null,
    null,
    null,
    null,
    null,
    null,
    null,
    null,
    null,
    null,
    0.20186947286128998,
    0.2148117870092392,
    0.21411414444446564,
    0.22363892197608948,
    0.22302664816379547,
    0.23258483409881592,
    0.23206545412540436,
    0.24167518317699432,
    0.24125641584396362,
    0.2509359121322632,
    0.250625878572464,
    0.2601717710494995,
    0.27035409212112427,
    0.27999529242515564,
    0.28998231887817383,
    0.2999826967716217,
    0.31008607149124146,
    0.3102392256259918,
    0.32070568203926086,
    0.33051109313964844,
    0.3517417311668396,
    0.36130863428115845,
    0.3718286156654358,
    0.39447346329689026,
    0.4032621681690216,
    0.4288700222969055,
    0.45110923051834106,
    0.46431440114974976,
    0.4852944612503052,
    0.5303854942321777,
    0.5379118323326111,
    0.5647860765457153,
    0.6686077117919922,
    0.6909732222557068,
    0.7792437672615051,
    0.8234450817108154,
    0.9024670124053955,
    0.9818181395530701,
    1.0765458345413208,
    1.186032772064209,
    1.7157104015350342,
    1.9960453510284424,
    2.268364429473877,
    2.285193920135498,
    2.302847146987915,
    2.3326210975646973,
    2.352102756500244,
    2.3725030422210693,
    2.393855571746826,
    2.4161980152130127,
    2.451354503631592,
    2.4759140014648438,
    2.5015945434570312,
    2.5284433364868164,
    2.5565121173858643,
    2.5858561992645264,
    2.6291143894195557,
    2.6613454818725586,
    2.69504976272583,
    2.7303006649017334,
    1.826169729232788,
    1.7831140756607056,
    1.82481050491333,
    1.7919307947158813,
    1.6840208768844604,
    1.655890941619873,
    1.5769881010055542,
    1.502366304397583,
    1.4340730905532837,
    0.9792850017547607,
    0.9797736406326294,
    0.9671236276626587,
    0.9799050688743591,
    1.2382385730743408,
    1.3056762218475342,
    1.7547129392623901,
    1.7537049055099487,
    1.7742923498153687,
    1.7694305181503296,
    2.675278425216675,
    2.649648904800415,
    2.6404802799224854,
    4.778812408447266,
    4.8314208984375,
    4.847994804382324,
    3.99621319770813,
    3.951749086380005,
    3.909027338027954,
    3.0241212844848633,
    2.9950625896453857,
    2.9006154537200928,
    2.8274738788604736,
    2.7823784351348877,
    2.6932053565979004,
    2.1301333904266357,
    2.091986894607544,
    2.0555973052978516,
    2.029669761657715,
    2.0031697750091553,
    1.978239893913269,
    1.9481443166732788,
    1.9194509983062744,
    1.8902114629745483,
    1.8954169750213623,
    1.8492158651351929,
    1.8464518785476685,
    1.792596697807312,
    1.7886962890625,
    1.1963175535202026,
    1.1907342672348022,
    1.171501636505127,
    1.194129228591919,
    1.2318706512451172,
    1.257808804512024,
    1.299824833869934,
    1.3481813669204712,
    1.3758586645126343,
    1.438281774520874,
    1.480308175086975,
    1.4940639734268188,
    1.5889203548431396,
    1.5841180086135864,
    1.575570821762085,
    1.6160038709640503,
    1.6067683696746826,
    1.7033580541610718,
    1.8499345779418945,
    1.8943036794662476,
    2.035935640335083,
    2.0648741722106934,
    2.313624382019043,
    2.369580030441284,
    3.136932611465454,
    3.1395280361175537,
    3.126189947128296,
    3.079479932785034,
    3.021770477294922,
    2.9550604820251465,
    2.89485764503479,
    2.8346974849700928,
    2.786001682281494,
    2.739845037460327,
    2.7127134799957275,
    2.6234335899353027,
    2.600356340408325,
    2.5557503700256348,
    1.1519261598587036,
    0.5712457299232483,
    0.3740602433681488,
    0.2801494896411896,
    0.2249414473772049,
    0.2172563374042511,
    0.21638187766075134,
    0.21556736528873444,
    0.2148117870092392,
    0.21411414444446564,
    0.21347349882125854,
    0.21288906037807465,
    0.21236006915569305,
    0.21188585460186005,
    0.2215355932712555,
    0.2211517095565796,
    0.22082360088825226,
    0.2205507755279541,
    0.22033289074897766,
    1.7916728258132935,
    1.7703264951705933,
    1.7401070594787598,
    1.71999990940094,
    1.7003072500228882,
    1.68158757686615,
    1.6335740089416504,
    1.5723552703857422,
    1.5278476476669312,
    1.4748156070709229,
    1.426141619682312,
    1.3784183263778687,
    1.3400143384933472,
    1.3031092882156372,
    1.286588191986084,
    1.2368547916412354,
    1.2087109088897705,
    1.1804559230804443,
    1.1520483493804932,
    1.1525731086730957,
    1.0816048383712769,
    1.0721511840820312,
    1.0433752536773682,
    1.0362213850021362,
    1.018000841140747,
    1.0042903423309326,
    0.9808785319328308,
    0.9619038701057434,
    0.9382628202438354,
    0.9271091818809509,
    0.9138562083244324,
    0.8959697484970093,
    0.8996638059616089,
    0.8705601096153259,
    0.8632048964500427,
    0.8635187745094299,
    0.836414098739624,
    0.8283812999725342,
    0.8200961351394653,
    0.8073411583900452,
    0.8026338815689087,
    0.7933827638626099,
    0.7837299704551697,
    0.7736296057701111,
    0.7716668844223022,
    0.7640225887298584,
    0.7530127167701721,
    0.7446274757385254,
    0.7409636974334717,
    0.7249350547790527,
    0.7263705730438232,
    0.7186588048934937,
    0.7156500816345215,
    0.7016183137893677,
    0.7048390507698059,
    0.6945180296897888,
    0.6980860829353333,
    0.6884849667549133,
    0.6923733353614807,
    0.683434009552002,
    0.67488694190979,
    0.6792930364608765,
    0.6713283658027649,
