{
  "step": 645,
  "timestamp": 20.64,
  "robot_pose_odom": {
    "x": -2.3225313287714267,
    "y": -1.0367197319612655,
    "yaw_fused": 2.6159802015797906,
    "yaw_imu": 2.612321400739317
  },
  "lidar_pose_relative_to_robot": {
    "x_offset": 0.0,
    "y_offset": 0.0,
    "yaw_offset": 0.0
  },
  "lidar_meta": {
    "fov": 6.283184,
    "horizontal_resolution": 400,
    "angle_min": -3.141592,
    "angle_increment": 0.015747328320802004
  },
  "ranges": [
    0.5996630191802979,
    0.5877516865730286,
    0.5760901570320129,
    0.5646628737449646,
    0.5523032546043396,
    0.5424530506134033,
    0.531641960144043,
    0.5210084319114685,
    0.5105392932891846,
    0.5000563859939575,
    0.49004173278808594,
    0.4799882471561432,
    0.4701305031776428,
    0.47036266326904297,
    0.46047452092170715,
    0.450811505317688,
    0.4416472017765045,
    0.4423034191131592,
    0.4322473704814911,
    0.4237717092037201,
    0.4247201383113861,
    0.4171864986419678,
    null,
    null,
    null,
    null,
    0.39154812693595886,
    0.39313042163848877,
    0.3844333589076996,
    0.37575429677963257,
    0.37757447361946106,
    0.3674045205116272,
    null,
    null,
    0.36455684900283813,
    0.3668312132358551,
    0.3583662807941437,
    0.3608105778694153,
    0.3523672819137573,
    0.35498157143592834,
    0.3465449810028076,
    0.34932973980903625,
    0.3408844769001007,
    0.343841016292572,
    0.33537107706069946,
    0.3385011851787567,
    0.34177538752555847,
    0.33329612016677856,
    0.33675312995910645,
    0.32821136713027954,
    0.331854909658432,
    0.3356640338897705,
    0.3270668387413025,
    0.3310764729976654,
    0.33526933193206787,
    0.32659101486206055,
    0.33100220561027527,
    0.3221933841705322,
    0.3132137656211853,
    0.31786832213401794,
    0.30871179699897766,
    0.30871206521987915,
    0.30404824018478394,
    0.29959601163864136,
    0.29534411430358887,
    0.30500438809394836,
    0.2874002754688263,
    0.28368961811065674,
    0.2928754687309265,
    0.28932851552963257,
    0.285936176776886,
    0.2826913297176361,
    0.27958759665489197,
    0.27661874890327454,
    0.27377912402153015,
    0.2710634469985962,
    0.26846662163734436,
    0.2659841775894165,
    0.27507299184799194,
    0.2727077603340149,
    0.2704489529132843,
    0.26829299330711365,
    0.266236275434494,
    0.26427558064460754,
    0.2624077796936035,
    0.2606301009654999,
    0.25893980264663696,
    0.26805657148361206,
    0.2589397430419922,
    0.2606300711631775,
    0.26240774989128113,
    0.26427555084228516,
    0.26623624563217163,
    0.257114052772522,
    0.2591802179813385,
    0.261344850063324,
    0.2636115252971649,
    0.25441956520080566,
    0.25679412484169006,
    0.25927796959877014,
    0.26187559962272644,
    0.2645917534828186,
    0.2674315273761749,
    0.2581094205379486,
    0.2610720694065094,
    0.26416945457458496,
    0.25408270955085754,
    0.25789955258369446,
    0.2612728774547577,
    null,
    null,
    null,
    null,
    null,
    null,
    null,
    null,
    0.268494576215744,
    0.27804192900657654,
    0.27433648705482483,
    0.270794540643692,
    0.2801416516304016,
    0.289328396320343,
    0.28593605756759644,
    0.28269124031066895,
    0.2917434573173523,
    0.28864553570747375,
    0.2975858747959137,
    0.29463404417037964,
    0.29181143641471863,
    0.300677627325058,
    0.3094569742679596,
    0.3067961037158966,
    0.30425500869750977,
    0.3130083978176117,
    0.3106089234352112,
    0.3192843496799469,
    0.32800963521003723,
    0.3257875144481659,
    0.33446380496025085,
    0.33239006996154785,
    0.34108176827430725,
    0.3391583263874054,
    0.3463210165500641,
    0.3565981984138489,
    0.35487908124923706,
    0.3636532723903656,
    0.37729454040527344,
    0.3812442719936371,
    0.3798092007637024,
    0.3858548104763031,
    0.3952915072441101,
    0.40853211283683777,
    0.41409438848495483,
    0.42348670959472656,
    0.434832900762558,
    0.44231703877449036,
    0.45177972316741943,
    0.4621536135673523,
    0.4708614945411682,
    0.4805046617984772,
    0.4905238449573517,
    0.5002212524414062,
    0.5199893712997437,
    0.5299898386001587,
    0.5502350330352783,
    0.5602865219116211,
    0.581320583820343,
    0.6008719801902771,
    0.6231839656829834,
    0.6445024013519287,
    0.6630987524986267,
    0.6841642260551453,
    0.7204456329345703,
    0.7369510531425476,
    0.778317928314209,
    0.7984306812286377,
    0.8604258894920349,
    0.9067943692207336,
    0.9212652444839478,
    0.9634073376655579,
    1.1294136047363281,
    1.1915555000305176,
    1.2671427726745605,
    1.351295828819275,
    1.440371036529541,
    1.491051435470581,
    1.4876095056533813,
    1.48434317111969,
    1.4812421798706055,
    1.4737918376922607,
    1.4754897356033325,
    1.472814679145813,
    1.4702565670013428,
    1.4678013324737549,
    1.4658032655715942,
    1.4785163402557373,
    1.472462773323059,
    1.4703662395477295,
    1.4682908058166504,
    1.4760257005691528,
    1.4761402606964111,
    1.474117398262024,
    1.4749107360839844,
    1.4822535514831543,
    1.48006272315979,
    1.4771103858947754,
    1.482922077178955,
    1.5023186206817627,
    1.495648741722107,
    1.5035691261291504,
    1.511596918106079,
    1.5064195394515991,
    1.5085124969482422,
    1.3409888744354248,
    1.1394481658935547,
    1.0575881004333496,
    1.0226528644561768,
    0.9670091867446899,
    0.9183440804481506,
    0.884650468826294,
    0.8525679111480713,
    0.821986198425293,
    0.7928038239479065,
    0.7649273872375488,
    0.7447584867477417,
    0.7127560973167419,
    0.6903995275497437,
    0.6766461133956909,
    0.6540219783782959,
    0.6360491514205933,
    0.6228314638137817,
    0.6025997996330261,
    0.5859727263450623,
    0.5754775404930115,
    0.5546588897705078,
    0.5505741238594055,
    0.5357491970062256,
    0.5321197509765625,
    0.5070904493331909,
    0.5117865204811096,
    0.5067314505577087,
    0.49174076318740845,
    0.4734835624694824,
    0.4723982512950897,
    0.462482213973999,
    0.46591341495513916,
    0.4636884033679962,
    0.4423491060733795,
    0.4317871332168579,
    0.4355320930480957,
    0.4278874397277832,
    0.41984501481056213,
    0.4124876856803894,
    0.4047168493270874,
    0.4089145362377167,
    0.4011472761631012,
    0.3933095932006836,
    0.38539209961891174,
    0.3899644613265991,
    0.38201141357421875,
    0.3739543557167053,
    0.3788456618785858,
    0.37072259187698364,
    0.36246761679649353,
    0.36768582463264465,
    0.35932955145835876,
    0.3438279330730438,
    0.3508090078830719,
    0.34550920128822327,
    0.354067862033844,
    0.34904295206069946,
    0.3442423641681671,
    0.33965471386909485,
    0.33526942133903503,
    0.3571357727050781,
    0.38170281052589417,
    0.38254687190055847,
    1.0447285175323486,
    1.033258080482483,
    1.0343132019042969,
    1.0236953496932983,
    1.0253264904022217,
    1.0155037641525269,
    1.017678141593933,
    1.02006196975708,
    1.0112909078598022,
    1.0029147863388062,
    1.0060983896255493,
    1.0094789266586304,
    1.002044677734375,
    0.9949626326560974,
    0.9990817308425903,
    1.0033913850784302,
    0.9971702098846436,
    0.9912689328193665,
    0.9962775707244873,
    0.9909338355064392,
    0.9963772892951965,
    0.9915738701820374,
    0.9974489212036133,
    1.0035173892974854,
    0.9994781613349915,
    1.0059810876846313,
    1.0024549961090088,
    1.0093952417373657,
    1.0063750743865967,
    0.9529320001602173,
    0.9505641460418701,
    0.959502637386322,
    0.9364913702011108,
    0.9348686337471008,
    0.9435190558433533,
    0.9423533082008362,
    0.9514374732971191,
    0.9507330656051636,
    0.9602665305137634,
    0.9600296020507812,
    0.970029890537262,
    0.9702692627906799,
