{
  "step": 920,
  "timestamp": 29.44,
  "robot_pose_odom": {
    "x": -3.453584036957577,
    "y": -0.3895467433476428,
    "yaw_fused": 1.4194635660674295,
    "yaw_imu": 1.4419848741495789
  },
  "lidar_pose_relative_to_robot": {
    "x_offset": 0.0,
    "y_offset": 0.0,
    "yaw_offset": 0.0
  },
  "lidar_meta": {
    "fov": 6.283184,
    "horizontal_resolution": 400,
    "angle_min": -3.141592,
    "angle_increment": 0.015747328320802004
  },
  "ranges": [
    0.3304993212223053,
    0.33025461435317993,
    0.33009159564971924,
    0.33001017570495605,
    0.33001017570495605,
    0.33009159564971924,
    0.3202469050884247,
    0.3204841911792755,
    0.32080110907554626,
    0.3211979568004608,
    0.32167521119117737,
    0.3129177689552307,
    0.32287368178367615,
    0.3235962986946106,
    0.31426480412483215,
    0.31512755155563354,
    0.3160732388496399,
    0.31710314750671387,
    0.31821849942207336,
    0.31942084431648254,
    0.3207116723060608,
    null,
    null,
    null,
    null,
    0.3179609179496765,
    0.3197641372680664,
    0.3109455406665802,
    0.31288543343544006,
    0.31492793560028076,
    0.3170759677886963,
    0.3193328380584717,
    null,
    null,
    0.3155236542224884,
    0.3181588649749756,
    0.3209182918071747,
    0.3238065838813782,
    0.3268287479877472,
    0.329990029335022,
    0.33329612016677856,
    0.3247262239456177,
    0.32821136713027954,
    0.331854909658432,
    0.3356640338897705,
    0.3396463394165039,
    0.3310764729976654,
    0.33526933193206787,
    0.3396546542644501,
    0.34424227476119995,
    0.3490428328514099,
    0.35406771302223206,
    0.34550905227661133,
    0.35080885887145996,
    0.3367767930030823,
    0.3316889703273773,
    0.32683199644088745,
    0.3087688386440277,
    0.30452221632003784,
    0.3004639148712158,
    0.2965845763683319,
    0.28014177083969116,
    0.27674904465675354,
    0.2735041677951813,
    0.27040043473243713,
    0.2552756369113922,
    0.252564936876297,
    0.24997225403785706,
    0.247492715716362,
    0.24512170255184174,
    0.24285513162612915,
    0.2292274832725525,
    0.22725644707679749,
    0.22537411749362946,
    null,
    null,
    null,
    null,
    null,
    null,
    null,
    null,
    null,
    null,
    null,
    null,
    null,
    null,
    null,
    null,
    null,
    null,
    null,
    null,
    null,
    null,
    null,
    null,
    null,
    null,
    null,
    null,
    null,
    null,
    null,
    null,
    null,
    null,
    null,
    null,
    null,
    null,
    null,
    null,
    null,
    null,
    null,
    null,
    null,
    null,
    null,
    null,
    null,
    null,
    null,
    null,
    null,
    null,
    null,
    null,
    null,
    null,
    null,
    null,
    null,
    null,
    null,
    null,
    null,
    null,
    null,
    null,
    null,
    null,
    null,
    null,
    null,
    null,
    null,
    null,
    null,
    null,
    null,
    null,
    null,
    null,
    null,
    null,
    null,
    null,
    null,
    null,
    0.2005006968975067,
    0.20074871182441711,
    0.21109935641288757,
    0.2114657759666443,
    0.21188585460186005,
    0.21236006915569305,
    0.21288906037807465,
    0.21347349882125854,
    0.224310040473938,
    0.22504092752933502,
    0.2258324921131134,
    0.22668574750423431,
    0.23794735968112946,
    0.23897208273410797,
    0.24006524682044983,
    0.2517163157463074,
    0.2530043423175812,
    0.25436875224113464,
    0.26647013425827026,
    0.2680565118789673,
    0.2697288393974304,
    0.28234919905662537,
    0.28427499532699585,
    0.29730987548828125,
    0.2995156943798065,
    0.3130083680152893,
    0.3155236542224884,
    0.32952165603637695,
    0.33237963914871216,
    0.34693560004234314,
    0.35017362236976624,
    0.36534610390663147,
    0.38090983033180237,
    0.38486072421073914,
    0.4011472463607788,
    0.4207805395126343,
    0.4351200461387634,
    0.4528617858886719,
    0.47055545449256897,
    0.5029039978981018,
    0.5094819664955139,
    0.5433248281478882,
    0.5796372890472412,
    0.6128095388412476,
    0.6433781981468201,
    0.6945669054985046,
    0.7296111583709717,
    0.7477657198905945,
    0.8445456624031067,
    0.8923376202583313,
    1.0038363933563232,
    1.1429171562194824,
    1.2349562644958496,
    1.382655143737793,
    1.7292152643203735,
    1.8068547248840332,
    2.387366533279419,
    2.6078670024871826,
    2.624385118484497,
    2.648837089538574,
    2.6724233627319336,
    2.695246696472168,
    2.6947972774505615,
    2.7739429473876953,
    2.7827813625335693,
    2.7860307693481445,
    2.840372085571289,
    2.8739142417907715,
    2.9068357944488525,
    2.9212164878845215,
    2.936455249786377,
    3.0499958992004395,
    2.115980386734009,
    2.1267008781433105,
    2.1557068824768066,
    2.033237934112549,
    1.8988386392593384,
    1.2808411121368408,
    1.277334451675415,
    1.274160385131836,
    1.359804630279541,
    1.4684163331985474,
    1.5851315259933472,
    1.7224434614181519,
    2.045422315597534,
    2.033071517944336,
    2.0315663814544678,
    2.050734043121338,
    2.0901710987091064,
    2.9500646591186523,
    2.9408984184265137,
    2.921962022781372,
    2.9048309326171875,
    4.973677635192871,
    5.016992568969727,
    0.36130863428115845,
    0.3516889810562134,
    0.3440244793891907,
    0.332475483417511,
    0.324402391910553,
    0.3252929747104645,
    0.32626914978027344,
    0.3273322582244873,
    0.3387487232685089,
    0.3400286138057709,
    0.34140273928642273,
    0.35326310992240906,
    0.35487908124923706,
    0.3565981090068817,
    0.36896467208862305,
    0.3709544241428375,
    0.37305817008018494,
    0.3860013484954834,
    0.3884095251560211,
    0.401804655790329,
    0.40454521775245667,
    0.4074246883392334,
    0.42154061794281006,
    0.42479705810546875,
    0.43947935104370117,
    0.4431498050689697,
    0.4584546685218811,
    0.4625808000564575,
    0.4785706400871277,
    0.48319968581199646,
    0.49994415044784546,
    0.5051296949386597,
    0.5227069854736328,
    0.5408006310462952,
    0.5594400763511658,
    0.5660772323608398,
    0.5857506990432739,
    0.6060638427734375,
    0.6309423446655273,
    0.6487643122673035,
    0.6712362170219421,
    0.7081354260444641,
    0.7263002991676331,
    0.7787611484527588,
    0.792792797088623,
    0.803047239780426,
    0.8487023115158081,
    0.9176280498504639,
    0.967973530292511,
    1.0334256887435913,
    1.0549736022949219,
    1.1564037799835205,
    2.876763343811035,
    2.8067891597747803,
    2.746656656265259,
    2.679985523223877,
    2.6186959743499756,
    2.56905198097229,
    2.5151634216308594,
    2.4741978645324707,
    2.421015977859497,
    2.337829828262329,
    2.2850379943847656,
    2.222595453262329,
    2.1512298583984375,
    2.0777835845947266,
    2.0372705459594727,
    1.98317289352417,
    1.9351897239685059,
    1.8636317253112793,
    1.8223663568496704,
    1.7835474014282227,
    1.7440268993377686,
    1.7014697790145874,
    1.6738910675048828,
    1.6340566873550415,
    1.6048725843429565,
    1.5720893144607544,
    1.557445764541626,
    1.4471834897994995,
    1.3525292873382568,
    1.2744792699813843,
    1.1894947290420532,
    1.1105562448501587,
    1.0697474479675293,
    0.9992138147354126,
    0.9746059775352478,
    0.9256587624549866,
    0.914359986782074,
    0.8543419241905212,
    0.822591245174408,
    0.8046584129333496,
    0.7684071063995361,
    0.7359863519668579,
    0.7127522230148315,
    0.684840202331543,
    0.645558774471283,
    0.6525399684906006,
    0.635736882686615,
    0.6264277100563049,
    0.6041128039360046,
    0.5825640559196472,
    0.5748003125190735,
    0.5673790574073792,
    0.5475495457649231,
    0.5283387899398804,
    0.5221441388130188,
    0.5162187814712524,
    null,
    0.4931027889251709,
    0.48804083466529846,
