{
  "step": 870,
  "timestamp": 27.84,
  "robot_pose_odom": {
    "x": -3.447260418005956,
    "y": -0.4715996603372135,
    "yaw_fused": 2.3530842073990677,
    "yaw_imu": 2.3540345466553916
  },
  "lidar_pose_relative_to_robot": {
    "x_offset": 0.0,
    "y_offset": 0.0,
    "yaw_offset": 0.0
  },
  "lidar_meta": {
    "fov": 6.283184,
    "horizontal_resolution": 400,
    "angle_min": -3.141592,
    "angle_increment": 0.015747328320802004
  },
  "ranges": [
    0.7697896957397461,
    0.7529252767562866,
    0.7473437786102295,
    0.6819707751274109,
    0.660521388053894,
    0.6387631893157959,
    0.6075469255447388,
    0.6090137362480164,
    0.5576960444450378,
    0.5450456142425537,
    0.5426011085510254,
    0.5050709843635559,
    0.5015522241592407,
    0.4901057183742523,
    0.4782291054725647,
    0.46588069200515747,
    0.44652706384658813,
    0.439583957195282,
    0.4226880967617035,
    0.427702933549881,
    0.4080704152584076,
    0.39974433183670044,
    null,
    null,
    null,
    0.36768582463264465,
    0.35932955145835876,
    0.3438279330730438,
    0.3508090078830719,
    0.34550920128822327,
    0.34044986963272095,
    0.3356182277202606,
    0.33100229501724243,
    0.3265910744667053,
    0.32237446308135986,
    0.31834277510643005,
    0.31448739767074585,
    0.31080007553100586,
    0.30727308988571167,
    0.3038994371891022,
    0.3006724417209625,
    0.2975858747959137,
    0.29463404417037964,
    0.29181143641471863,
    0.27754858136177063,
    0.2750728726387024,
    0.27270767092704773,
    0.27884796261787415,
    0.2682929039001465,
    0.26623621582984924,
    0.26427552103996277,
    0.26240772008895874,
    0.2606300413608551,
    0.2589397132396698,
    0.25733423233032227,
    0.25581133365631104,
    0.25436875224113464,
    0.25300437211990356,
    0.25171637535095215,
    0.2505028545856476,
    0.24936223030090332,
    0.2482929527759552,
    0.24729357659816742,
    0.24636271595954895,
    0.24549919366836548,
    0.24470189213752747,
    0.24396972358226776,
    0.24330179393291473,
    0.24269722402095795,
    0.2421552538871765,
    0.24167518317699432,
    0.24125641584396362,
    0.2408984750509262,
    0.2406008392572403,
    0.24036315083503723,
    0.2401851862668991,
    0.24006663262844086,
    0.2400074005126953,
    0.2400074005126953,
    0.24006663262844086,
    0.2401851862668991,
    0.24036315083503723,
    0.2406008392572403,
    0.2408984750509262,
    0.24125641584396362,
    0.24167518317699432,
    0.2421552538871765,
    0.24269722402095795,
    0.24330179393291473,
    0.24396972358226776,
    0.24470186233520508,
    0.24549919366836548,
    0.24636271595954895,
    0.24108700454235077,
    0.2434382140636444,
    0.24936217069625854,
    0.2505028545856476,
    0.2517163157463074,
    0.2530043423175812,
    0.243770033121109,
    0.2451525181531906,
    0.24661198258399963,
    0.2481505274772644,
    0.24977043271064758,
    0.2514740228652954,
    0.2532639801502228,
    0.2551429867744446,
    0.2571139931678772,
    0.25918012857437134,
    0.2613447606563568,
    0.26361143589019775,
    0.2659839689731598,
    0.26846644282341003,
    0.2710632383823395,
    0.2737789452075958,
    0.276618629693985,
    0.2795874774456024,
    0.28269124031066895,
    0.28593602776527405,
    0.28932836651802063,
    0.29287534952163696,
    0.2965843975543976,
    0.3004637062549591,
    0.30452200770378113,
    0.3087686598300934,
    0.29959577322006226,
    0.30404797196388245,
    0.2946794331073761,
    0.2946796715259552,
    0.29022783041000366,
    0.2859780192375183,
    0.28191938996315,
    0.2780420184135437,
    0.2743366062641144,
    0.2707946300506592,
    0.2668169140815735,
    0.2515900135040283,
    0.24864013493061066,
    0.24581855535507202,
    0.24311965703964233,
    0.24053803086280823,
    0.23806880414485931,
    0.2523728609085083,
    0.23344923555850983,
    0.23129059374332428,
    0.2292274832725525,
    0.22725644707679749,
    0.22537411749362946,
    0.22357748448848724,
    0.2218635380268097,
    0.2202296406030655,
    0.21867313981056213,
    0.21719172596931458,
    0.21578314900398254,
    0.22760188579559326,
    0.2266857773065567,
    0.2258324921131134,
    0.22504092752933502,
    0.22431007027626038,
    0.2115575522184372,
    0.22302664816379547,
    0.22247245907783508,
    0.21188585460186005,
    0.2114657759666443,
    0.21109935641288757,
    0.21078616380691528,
    0.2105257362127304,
    0.21031774580478668,
    0.21016204357147217,
    0.2100583016872406,
    0.2100064754486084,
    0.2100064754486084,
    0.2100583016872406,
    0.21016204357147217,
    0.21031774580478668,
    0.2105257362127304,
    0.21078616380691528,
    0.21109935641288757,
    0.2114657759666443,
    0.21188585460186005,
    0.20224767923355103,
    0.20275148749351501,
    0.2033080905675888,
    0.2039182037115097,
    0.20458266139030457,
    0.20530225336551666,
    0.2060779482126236,
    0.20691074430942535,
    null,
    null,
    null,
    null,
    null,
    null,
    null,
    null,
    null,
    null,
    null,
    null,
    null,
    null,
    null,
    null,
    null,
    null,
    null,
    null,
    null,
    null,
    null,
    null,
    null,
    null,
    null,
    null,
    null,
    null,
    null,
    null,
    null,
    null,
    null,
    null,
    null,
    0.26480191946029663,
    0.2743366062641144,
    0.2707946300506592,
    0.28014177083969116,
    0.28932851552963257,
    0.285936176776886,
    0.29498228430747986,
    0.29174360632896423,
    0.31269943714141846,
    0.3094894587993622,
    0.3182049095630646,
    0.3151564598083496,
    0.3275744318962097,
    0.33237984776496887,
    0.3412548303604126,
    0.3493298888206482,
    0.3523690700531006,
    0.3660748600959778,
    0.3633789122104645,
    0.373995304107666,
    0.3844236731529236,
    0.40375950932502747,
    0.3967237174510956,
    0.4145483076572418,
    0.42352384328842163,
    0.4395972788333893,
    0.4515193700790405,
    0.46849116683006287,
    0.47533687949180603,
    0.4958230257034302,
    0.5116965770721436,
    0.5233063697814941,
    0.5704298615455627,
    0.5839865207672119,
    0.5961740016937256,
    0.6448771953582764,
    0.6583110690116882,
    0.7139586210250854,
    0.7345661520957947,
    0.7899576425552368,
    0.8216107487678528,
    0.9052768349647522,
    0.9827057123184204,
    1.0242516994476318,
    1.1372027397155762,
    1.2714194059371948,
    1.4393543004989624,
    1.640231966972351,
    1.8940876722335815,
    2.076296329498291,
    2.2644331455230713,
    2.6919779777526855,
    2.6936235427856445,
    2.728421926498413,
    2.764204263687134,
    2.774837017059326,
    2.803191900253296,
    2.830012321472168,
    2.855464458465576,
    2.8919904232025146,
    2.895545721054077,
    2.9681215286254883,
    2.9842259883880615,
    3.021106004714966,
    3.0567305088043213,
    3.0610904693603516,
    2.19303822517395,
    2.204756498336792,
    2.177729606628418,
    1.352643370628357,
    1.3422741889953613,
    1.3434491157531738,
    1.3860002756118774,
    1.4356744289398193,
    1.691781997680664,
    1.7890843152999878,
    2.122283697128296,
    2.0985419750213623,
    2.0872859954833984,
    0.40631788969039917,
    0.3928726315498352,
    0.38911035656929016,
    0.3724394142627716,
    0.3812442719936371,
    0.3798092007637024,
    0.38870707154273987,
    0.3874446451663971,
    0.3862853944301605,
    0.3953653872013092,
    0.3943829834461212,
    0.4035920798778534,
    0.40279194712638855,
    0.4121463894844055,
    0.4115349054336548,
    0.4210514724254608,
    0.42063549160957336,
    0.4303317964076996,
    0.4301193654537201,
    0.440013587474823,
    0.440013587474823,
    0.45012491941452026,
    0.4503472149372101,
    0.46047452092170715,
    0.4711766541004181,
    0.47175952792167664,
    0.48251283168792725,
    0.48335036635398865,
    0.49342915415763855,
