{
  "step": 260,
  "timestamp": 8.32,
  "robot_pose_odom": {
    "x": -0.20909048283652396,
    "y": -0.3639604690687064,
    "yaw_fused": -2.093427888389986,
    "yaw_imu": -2.0937452956564386
  },
  "lidar_pose_relative_to_robot": {
    "x_offset": 0.0,
    "y_offset": 0.0,
    "yaw_offset": 0.0
  },
  "lidar_meta": {
    "fov": 6.283184,
    "horizontal_resolution": 400,
    "angle_min": -3.141592,
    "angle_increment": 0.015747328320802004
  },
  "ranges": [
    null,
    null,
    null,
    2.4567136764526367,
    2.092750072479248,
    1.8652567863464355,
    1.863185167312622,
    1.2118827104568481,
    1.098191738128662,
    1.0127183198928833,
    0.9300329685211182,
    0.8675385117530823,
    0.8002896308898926,
    0.7488384246826172,
    0.7338148355484009,
    0.6667150259017944,
    0.6427110433578491,
    0.6030806303024292,
    0.5755491852760315,
    0.5500690340995789,
    0.5291954874992371,
    0.5097060799598694,
    null,
    null,
    null,
    0.4255341589450836,
    0.43110013008117676,
    0.4109239876270294,
    0.4027417004108429,
    0.37668654322624207,
    0.3731497526168823,
    0.36484119296073914,
    0.35080915689468384,
    0.3455093502998352,
    0.3404500186443329,
    0.3356183171272278,
    0.3177623152732849,
    0.31352755427360535,
    0.30947956442832947,
    0.30560919642448425,
    0.28932851552963257,
    0.285936176776886,
    0.2826913297176361,
    0.27958759665489197,
    0.27661874890327454,
    0.27377912402153015,
    0.2592780888080597,
    0.25679415464401245,
    0.2544196546077728,
    0.2521502375602722,
    0.2499821037054062,
    0.24791154265403748,
    0.24593524634838104,
    0.23295672237873077,
    0.2312411218881607,
    0.22960680723190308,
    0.2280513197183609,
    0.22657231986522675,
    0.22760188579559326,
    0.21638187766075134,
    0.21556736528873444,
    0.2148117870092392,
    0.21411414444446564,
    0.21347349882125854,
    0.21288906037807465,
    0.21236006915569305,
    0.21188585460186005,
    0.2114657759666443,
    0.20104700326919556,
    0.20074871182441711,
    0.2005006968975067,
    null,
    null,
    null,
    null,
    null,
    null,
    null,
    null,
    null,
    null,
    null,
    null,
    null,
    null,
    null,
    null,
    null,
    null,
    null,
    null,
    null,
    null,
    null,
    null,
    null,
    null,
    null,
    null,
    null,
    null,
    null,
    null,
    null,
    null,
    null,
    null,
    null,
    null,
    null,
    null,
    null,
    null,
    null,
    null,
    null,
    null,
    null,
    null,
    null,
    null,
    null,
    null,
    null,
    null,
    null,
    null,
    null,
    null,
    null,
    null,
    null,
    null,
    null,
    null,
    null,
    null,
    null,
    null,
    null,
    null,
    0.23505815863609314,
    0.24068886041641235,
    0.23861928284168243,
    0.24791154265403748,
    0.24593524634838104,
    0.25514307618141174,
    0.25326409935951233,
    0.2624077796936035,
    0.2606301009654999,
    0.26972895860671997,
    0.2787788212299347,
    0.2805180549621582,
    0.2932088077068329,
    0.29520872235298157,
    0.2973099648952484,
    0.2995157539844513,
    0.3130084276199341,
    0.31552374362945557,
    0.3295217752456665,
    0.3323797583580017,
    0.3469357490539551,
    0.3501737713813782,
    0.3535608649253845,
    0.36900651454925537,
    0.38486072421073914,
    0.3889912962913513,
    0.40560048818588257,
    0.4102560877799988,
    0.43202099204063416,
    0.44567999243736267,
    0.46421921253204346,
    0.4702911674976349,
    0.5031235218048096,
    0.5235643982887268,
    0.549336314201355,
    0.5666350722312927,
    0.6103724837303162,
    0.624404788017273,
    0.6557353734970093,
    0.67166668176651,
    0.722561776638031,
    0.7414451241493225,
    0.7407397627830505,
    0.7530125975608826,
    0.751288890838623,
    0.7630313634872437,
    0.7736294269561768,
    0.7837299704551697,
    0.7933827638626099,
    0.8089703321456909,
    0.8115254044532776,
    0.8298546075820923,
    0.8400536179542542,
    0.8404420018196106,
    0.8635193109512329,
    0.8745675086975098,
    0.876089334487915,
    0.9108431339263916,
    0.9181559085845947,
    0.9250128865242004,
    0.9357917904853821,
    0.9643204808235168,
    1.0017224550247192,
    1.002322793006897,
    1.020882487297058,
    1.0381466150283813,
    1.0678467750549316,
    1.0748403072357178,
    1.0951168537139893,
    1.1418739557266235,
    1.1939568519592285,
    1.2035667896270752,
    1.252376914024353,
    1.2700849771499634,
    1.3121238946914673,
    1.3494971990585327,
    1.3826630115509033,
    1.420912504196167,
    1.4601070880889893,
    1.488067865371704,
    1.5161768198013306,
    1.5470598936080933,
    1.5830100774765015,
    1.6131010055541992,
    1.6506901979446411,
    1.6907989978790283,
    1.7299469709396362,
    1.7699483633041382,
    0.7700490951538086,
    0.7504331469535828,
    0.741341233253479,
    0.7521926760673523,
    0.7628451585769653,
    0.7639786601066589,
    0.7761285305023193,
    0.7870045900344849,
    0.7887659668922424,
    0.8024142980575562,
    0.8113166689872742,
    0.8258687853813171,
    0.8285598158836365,
    0.8451716899871826,
    0.8552234768867493,
    0.8586795926094055,
    0.8784803748130798,
    0.9013922214508057,
    0.9097503423690796,
    0.9261224865913391,
    0.9432840943336487,
    0.9486336708068848,
    0.9677881002426147,
    0.9863728880882263,
    1.0056028366088867,
    1.0255120992660522,
    1.0461386442184448,
    1.0675220489501953,
    1.0897046327590942,
    1.1184715032577515,
    1.1480134725570679,
    1.1729756593704224,
    1.1989414691925049,
    1.22597074508667,
    1.2443689107894897,
    1.299566388130188,
    1.3381538391113281,
    1.3768696784973145,
    1.416345238685608,
    1.4641306400299072,
    1.4969598054885864,
    1.501986026763916,
    1.4778180122375488,
    1.4723037481307983,
    1.4691685438156128,
    1.4609209299087524,
    1.4481241703033447,
    1.4434964656829834,
    1.424318552017212,
    1.4313013553619385,
    1.423498511314392,
    0.9170218706130981,
    0.9128818511962891,
    0.9135666489601135,
    0.9144554138183594,
    0.9026487469673157,
    0.904093861579895,
    0.9057241082191467,
    0.8951045274734497,
    0.8972377181053162,
    0.8873867392539978,
    0.8899908065795898,
    0.8927580714225769,
    0.8956879377365112,
    0.8871071338653564,
    0.8789042830467224,
    0.8939871788024902,
    0.8863002061843872,
    0.890227735042572,
    0.894309937953949,
    0.8874541521072388,
    0.891930103302002,
    0.8856263160705566,
    0.8904861211776733,
    0.890939474105835,
    0.9000619649887085,
    0.889947772026062,
    0.8954999446868896,
    0.8904860615730286,
    0.8965598344802856,
    0.9029414653778076,
    0.9096404910087585,
    0.9054886698722839,
    0.9127651453018188,
    0.920388400554657,
    0.9208263754844666,
    0.8444704413414001,
    0.8159816265106201,
    0.779860258102417,
    0.7421963810920715,
    0.727950394153595,
    0.662090539932251,
    0.6485297083854675,
    0.6159095764160156,
    0.5994978547096252,
    0.5851593017578125,
    0.559587836265564,
    0.5447849631309509,
    0.5291219353675842,
    0.5125133991241455,
    0.49024778604507446,
    0.49753323197364807,
    0.5051649212837219,
    0.5051649212837219,
    0.511353611946106,
    0.5174837708473206,
    2.3646697998046875,
    1.2180883884429932,
    1.1887915134429932,
    1.1734429597854614,
    1.1460340023040771,
    1.1195751428604126,
    1.1064482927322388,
    1.0816012620925903,
    1.0575700998306274,
    1.0463401079177856,
    1.0236953496932983,
    1.001755714416504,
    0.992158830165863,
    0.9714199900627136,
    0.962755024433136,
    0.9431140422821045,
    0.9353024959564209,
    0.9166674613952637,
    0.909640371799469,
    0.8919298648834229,
    0.8856260776519775,
    0.8796263933181763,
