{
  "step": 170,
  "timestamp": 5.44,
  "robot_pose_odom": {
    "x": 4.024341334448387e-09,
    "y": -9.239519103047942e-10,
    "yaw_fused": -2.139902860925837,
    "yaw_imu": -2.141333014161028
  },
  "lidar_pose_relative_to_robot": {
    "x_offset": 0.0,
    "y_offset": 0.0,
    "yaw_offset": 0.0
  },
  "lidar_meta": {
    "fov": 6.283184,
    "horizontal_resolution": 400,
    "angle_min": -3.141592,
    "angle_increment": 0.015747328320802004
  },
  "ranges": [
    2.169917106628418,
    1.8647875785827637,
    1.6318544149398804,
    1.4601248502731323,
    1.4300440549850464,
    1.4303969144821167,
    1.4409655332565308,
    0.8499570488929749,
    0.7904025316238403,
    0.7449275851249695,
    0.691308319568634,
    0.6515210270881653,
    0.6125645041465759,
    0.5828186869621277,
    0.5544747710227966,
    0.5425978899002075,
    0.5050980448722839,
    0.4852944612503052,
    0.46533042192459106,
    0.44927412271499634,
    0.4497127830982208,
    null,
    null,
    null,
    null,
    0.37121737003326416,
    0.36358073353767395,
    0.35104987025260925,
    0.340692937374115,
    0.33012616634368896,
    0.3170759677886963,
    0.3193328380584717,
    null,
    null,
    0.2929862439632416,
    0.2840704023838043,
    0.2865341901779175,
    0.27754849195480347,
    0.26846644282341003,
    0.2710632383823395,
    0.2618755102157593,
    0.25256484746932983,
    0.25527551770210266,
    0.248707577586174,
    null,
    null,
    null,
    null,
    null,
    null,
    null,
    null,
    null,
    null,
    null,
    null,
    null,
    null,
    null,
    null,
    null,
    null,
    null,
    null,
    null,
    null,
    null,
    null,
    null,
    null,
    null,
    null,
    null,
    null,
    null,
    null,
    null,
    null,
    null,
    null,
    null,
    null,
    null,
    null,
    null,
    null,
    null,
    null,
    null,
    null,
    null,
    null,
    null,
    null,
    null,
    null,
    null,
    null,
    null,
    null,
    null,
    null,
    null,
    null,
    null,
    null,
    null,
    null,
    null,
    null,
    null,
    null,
    null,
    null,
    null,
    null,
    null,
    null,
    null,
    null,
    null,
    null,
    null,
    null,
    null,
    null,
    null,
    null,
    null,
    null,
    null,
    null,
    null,
    null,
    null,
    0.21199467778205872,
    0.22257263958454132,
    0.22137881815433502,
    0.22025182843208313,
    0.22962763905525208,
    0.22858205437660217,
    0.23794740438461304,
    0.23698966205120087,
    0.23609758913516998,
    0.24549919366836548,
    0.24470189213752747,
    0.2541351318359375,
    0.25343936681747437,
    0.2629219889640808,
    0.2623348534107208,
    0.271884560585022,
    0.2714134454727173,
    0.2806166410446167,
    0.2907260060310364,
    0.29043880105018616,
    0.3002314865589142,
    0.3000832796096802,
    0.30998295545578003,
    0.3200364410877228,
    0.33009159564971924,
    0.33025461435317993,
    0.3507510721683502,
    0.36090123653411865,
    0.3613477051258087,
    0.37136101722717285,
    0.39347612857818604,
    0.40262091159820557,
    0.4158409535884857,
    0.4242321848869324,
    0.4491935074329376,
    0.4564672112464905,
    0.4864732027053833,
    0.5064228773117065,
    0.5110975503921509,
    0.5476772785186768,
    0.5828804969787598,
    0.6233335137367249,
    0.6421031355857849,
    0.6899005174636841,
    0.7305212020874023,
    0.7638899087905884,
    0.8037529587745667,
    0.8511214852333069,
    1.0207748413085938,
    1.0756773948669434,
    1.1232188940048218,
    1.142596960067749,
    1.1514235734939575,
    1.1719449758529663,
    1.1817327737808228,
    1.2034435272216797,
    1.2258391380310059,
    1.2372801303863525,
    1.2492479085922241,
    1.2736672163009644,
    1.286877989768982,
    1.3128454685211182,
    1.3397107124328613,
    1.355088233947754,
    1.383744478225708,
    1.4134418964385986,
    1.444237232208252,
    1.4631277322769165,
    1.4961299896240234,
    1.5304185152053833,
    1.5660687685012817,
    1.6031619310379028,
    1.6487669944763184,
    1.676759958267212,
    1.6875511407852173,
    1.7338722944259644,
    1.791794776916504,
    1.8526490926742554,
    1.8864516019821167,
    1.8853557109832764,
    1.9500319957733154,
    1.132155179977417,
    1.1188806295394897,
    1.1336551904678345,
    1.1337499618530273,
    1.1393868923187256,
    1.1448214054107666,
    1.1500858068466187,
    1.1559377908706665,
    1.1717851161956787,
    1.184438705444336,
    1.1927261352539062,
    1.1916133165359497,
    1.2238523960113525,
    1.2287648916244507,
    1.2333348989486694,
    1.248687982559204,
    1.2445144653320312,
    1.274788498878479,
    1.2834821939468384,
    1.300399661064148,
    1.3173340559005737,
    1.334311842918396,
    1.3607542514801025,
    1.3684978485107422,
    1.3857554197311401,
    1.4031546115875244,
    1.424604892730713,
    1.448542833328247,
    1.4687951803207397,
    1.4947149753570557,
    1.5144106149673462,
    1.5416653156280518,
    1.5707741975784302,
    1.600691556930542,
    1.6299704313278198,
    1.6601308584213257,
    1.69071626663208,
    1.7211816310882568,
    1.7128088474273682,
    1.1024389266967773,
    1.0945121049880981,
    1.0750255584716797,
    1.0666446685791016,
    1.0584580898284912,
    1.052921175956726,
    1.0324866771697998,
    1.0247901678085327,
    1.0219398736953735,
    1.0098321437835693,
    1.0025486946105957,
    0.995380699634552,
    0.9883168935775757,
    0.9813458323478699,
    0.9669416546821594,
    0.962191104888916,
    0.474383145570755,
    0.47694137692451477,
    0.46898743510246277,
    0.471779465675354,
    0.4639335870742798,
    0.45176392793655396,
    0.4723985195159912,
    0.4956129193305969,
    0.5265339016914368,
    0.5370562076568604,
    0.6171202063560486,
    0.6487879157066345,
    0.675933301448822,
    0.8014621138572693,
    0.8502742648124695,
    0.8948630094528198,
    1.3828903436660767,
    1.379925012588501,
    1.3857814073562622,
    1.39176344871521,
    1.3799521923065186,
    2.2440500259399414,
    2.0003762245178223,
    1.9831395149230957,
    1.9687221050262451,
    1.9727731943130493,
    2.00028395652771,
    2.360529661178589,
    2.357102870941162,
    2.2803614139556885,
    2.2732434272766113,
    2.2250802516937256,
    2.178879976272583,
    2.1345324516296387,
    2.091935157775879,
    2.097960948944092,
    3.105001926422119,
    3.081559181213379,
    3.01908016204834,
    2.9836816787719727,
    2.9223508834838867,
    1.0478402376174927,
    0.9798682332038879,
    0.9564573764801025,
    0.8741422891616821,
    0.8524537682533264,
    0.8364136815071106,
    0.7832907438278198,
    0.7609388828277588,
    0.7295964360237122,
    0.698445200920105,
    0.6741058826446533,
    0.6497262716293335,
    0.6319012641906738,
    0.6189964413642883,
    0.614982008934021,
    0.6111689805984497,
    0.6149818897247314,
    0.6189963817596436,
    0.6232184171676636,
    0.6276544332504272,
    0.6323110461235046,
    0.6260168552398682,
    0.6310474872589111,
    0.6363179087638855,
    0.6418367624282837,
    0.6476134061813354,
    0.6536577343940735,
    0.6599803566932678,
    0.6546890139579773,
    0.6614794135093689,
    0.6685788631439209,
    0.6760008931159973,
    0.6837601661682129,
    0.6918724179267883,
    0.7003543376922607,
    0.7092238068580627,
    0.7093247771263123,
    0.7149649858474731,
    0.7249352335929871,
    0.7353716492652893,
    0.7462998032569885,
    0.7577474117279053,
    0.7647283673286438,
    0.7601202726364136,
    0.7808421850204468,
    0.794432520866394,
    0.8071640729904175,
    0.8191215991973877,
    0.8303825259208679,
    0.8410167694091797,
    0.8636673092842102,
    0.8673949837684631,
    2.1841609477996826,
    null,
    2.5741257667541504,
    0.8332404494285583,
    0.8367606401443481,
    0.8287444710731506,
    0.8210812211036682,
