{
  "step": 1325,
  "timestamp": 42.4,
  "robot_pose_odom": {
    "x": -2.0089382972489602,
    "y": 1.6774899478363432,
    "yaw_fused": 0.36757267440739694,
    "yaw_imu": 0.3725225295471981
  },
  "lidar_pose_relative_to_robot": {
    "x_offset": 0.0,
    "y_offset": 0.0,
    "yaw_offset": 0.0
  },
  "lidar_meta": {
    "fov": 6.283184,
    "horizontal_resolution": 400,
    "angle_min": -3.141592,
    "angle_increment": 0.015747328320802004
  },
  "ranges": [
    0.7233292460441589,
    0.7237858176231384,
    0.6924912929534912,
    0.6823649406433105,
    0.6653345227241516,
    0.6608206629753113,
    0.6464640498161316,
    0.654133677482605,
    0.6360936760902405,
    0.6189587712287903,
    0.627054750919342,
    0.6090440154075623,
    0.6064867377281189,
    0.5991915464401245,
    0.5804551839828491,
    0.5683449506759644,
    0.5753270387649536,
    0.5666353106498718,
    0.5583380460739136,
    0.5504140257835388,
    0.5560840368270874,
    0.5486732125282288,
    null,
    null,
    null,
    null,
    0.5285099148750305,
    0.5227072834968567,
    0.5171567797660828,
    0.5118479132652283,
    0.5067707896232605,
    0.513952374458313,
    null,
    0.5043004751205444,
    0.4999642074108124,
    0.49582308530807495,
    0.4918704926967621,
    0.5017709732055664,
    0.4844563603401184,
    0.4920145869255066,
    0.4886814057826996,
    0.4855121076107025,
    0.4758948087692261,
    0.47397932410240173,
    0.47219517827033997,
    0.4705401062965393,
    0.46901193261146545,
    0.46760863065719604,
    0.4663284122943878,
    0.46516966819763184,
    0.4641309082508087,
    0.4632107615470886,
    0.4624081254005432,
    0.4617220461368561,
    0.4611515998840332,
    0.4606960117816925,
    0.46035492420196533,
    0.46012768149375916,
    0.4600141942501068,
    0.4700145125389099,
    0.4701305031776428,
    0.47036266326904297,
    0.46091750264167786,
    0.4711766541004181,
    0.47175952792167664,
    0.47246047854423523,
    0.47328057885169983,
    0.47422072291374207,
    0.4639364778995514,
    0.45464491844177246,
    0.44727784395217896,
    0.448620080947876,
    0.43700072169303894,
    0.4277023673057556,
    0.42655718326568604,
    0.4138214886188507,
    0.40521353483200073,
    0.4070671498775482,
    0.3985508382320404,
    0.4005902111530304,
    0.3918888568878174,
    0.38371697068214417,
    0.3860013484954834,
    0.3776203691959381,
    0.3692258894443512,
    0.3717442452907562,
    0.36337873339653015,
    0.36607474088668823,
    0.35772383213043213,
    0.34932973980903625,
    0.35224729776382446,
    0.3553023934364319,
    0.34693560004234314,
    0.35017362236976624,
    0.34177538752555847,
    0.33329612016677856,
    0.33675312995910645,
    0.32821136713027954,
    0.331854909658432,
    0.3356640338897705,
    0.3270668387413025,
    0.3310764729976654,
    0.3223743736743927,
    0.32659101486206055,
    0.3177621066570282,
    0.3221933841705322,
    0.3132137656211853,
    0.31786832213401794,
    0.32274413108825684,
    0.31569230556488037,
    0.31786859035491943,
    0.3132140040397644,
    0.3087688386440277,
    0.3177623152732849,
    0.31352755427360535,
    0.30947956442832947,
    0.318342924118042,
    0.3144875466823578,
    0.3108001947402954,
    0.3072732090950012,
    0.316055566072464,
    0.31269943714141846,
    0.3094894587993622,
    0.3182049095630646,
    0.3151564598083496,
    0.3122422993183136,
    0.3209185004234314,
    0.3181590437889099,
    0.31552377343177795,
    0.31300848722457886,
    0.31060898303985596,
    0.3193329870700836,
    0.31707605719566345,
    0.3149280250072479,
    0.323674738407135,
    0.32166787981987,
    0.3128855228424072,
    0.31492799520492554,
    0.31707602739334106,
    0.31933295726776123,
    0.33021751046180725,
    0.324187308549881,
    0.326792448759079,
    0.3295217752456665,
    0.3323797583580017,
    0.3353712260723114,
    0.33850133419036865,
    0.341775506734848,
    0.3332962095737457,
    0.34561172127723694,
    0.3403674066066742,
    0.34414589405059814,
    0.3480960726737976,
    0.3522259593009949,
    0.35654401779174805,
    0.36105939745903015,
    0.3566064238548279,
    0.37072259187698364,
    0.37589237093925476,
    0.36768582463264465,
    0.3931485414505005,
    0.37887370586395264,
    0.38585466146469116,
    0.38697031140327454,
    0.39492183923721313,
    0.40274184942245483,
    0.41044285893440247,
    0.4180365800857544,
    0.4126392900943756,
    0.42021244764328003,
    0.44028234481811523,
    0.4351201057434082,
    0.454764187335968,
    0.4497711658477783,
    0.457022100687027,
    0.4663257896900177,
    0.47832047939300537,
    0.48987987637519836,
    0.4935062825679779,
    0.5118451118469238,
    0.5230593085289001,
    0.5324987769126892,
    0.5531192421913147,
    0.5572364330291748,
    0.5725483894348145,
    0.5817350149154663,
    0.5820790529251099,
    0.5934035181999207,
    0.6004465818405151,
    0.5968931317329407,
    0.6041257381439209,
    0.6008853912353516,
    0.608314573764801,
    0.6053819060325623,
    0.6176923513412476,
    0.6207323670387268,
    0.6285378336906433,
    0.626171886920929,
    0.631354033946991,
    0.6423424482345581,
    0.6404205560684204,
    0.6472586393356323,
    0.6573049426078796,
    0.6558371782302856,
    0.6638526320457458,
    0.6735074520111084,
    0.672508180141449,
    0.6813872456550598,
    0.690822422504425,
    0.700394332408905,
    0.7101970911026001,
    0.7100219130516052,
    0.720048725605011,
    0.7301203012466431,
    0.7407166361808777,
    0.7513563632965088,
    0.7622177004814148,
    0.7733140587806702,
    0.7846593260765076,
    0.796268105506897,
    0.8062130212783813,
    0.8203363418579102,
    0.832827091217041,
    0.8418129086494446,
    0.8360646963119507,
    0.8387889266014099,
    0.85200434923172,
    0.8552234768867493,
    0.8586795926094055,
    0.8623775243759155,
    0.86632239818573,
    0.8705189228057861,
    0.8855152130126953,
    0.8902905583381653,
    0.8953396081924438,
    0.9006698727607727,
    0.9062888622283936,
    0.923064649105072,
    0.929360568523407,
    0.9359755516052246,
    0.9514355659484863,
    0.9502039551734924,
    0.9691082835197449,
    0.9772021174430847,
    0.9856775403022766,
    0.9945487380027771,
    1.0038310289382935,
    1.025326132774353,
    1.035598635673523,
    1.0463401079177856,
    1.0697259902954102,
    1.0816012620925903,
    1.5319817066192627,
    1.5346983671188354,
    1.5280451774597168,
    1.5293978452682495,
    1.528445839881897,
    1.5353689193725586,
    1.5438432693481445,
    1.5388329029083252,
    1.5402390956878662,
    1.543558955192566,
    1.550540566444397,
    1.5340615510940552,
    1.5434499979019165,
    2.783665895462036,
    2.7926957607269287,
    2.8009068965911865,
    2.7880043983459473,
    2.8280673027038574,
    2.8343303203582764,
    2.828808307647705,
    0.5285099148750305,
    0.5227072834968567,
    0.505129873752594,
    0.4999445080757141,
    0.494985431432724,
    0.49024340510368347,
    0.4857102632522583,
    0.4813777208328247,
    0.4658757448196411,
    0.4620169699192047,
    0.4583338797092438,
    0.45482027530670166,
    0.4514707922935486,
    0.4482799768447876,
    0.44524306058883667,
    0.4423554837703705,
    0.42416712641716003,
    0.4396127760410309,
    0.4315662086009979,
    0.42352384328842163,
    0.42641258239746094,
    0.41843628883361816,
    0.4215407073497772,
    0.4136182963848114,
    0.4056733548641205,
    0.4090614914894104,
    0.412609338760376,
    0.40475839376449585,
    0.40853607654571533,
    0.4007023572921753,
    0.39281338453292847,
    0.3968876004219055,
    0.3889912962913513,
    0.3933095932006836,
    0.38539209961891174,
    0.3899644613265991,
    0.38201141357421875,
    0.3868493437767029,
    0.39190930128097534,
    0.3839626908302307,
    0.3893170952796936,
    0.3813038468360901,
    0.38697031140327454,
