{
  "step": 70,
  "timestamp": 2.24,
  "robot_pose_odom": {
    "x": -4.52752342283701e-11,
    "y": 1.9312611501380498e-18,
    "yaw_fused": -3.661772458736394e-07,
    "yaw_imu": -3.8078088682169664e-07
  },
  "lidar_pose_relative_to_robot": {
    "x_offset": 0.0,
    "y_offset": 0.0,
    "yaw_offset": 0.0
  },
  "lidar_meta": {
    "fov": 6.283184,
    "horizontal_resolution": 400,
    "angle_min": -3.141592,
    "angle_increment": 0.015747328320802004
  },
  "ranges": [
    1.030649185180664,
    1.0213218927383423,
    1.0125285387039185,
    1.0137810707092285,
    1.0058109760284424,
    0.50273597240448,
    0.4944003224372864,
    0.49550682306289673,
    0.48660358786582947,
    0.4879394471645355,
    0.48940372467041016,
    0.49099838733673096,
    0.52012038230896,
    0.5276079177856445,
    0.5835686326026917,
    0.6478275656700134,
    0.667174220085144,
    0.7213603258132935,
    0.7773555517196655,
    0.8280131816864014,
    0.8882516026496887,
    1.281672716140747,
    null,
    null,
    null,
    null,
    1.624548077583313,
    2.3815696239471436,
    2.025707960128784,
    1.999117374420166,
    1.9903616905212402,
    1.9853287935256958,
    null,
    null,
    2.384870767593384,
    2.387662172317505,
    2.2845027446746826,
    2.2622642517089844,
    2.211846113204956,
    2.163299560546875,
    2.1155714988708496,
    2.0889859199523926,
    2.116309881210327,
    3.1123831272125244,
    3.070333480834961,
    3.009809732437134,
    1.0827044248580933,
    0.9753523468971252,
    0.9612529873847961,
    0.932142436504364,
    0.8669361472129822,
    0.829960286617279,
    0.793923556804657,
    0.7485166788101196,
    0.7221189737319946,
    0.7009455561637878,
    0.671032190322876,
    0.6464644074440002,
    0.6268373131752014,
    0.6199551224708557,
    0.6133720278739929,
    0.6189789175987244,
    0.6246244311332703,
    0.6186404824256897,
    0.6244845986366272,
    0.6303756237030029,
    0.6249552965164185,
    0.633916974067688,
    0.637195885181427,
    0.6434043049812317,
    0.6386659741401672,
    0.6473366618156433,
    0.6515752077102661,
    0.6535780429840088,
    0.6572594046592712,
    0.6697534322738647,
    0.6672323346138,
    0.6722705364227295,
    0.6854751110076904,
    0.6912475824356079,
    0.6893550753593445,
    0.6965211629867554,
    0.7062861919403076,
    0.7048859596252441,
    0.7237692475318909,
    0.7226954102516174,
    0.7321426868438721,
    0.740898072719574,
    0.7504329681396484,
    0.7601285576820374,
    0.7699971199035645,
    0.7800505757331848,
    0.7903016209602356,
    0.8004716634750366,
    0.8114471435546875,
    0.8223679065704346,
    0.8335387110710144,
    0.8449734449386597,
    0.855178952217102,
    2.1299195289611816,
    2.142592191696167,
    2.166348934173584,
    0.8132323622703552,
    0.8156728148460388,
    0.8183306455612183,
    0.8143762946128845,
    0.8512471318244934,
    0.9342792630195618,
    1.3782761096954346,
    1.6169837713241577,
    2.4173266887664795,
    2.4562504291534424,
    2.469496488571167,
    2.4598214626312256,
    2.4498281478881836,
    2.4400179386138916,
    2.4303646087646484,
    2.4208405017852783,
    2.4116101264953613,
    2.4046411514282227,
    2.419990062713623,
    2.394704818725586,
    2.38545298576355,
    2.3800480365753174,
    2.3782639503479004,
    2.369145393371582,
    2.385521411895752,
    2.3666908740997314,
    2.3661305904388428,
    2.361503839492798,
    2.37503719329834,
    null,
    null,
    null,
    null,
    null,
    2.347592353820801,
    1.964024305343628,
    1.689331293106079,
    1.4620330333709717,
    1.4032354354858398,
    1.4102168083190918,
    1.4158555269241333,
    0.8214662671089172,
    0.760463535785675,
    0.7022072672843933,
    0.6570711135864258,
    0.6369573473930359,
    0.5851598381996155,
    0.5491794943809509,
    0.5192996859550476,
    0.4945269525051117,
    0.47083988785743713,
    0.4570222795009613,
    0.4425183832645416,
    0.4173680245876312,
    0.396863728761673,
    0.3931940197944641,
    0.36676397919654846,
    0.36361032724380493,
    0.3493298888206482,
    0.33536621928215027,
    0.33279532194137573,
    0.3193329870700836,
    0.31707605719566345,
    0.3040684461593628,
    0.2913072407245636,
    0.2895010709762573,
    0.2759576439857483,
    0.2714896500110626,
    0.26240774989128113,
    0.26427555084228516,
    0.25514304637908936,
    0.257114052772522,
    0.23664280772209167,
    0.23861920833587646,
    0.24068878591060638,
    null,
    null,
    null,
    null,
    null,
    null,
    null,
    null,
    null,
    null,
    null,
    null,
    null,
    null,
    null,
    null,
    null,
    null,
    null,
    null,
    null,
    null,
    null,
    null,
    null,
    null,
    null,
    null,
    null,
    null,
    null,
    null,
    null,
    null,
    null,
    null,
    null,
    null,
    null,
    null,
    null,
    null,
    null,
    null,
    null,
    null,
    null,
    null,
    null,
    null,
    null,
    null,
    null,
    null,
    null,
    null,
    null,
    null,
    null,
    null,
    null,
    null,
    null,
    null,
    null,
    null,
    null,
    null,
    null,
    null,
    null,
    null,
    null,
    null,
    null,
    null,
    null,
    null,
    null,
    null,
    null,
    null,
    null,
    null,
    null,
    null,
    null,
    null,
    null,
    null,
    null,
    null,
    null,
    null,
    null,
    null,
    null,
    null,
    null,
    null,
    null,
    null,
    null,
    null,
    null,
    null,
    null,
    null,
    null,
    null,
    null,
    null,
    null,
    null,
    null,
    null,
    0.28064706921577454,
    0.28762757778167725,
    0.29022783041000366,
    0.29959601163864136,
    0.3087688386440277,
    0.3177623152732849,
    0.32659122347831726,
    0.340372771024704,
    0.3438103199005127,
    0.3604869842529297,
    0.37011557817459106,
    0.3904198706150055,
    0.3979039788246155,
    0.41777271032333374,
    0.4264327883720398,
    0.4645094871520996,
    0.47820690274238586,
    0.48194268345832825,
    0.5350577235221863,
    0.5461558103561401,
    0.5804428458213806,
    0.6420817971229553,
    0.6578567028045654,
    0.693869948387146,
    0.7547433376312256,
    0.7710591554641724,
    0.8851538896560669,
    1.032012701034546,
    0.988396942615509,
    1.118735432624817,
    1.161975622177124,
    1.1699012517929077,
    1.1892398595809937,
    1.1980630159378052,
    1.2184971570968628,
    1.2395576238632202,
    1.2499102354049683,
    1.272212266921997,
    1.295226812362671,
    1.307315468788147,
    1.3366254568099976,
    1.3569916486740112,
    1.383093237876892,
    1.4068493843078613,
    1.4380381107330322,
    1.466976284980774,
    1.4843807220458984,
    1.528045654296875,
    1.5653960704803467,
    1.5937646627426147,
    1.629013180732727,
    1.6646662950515747,
    1.7112507820129395,
    1.755186676979065,
    1.8171554803848267,
    1.8591818809509277,
    1.8595715761184692,
    1.9157522916793823,
    1.939465045928955,
    1.9869768619537354,
    1.1665520668029785,
    1.1398619413375854,
    1.1593595743179321,
    1.1655751466751099,
    1.1714534759521484,
    1.1770395040512085,
    1.1823740005493164,
    1.199521541595459,
    1.204338788986206,
    1.2207982540130615,
    1.2252446413040161,
    1.2220712900161743,
    null,
    null,
    1.267834186553955,
    1.28603994846344,
    1.3064169883728027,
    1.3104146718978882,
    1.3184696435928345,
    1.3444058895111084,
    1.3611023426055908,
    1.3776018619537354,
    1.3939405679702759,
    1.4091010093688965,
    1.4368114471435547,
    1.4419267177581787,
    1.4792182445526123,
    1.4764295816421509,
    1.5408501625061035,
    1.5435954332351685,
    1.5705291032791138,
    1.6145305633544922,
    1.634494662284851,
    1.6613786220550537,
    1.6976134777069092,
    1.7255173921585083,
    1.7565970420837402,
