{
  "step": 435,
  "timestamp": 13.92,
  "robot_pose_odom": {
    "x": -0.8312345437148418,
    "y": -1.037633901705042,
    "yaw_fused": -3.0744088492171953,
    "yaw_imu": -3.0455844198004187
  },
  "lidar_pose_relative_to_robot": {
    "x_offset": 0.0,
    "y_offset": 0.0,
    "yaw_offset": 0.0
  },
  "lidar_meta": {
    "fov": 6.283184,
    "horizontal_resolution": 400,
    "angle_min": -3.141592,
    "angle_increment": 0.015747328320802004
  },
  "ranges": [
    0.5227070450782776,
    0.5162188410758972,
    0.5068668723106384,
    0.5031799077987671,
    0.49661484360694885,
    0.4900091886520386,
    0.49641847610473633,
    0.4898834526538849,
    0.4832901954650879,
    0.4766298234462738,
    0.4698925316333771,
    0.45608678460121155,
    0.4560869038105011,
    0.4422517716884613,
    0.4221578538417816,
    0.40274184942245483,
    0.397202730178833,
    0.3788456320762634,
    0.3739543557167053,
    0.3565438985824585,
    0.3396463692188263,
    0.3356640636920929,
    null,
    null,
    null,
    null,
    0.29463404417037964,
    0.29181143641471863,
    0.27754858136177063,
    0.2750728726387024,
    0.27270767092704773,
    0.2591802179813385,
    null,
    null,
    0.24225255846977234,
    0.24054041504859924,
    0.23891086876392365,
    0.23736140131950378,
    0.235889732837677,
    0.22383490204811096,
    0.22257263958454132,
    0.22137881815433502,
    0.22025182843208313,
    0.21919000148773193,
    0.2181919515132904,
    0.20691078901290894,
    0.2060779631137848,
    null,
    null,
    null,
    null,
    null,
    null,
    null,
    null,
    null,
    null,
    null,
    null,
    null,
    null,
    null,
    null,
    null,
    null,
    null,
    null,
    null,
    null,
    null,
    null,
    null,
    null,
    null,
    null,
    null,
    null,
    null,
    null,
    null,
    null,
    null,
    null,
    null,
    null,
    null,
    null,
    null,
    null,
    null,
    null,
    null,
    null,
    null,
    null,
    null,
    null,
    null,
    null,
    null,
    null,
    null,
    null,
    null,
    null,
    null,
    null,
    null,
    null,
    null,
    null,
    null,
    null,
    null,
    null,
    null,
    null,
    null,
    null,
    null,
    null,
    null,
    null,
    null,
    null,
    null,
    null,
    null,
    null,
    null,
    null,
    null,
    null,
    null,
    null,
    null,
    null,
    0.22657231986522675,
    0.2020556777715683,
    0.21638187766075134,
    0.21556736528873444,
    0.2148117870092392,
    0.21411414444446564,
    0.22363892197608948,
    0.22302664816379547,
    0.23258483409881592,
    0.23206545412540436,
    0.24167518317699432,
    0.24125641584396362,
    0.2509359121322632,
    0.250625878572464,
    0.2603934109210968,
    0.2602006196975708,
    0.2700749337673187,
    0.2700083255767822,
    0.28003519773483276,
    0.2900805175304413,
    0.29022377729415894,
    0.30045393109321594,
    0.3007510304450989,
    0.3115919828414917,
    0.32225120067596436,
    0.33154937624931335,
    0.3440244793891907,
    0.35516664385795593,
    0.3634067475795746,
    0.37803569436073303,
    0.38979336619377136,
    0.4017881751060486,
    0.4071721136569977,
    0.4368610680103302,
    0.4400034248828888,
    0.4872988164424896,
    0.4934917390346527,
    0.5244089961051941,
    0.5270923972129822,
    0.5402705669403076,
    0.5554392337799072,
    0.5710644721984863,
    0.5780542492866516,
    0.6124753355979919,
    0.6319004893302917,
    0.6497253775596619,
    0.6630130410194397,
    0.6765568852424622,
    0.724066972732544,
    0.7503149509429932,
    0.763995349407196,
    0.8132851123809814,
    0.8396907448768616,
    0.8818745017051697,
    0.9242832660675049,
    0.955815315246582,
    1.0397465229034424,
    1.090268611907959,
    1.160071849822998,
    1.207257866859436,
    1.3219385147094727,
    1.4340287446975708,
    1.4892549514770508,
    1.5093700885772705,
    1.5438432693481445,
    1.5796867609024048,
    1.616982340812683,
    1.6417853832244873,
    1.683812141418457,
    1.6875511407852173,
    1.765953779220581,
    1.791794776916504,
    1.8521668910980225,
    1.9189587831497192,
    1.9495570659637451,
    1.9968290328979492,
    2.0928919315338135,
    2.0992178916931152,
    2.197917938232422,
    2.2326395511627197,
    2.388312816619873,
    2.4038519859313965,
    2.591585636138916,
    2.623391628265381,
    2.6643948554992676,
    2.8608458042144775,
    2.942600965499878,
    2.9327328205108643,
    2.9288651943206787,
    2.906412363052368,
    2.896068572998047,
    1.486977458000183,
    1.4769039154052734,
    1.6270519495010376,
    2.073294162750244,
    2.237581253051758,
    2.8104496002197266,
    2.803518056869507,
    2.796867609024048,
    2.8091516494750977,
    2.7951877117156982,
    2.7862398624420166,
    2.795623540878296,
    2.804407835006714,
    2.7832822799682617,
    2.7889907360076904,
    2.7882513999938965,
    2.7874956130981445,
    2.8054351806640625,
    2.792630672454834,
    2.7994415760040283,
    2.8000457286834717,
    2.8134896755218506,
    2.81474232673645,
    2.816209316253662,
    2.838698625564575,
    1.1102408170700073,
    1.010784387588501,
    0.9257919788360596,
    0.8830395340919495,
    0.7929336428642273,
    0.7928635478019714,
    0.7401217222213745,
    0.7035191655158997,
    0.6736100316047668,
    0.6487644910812378,
    0.6101033091545105,
    0.5880650877952576,
    0.5602833032608032,
    0.5452362895011902,
    0.5221441388130188,
    0.501038670539856,
    0.48623907566070557,
    0.46904900670051575,
    0.464233934879303,
    0.4360584020614624,
    0.431880921125412,
    0.4278874099254608,
    0.4011479318141937,
    0.39769867062568665,
    0.39440467953681946,
    0.3800816237926483,
    0.3660747706890106,
    0.3633788228034973,
    0.3498769700527191,
    0.34750670194625854,
    0.33446380496025085,
    0.33239006996154785,
    0.330422967672348,
    0.3179609179496765,
    0.31625545024871826,
    0.3146454393863678,
    0.30269095301628113,
    0.3013126850128174,
    0.28967511653900146,
    0.28850916028022766,
    0.28742316365242004,
    0.27618658542633057,
    0.2752895951271057,
    0.2744659185409546,
    0.27371448278427124,
    0.2629219889640808,
    0.2623348534107208,
    0.26181477308273315,
    0.26136112213134766,
    0.26097333431243896,
    0.250625878572464,
    0.250378280878067,
    0.24003943800926208,
    0.25006940960884094,
    0.2500077188014984,
    0.26003456115722656,
    0.2699926197528839,
    0.2802160680294037,
    0.28042367100715637,
    1.2528144121170044,
    1.2442106008529663,
    1.235863208770752,
    1.2292695045471191,
    1.2198948860168457,
    1.2122528553009033,
    1.2048254013061523,
    1.1976020336151123,
    1.1905728578567505,
    1.183727502822876,
    1.1770555973052979,
    1.1705470085144043,
    1.1690458059310913,
    1.1683675050735474,
    1.1623328924179077,
    1.156421184539795,
    1.1475012302398682,
    1.1446592807769775,
    1.1511509418487549,
    1.181816816329956,
    1.744504451751709,
    1.8569629192352295,
    1.891198754310608,
    1.9712955951690674,
    2.028257131576538,
    2.2167093753814697,
    2.065042495727539,
    2.068401575088501,
    3.6941893100738525,
    3.6966192722320557,
    3.7008941173553467,
    3.6908442974090576,
    3.6942484378814697,
    3.6979479789733887,
    null,
    null,
    null,
    null,
    3.257157325744629,
    2.913726568222046,
    2.761716365814209,
    2.7676594257354736,
    2.0974512100219727,
    1.9478394985198975,
    1.7657527923583984,
    1.6559559106826782,
    1.6137938499450684,
    1.5217065811157227,
    1.4478942155838013,
    1.378001093864441,
    1.3117338418960571,
    1.250221610069275,
    1.2223347425460815,
    1.159359335899353,
    1.1113147735595703,
    1.084429383277893,
    1.0353277921676636,
    1.0121901035308838,
    0.9653210043907166,
    0.9382807016372681,
