{
  "step": 40,
  "timestamp": 1.28,
  "robot_pose_odom": {
    "x": -4.526614461042288e-11,
    "y": 1.928289075248312e-18,
    "yaw_fused": -3.127746092399816e-07,
    "yaw_imu": -3.8068205698849056e-07
  },
  "lidar_pose_relative_to_robot": {
    "x_offset": 0.0,
    "y_offset": 0.0,
    "yaw_offset": 0.0
  },
  "lidar_meta": {
    "fov": 6.283184,
    "horizontal_resolution": 400,
    "angle_min": -3.141592,
    "angle_increment": 0.015747328320802004
  },
  "ranges": [
    1.0253264904022217,
    1.0155037641525269,
    1.0061136484146118,
    1.0086005926132202,
    0.9999281167984009,
    0.4958230257034302,
    0.49187034368515015,
    0.48809972405433655,
    0.4845051169395447,
    0.4810808300971985,
    0.4778217375278473,
    0.508759081363678,
    0.541682779788971,
    0.5684608817100525,
    0.5927385687828064,
    0.6262710094451904,
    0.6821284294128418,
    0.6947305202484131,
    0.7350923418998718,
    0.9237021803855896,
    1.620619773864746,
    null,
    null,
    null,
    null,
    1.2474602460861206,
    2.4247586727142334,
    2.0732665061950684,
    2.014714002609253,
    1.9998418092727661,
    1.986980676651001,
    1.9952971935272217,
    null,
    2.0569252967834473,
    2.380990505218506,
    2.339965581893921,
    2.289937973022461,
    2.2402102947235107,
    2.1911075115203857,
    2.154139280319214,
    2.1049423217773438,
    2.0982556343078613,
    3.1156527996063232,
    3.1123218536376953,
    3.0513830184936523,
    3.010777235031128,
    1.0637612342834473,
    0.9967965483665466,
    0.9701593518257141,
    0.8961330056190491,
    0.8485399484634399,
    0.80792236328125,
    0.7716968059539795,
    0.713274359703064,
    0.7068344354629517,
    0.6762889623641968,
    0.6567148566246033,
    0.6364477276802063,
    0.6182106733322144,
    0.6218910813331604,
    0.6149817705154419,
    0.6189963221549988,
    0.623218297958374,
    0.6166427731513977,
    0.6212177872657776,
    0.6260167360305786,
    0.6310473084449768,
    0.6363177299499512,
    0.6418365836143494,
    0.6360486745834351,
    0.6419850587844849,
    0.6481947302818298,
    0.654688835144043,
    0.6614794135093689,
    0.6564227342605591,
    0.663709819316864,
    0.671328067779541,
    0.6792926788330078,
    0.6748866438865662,
    0.6834336519241333,
    0.6923729181289673,
    0.701724648475647,
    0.7115103602409363,
    0.7081354260444641,
    0.7186588048934937,
    0.7296823859214783,
    0.7366633415222168,
    0.7324798107147217,
    0.7536059021949768,
    0.767582893371582,
    0.7679255604743958,
    0.7877075672149658,
    0.7916972041130066,
    0.8028152585029602,
    0.8133490085601807,
    0.8176678419113159,
    0.8451842665672302,
    0.8541622757911682,
    2.1224238872528076,
    2.1265337467193604,
    2.1949334144592285,
    0.817072331905365,
    0.8095170855522156,
    0.813757598400116,
    0.8067604303359985,
    0.842074453830719,
    1.0931847095489502,
    1.2093901634216309,
    1.3441826105117798,
    1.5249261856079102,
    2.4390406608581543,
    2.48150634765625,
    2.462238311767578,
    2.460550308227539,
    2.4508068561553955,
    2.441223621368408,
    2.4317736625671387,
    2.422428607940674,
    2.4234681129455566,
    2.4039270877838135,
    2.3918349742889404,
    2.3979246616363525,
    2.3875932693481445,
    2.3744959831237793,
    2.381545305252075,
    2.370884418487549,
    2.366692304611206,
    2.3661303520202637,
    2.361503839492798,
    2.375037670135498,
    2.3592352867126465,
    null,
    null,
    null,
    null,
    null,
    2.2530598640441895,
    1.8892114162445068,
    1.638767957687378,
    1.3543686866760254,
    1.4102169275283813,
    1.3958572149276733,
    1.3980369567871094,
    0.800736665725708,
    0.740481972694397,
    0.6884851455688477,
    0.6678516864776611,
    0.6106262803077698,
    0.570395290851593,
    0.5498533844947815,
    0.5191079378128052,
    0.5016393065452576,
    0.47221723198890686,
    0.4502386748790741,
    0.4242730140686035,
    0.4202084541320801,
    0.4009900987148285,
    0.378225177526474,
    0.37497302889823914,
    0.35772889852523804,
    0.34654501080513,
    0.33279523253440857,
    0.33034437894821167,
    0.3170759975910187,
    0.31492793560028076,
    0.30209633708000183,
    0.28950101137161255,
    0.2877877354621887,
    0.27556613087654114,
    0.274088054895401,
    0.2726927399635315,
    0.2609404921531677,
    0.2597523331642151,
    0.2482929527759552,
    0.24729357659816742,
    0.24636271595954895,
    0.23527005314826965,
    0.23450596630573273,
    0.22363892197608948,
    0.22302664816379547,
    0.22247245907783508,
    0.2219756543636322,
    0.2114657759666443,
    0.21109935641288757,
    0.21078616380691528,
    0.2105257362127304,
    0.2003026157617569,
    0.20015431940555573,
    null,
    null,
    null,
    null,
    null,
    null,
    null,
    null,
    null,
    null,
    null,
    null,
    null,
    null,
    null,
    null,
    null,
    null,
    null,
    null,
    null,
    null,
    null,
    null,
    null,
    null,
    null,
    null,
    null,
    null,
    null,
    null,
    null,
    null,
    null,
    null,
    null,
    null,
    null,
    null,
    null,
    null,
    null,
    null,
    null,
    null,
    null,
    null,
    null,
    null,
    null,
    null,
    null,
    null,
    null,
    null,
    null,
    null,
    null,
    null,
    null,
    null,
    null,
    null,
    null,
    null,
    null,
    null,
    null,
    null,
    null,
    null,
    null,
    null,
    null,
    null,
    null,
    null,
    null,
    null,
    null,
    null,
    null,
    null,
    null,
    null,
    null,
    0.20139597356319427,
    0.20104700326919556,
    0.21078616380691528,
    0.2105257362127304,
    0.21031774580478668,
    0.22016975283622742,
    0.22006107866764069,
    0.2200067937374115,
    0.2300070971250534,
    0.23006384074687958,
    0.23017746210098267,
    0.24036315083503723,
    0.2406008392572403,
    0.2509359121322632,
    0.25130876898765564,
    0.26181477308273315,
    0.2623348534107208,
    0.27303436398506165,
    0.27371448278427124,
    0.2846313416957855,
    0.28548550605773926,
    0.2994968295097351,
    0.3079533874988556,
    0.309116929769516,
    0.3207116723060608,
    0.3278055787086487,
    0.34819841384887695,
    0.3538767695426941,
    0.3674045205116272,
    0.3818160593509674,
    0.39555713534355164,
    0.4102306067943573,
    0.42533695697784424,
    0.4495815932750702,
    0.46789565682411194,
    0.4845532178878784,
    0.4966154396533966,
    0.536115288734436,
    0.5663052201271057,
    0.5916046500205994,
    0.6110813617706299,
    0.689844012260437,
    0.7247811555862427,
    0.7514113187789917,
    0.8514203429222107,
    0.9146901965141296,
    1.037323236465454,
    1.1148505210876465,
    1.156176209449768,
    1.1698930263519287,
    1.1842350959777832,
    1.1992326974868774,
    1.214918613433838,
    1.2313282489776611,
    1.2484993934631348,
    1.2664730548858643,
    1.285293698310852,
    1.3050090074539185,
    1.3330029249191284,
    1.3343987464904785,
    1.3800339698791504,
    1.4009184837341309,
    1.4308947324752808,
    1.4553513526916504,
    1.459821343421936,
    1.5141299962997437,
    1.5684953927993774,
    1.5873990058898926,
    1.6433628797531128,
    1.6629440784454346,
    1.7103403806686401,
    1.7316290140151978,
    1.7954260110855103,
    1.8457051515579224,
    1.8847565650939941,
    1.9137592315673828,
    1.9441531896591187,
    1.980631947517395,
    1.1514240503311157,
    1.1425973176956177,
    1.1561567783355713,
    1.1612186431884766,
    1.166313886642456,
    1.1822468042373657,
    1.190171241760254,
    1.1975963115692139,
    1.220611810684204,
    1.211384892463684,
    1.233285903930664,
    1.2424358129501343,
    null,
    1.2592253684997559,
    1.2836288213729858,
    1.2875902652740479,
    1.3067913055419922,
    1.3189879655838013,
