{
  "step": 280,
  "timestamp": 8.96,
  "robot_pose_odom": {
    "x": -0.291273924483718,
    "y": -0.5065839736790703,
    "yaw_fused": -2.093631536533656,
    "yaw_imu": -2.093745398680579
  },
  "lidar_pose_relative_to_robot": {
    "x_offset": 0.0,
    "y_offset": 0.0,
    "yaw_offset": 0.0
  },
  "lidar_meta": {
    "fov": 6.283184,
    "horizontal_resolution": 400,
    "angle_min": -3.141592,
    "angle_increment": 0.015747328320802004
  },
  "ranges": [
    null,
    null,
    null,
    2.6058807373046875,
    2.194657564163208,
    2.00014066696167,
    1.4193555116653442,
    1.2363357543945312,
    1.1507571935653687,
    1.0469889640808105,
    0.9844464659690857,
    0.8867576718330383,
    0.8298369646072388,
    0.7788528800010681,
    0.7299010753631592,
    0.6923919320106506,
    0.6591147780418396,
    0.6041283011436462,
    0.5905163884162903,
    0.5725482106208801,
    0.5511847734451294,
    0.5169220566749573,
    null,
    null,
    null,
    0.438721626996994,
    0.42866361141204834,
    0.4184849262237549,
    0.39677655696868896,
    0.385905921459198,
    0.37473687529563904,
    0.36397993564605713,
    null,
    0.3507038652896881,
    0.33850133419036865,
    0.341775506734848,
    0.3213927447795868,
    0.3247262239456177,
    0.30389946699142456,
    0.30727311968803406,
    0.3012133538722992,
    0.2893284559249878,
    0.29287540912628174,
    0.2836895287036896,
    0.2743365168571472,
    0.2780419588088989,
    0.26849454641342163,
    null,
    null,
    null,
    null,
    null,
    null,
    null,
    null,
    null,
    null,
    null,
    null,
    null,
    null,
    null,
    null,
    null,
    null,
    null,
    null,
    null,
    null,
    null,
    null,
    null,
    null,
    null,
    null,
    null,
    null,
    null,
    null,
    null,
    null,
    null,
    null,
    null,
    null,
    null,
    null,
    null,
    null,
    null,
    null,
    null,
    null,
    null,
    null,
    null,
    null,
    null,
    null,
    null,
    null,
    null,
    null,
    null,
    null,
    null,
    null,
    null,
    null,
    null,
    null,
    null,
    null,
    null,
    null,
    null,
    null,
    null,
    null,
    null,
    null,
    null,
    null,
    null,
    null,
    null,
    null,
    null,
    null,
    null,
    null,
    null,
    null,
    null,
    null,
    null,
    null,
    null,
    null,
    null,
    null,
    null,
    null,
    null,
    null,
    null,
    null,
    null,
    null,
    null,
    null,
    0.2764074504375458,
    0.2859780192375183,
    0.29534411430358887,
    0.30452221632003784,
    0.31352755427360535,
    0.30947956442832947,
    0.318342924118042,
    0.3270670473575592,
    0.33566418290138245,
    0.34125617146492004,
    0.35576698184013367,
    0.36080706119537354,
    0.37109774351119995,
    0.37713176012039185,
    0.3855552673339844,
    0.39696159958839417,
    0.4201536476612091,
    0.4314171075820923,
    0.4423489570617676,
    0.46368882060050964,
    0.474428653717041,
    0.48455408215522766,
    0.49844637513160706,
    0.5299364328384399,
    0.5564755797386169,
    0.5744951367378235,
    0.5682799220085144,
    0.5718252062797546,
    0.5755580067634583,
    0.5794837474822998,
    0.5836084485054016,
    0.5879383087158203,
    0.5924802422523499,
    0.6085100173950195,
    0.6135922074317932,
    0.618914008140564,
    0.6244843006134033,
    0.6303128004074097,
    0.63640958070755,
    0.6427854895591736,
    0.6494524478912354,
    0.6564227938652039,
    0.6760008931159973,
    0.6837601661682129,
    0.6918724179267883,
    0.7003543376922607,
    0.7092238068580627,
    0.7185004353523254,
    0.7409635186195374,
    0.7517847418785095,
    0.7626076936721802,
    0.7739406228065491,
    0.7858121991157532,
    0.8068255186080933,
    0.8215797543525696,
    0.8353142142295837,
    0.8433843851089478,
    0.8733644485473633,
    0.8975034952163696,
    0.8975445628166199,
    0.9289689660072327,
    0.9599852561950684,
    0.9764376878738403,
    1.0143682956695557,
    1.0267696380615234,
    1.0760842561721802,
    1.0909322500228882,
    1.1696033477783203,
    1.177828311920166,
    1.2140151262283325,
    1.2604624032974243,
    1.2946223020553589,
    1.3014304637908936,
    1.3477587699890137,
    1.3789141178131104,
    1.4093236923217773,
    1.4255549907684326,
    1.4790594577789307,
    1.5138193368911743,
    1.5765893459320068,
    1.604753851890564,
    1.6417467594146729,
    1.6788958311080933,
    1.7169439792633057,
    1.8036174774169922,
    1.805271863937378,
    0.625587522983551,
    0.6120277643203735,
    0.5919437408447266,
    0.6006665825843811,
    0.6117547154426575,
    0.6099242568016052,
    0.6285296082496643,
    0.6269678473472595,
    0.6366289258003235,
    0.6545369625091553,
    0.6534027457237244,
    0.6720766425132751,
    0.6813872456550598,
    0.690822422504425,
    0.7006859183311462,
    0.7201173901557922,
    0.7300491333007812,
    0.7399963140487671,
    0.7602933049201965,
    0.7704485654830933,
    0.7914168834686279,
    0.8016877174377441,
    0.8239327073097229,
    0.8455494046211243,
    0.8644947409629822,
    0.8898449540138245,
    0.9125809669494629,
    0.9295649528503418,
    0.9517166614532471,
    0.9937008619308472,
    1.0069801807403564,
    1.0539063215255737,
    1.0634106397628784,
    1.092408537864685,
    1.1881121397018433,
    1.209930419921875,
    1.2667455673217773,
    1.3134297132492065,
    1.366180181503296,
    1.4188023805618286,
    1.4339981079101562,
    1.4395173788070679,
    1.4160845279693604,
    1.412692904472351,
    1.4094209671020508,
    1.4062557220458984,
    1.4138919115066528,
    1.3889204263687134,
    1.3866326808929443,
    1.3829091787338257,
    1.3799465894699097,
    1.3769866228103638,
    1.3740078210830688,
    1.3709869384765625,
    1.3678981065750122,
    0.8752303123474121,
    0.8849464654922485,
    0.882672131061554,
    0.8805646300315857,
    0.8786260485649109,
    0.8768582940101624,
    0.8883275985717773,
    0.8870858550071716,
    0.8860317468643188,
    0.8851693272590637,
    0.8845031261444092,
    0.8840383291244507,
    0.884039044380188,
    0.8906813859939575,
    0.885170042514801,
    0.8860322833061218,
    0.9003265500068665,
    0.8975030779838562,
    0.9026487469673157,
    0.9046849608421326,
    0.9057241082191467,
    0.9046918749809265,
    0.9218196272850037,
    0.9116987586021423,
    0.9229025840759277,
    0.9284683465957642,
    0.9261638522148132,
    0.9341610074043274,
    0.9404945373535156,
    0.9473768472671509,
    0.9541069269180298,
    0.9607094526290894,
    0.9779170751571655,
    0.9514352679252625,
    0.9250622391700745,
    0.8943090438842773,
    0.8839647173881531,
    0.8369936943054199,
    0.7807706594467163,
    0.7583907842636108,
    0.7425208687782288,
    0.7234162092208862,
    0.7058669924736023,
    0.6893316507339478,
    0.6776712536811829,
    0.6585383415222168,
    0.6467187404632568,
    0.6351514458656311,
    0.6238217949867249,
    0.6118521094322205,
    0.6018171906471252,
    0.591114342212677,
    0.5804475545883179,
    0.5801610350608826,
    0.589991569519043,
    0.5999919772148132,
    0.6100870370864868,
    1.1706116199493408,
    1.1512969732284546,
    1.1325139999389648,
    1.1246243715286255,
    1.1069105863571167,
    1.0867842435836792,
    1.0805799961090088,
    1.0605671405792236,
    1.0558536052703857,
    1.034955620765686,
    1.0274382829666138,
    1.025765299797058,
    1.0196785926818848,
    0.9994780421257019,
    1.0035171508789062,
    1.0332962274551392,
    null,
    null,
    1.0737082958221436,
    1.0914028882980347,
    1.1096969842910767,
    1.1286219358444214,
    1.1390901803970337,
    1.1793562173843384,
    1.2004505395889282,
    1.2223222255706787,
    1.2398581504821777,
    1.2797454595565796,
    1.3155678510665894,
    1.3404431343078613,
    1.3675315380096436,
