{
  "step": 1275,
  "timestamp": 40.800000000000004,
  "robot_pose_odom": {
    "x": -2.2431152880339265,
    "y": 1.5687949251504336,
    "yaw_fused": 0.9685986680089357,
    "yaw_imu": 0.9685443760498609
  },
  "lidar_pose_relative_to_robot": {
    "x_offset": 0.0,
    "y_offset": 0.0,
    "yaw_offset": 0.0
  },
  "lidar_meta": {
    "fov": 6.283184,
    "horizontal_resolution": 400,
    "angle_min": -3.141592,
    "angle_increment": 0.015747328320802004
  },
  "ranges": [
    2.5850303173065186,
    2.2976303100585938,
    2.05422306060791,
    1.8628586530685425,
    1.6831835508346558,
    1.5641595125198364,
    1.442117691040039,
    1.346418857574463,
    1.264623761177063,
    1.1862956285476685,
    1.1230731010437012,
    1.0617036819458008,
    1.0058547258377075,
    0.9699026942253113,
    0.9164063334465027,
    0.873134970664978,
    0.8602461814880371,
    0.8087829351425171,
    0.7808408141136169,
    0.7516109943389893,
    0.725292980670929,
    0.6991704106330872,
    null,
    null,
    null,
    null,
    0.5945743918418884,
    0.5942755341529846,
    0.5683449506759644,
    0.5612946152687073,
    0.5528149008750916,
    0.5447199940681458,
    0.5235645771026611,
    0.5163637399673462,
    0.49641865491867065,
    0.4900093078613281,
    0.48388123512268066,
    0.4780210554599762,
    0.4724162817001343,
    0.45476436614990234,
    0.4497714042663574,
    0.4449954032897949,
    0.44042733311653137,
    0.42427322268486023,
    0.4202086329460144,
    0.41632306575775146,
    0.4126094877719879,
    0.40906161069869995,
    0.39440470933914185,
    0.39126062393188477,
    0.38826122879981995,
    0.3854018747806549,
    0.3826780319213867,
    0.36922597885131836,
    0.36683139204978943,
    0.3673420548439026,
    0.35604211688041687,
    0.35836631059646606,
    0.3498769998550415,
    0.3523674011230469,
    0.3438884913921356,
    0.3465450406074524,
    0.33806112408638,
    0.34088456630706787,
    0.3323797583580017,
    0.3353712260723114,
    0.33850133419036865,
    0.3299901783466339,
    0.3332962095737457,
    0.3247262239456177,
    0.32821139693260193,
    0.3195640444755554,
    0.3232320547103882,
    0.32706695795059204,
    0.3183428645133972,
    0.32237446308135986,
    0.3135274648666382,
    0.31776222586631775,
    0.30876871943473816,
    0.31321385502815247,
    0.304048091173172,
    0.3087119162082672,
    0.3087119162082672,
    0.304048091173172,
    0.31321385502815247,
    0.30876874923706055,
    0.3045220971107483,
    0.3135274350643158,
    0.3094794750213623,
    0.3056090474128723,
    0.30190789699554443,
    0.31080007553100586,
    0.30727308988571167,
    0.3038994371891022,
    0.3006724417209625,
    0.30948930978775024,
    0.30641940236091614,
    0.30348387360572815,
    0.3122421205043793,
    0.3094569742679596,
    0.3067961037158966,
    0.30425500869750977,
    0.3130083978176117,
    0.3106089234352112,
    0.30832144618034363,
    0.3061423599720001,
    0.31492793560028076,
    0.31288549304008484,
    0.32166779041290283,
    0.3197641372680664,
    0.3179609179496765,
    0.31625545024871826,
    0.32513365149497986,
    0.323566198348999,
    0.3220928907394409,
    0.33105728030204773,
    0.3297247588634491,
    0.32848361134529114,
    0.33756139874458313,
    0.33646509051322937,
    0.335458368062973,
    0.3345399498939514,
    0.34382107853889465,
    0.34305331110954285,
    0.35244297981262207,
    0.3518322706222534,
    0.35131028294563293,
    0.36090123653411865,
    0.36054471135139465,
    0.3702855110168457,
    0.37010273337364197,
    0.38001173734664917,
    0.38001173734664917,
    0.38010549545288086,
    0.3903009295463562,
    0.390590101480484,
    0.4010013937950134,
    0.40149742364883423,
    0.4121463894844055,
    0.41286176443099976,
    0.4237717092037201,
    0.4247201383113861,
    0.4257781207561493,
    0.41678160429000854,
    0.41803234815597534,
    0.41939446330070496,
    0.4208696484565735,
    0.42245981097221375,
    0.4138214886188507,
    0.4156036078929901,
    0.4070671498775482,
    0.4090389907360077,
    0.4111320674419403,
    0.4133491814136505,
    0.405034601688385,
    0.40744590759277344,
    0.40998783707618713,
    0.401804655790329,
    0.40454521775245667,
    0.4074246883392334,
    0.41044744849205017,
    0.40243929624557495,
    0.40567323565483093,
    0.40906137228012085,
    0.4126092195510864,
    0.4047582149505615,
    0.4085359275341034,
    0.41248753666877747,
    0.416620135307312,
    0.4089145362377167,
    0.4133032262325287,
    0.41789141297340393,
    0.410256028175354,
    0.41512331366539,
    0.42021244764328003,
    0.4255341589450836,
    0.43110013008117676,
    0.4236828088760376,
    0.42959117889404297,
    0.43577566742897034,
    0.4284312427043915,
    0.43500298261642456,
    0.4350033700466156,
    0.44225195050239563,
    0.435776025056839,
    0.4430161416530609,
    0.4501632750034332,
    0.4572277069091797,
    0.45132437348365784,
    0.4584137797355652,
    0.46544158458709717,
    0.4724162817001343,
    0.4793461859226227,
    0.4740833342075348,
    0.48107606172561646,
    0.48804107308387756,
    0.494985431432724,
    0.49024340510368347,
    0.4935072064399719,
    0.5157618522644043,
    0.5113270282745361,
    0.5154910087585449,
    0.5365859866142273,
    0.532472550868988,
    0.5396114587783813,
    0.5489338040351868,
    0.55817711353302,
    0.5672647356987,
    0.5848406553268433,
    0.5682799220085144,
    0.5718252062797546,
    0.5864176154136658,
    0.6013511419296265,
    0.6056314706802368,
    0.6212179064750671,
    0.6260168552398682,
    0.6423161625862122,
    0.659043550491333,
    0.6647595167160034,
    0.6823069453239441,
    0.7003475427627563,
    0.707121729850769,
    0.7261096239089966,
    0.7488359808921814,
    0.7658266425132751,
    0.7895084619522095,
    0.8080801963806152,
    0.8345649242401123,
    0.8531588315963745,
    0.8510685563087463,
    0.8622004985809326,
    0.8606060147285461,
    0.8726072907447815,
    0.8715516328811646,
    0.8706831932067871,
    0.8840386867523193,
    0.8910196423530579,
    0.8983238935470581,
    0.9034041166305542,
    0.91288161277771,
    0.9130848050117493,
    0.9236307144165039,
    0.9335423111915588,
    0.942886471748352,
    0.9517237544059753,
    0.9601094722747803,
    0.968093752861023,
    0.9692338705062866,
    0.9950642585754395,
    1.0019803047180176,
    1.0204471349716187,
    1.0268129110336304,
    1.0254744291305542,
    1.058362603187561,
    1.0673657655715942,
    1.0817956924438477,
    1.078995943069458,
    1.0845534801483154,
    1.0901850461959839,
    1.0956168174743652,
    1.0968180894851685,
    1.1067228317260742,
    1.1151150465011597,
    1.108515739440918,
    1.1234618425369263,
    1.1174359321594238,
    1.1354448795318604,
    1.1414575576782227,
    1.1475871801376343,
    1.1635555028915405,
    1.1746444702148438,
    1.1702228784561157,
    1.1837272644042969,
    1.1905726194381714,
    1.201433777809143,
    1.2149627208709717,
    1.2248319387435913,
    1.2319273948669434,
    1.2479010820388794,
    1.25711989402771,
    1.2756174802780151,
    1.7243059873580933,
    1.7226024866104126,
    1.7113194465637207,
    1.7104747295379639,
    1.710052728652954,
    1.710052728652954,
    1.7005542516708374,
    0.6502103209495544,
    0.6305102705955505,
    0.6121572852134705,
    0.5913458466529846,
    0.5724080204963684,
    0.564662754535675,
    0.5438781976699829,
    0.5371895432472229,
    0.5154703259468079,
    0.510185956954956,
    0.49725085496902466,
    0.48814642429351807,
    0.4858926832675934,
    0.46988192200660706,
    0.4606945216655731,
    0.45145121216773987,
    0.4421370029449463,
    0.4272940158843994,
    0.4232340455055237,
    0.4133491814136505,
    0.41569340229034424,
    0.4046611785888672,
    0.4037586748600006,
    0.39094504714012146,
    0.3826778829097748,
    0.38540172576904297,
