{
  "step": 1010,
  "timestamp": 32.32,
  "robot_pose_odom": {
    "x": -3.277630326891391,
    "y": -0.0003368518902555798,
    "yaw_fused": 0.9860360815836249,
    "yaw_imu": 0.9760016309581729
  },
  "lidar_pose_relative_to_robot": {
    "x_offset": 0.0,
    "y_offset": 0.0,
    "yaw_offset": 0.0
  },
  "lidar_meta": {
    "fov": 6.283184,
    "horizontal_resolution": 400,
    "angle_min": -3.141592,
    "angle_increment": 0.015747328320802004
  },
  "ranges": [
    0.7410709857940674,
    0.7446607351303101,
    0.748471200466156,
    0.7525075078010559,
    0.7461163401603699,
    0.7505581974983215,
    0.7552407383918762,
    0.7449727654457092,
    0.708759605884552,
    0.6604956984519958,
    0.6134856343269348,
    0.5764175057411194,
    0.5351573824882507,
    0.5105884671211243,
    0.48500633239746094,
    0.45478495955467224,
    0.44391629099845886,
    0.4193938970565796,
    0.3949054777622223,
    0.381692498922348,
    0.3679235279560089,
    0.35932591557502747,
    null,
    null,
    null,
    0.31458359956741333,
    0.3004637062549591,
    0.29176318645477295,
    0.2819192111492157,
    0.2677426040172577,
    null,
    null,
    null,
    null,
    null,
    null,
    null,
    null,
    null,
    null,
    null,
    null,
    null,
    null,
    null,
    null,
    null,
    null,
    null,
    null,
    null,
    null,
    null,
    null,
    null,
    null,
    null,
    null,
    null,
    null,
    null,
    null,
    null,
    null,
    null,
    null,
    null,
    null,
    null,
    null,
    null,
    null,
    null,
    null,
    null,
    null,
    null,
    null,
    null,
    null,
    null,
    null,
    null,
    null,
    null,
    null,
    null,
    null,
    null,
    null,
    null,
    null,
    null,
    null,
    null,
    null,
    null,
    null,
    null,
    null,
    null,
    null,
    null,
    null,
    null,
    null,
    null,
    null,
    null,
    null,
    null,
    null,
    null,
    null,
    null,
    null,
    null,
    null,
    null,
    null,
    null,
    null,
    null,
    null,
    null,
    null,
    null,
    null,
    null,
    null,
    null,
    null,
    null,
    null,
    null,
    null,
    null,
    null,
    null,
    null,
    null,
    null,
    null,
    null,
    null,
    null,
    null,
    null,
    null,
    null,
    null,
    null,
    null,
    null,
    null,
    null,
    null,
    null,
    0.22537408769130707,
    0.23861920833587646,
    0.24068878591060638,
    0.2428550273180008,
    0.24512164294719696,
    0.25927796959877014,
    0.26187559962272644,
    0.2645917534828186,
    0.2795875072479248,
    0.28269127011299133,
    0.29836806654930115,
    0.3019079566001892,
    0.3183428645133972,
    0.32237446308135986,
    0.33965474367141724,
    0.3442423939704895,
    0.36246761679649353,
    0.3813038468360901,
    0.40079066157341003,
    0.427951842546463,
    0.42795175313949585,
    0.4484298825263977,
    0.48124632239341736,
    0.4943414330482483,
    0.5300852060317993,
    0.5670245289802551,
    0.5829612016677856,
    0.6511947512626648,
    0.7299851775169373,
    0.7697330713272095,
    0.8596304059028625,
    0.9311637282371521,
    1.0805444717407227,
    1.1358064413070679,
    1.5061249732971191,
    1.6286475658416748,
    1.7945799827575684,
    2.181288480758667,
    2.193763256072998,
    2.2144052982330322,
    2.2308895587921143,
    2.257852554321289,
    2.2684619426727295,
    2.2918875217437744,
    2.3152472972869873,
    2.3657162189483643,
    2.3719873428344727,
    2.401775598526001,
    2.4278900623321533,
    2.4410290718078613,
    2.486095666885376,
    2.4900009632110596,
    2.5538902282714844,
    2.587655544281006,
    2.654189109802246,
    2.6963582038879395,
    1.7082651853561401,
    1.7027173042297363,
    1.7319506406784058,
    1.70002019405365,
    1.6266154050827026,
    1.5495681762695312,
    1.4847851991653442,
    1.420837640762329,
    1.3567801713943481,
    1.3129644393920898,
    1.322218894958496,
    0.8806790113449097,
    0.8802443146705627,
    0.880027174949646,
    0.9398697018623352,
    1.2973965406417847,
    1.661280870437622,
    1.6625117063522339,
    1.673865795135498,
    1.7050697803497314,
    2.5627734661102295,
    2.5569751262664795,
    2.5536911487579346,
    4.664278030395508,
    3.9545159339904785,
    3.902186632156372,
    3.852506637573242,
    3.8399555683135986,
    2.9460232257843018,
    2.8955161571502686,
    2.9003329277038574,
    2.7871506214141846,
    2.7430036067962646,
    2.698580741882324,
    2.6382031440734863,
    2.067534923553467,
    2.050034523010254,
    2.0074307918548584,
    1.9823133945465088,
    1.9568815231323242,
    1.931077480316162,
    1.9051302671432495,
    1.8781074285507202,
    1.8561627864837646,
    1.8312699794769287,
    1.8187886476516724,
    1.7916021347045898,
    1.7769089937210083,
    1.761814832687378,
    1.76577627658844,
    1.7182787656784058,
    1.7046512365341187,
    1.1459060907363892,
    1.1459450721740723,
    1.1313121318817139,
    1.1447340250015259,
    1.1848269701004028,
    1.2328133583068848,
    1.2632853984832764,
    1.3244900703430176,
    1.3716959953308105,
    1.4345061779022217,
    1.4987778663635254,
    1.5645729303359985,
    1.5575926303863525,
    1.5540592670440674,
    1.5843039751052856,
    1.592796802520752,
    1.7103832960128784,
    1.8186423778533936,
    1.8649427890777588,
    2.070866823196411,
    2.332655191421509,
    2.368086338043213,
    3.1161160469055176,
    3.1151750087738037,
    3.0757181644439697,
    3.0213828086853027,
    2.9678876399993896,
    2.9068071842193604,
    2.8717708587646484,
    2.800493001937866,
    2.760795831680298,
    2.712888717651367,
    2.6659271717071533,
    2.626505136489868,
    2.587747097015381,
    2.5607268810272217,
    2.5150861740112305,
    2.475277900695801,
    2.554713010787964,
    0.7874590754508972,
    0.7170893549919128,
    0.6472088098526001,
    0.5994214415550232,
    0.5504281520843506,
    0.5136459469795227,
    0.48116111755371094,
    0.45648741722106934,
    0.4325266182422638,
    0.404776006937027,
    0.3778611719608307,
    0.36148273944854736,
    0.34868136048316956,
    0.33120453357696533,
    0.3215579092502594,
    0.300655335187912,
    0.29209285974502563,
    0.28593605756759644,
    0.28106701374053955,
    0.26740798354148865,
    null,
    null,
    null,
    null,
    null,
    null,
    null,
    null,
    null,
    null,
    null,
    null,
    0.2612728476524353,
    0.2656906247138977,
    1.1842350959777832,
    1.157313585281372,
    1.1437442302703857,
    1.118474006652832,
    1.1061939001083374,
    1.0824207067489624,
    1.0594056844711304,
    1.04889714717865,
    1.0271762609481812,
    1.017678141593933,
    0.9971392154693604,
    0.9885653257369995,
    0.9803773760795593,
    0.9613828659057617,
    0.9540130496025085,
    0.9359757900238037,
    0.9293606877326965,
    0.923064649105072,
    0.9062889814376831,
    0.8899475932121277,
    0.8846808075904846,
    0.8796918988227844,
    0.874973475933075,
    0.8600309491157532,
    0.8558847904205322,
    0.8519876599311829,
    null,
    null,
    0.8177762031555176,
    0.8314120769500732,
    0.8180219531059265,
    0.8030669689178467,
    0.8008683323860168,
    0.7988783121109009,
    0.7970944046974182,
    0.7854443192481995,
    0.7840833067893982,
    0.7829200029373169,
    0.7719277143478394,
    0.7711650729179382,
    0.7705941200256348,
    0.770213782787323,
    0.7600234746932983,
    0.7600234746932983,
    0.7602109909057617,
    0.7605864405632019,
    0.7511348724365234,
    0.7518776655197144,
    0.7528077363967896,
    0.7539262771606445,
    0.7451651692390442,
    0.7466453909873962,
    0.7483164668083191,
    0.7501805424690247,
    0.7420745491981506,
    0.744301438331604,
    0.7467266917228699,
    0.7493532299995422,
    0.7418805956840515,
    0.7448787093162537,
