{
  "step": 1415,
  "timestamp": 45.28,
  "robot_pose_odom": {
    "x": -1.6691334750452556,
    "y": 1.613381911532826,
    "yaw_fused": -0.8663405287344929,
    "yaw_imu": -0.8709007042935266
  },
  "lidar_pose_relative_to_robot": {
    "x_offset": 0.0,
    "y_offset": 0.0,
    "yaw_offset": 0.0
  },
  "lidar_meta": {
    "fov": 6.283184,
    "horizontal_resolution": 400,
    "angle_min": -3.141592,
    "angle_increment": 0.015747328320802004
  },
  "ranges": [
    0.4714144468307495,
    0.46689826250076294,
    0.46258094906806946,
    0.45845475792884827,
    0.45451274514198303,
    0.45074817538261414,
    0.44715481996536255,
    0.4437269866466522,
    0.4404591917991638,
    0.4373461902141571,
    0.434383362531662,
    0.43156617879867554,
    0.4288904070854187,
    0.42635220289230347,
    0.4133491814136505,
    0.4111320972442627,
    0.40903908014297485,
    0.4070671498775482,
    0.4052136242389679,
    0.4034760594367981,
    0.4018520414829254,
    null,
    null,
    null,
    null,
    0.3953653872013092,
    0.3943829834461212,
    0.39350229501724243,
    0.3826523721218109,
    0.38198933005332947,
    0.39189156889915466,
    0.38063618540763855,
    null,
    0.38029322028160095,
    0.38010549545288086,
    0.38001173734664917,
    0.38001173734664917,
    0.38010549545288086,
    0.38029322028160095,
    0.3805749714374542,
    0.3809513449668884,
    0.38142257928848267,
    0.38198933005332947,
    0.3826523721218109,
    0.38341251015663147,
    0.3842706084251404,
    0.38522782921791077,
    0.376120001077652,
    0.37724870443344116,
    0.37847793102264404,
    0.3798092007637024,
    0.3812442123889923,
    0.382784903049469,
    0.3844333589076996,
    0.3861919343471527,
    0.38806265592575073,
    0.39004838466644287,
    0.3921518325805664,
    0.3943758010864258,
    0.3967236280441284,
    0.3991986811161041,
    0.401804655790329,
    0.40454521775245667,
    0.4074246883392334,
    0.3993542492389679,
    0.40243929624557495,
    0.40567323565483093,
    0.40906137228012085,
    0.4126092195510864,
    0.4047582149505615,
    0.4085359275341034,
    0.40070217847824097,
    0.40471670031547546,
    0.3968876004219055,
    0.38899126648902893,
    0.3933095335960388,
    0.3978240489959717,
    0.38996434211730957,
    0.3947450518608093,
    0.38684922456741333,
    0.3919091820716858,
    0.3839625418186188,
    0.38931700587272644,
    0.38130372762680054,
    0.3869701325893402,
    0.37189191579818726,
    0.3788738548755646,
    0.3869704604148865,
    0.3813040256500244,
    0.38931724429130554,
    0.3839627802371979,
    0.37884581089019775,
    0.38684943318367004,
    0.3820114731788635,
    0.3899645507335663,
    0.3853922486305237,
    0.3810187876224518,
    0.38899147510528564,
    0.3848608732223511,
    0.3928135335445404,
    0.38891711831092834,
    0.3851912319660187,
    0.38162946701049805,
    0.3896867334842682,
    0.38633599877357483,
    0.39440470933914185,
    0.39126062393188477,
    0.39935439825057983,
    0.3964133560657501,
    0.3936116695404053,
    0.40180474519729614,
    0.39919885993003845,
    0.4034760594367981,
    0.4074459969997406,
    0.4099879264831543,
    0.4126642644405365,
    0.4154789447784424,
    0.41843628883361816,
    0.4215407073497772,
    0.4247971475124359,
    0.4282107949256897,
    0.4317871332168579,
    0.4355320930480957,
    0.4394519627094269,
    0.44355347752571106,
    0.4478437900543213,
    0.4523305594921112,
    0.457022100687027,
    0.4619271755218506,
    0.46705514192581177,
    0.4599841237068176,
    0.46544143557548523,
    0.48447269201278687,
    0.477114200592041,
    0.4833548367023468,
    0.4898834526538849,
    0.4832901954650879,
    0.49024778604507446,
    0.49753323197364807,
    0.49113261699676514,
    0.49113261699676514,
    0.49753323197364807,
    0.49024778604507446,
    0.4967149794101715,
    0.5031234622001648,
    0.5094820857048035,
    0.5029041171073914,
    0.5093483924865723,
    0.5157593488693237,
    0.5221441388130188,
    0.5285096764564514,
    0.5227069854736328,
    0.5291835069656372,
    0.5356545448303223,
    0.5421265959739685,
    0.5369330048561096,
    0.5435326099395752,
    0.5462291836738586,
    0.5567781329154968,
    0.5521665215492249,
    0.5701224207878113,
    0.5657519102096558,
    0.5725483894348145,
    0.5817350149154663,
    0.5820790529251099,
    0.6041926741600037,
    0.6004465818405151,
    0.6063704490661621,
    0.614987313747406,
    0.6235290765762329,
    0.6265696883201599,
    0.6404517292976379,
    0.6488626599311829,
    0.6572594046592712,
    0.6738511323928833,
    0.6843297481536865,
    0.6927288174629211,
    0.7058669924736023,
    0.7198278307914734,
    0.7283592224121094,
    0.7394374012947083,
    1.2006864547729492,
    1.1983060836791992,
    1.2062820196151733,
    1.2044923305511475,
    1.213029146194458,
    1.2118308544158936,
    1.2109335660934448,
    1.2203387022018433,
    1.2200376987457275,
    1.230038046836853,
    1.2303415536880493,
    1.2309491634368896,
    1.2318611145019531,
    1.242789387702942,
    2.5298655033111572,
    2.5432446002960205,
    2.547659158706665,
    2.5637810230255127,
    2.5798912048339844,
    2.5967650413513184,
    2.610593557357788,
    1.910585880279541,
    1.844590425491333,
    1.8272541761398315,
    1.7270784378051758,
    1.6723947525024414,
    1.6187833547592163,
    1.5506150722503662,
    1.539438247680664,
    1.5074841976165771,
    1.5156136751174927,
    1.5348678827285767,
    1.5440053939819336,
    1.5689871311187744,
    1.5854992866516113,
    1.6072471141815186,
    1.6186871528625488,
    1.6443672180175781,
    1.6656516790390015,
    1.1213417053222656,
    1.1014548540115356,
    1.0888298749923706,
    1.1101939678192139,
    1.1205556392669678,
    1.131394386291504,
    1.1546329259872437,
    1.1666090488433838,
    1.1912857294082642,
    1.216801404953003,
    1.2432001829147339,
    1.2579494714736938,
    1.2861047983169556,
    1.315287470817566,
    1.3324912786483765,
    1.3637290000915527,
    1.3961713314056396,
    1.4298888444900513,
    0.30404797196388245,
    0.28769782185554504,
    0.2946796715259552,
    0.30404824018478394,
    0.29959601163864136,
    0.29534411430358887,
    0.30452221632003784,
    0.3004639148712158,
    0.2965845763683319,
    0.30560919642448425,
    0.30190804600715637,
    0.2983681857585907,
    0.3072732090950012,
    0.3038995862007141,
    0.3006725609302521,
    0.3094894587993622,
    0.3064195513725281,
    0.3034839928150177,
    0.3122422993183136,
    0.30945709347724915,
    0.30679619312286377,
    0.31552377343177795,
    0.31300848722457886,
    0.31060898303985596,
    0.3193329870700836,
    0.31707605719566345,
    0.3149280250072479,
    0.323674738407135,
    0.3414027988910675,
    0.34002864360809326,
    0.3387487232685089,
    0.34779053926467896,
    0.3466610014438629,
    0.34562379121780396,
    0.3548150956630707,
    0.3539334535598755,
    0.36323288083076477,
    0.3625127673149109,
    0.36188462376594543,
    0.3713851571083069,
    0.37092629075050354,
    0.3705598711967468,
    0.38029322028160095,
    0.38010549545288086,
    0.3900120258331299,
    0.3900120258331299,
    0.40011101961135864,
    0.40030863881111145,
    0.41062039136886597,
    0.4110264480113983,
    0.42157232761383057,
    0.42219871282577515,
    0.4330013394355774,
    0.43386149406433105,
    0.44494491815567017,
    0.44605329632759094,
    0.4574432373046875,
    0.4588159918785095,
    0.4676881432533264,
    0.4824603199958801,
    0.4842832088470459,
    0.5014404654502869,
    0.5091144442558289,
    0.518123984336853,
    0.5321758389472961,
    0.5466159582138062,
    0.5619939565658569,
    1.7729324102401733,
    1.7123605012893677,
    1.6648679971694946,
    1.6137133836746216,
    1.572518229484558,
    1.530450701713562,
    1.5164037942886353,
    1.4595481157302856,
    1.428466796875,
