{
  "step": 490,
  "timestamp": 15.68,
  "robot_pose_odom": {
    "x": -1.2339918985583964,
    "y": -1.0581019532047171,
    "yaw_fused": -3.083907753416515,
    "yaw_imu": -3.0818750982554803
  },
  "lidar_pose_relative_to_robot": {
    "x_offset": 0.0,
    "y_offset": 0.0,
    "yaw_offset": 0.0
  },
  "lidar_meta": {
    "fov": 6.283184,
    "horizontal_resolution": 400,
    "angle_min": -3.141592,
    "angle_increment": 0.015747328320802004
  },
  "ranges": [
    0.8922152519226074,
    0.8733645677566528,
    0.8591823577880859,
    0.8350810408592224,
    0.8139386773109436,
    0.7647978663444519,
    0.7437153458595276,
    0.7124819755554199,
    0.6945180296897888,
    0.6578118801116943,
    0.6360068321228027,
    0.6139914989471436,
    0.5880659222602844,
    0.5730172395706177,
    0.5534980893135071,
    0.5345762968063354,
    0.5162189602851868,
    0.5105512738227844,
    0.4931029975414276,
    0.48804107308387756,
    0.4714146852493286,
    null,
    null,
    null,
    null,
    0.41694214940071106,
    0.41361838579177856,
    0.39935439825057983,
    0.3964133560657501,
    0.3826780319213867,
    0.3800855576992035,
    null,
    null,
    null,
    0.36227092146873474,
    0.34750673174858093,
    0.3498769998550415,
    0.34135591983795166,
    0.3438884913921356,
    0.3353661596775055,
    0.326792448759079,
    0.3295217752456665,
    0.32091838121414185,
    0.3238067030906677,
    0.31515640020370483,
    0.318204790353775,
    0.30948933959007263,
    0.3006724417209625,
    0.30389946699142456,
    0.2949821949005127,
    0.29836806654930115,
    0.2893284559249878,
    0.29287540912628174,
    0.2836895287036896,
    0.28740015625953674,
    0.2780419588088989,
    0.2819192707538605,
    0.2723598778247833,
    null,
    null,
    null,
    null,
    null,
    null,
    0.26480183005332947,
    0.2612728476524353,
    0.2656906247138977,
    0.26740792393684387,
    0.2641693949699402,
    0.2610720694065094,
    0.2581093907356262,
    0.25527551770210266,
    0.25256484746932983,
    0.26187556982040405,
    0.25927796959877014,
    0.2567940652370453,
    0.2544195353984833,
    0.25215014815330505,
    0.24998202919960022,
    0.2591802179813385,
    0.2571140229701996,
    0.25514301657676697,
    0.25326403975486755,
    0.2514740526676178,
    0.24977043271064758,
    0.2481505423784256,
    0.25733423233032227,
    0.25581133365631104,
    0.25436875224113464,
    0.25300437211990356,
    0.25171637535095215,
    0.2505028545856476,
    0.24936223030090332,
    0.25863850116729736,
    0.2575974762439728,
    0.2566278278827667,
    0.2557283341884613,
    0.254897803068161,
    0.26430052518844604,
    0.2635769248008728,
    0.2629219889640808,
    0.2623348534107208,
    0.26181477308273315,
    0.26136112213134766,
    0.27101075649261475,
    0.270675927400589,
    0.2704085111618042,
    0.27020832896232605,
    0.2700749337673187,
    0.28003525733947754,
    0.27003487944602966,
    0.28007772564888,
    0.2802160680294037,
    0.28042367100715637,
    0.2807009816169739,
    0.2810482084751129,
    0.2814658284187317,
    0.2819543778896332,
    0.2825144827365875,
    0.28314676880836487,
    0.28385210037231445,
    0.2846313416957855,
    0.28548550605773926,
    0.2864157259464264,
    0.28742316365242004,
    0.29881301522254944,
    0.30002057552337646,
    0.3013126254081726,
    0.30269095301628113,
    0.30415719747543335,
    0.30571359395980835,
    0.30736222863197327,
    0.3091053366661072,
    0.3109455406665802,
    0.31288543343544006,
    0.31492793560028076,
    0.3170759677886963,
    0.3193328380584717,
    0.3217020332813263,
    0.3241872191429138,
    0.33806103467941284,
    0.3408844769001007,
    0.343841016292572,
    0.34693560004234314,
    0.35017362236976624,
    0.3535607159137726,
    0.3571029603481293,
    0.3608069121837616,
    0.3646793067455292,
    0.3687276840209961,
    0.37296003103256226,
    0.38996434211730957,
    0.3947450518608093,
    0.3997442126274109,
    0.4049728512763977,
    0.4104427397251129,
    0.4161664545536041,
    0.4221577048301697,
    0.4284312427043915,
    0.44903531670570374,
    0.4560159742832184,
    0.4560723304748535,
    0.4766300320625305,
    0.4809172451496124,
    0.5031236410140991,
    0.5055935978889465,
    0.5106959939002991,
    0.5354071855545044,
    0.5491794943809509,
    0.5622850060462952,
    0.5870746970176697,
    0.5923997163772583,
    0.622230052947998,
    0.6287912130355835,
    0.6620056629180908,
    0.6894032955169678,
    0.7129715085029602,
    0.7528237700462341,
    0.7719316482543945,
    0.7830705642700195,
    0.8447085618972778,
    0.89518803358078,
    0.9247691035270691,
    0.9711655974388123,
    0.9817294478416443,
    1.0805836915969849,
    1.127028465270996,
    1.1416245698928833,
    1.1530922651290894,
    1.170645833015442,
    1.1976197957992554,
    1.2160166501998901,
    1.2398765087127686,
    1.260347843170166,
    1.2885805368423462,
    1.3168812990188599,
    1.3487430810928345,
    1.3838715553283691,
    1.4125845432281494,
    1.4428436756134033,
    1.48055899143219,
    1.5207518339157104,
    1.5699419975280762,
    1.6099435091018677,
    1.6608725786209106,
    1.710591435432434,
    1.761555552482605,
    1.822666049003601,
    1.8844493627548218,
    1.956176519393921,
    2.039377212524414,
    2.1019704341888428,
    2.1845219135284424,
    2.2771782875061035,
    2.379878520965576,
    2.5222864151000977,
    2.572037696838379,
    2.5594136714935303,
    2.551269292831421,
    2.5602025985717773,
    2.534146547317505,
    2.522980213165283,
    2.512117624282837,
    2.495297431945801,
    1.1343234777450562,
    1.1286519765853882,
    1.1258373260498047,
    1.1328610181808472,
    1.476825475692749,
    1.6718915700912476,
    1.9147915840148926,
    2.468623161315918,
    2.4651761054992676,
    2.464975595474243,
    2.4653615951538086,
    2.479571580886841,
    2.4594743251800537,
    2.462524890899658,
    2.470046043395996,
    2.4661026000976562,
    2.474372625350952,
    2.470907688140869,
    2.479877471923828,
    2.4835548400878906,
    2.486422300338745,
    2.496399164199829,
    2.49652099609375,
    2.508219003677368,
    2.5151355266571045,
    2.5262222290039062,
    2.5283288955688477,
    2.5491254329681396,
    2.5469069480895996,
    2.5678510665893555,
    2.582944393157959,
    2.596651792526245,
    2.609144449234009,
    2.6225032806396484,
    1.3494445085525513,
    1.320391297340393,
    1.2612290382385254,
    1.2033135890960693,
    1.1657640933990479,
    1.1278754472732544,
    1.1005253791809082,
    0.8779638409614563,
    0.868951141834259,
    0.8298558592796326,
    0.8053998947143555,
    0.7979525923728943,
    0.7718293070793152,
    0.7503165006637573,
    0.7324658632278442,
    0.7208029627799988,
    0.7014481425285339,
    0.6827607750892639,
    0.6669531464576721,
    0.6624348163604736,
    0.64734947681427,
    0.6298283338546753,
    0.6212106347084045,
    0.6124750375747681,
    0.5991001129150391,
    0.5945712924003601,
    0.5853605270385742,
    0.5759467482566833,
    0.5605656504631042,
    0.5564084053039551,
    0.5462291240692139,
    0.5319681167602539,
    0.5369331240653992,
    0.5254617929458618,
    0.5237511992454529,
    0.5139882564544678,
    0.5105510950088501,
    0.5068172216415405,
    0.497280091047287,
    0.4906004071235657,
    0.4838811457157135,
    0.477114200592041,
    0.4833548367023468,
    0.47664332389831543,
    0.46986547112464905,
    0.46301183104515076,
    0.4560721218585968,
    0.4630678594112396,
    0.44903552532196045,
    0.4422517716884613,
    0.4493938088417053,
    0.44301605224609375,
    0.43692299723625183,
    0.44416385889053345,
    0.4384292662143707,
    0.43294617533683777,
    0.4277028739452362,
    0.4351201057434082,
    0.4301823079586029,
    0.42545920610427856,
    0.42094141244888306,
    0.4166202247142792,
