{
  "step": 1520,
  "timestamp": 48.64,
  "robot_pose_odom": {
    "x": -1.4558439333621354,
    "y": 1.160340837888721,
    "yaw_fused": -2.364450550908785,
    "yaw_imu": -2.386279738610723
  },
  "lidar_pose_relative_to_robot": {
    "x_offset": 0.0,
    "y_offset": 0.0,
    "yaw_offset": 0.0
  },
  "lidar_meta": {
    "fov": 6.283184,
    "horizontal_resolution": 400,
    "angle_min": -3.141592,
    "angle_increment": 0.015747328320802004
  },
  "ranges": [
    0.5068787336349487,
    0.49550682306289673,
    0.4944003224372864,
    0.48335036635398865,
    0.48251283168792725,
    0.4817969501018524,
    0.4711766541004181,
    0.4707111716270447,
    0.47036266326904297,
    0.46012768149375916,
    0.4600141942501068,
    0.4600141942501068,
    0.45012491941452026,
    0.4503472149372101,
    0.4506808817386627,
    0.4411015510559082,
    0.4416472017765045,
    0.4423034191131592,
    0.443071186542511,
    0.43386149406433105,
    0.43483251333236694,
    0.43591567873954773,
    null,
    null,
    null,
    null,
    0.42245981097221375,
    0.42416703701019287,
    0.4259937107563019,
    0.41750475764274597,
    0.41952717304229736,
    0.42167389392852783,
    null,
    null,
    0.41816815733909607,
    0.42077696323394775,
    0.42352378368377686,
    0.4154788553714752,
    0.4184361398220062,
    0.42154061794281006,
    0.42479705810546875,
    0.41694197058677673,
    0.4204241931438446,
    0.4240705966949463,
    0.4278872609138489,
    0.4202083647251129,
    0.4242728650569916,
    0.42852357029914856,
    0.43296828866004944,
    1.6199891567230225,
    1.6195127964019775,
    1.6065737009048462,
    1.6144928932189941,
    0.9168271422386169,
    0.9026482105255127,
    0.9144548177719116,
    0.90080726146698,
    0.8884058594703674,
    0.8851693272590637,
    0.8768616318702698,
    0.8700059652328491,
    0.8629546761512756,
    0.8568632006645203,
    0.8579340577125549,
    0.8457581400871277,
    0.8473661541938782,
    0.8360735177993774,
    0.8381738066673279,
    0.8276915550231934,
    0.8302471041679382,
    0.8205124735832214,
    0.823492169380188,
    0.8144508600234985,
    0.8178293704986572,
    0.8094339966773987,
    0.8131903409957886,
    0.8053998947143555,
    0.7979525923728943,
    0.8022962212562561,
    0.7953976392745972,
    0.8000781536102295,
    0.8048789501190186,
    0.7987087965011597,
    0.7928267121315002,
    0.7981569766998291,
    0.79274982213974,
    0.7983977198600769,
    0.7934474349021912,
    0.7921687960624695,
    2.0133614540100098,
    2.0140438079833984,
    2.015052318572998,
    2.01895809173584,
    2.0345547199249268,
    2.031236410140991,
    2.033944606781006,
    2.0515854358673096,
    2.0506889820098877,
    2.0539894104003906,
    2.062438488006592,
    2.073289632797241,
    2.0838217735290527,
    2.0908281803131104,
    2.098858594894409,
    2.11344051361084,
    1.4167906045913696,
    1.3515483140945435,
    1.2919142246246338,
    1.2463337182998657,
    1.2034032344818115,
    1.1592741012573242,
    1.1122907400131226,
    1.070346474647522,
    1.0244325399398804,
    1.0173813104629517,
    1.0027086734771729,
    1.0077316761016846,
    1.0226529836654663,
    1.0322455167770386,
    1.0489792823791504,
    1.049597144126892,
    1.0574898719787598,
    1.0775185823440552,
    1.0844295024871826,
    1.1032938957214355,
    1.109438180923462,
    1.1273601055145264,
    1.1287344694137573,
    1.1598447561264038,
    1.1665191650390625,
    1.172045111656189,
    0.6074525713920593,
    0.6022294163703918,
    0.5859726667404175,
    0.5813012719154358,
    0.5853606462478638,
    0.594668447971344,
    0.6036023497581482,
    0.6124752163887024,
    0.6303311586380005,
    0.6405507326126099,
    0.6513685584068298,
    0.6679807901382446,
    0.6731183528900146,
    0.6949411630630493,
    0.695563554763794,
    0.7262702584266663,
    0.7497339844703674,
    0.7645969390869141,
    0.78354811668396,
    0.8138059973716736,
    0.8305670022964478,
    0.8500621318817139,
    0.8749237060546875,
    0.8963019847869873,
    0.9311760067939758,
    0.9588932991027832,
    0.9974868297576904,
    1.0321296453475952,
    1.0739392042160034,
    1.1125659942626953,
    1.1601662635803223,
    1.2107481956481934,
    1.2601720094680786,
    1.33012056350708,
    1.360377550125122,
    1.3610494136810303,
    1.352264165878296,
    1.34335458278656,
    1.345016360282898,
    1.3363866806030273,
    1.3292135000228882,
    1.3318538665771484,
    1.3234890699386597,
    1.3178846836090088,
    1.321502685546875,
    1.3152724504470825,
    1.3195581436157227,
    1.310502052307129,
    1.308595061302185,
    1.3138833045959473,
    1.3091514110565186,
    1.3084595203399658,
    1.3005343675613403,
    1.3071891069412231,
    1.3036398887634277,
    1.3110331296920776,
    1.3109004497528076,
    1.9852042198181152,
    1.9916425943374634,
    1.9921765327453613,
    1.993029236793518,
    1.9967713356018066,
    2.0121965408325195,
    2.0086989402770996,
    2.011218309402466,
    2.0286619663238525,
    2.027559757232666,
    2.030644178390503,
    2.0388669967651367,
    2.049482583999634,
    2.053431272506714,
    2.066516160964966,
    2.074276924133301,
    2.088576316833496,
    2.0964579582214355,
    2.1137959957122803,
    2.1147758960723877,
    2.142436981201172,
    0.3702412247657776,
    0.3514169752597809,
    0.3404497504234314,
    0.33168867230415344,
    0.3157625198364258,
    0.3227443993091583,
    0.31786859035491943,
    0.3132140040397644,
    0.3087688386440277,
    0.30452221632003784,
    0.31352755427360535,
    0.30947956442832947,
    0.30560919642448425,
    0.30190804600715637,
    0.2983681857585907,
    0.3072732090950012,
    0.3038995862007141,
    0.3006725609302521,
    0.29758602380752563,
    0.3064195513725281,
    0.3034839928150177,
    0.3006777763366699,
    0.30945709347724915,
    0.30679619312286377,
    0.31552377343177795,
    0.31300848722457886,
    0.32170215249061584,
    0.3193329870700836,
    0.32575878500938416,
    0.3366472125053406,
    0.34981369972229004,
    0.3103661835193634,
    0.6619951725006104,
    0.6626988649368286,
    0.6450537443161011,
    0.6364030838012695,
    0.6276057958602905,
    0.6212179064750671,
    0.6260168552398682,
    0.6113796830177307,
    0.6022294163703918,
    0.6074526309967041,
    0.5897907614707947,
    0.5952954292297363,
    0.589268147945404,
    0.585360050201416,
    0.5772910714149475,
    0.5713310241699219,
    0.5776734352111816,
    0.5718721151351929,
    0.5660774111747742,
    0.5602834224700928,
    0.5544840693473816,
    0.5617366433143616,
    0.5300854444503784,
    0.4856639504432678,
    0.4583952724933624,
    0.42225322127342224,
    0.3999573886394501,
    0.3929060995578766,
    0.38697031140327454,
    0.36768582463264465,
    0.34904295206069946,
    0.33100229501724243,
    0.3135274350643158,
    0.3094794750213623,
    0.29287534952163696,
    0.289328396320343,
    0.2735040783882141,
    0.2704003155231476,
    0.26743149757385254,
    0.25256484746932983,
    0.2499721199274063,
    0.23570722341537476,
    0.23344913125038147,
    null,
    null,
    null,
    null,
    null,
    null,
    null,
    0.22092436254024506,
    0.22805127501487732,
    0.22657224535942078,
    0.235889732837677,
    0.23449371755123138,
    0.23317134380340576,
    0.24246251583099365,
    0.24122817814350128,
    1.1965693235397339,
    1.1797937154769897,
    1.1635555028915405,
    1.147830605506897,
    1.132595181465149,
    1.1121233701705933,
    1.1035075187683105,
    1.0896142721176147,
    1.0761289596557617,
    1.0630338191986084,
    1.0503108501434326,
    1.0379433631896973,
    1.0259157419204712,
    1.014212727546692,
    1.002503514289856,
    1.001513123512268,
    0.9909096360206604,
    0.9803544878959656,
    0.9700565338134766,
    0.9600296020507812,
    0.9602665305137634,
    0.9505874514579773,
