{
  "step": 930,
  "timestamp": 29.76,
  "robot_pose_odom": {
    "x": -3.4535841150683715,
    "y": -0.38954686844139064,
    "yaw_fused": 1.2624469293599168,
    "yaw_imu": 1.2753182901559699
  },
  "lidar_pose_relative_to_robot": {
    "x_offset": 0.0,
    "y_offset": 0.0,
    "yaw_offset": 0.0
  },
  "lidar_meta": {
    "fov": 6.283184,
    "horizontal_resolution": 400,
    "angle_min": -3.141592,
    "angle_increment": 0.015747328320802004
  },
  "ranges": [
    0.3195641338825226,
    0.316055566072464,
    0.3247263431549072,
    0.32139289379119873,
    0.3182049095630646,
    0.3151564598083496,
    0.3122422993183136,
    0.3209185004234314,
    0.3181590437889099,
    0.31552377343177795,
    0.31300848722457886,
    0.32170215249061584,
    0.3193329870700836,
    0.31707605719566345,
    0.3149280250072479,
    0.328235387802124,
    0.32071173191070557,
    0.32166787981987,
    0.3128855228424072,
    0.31492799520492554,
    0.31707602739334106,
    0.31933295726776123,
    null,
    null,
    null,
    null,
    0.32091838121414185,
    0.3238067030906677,
    0.32682886719703674,
    0.3299901783466339,
    0.3332962095737457,
    0.3247262239456177,
    null,
    null,
    0.3356640636920929,
    0.33964642882347107,
    0.3438102602958679,
    0.33526942133903503,
    0.33965474367141724,
    0.3442423939704895,
    0.3490429222583771,
    0.354067862033844,
    0.35932955145835876,
    0.3508090078830719,
    0.3508090078830719,
    0.3316888213157654,
    0.3268318772315979,
    0.3221935033798218,
    0.3045220971107483,
    0.3004637658596039,
    0.29658448696136475,
    0.29287534952163696,
    0.2767488956451416,
    0.2735040783882141,
    0.2704003155231476,
    0.26743149757385254,
    0.2645917534828186,
    0.2499721199274063,
    0.24749259650707245,
    0.24512159824371338,
    0.2428549975156784,
    0.240688756108284,
    0.23861920833587646,
    0.23664280772209167,
    0.22357740998268127,
    0.2218634933233261,
    0.2202295958995819,
    null,
    null,
    null,
    null,
    null,
    null,
    null,
    null,
    null,
    null,
    null,
    null,
    null,
    null,
    null,
    null,
    null,
    null,
    null,
    null,
    null,
    null,
    null,
    null,
    null,
    null,
    null,
    null,
    null,
    null,
    null,
    null,
    null,
    null,
    null,
    null,
    null,
    null,
    null,
    null,
    null,
    null,
    null,
    null,
    null,
    null,
    null,
    null,
    null,
    null,
    null,
    null,
    null,
    null,
    null,
    null,
    null,
    null,
    null,
    null,
    null,
    null,
    null,
    null,
    null,
    null,
    null,
    null,
    null,
    null,
    null,
    null,
    null,
    null,
    null,
    null,
    null,
    null,
    null,
    null,
    null,
    null,
    null,
    null,
    null,
    null,
    null,
    null,
    null,
    null,
    null,
    null,
    null,
    null,
    0.24068886041641235,
    0.23861928284168243,
    0.23664282262325287,
    0.24593524634838104,
    0.24404990673065186,
    0.25326409935951233,
    0.2514741122722626,
    0.2606301009654999,
    0.26516830921173096,
    0.2793295681476593,
    0.2782052457332611,
    0.28399038314819336,
    0.2966448664665222,
    0.2956814467906952,
    0.30687806010246277,
    0.31426480412483215,
    0.31348392367362976,
    0.3329634666442871,
    0.33230337500572205,
    0.34235596656799316,
    0.3609161376953125,
    0.37061116099357605,
    0.3803533613681793,
    0.390155166387558,
    0.4001934826374054,
    0.4199863374233246,
    0.4299866855144501,
    0.45028960704803467,
    0.4706538915634155,
    0.49029839038848877,
    0.5106467008590698,
    0.5428844094276428,
    0.5617796778678894,
    0.5918561816215515,
    0.6226543188095093,
    0.6711169481277466,
    0.6948547959327698,
    0.761818528175354,
    0.7937332391738892,
    0.8523644804954529,
    0.9684170484542847,
    0.9914042949676514,
    1.0791168212890625,
    1.4577547311782837,
    1.654144048690796,
    1.8980225324630737,
    2.219985008239746,
    2.5966808795928955,
    2.6114072799682617,
    2.6376760005950928,
    2.6541318893432617,
    2.6823174953460693,
    2.7115461826324463,
    2.730846405029297,
    2.762200355529785,
    2.783538579940796,
    2.8171753883361816,
    2.8520667552948,
    2.876803159713745,
    2.92582368850708,
    2.9531311988830566,
    2.9816956520080566,
    3.0374674797058105,
    2.113565683364868,
    2.127295970916748,
    2.150911569595337,
    1.984174370765686,
    1.9297274351119995,
    1.2727792263031006,
    1.2586033344268799,
    1.298588752746582,
    1.414764404296875,
    1.534346580505371,
    1.711716651916504,
    2.0377719402313232,
    2.0066957473754883,
    2.034621238708496,
    2.0254175662994385,
    2.047086238861084,
    2.9558143615722656,
    2.938819169998169,
    2.9223687648773193,
    2.9064741134643555,
    2.9021053314208984,
    5.040814399719238,
    0.35768356919288635,
    0.3441459834575653,
    0.34036752581596375,
    0.3247263431549072,
    0.32139289379119873,
    0.3182049095630646,
    0.3268289566040039,
    0.32380685210227966,
    0.33237984776496887,
    0.3408846855163574,
    0.3380611836910248,
    0.34654513001441956,
    0.3549816906452179,
    0.35236743092536926,
    0.3585597574710846,
    0.36922597885131836,
    0.37762054800987244,
    0.38600143790245056,
    0.3884095847606659,
    0.40180468559265137,
    0.40454530715942383,
    0.40742480754852295,
    0.4215407073497772,
    0.4247971475124359,
    0.4394794702529907,
    0.44314995408058167,
    0.44699347019195557,
    0.46258097887039185,
    0.4785708487033844,
    0.4831998646259308,
    0.4999442994594574,
    0.5051296949386597,
    0.5227070450782776,
    0.5408006906509399,
    0.5565948486328125,
    0.5786569118499756,
    0.5857508182525635,
    0.606063961982727,
    0.6309429407119751,
    0.6487645506858826,
    0.6846610903739929,
    0.7035191655158997,
    0.732479453086853,
    0.7787609696388245,
    0.7997741103172302,
    0.8354001641273499,
    0.8807846903800964,
    0.9081344604492188,
    0.9783220887184143,
    1.0567549467086792,
    1.1035938262939453,
    1.1691340208053589,
    2.8512275218963623,
    2.7915103435516357,
    2.725696086883545,
    2.6678266525268555,
    2.606668472290039,
    2.5571465492248535,
    2.5082552433013916,
    2.4515790939331055,
    2.4207537174224854,
    2.3263697624206543,
    2.2736728191375732,
    2.228543758392334,
    2.1400492191314697,
    2.0666909217834473,
    2.0262579917907715,
    1.9722378253936768,
    1.924329161643982,
    1.8528434038162231,
    1.8283538818359375,
    1.7930420637130737,
    1.7599095106124878,
    1.7152013778686523,
    1.6940397024154663,
    1.6520675420761108,
    1.6218907833099365,
    1.5925778150558472,
    1.5476932525634766,
    1.4851082563400269,
    1.3935216665267944,
    1.3011283874511719,
    1.2211787700653076,
    1.153276801109314,
    1.0983045101165771,
    1.0343925952911377,
    0.9898568391799927,
    0.9426168203353882,
    0.9046639204025269,
    0.8712325692176819,
    0.8406060934066772,
    0.8009088039398193,
    0.780051589012146,
    0.750076413154602,
    0.7300755977630615,
    0.7000296711921692,
    0.6808159351348877,
    0.6605556607246399,
    0.6412872076034546,
    0.6327899694442749,
    0.614345371723175,
    0.5933641791343689,
    0.5861796736717224,
    0.5650603175163269,
    0.5591126084327698,
    0.5508475303649902,
    0.5278386473655701,
    0.5188338160514832,
    0.5166880488395691,
    0.5007935762405396,
    0.4917311370372772,
    0.4826214909553528,
    0.47344985604286194,
    0.45875856280326843,
    0.45485958456993103,
    0.44514527916908264,
    0.4476698040962219,
    0.4423973858356476,
    0.4270061254501343,
    null,
    0.41773027181625366,
    0.4074246883392334,
    0.41044744849205017,
    0.40243929624557495,
    0.3972746729850769,
