{
  "step": 1370,
  "timestamp": 43.84,
  "robot_pose_odom": {
    "x": -1.781520384550918,
    "y": 1.7446872220085674,
    "yaw_fused": 0.09139769904237217,
    "yaw_imu": 0.1016063357820509
  },
  "lidar_pose_relative_to_robot": {
    "x_offset": 0.0,
    "y_offset": 0.0,
    "yaw_offset": 0.0
  },
  "lidar_meta": {
    "fov": 6.283184,
    "horizontal_resolution": 400,
    "angle_min": -3.141592,
    "angle_increment": 0.015747328320802004
  },
  "ranges": [
    0.7759155035018921,
    0.7962325811386108,
    0.7830479741096497,
    0.7753688097000122,
    0.7676069736480713,
    0.7597435712814331,
    0.7569137811660767,
    0.7436298131942749,
    0.7324658036231995,
    0.7385832667350769,
    0.7296110987663269,
    0.7207686901092529,
    0.7120200395584106,
    0.7189071774482727,
    0.7023026943206787,
    0.7095869183540344,
    0.6928907632827759,
    0.7005826830863953,
    0.6961921453475952,
    0.6961904764175415,
    0.6876205205917358,
    0.6834338307380676,
    null,
    null,
    null,
    0.6718983054161072,
    0.6633776426315308,
    0.6595209240913391,
    0.6595209240913391,
    0.6633776426315308,
    0.6536637544631958,
    0.6443870067596436,
    0.6218027472496033,
    0.6009275317192078,
    0.5802740454673767,
    0.5602833032608032,
    0.5409182906150818,
    0.5345761179924011,
    0.5162187814712524,
    0.49839508533477783,
    0.48107588291168213,
    0.4761373698711395,
    0.459629088640213,
    0.4552258253097534,
    0.4394519031047821,
    0.42407068610191345,
    0.42042434215545654,
    0.4169420897960663,
    0.4024393558502197,
    0.3882611393928528,
    0.38540178537368774,
    0.38267794251441956,
    0.38008546829223633,
    0.3668312728404999,
    0.3538345694541931,
    0.3517405688762665,
    0.34975701570510864,
    0.3478809893131256,
    0.33562183380126953,
    0.33400383591651917,
    0.3324829936027527,
    0.32071173191070557,
    0.31942087411880493,
    0.31821849942207336,
    0.30687397718429565,
    0.30587735772132874,
    0.3049621284008026,
    0.30412721633911133,
    0.2932591438293457,
    0.2926042675971985,
    0.292024165391922,
    0.2915181517601013,
    0.2910856604576111,
    0.2807009816169739,
    0.28042367100715637,
    0.2802160680294037,
    0.28007772564888,
    0.2700083255767822,
    0.2700083255767822,
    0.2700749337673187,
    0.27020832896232605,
    0.2603934109210968,
    0.2606509029865265,
    0.26097333431243896,
    0.26136112213134766,
    0.26181477308273315,
    0.2623348534107208,
    0.2528096139431,
    0.25343936681747437,
    0.2541351318359375,
    0.2548977732658386,
    0.2557283341884613,
    0.2566278278827667,
    0.24729354679584503,
    0.24829289317131042,
    0.24936217069625854,
    0.2505028545856476,
    0.2517163157463074,
    0.2530043423175812,
    0.243770033121109,
    0.2451525181531906,
    0.24661198258399963,
    0.2481505274772644,
    0.23891086876392365,
    0.24054040014743805,
    0.24225251376628876,
    0.2440498322248459,
    0.24593514204025269,
    0.24791143834590912,
    0.24998195469379425,
    0.2521500885486603,
    0.24285492300987244,
    0.2451215535402298,
    0.24749250710010529,
    0.24997207522392273,
    0.25256484746932983,
    0.25527551770210266,
    0.24581845104694366,
    0.2486400157213211,
    0.2515898644924164,
    null,
    null,
    null,
    null,
    null,
    null,
    null,
    null,
    null,
    null,
    null,
    null,
    0.26480191946029663,
    0.2743366062641144,
    0.2707946300506592,
    0.28014177083969116,
    0.27674904465675354,
    0.2735041677951813,
    0.2826913297176361,
    0.27958759665489197,
    0.2886456549167633,
    0.2856825888156891,
    0.2946341931819916,
    0.2918115556240082,
    0.3006777763366699,
    0.29799574613571167,
    0.30679619312286377,
    0.30425503849983215,
    0.31300848722457886,
    0.32170215249061584,
    0.3193329870700836,
    0.3280097246170044,
    0.32578760385513306,
    0.329903244972229,
    0.34625789523124695,
    0.3503325581550598,
    0.3490138351917267,
    0.3580196499824524,
    0.35685691237449646,
    0.3678705096244812,
    0.37509027123451233,
    0.37415823340415955,
    0.3733226954936981,
    0.3725825846195221,
    0.37193697690963745,
    0.3713851571083069,
    0.37092629075050354,
    0.3805749714374542,
    0.38029322028160095,
    0.38010549545288086,
    0.38001173734664917,
    0.38001173734664917,
    0.38010549545288086,
    0.38029322028160095,
    0.3805749714374542,
    0.3909763693809509,
    0.39146000146865845,
    0.3920416533946991,
    0.39272215962409973,
    0.39350229501724243,
    0.3943829834461212,
    0.40550297498703003,
    0.4066161811351776,
    0.4078364074230194,
    0.40916532278060913,
    0.4106045067310333,
    0.4121558964252472,
    0.4138214886188507,
    0.4259937107563019,
    0.4279423952102661,
    0.4300153851509094,
    0.43221575021743774,
    0.4345465898513794,
    0.4370110034942627,
    0.45033493638038635,
    0.4531444311141968,
    0.45610255002975464,
    0.4592134654521942,
    0.4624820351600647,
    0.4770064651966095,
    0.48069140315055847,
    0.48455414175987244,
    0.48860105872154236,
    0.4928387701511383,
    0.5088388919830322,
    0.513588011264801,
    0.518555760383606,
    0.5356544256210327,
    0.5412103533744812,
    0.5470189452171326,
    0.5530915260314941,
    0.5565946102142334,
    0.5786567330360413,
    0.5857506990432739,
    0.5931687951087952,
    0.6139910817146301,
    0.6090440154075623,
    0.6175373196601868,
    0.6128095388412476,
    0.6219162940979004,
    0.6314559578895569,
    0.6384367346763611,
    0.6357371807098389,
    0.6400460600852966,
    0.6578118801116943,
    0.662004828453064,
    0.6623573899269104,
    0.6756423115730286,
    0.67488694190979,
    0.6875540018081665,
    0.6990370750427246,
    0.7005829215049744,
    0.7082904577255249,
    0.7247830033302307,
    0.7282010316848755,
    0.7375980019569397,
    0.7466734647750854,
    0.7479268312454224,
    0.7754562497138977,
    0.7836645841598511,
    0.7859399914741516,
    0.8214128017425537,
    0.8234731554985046,
    0.8367749452590942,
    0.8550761938095093,
    0.8535692095756531,
    0.890939474105835,
    0.889947772026062,
    0.9079574346542358,
    1.3791674375534058,
    1.377640724182129,
    1.387446641921997,
    1.38664710521698,
    1.3973591327667236,
    1.3973194360733032,
    1.3976268768310547,
    1.4097486734390259,
    1.4071040153503418,
    1.412367582321167,
    1.426028847694397,
    2.7160749435424805,
    2.7269375324249268,
    2.747251272201538,
    2.762568712234497,
    2.772336721420288,
    2.8052282333374023,
    2.0524942874908447,
    1.9804519414901733,
    1.9489716291427612,
    1.8682981729507446,
    1.8060346841812134,
    1.7569528818130493,
    1.6922632455825806,
    1.6769020557403564,
    1.6978451013565063,
    1.6937272548675537,
    1.7341017723083496,
    1.7499618530273438,
    1.7751352787017822,
    1.7950069904327393,
    1.815504789352417,
    1.8324705362319946,
    1.2536317110061646,
    1.2584774494171143,
    1.2724777460098267,
    1.2950220108032227,
    1.3141001462936401,
    1.3254649639129639,
    0.459629088640213,
    0.4552258253097534,
    0.4510164260864258,
    0.4469934105873108,
    0.45451274514198303,
    0.45074817538261414,
    0.44715481996536255,
    0.4437269866466522,
    0.4404591917991638,
    0.44827985763549805,
    0.4452429711818695,
    0.44235533475875854,
    0.4396126866340637,
    0.4370110034942627,
    0.44514527916908264,
    0.44275763630867004,
    0.44050365686416626,
    0.43838000297546387,
    0.4363839030265808,
    0.444858193397522,
    0.44306764006614685,
    0.44139984250068665,
    0.4398527145385742,
    0.4384241998195648,
    0.43711239099502563,
    0.44605329632759094,
    0.44494491815567017,
    0.4439513087272644,
    0.443071186542511,
    0.4523557722568512,
    0.4516846239566803,
    0.4511265754699707,
