{
  "step": 1615,
  "timestamp": 51.68,
  "robot_pose_odom": {
    "x": -1.652460880524604,
    "y": 1.0758974292142898,
    "yaw_fused": -2.730224790597672,
    "yaw_imu": -2.7300918778399454
  },
  "lidar_pose_relative_to_robot": {
    "x_offset": 0.0,
    "y_offset": 0.0,
    "yaw_offset": 0.0
  },
  "lidar_meta": {
    "fov": 6.283184,
    "horizontal_resolution": 400,
    "angle_min": -3.141592,
    "angle_increment": 0.015747328320802004
  },
  "ranges": [
    0.6401183605194092,
    0.6355242133140564,
    0.6309620141983032,
    0.6264275312423706,
    0.6357366442680359,
    0.6314559578895569,
    0.6314564943313599,
    0.6219168305397034,
    0.6264280080795288,
    0.6309624314308167,
    0.6355246305465698,
    0.6270551085472107,
    1.8826673030853271,
    1.8718563318252563,
    1.8617663383483887,
    1.8399372100830078,
    1.8313482999801636,
    1.8233975172042847,
    1.8192310333251953,
    1.1189234256744385,
    1.1078245639801025,
    null,
    null,
    null,
    null,
    1.0479897260665894,
    1.0561691522598267,
    1.031665563583374,
    1.0240678787231445,
    1.0168302059173584,
    1.016463041305542,
    null,
    null,
    null,
    0.9880419373512268,
    0.9817008972167969,
    0.9753464460372925,
    0.9690103530883789,
    0.9761995077133179,
    0.9779165387153625,
    0.9607095122337341,
    0.9541071057319641,
    0.9512937664985657,
    0.9520592093467712,
    0.9458327889442444,
    0.9428289532661438,
    0.9284679889678955,
    0.9380980134010315,
    0.9238543510437012,
    0.9341102838516235,
    1.0642050504684448,
    1.1227693557739258,
    2.1398556232452393,
    2.13277530670166,
    2.138549566268921,
    2.145376682281494,
    2.1369054317474365,
    2.133408546447754,
    2.134514808654785,
    2.1259377002716064,
    2.139899730682373,
    2.1221585273742676,
    2.142641544342041,
    2.150330066680908,
    2.157653331756592,
    2.1646769046783447,
    2.148357391357422,
    2.1641390323638916,
    2.1805708408355713,
    2.169909954071045,
    1.4647748470306396,
    1.360648512840271,
    1.2754970788955688,
    1.1959713697433472,
    1.1224620342254639,
    1.0618302822113037,
    1.0601680278778076,
    1.0734522342681885,
    1.0790982246398926,
    1.084665298461914,
    1.0901747941970825,
    1.100801944732666,
    1.101196527481079,
    0.6100334525108337,
    0.5972771644592285,
    0.5934035181999207,
    0.5976617336273193,
    0.6075518727302551,
    0.6041257381439209,
    0.612987220287323,
    0.621523916721344,
    0.6262571215629578,
    0.6234055757522583,
    0.6365683674812317,
    0.6450479030609131,
    0.653534471988678,
    0.664893627166748,
    0.6627342700958252,
    0.6690008044242859,
    0.6807636022567749,
    0.6864087581634521,
    0.6952250003814697,
    0.7041318416595459,
    0.7142929434776306,
    0.7323012948036194,
    0.7415374517440796,
    0.7509132027626038,
    0.7604406476020813,
    0.7702962160110474,
    0.7899976968765259,
    0.7999981045722961,
    0.8101425766944885,
    0.8307860493659973,
    0.8410494923591614,
    0.8624680042266846,
    0.8728255033493042,
    0.895811140537262,
    0.914843738079071,
    0.9402940273284912,
    0.9619097113609314,
    0.9716612100601196,
    1.0102064609527588,
    1.0344845056533813,
    1.0593045949935913,
    1.070971965789795,
    1.1210156679153442,
    1.1282997131347656,
    1.191218614578247,
    1.2383196353912354,
    1.2613029479980469,
    1.2454981803894043,
    1.240310549736023,
    1.237602710723877,
    1.219552993774414,
    1.2146143913269043,
    1.2097525596618652,
    1.2049534320831299,
    1.2002992630004883,
    1.1954853534698486,
    1.1907848119735718,
    1.1803433895111084,
    1.1703699827194214,
    1.18052077293396,
    1.1564520597457886,
    1.1672455072402954,
    1.1618714332580566,
    1.1567251682281494,
    1.151413917541504,
    1.1426619291305542,
    1.1553468704223633,
    1.1465895175933838,
    1.1404162645339966,
    1.1460340023040771,
    1.1296535730361938,
    1.8119583129882812,
    1.8134108781814575,
    1.8099637031555176,
    1.8158098459243774,
    1.8166462182998657,
    1.803192138671875,
    1.8101751804351807,
    null,
    null,
    null,
    null,
    null,
    null,
    null,
    null,
    null,
    null,
    null,
    null,
    null,
    null,
    null,
    null,
    null,
    null,
    null,
    null,
    null,
    null,
    null,
    null,
    null,
    null,
    null,
    null,
    null,
    null,
    null,
    null,
    null,
    null,
    null,
    null,
    null,
    null,
    null,
    null,
    null,
    null,
    null,
    null,
    null,
    null,
    null,
    null,
    null,
    null,
    null,
    null,
    null,
    null,
    null,
    null,
    null,
    null,
    null,
    null,
    null,
    null,
    null,
    null,
    null,
    null,
    null,
    null,
    null,
    null,
    null,
    0.4306217133998871,
    0.42821064591407776,
    0.4204241931438446,
    0.4240705966949463,
    0.4163227379322052,
    0.4202083647251129,
    0.4242728650569916,
    0.416620135307312,
    0.4089145362377167,
    0.4133032262325287,
    0.4056004583835602,
    0.410256028175354,
    0.4025438129901886,
    0.4074787497520447,
    0.3997442126274109,
    0.4049728512763977,
    0.39720261096954346,
    0.4027417004108429,
    0.3949216902256012,
    0.4007904827594757,
    0.39290592074394226,
    0.3929062485694885,
    0.40079084038734436,
    0.39492201805114746,
    0.38931724429130554,
    0.39720287919044495,
    0.3919094502925873,
    0.3739544749259949,
    0.3692777752876282,
    0.36480554938316345,
    0.34809622168540955,
    0.3441459834575653,
    0.34036752581596375,
    0.3247263431549072,
    0.32139289379119873,
    0.3182049095630646,
    0.3151564598083496,
    0.3006777763366699,
    0.29799574613571167,
    0.2954334020614624,
    0.29298636317253113,
    0.27947187423706055,
    0.2773294448852539,
    0.27528706192970276,
    0.27334144711494446,
    0.2606301009654999,
    0.25893980264663696,
    0.25733429193496704,
    0.2589397430419922,
    0.24977046251296997,
    0.2514740824699402,
    0.24225258827209473,
    0.24404987692832947,
    0.24593520164489746,
    0.23664280772209167,
    0.23861920833587646,
    0.22922740876674652,
    null,
    null,
    null,
    null,
    null,
    null,
    null,
    null,
    null,
    null,
    null,
    null,
    null,
    null,
    null,
    null,
    null,
    null,
    null,
    null,
    null,
    null,
    null,
    null,
    null,
    null,
    null,
    null,
    null,
    null,
    null,
    null,
    null,
    null,
    null,
    null,
    null,
    null,
    null,
    null,
    null,
    null,
    0.9494456052780151,
    0.943558931350708,
    0.9486336708068848,
    0.9432840943336487,
    0.9382245540618896,
    0.9334481954574585,
    0.9185105562210083,
    0.9143282175064087,
    0.9000619649887085,
    0.8964391946792603,
    0.8827996850013733,
    0.8797054290771484,
    0.8768483996391296,
    0.8640593886375427,
    0.861693799495697,
    0.8494402766227722,
    0.8475434184074402,
    0.8458631038665771,
    0.8343451023101807,
    0.8331072330474854,
    0.8220528960227966,
    0.8212407827377319,
    0.8206327557563782,
    0.8102248907089233,
    0.8100250363349915,
    0.8100250363349915,
    0.8002220392227173,
    0.8006172776222229,
    0.7911953330039978,
    0.7919777631759644,
    0.7929574251174927,
    0.7840833067893982,
    0.7854443192481995,
    0.7870045900344849,
    null,
    null,
    0.7808204889297485,
    0.7772379517555237,
    0.7541038393974304,
    0.7459208369255066,
    0.7418805956840515,
    0.7448787093162537,
    0.7319836616516113,
    0.7239527106285095,
    0.7104749083518982,
    0.7078638672828674,
    0.6995140314102173,
    0.703481137752533,
    0.6941622495651245,
    0.6859458088874817,
    0.6841538548469543,
    0.6801379919052124,
    0.6717001795768738,
    0.6766836643218994,
