{
  "step": 450,
  "timestamp": 14.4,
  "robot_pose_odom": {
    "x": -0.905243659067609,
    "y": -1.0406057813963416,
    "yaw_fused": -3.0976889725036307,
    "yaw_imu": -3.0818771516696217
  },
  "lidar_pose_relative_to_robot": {
    "x_offset": 0.0,
    "y_offset": 0.0,
    "yaw_offset": 0.0
  },
  "lidar_meta": {
    "fov": 6.283184,
    "horizontal_resolution": 400,
    "angle_min": -3.141592,
    "angle_increment": 0.015747328320802004
  },
  "ranges": [
    0.5602778196334839,
    0.565697193145752,
    0.5594613552093506,
    0.5500690340995789,
    0.5470189452171326,
    0.5436897873878479,
    0.5345760583877563,
    0.5114415884017944,
    0.4960228502750397,
    0.4693232774734497,
    0.4533397853374481,
    0.43644165992736816,
    0.42959117889404297,
    0.4131568372249603,
    0.4007904827594757,
    0.37189191579818726,
    0.3788738548755646,
    0.3593297004699707,
    0.35406801104545593,
    0.3490430414676666,
    0.331002414226532,
    0.32659122347831726,
    null,
    null,
    null,
    null,
    0.29498228430747986,
    0.29174360632896423,
    0.27661874890327454,
    0.27377912402153015,
    0.2710634469985962,
    0.26846662163734436,
    null,
    0.26752886176109314,
    0.2499821037054062,
    0.24791154265403748,
    0.24593524634838104,
    0.24404990673065186,
    0.24225261807441711,
    0.23185773193836212,
    0.23457278311252594,
    0.22657231986522675,
    0.2172563374042511,
    0.21638187766075134,
    0.21556736528873444,
    0.2148117870092392,
    0.21411414444446564,
    0.21347349882125854,
    0.20275148749351501,
    0.20224767923355103,
    0.2017960399389267,
    0.20139597356319427,
    null,
    null,
    null,
    null,
    null,
    null,
    null,
    null,
    null,
    null,
    null,
    null,
    null,
    null,
    null,
    null,
    null,
    null,
    null,
    null,
    null,
    null,
    null,
    null,
    null,
    null,
    null,
    null,
    null,
    null,
    null,
    null,
    null,
    null,
    null,
    null,
    null,
    null,
    null,
    null,
    null,
    null,
    null,
    null,
    null,
    null,
    null,
    null,
    null,
    null,
    null,
    null,
    null,
    null,
    null,
    null,
    null,
    null,
    null,
    null,
    null,
    null,
    null,
    null,
    null,
    null,
    null,
    null,
    null,
    null,
    null,
    null,
    null,
    null,
    null,
    null,
    null,
    0.23475636541843414,
    0.23295672237873077,
    0.2312411218881607,
    0.24054047465324402,
    0.23891091346740723,
    0.24815063178539276,
    0.25733429193496704,
    0.2589397430419922,
    0.2606300711631775,
    0.26240774989128113,
    0.26427555084228516,
    0.2773294150829315,
    0.27947181463241577,
    0.29298633337020874,
    0.29543331265449524,
    0.2979956269264221,
    0.30067765712738037,
    0.31515640020370483,
    0.318204790353775,
    0.3332962095737457,
    0.33675312995910645,
    0.3403674066066742,
    0.3564368188381195,
    0.3605280816555023,
    0.3773849308490753,
    0.38201141357421875,
    0.39974433183670044,
    0.4180366098880768,
    0.42368295788764954,
    0.4453897476196289,
    0.46301183104515076,
    0.4837128818035126,
    0.49113261699676514,
    0.49811357259750366,
    0.49753323197364807,
    0.5221003293991089,
    0.5235643982887268,
    0.5423621535301208,
    0.5656245350837708,
    0.5724829435348511,
    0.5851588249206543,
    0.6207132339477539,
    0.6187549233436584,
    0.6543080806732178,
    0.6718230247497559,
    0.6912235617637634,
    0.7100223302841187,
    0.7640218138694763,
    0.7813279628753662,
    0.7904157042503357,
    0.8478531241416931,
    0.8874087333679199,
    0.9326427578926086,
    0.98468017578125,
    1.053068995475769,
    1.090379238128662,
    1.1345261335372925,
    1.1793828010559082,
    1.3428617715835571,
    1.4177058935165405,
    1.4460532665252686,
    1.474007487297058,
    1.5016224384307861,
    1.5126228332519531,
    1.5334969758987427,
    1.593324899673462,
    1.6643612384796143,
    1.6959266662597656,
    1.7108078002929688,
    1.770819902420044,
    1.792931079864502,
    1.8596833944320679,
    1.9034572839736938,
    1.9590907096862793,
    2.002042293548584,
    2.068833589553833,
    2.1351306438446045,
    2.2012197971343994,
    2.2782042026519775,
    2.365565299987793,
    2.4505786895751953,
    2.541447401046753,
    2.650374412536621,
    2.7597930431365967,
    2.8907198905944824,
    2.8823678493499756,
    2.8641059398651123,
    2.857450008392334,
    2.8414573669433594,
    1.4369101524353027,
    1.4291574954986572,
    1.423633337020874,
    1.4968798160552979,
    1.6050065755844116,
    1.7419606447219849,
    1.8917959928512573,
    2.073472261428833,
    2.285463571548462,
    2.7573471069335938,
    2.767112970352173,
    2.7383065223693848,
    2.738413095474243,
    2.74013614654541,
    2.7393202781677246,
    2.734726905822754,
    2.738131523132324,
    2.74768328666687,
    2.73588490486145,
    2.7409539222717285,
    2.742095708847046,
    2.741809606552124,
    2.7485299110412598,
    2.755826711654663,
    2.7579617500305176,
    2.7607948780059814,
    2.7697343826293945,
    2.7792532444000244,
    2.7900795936584473,
    1.5755622386932373,
    1.0936733484268188,
    1.0184720754623413,
    0.9384335279464722,
    0.9008609652519226,
    0.8368397355079651,
    0.8090317845344543,
    0.7652063369750977,
    0.7119101881980896,
    0.697661280632019,
    0.6757256984710693,
    0.6467609405517578,
    0.6174266934394836,
    0.6004543900489807,
    0.5683449506759644,
    0.5612946152687073,
    0.538994550704956,
    0.5174840092658997,
    0.5101398229598999,
    0.48988357186317444,
    0.48335501551628113,
    0.464219331741333,
    0.4584137797355652,
    0.44028255343437195,
    0.43512025475502014,
    0.41789156198501587,
    0.4133034348487854,
    0.39688774943351746,
    0.3928135335445404,
    0.38891711831092834,
    0.37351879477500916,
    0.37006494402885437,
    0.36676397919654846,
    0.35224753618240356,
    0.3493298888206482,
    0.34654513001441956,
    0.343888521194458,
    0.33034446835517883,
    0.3280097246170044,
    0.32578760385513306,
    0.323674738407135,
    0.30002066493034363,
    0.3188827335834503,
    0.3128855228424072,
    0.3040684163570404,
    0.3061423897743225,
    0.308321475982666,
    0.2995157539844513,
    0.3018295466899872,
    0.29298633337020874,
    0.2840704917907715,
    0.28653427958488464,
    0.277548611164093,
    0.2801390290260315,
    0.2828487157821655,
    0.2737790048122406,
    0.276618629693985,
    0.2674315273761749,
    0.27040034532546997,
    0.2610720694065094,
    0.26416945457458496,
    0.26740798354148865,
    0.2527957260608673,
    null,
    null,
    null,
    null,
    null,
    null,
    null,
    null,
    0.27697640657424927,
    0.2929705083370209,
    1.1911267042160034,
    1.1887915134429932,
    1.186337947845459,
    1.1842350959777832,
    1.182472586631775,
    1.16860830783844,
    1.1676377058029175,
    1.1637295484542847,
    1.8002204895019531,
    1.846476435661316,
    2.0210020542144775,
    2.0568954944610596,
    2.2674262523651123,
    2.089597463607788,
    2.102860689163208,
    3.724411964416504,
    3.7444519996643066,
    3.7332446575164795,
    3.7327945232391357,
    3.7238738536834717,
    3.7226815223693848,
    null,
    null,
    null,
    3.458940267562866,
    3.138777017593384,
    2.8962695598602295,
    2.804795742034912,
    2.795971393585205,
    2.132859945297241,
    1.99871826171875,
    1.8786152601242065,
    1.7719995975494385,
    1.6783771514892578,
    1.599214792251587,
    1.5197757482528687,
    1.4522379636764526,
    1.387535810470581,
    1.3322299718856812,
    1.284396767616272,
    1.2363309860229492,
    1.1942397356033325,
    1.1526265144348145,
    1.1112937927246094,
    1.080052375793457,
    null,
    null,
    0.9900277853012085,
    0.9604495167732239,
