{
  "step": 1360,
  "timestamp": 43.52,
  "robot_pose_odom": {
    "x": -1.854951134341618,
    "y": 1.735014490186346,
    "yaw_fused": 0.1289951520935431,
    "yaw_imu": 0.13803126206536076
  },
  "lidar_pose_relative_to_robot": {
    "x_offset": 0.0,
    "y_offset": 0.0,
    "yaw_offset": 0.0
  },
  "lidar_meta": {
    "fov": 6.283184,
    "horizontal_resolution": 400,
    "angle_min": -3.141592,
    "angle_increment": 0.015747328320802004
  },
  "ranges": [
    0.7113650441169739,
    0.7058101892471313,
    0.7082927823066711,
    0.7047624588012695,
    0.6882962584495544,
    0.6800332069396973,
    0.671764612197876,
    0.6607553362846375,
    0.6641364097595215,
    0.6573822498321533,
    0.6513684988021851,
    0.6433355808258057,
    0.6473491787910461,
    0.6298558712005615,
    0.6341519355773926,
    0.6276059746742249,
    0.6212177872657776,
    0.6260167360305786,
    0.619778573513031,
    0.6132228970527649,
    0.6074524521827698,
    null,
    null,
    null,
    null,
    0.5981766581535339,
    0.5956428647041321,
    0.5899643301963806,
    0.5967360734939575,
    0.5912362337112427,
    0.5857506990432739,
    0.5931687951087952,
    0.5878638029098511,
    0.5825638771057129,
    0.5906878709793091,
    0.5765727162361145,
    0.5589932799339294,
    0.5262478590011597,
    0.5262496471405029,
    0.5113538503646851,
    0.5038660168647766,
    0.48329034447669983,
    0.476643443107605,
    0.4572277069091797,
    0.45132437348365784,
    0.44568008184432983,
    0.4277030825614929,
    0.4226882755756378,
    0.41789156198501587,
    0.40114742517471313,
    0.39688774943351746,
    0.3928135335445404,
    0.37713176012039185,
    0.37351879477500916,
    0.37006494402885437,
    0.36676397919654846,
    0.36361032724380493,
    0.3493298888206482,
    0.34654513001441956,
    0.343888521194458,
    0.34135594964027405,
    0.33894339203834534,
    0.32578760385513306,
    0.323674738407135,
    0.32071173191070557,
    0.32166787981987,
    0.32367464900016785,
    0.31492799520492554,
    0.3061423897743225,
    0.308321475982666,
    0.2995157539844513,
    0.3018295466899872,
    0.29298633337020874,
    0.29543331265449524,
    0.28653427958488464,
    0.2891131341457367,
    0.2918114960193634,
    0.2828487157821655,
    0.28568246960639954,
    0.276618629693985,
    0.2795875072479248,
    0.28269127011299133,
    0.2735040783882141,
    0.2767489552497864,
    0.26740798354148865,
    0.270794540643692,
    0.2743365168571472,
    0.26480183005332947,
    null,
    null,
    null,
    null,
    null,
    null,
    null,
    null,
    null,
    null,
    null,
    0.25467419624328613,
    0.25158989429473877,
    0.2610720694065094,
    0.2581093907356262,
    0.25527551770210266,
    0.25256484746932983,
    0.2499721199274063,
    0.25927796959877014,
    0.2567940652370453,
    0.2544195353984833,
    0.25215014815330505,
    0.261344850063324,
    0.2591802179813385,
    0.2571140229701996,
    0.25514301657676697,
    0.25326403975486755,
    0.26240772008895874,
    0.2606300413608551,
    0.2589397132396698,
    0.25733423233032227,
    0.25581133365631104,
    0.2649674415588379,
    0.2635462284088135,
    0.2622045576572418,
    0.2609404921531677,
    0.2597523331642151,
    0.26898401975631714,
    0.26790136098861694,
    0.2668929398059845,
    0.26595744490623474,
    0.2752895951271057,
    0.2744659185409546,
    0.27371448278427124,
    0.28314676880836487,
    0.2825144827365875,
    0.2819543778896332,
    0.2814658284187317,
    0.2910856604576111,
    0.2907260060310364,
    0.29043880105018616,
    0.29022377729415894,
    0.3000832796096802,
    0.30000925064086914,
    0.30000925064086914,
    0.3000832796096802,
    0.3102392256259918,
    0.3104690611362457,
    0.31077608466148376,
    0.3211979568004608,
    0.32167521119117737,
    0.3222335875034332,
    0.3329634666442871,
    0.33370867371559143,
    0.3345399498939514,
    0.34562379121780396,
    0.3466609716415405,
    0.3580196499824524,
    0.35927894711494446,
    0.3606364130973816,
    0.37243935465812683,
    0.3844333589076996,
    0.3861919343471527,
    0.3985508382320404,
    0.4005902111530304,
    0.40275049209594727,
    0.41569340229034424,
    0.41816815733909607,
    0.43156611919403076,
    0.42352378368377686,
    0.4264124929904938,
    0.42944762110710144,
    0.43263378739356995,
    0.43597590923309326,
    0.43947935104370117,
    0.43178701400756836,
    0.43553197383880615,
    0.43945178389549255,
    0.44355329871177673,
    0.44784361124038696,
    0.45233044028282166,
    0.4449952244758606,
    0.4497711658477783,
    0.454764187335968,
    0.45998406410217285,
    0.4654413163661957,
    0.4711472988128662,
    0.4642190635204315,
    0.47029104828834534,
    0.4766431450843811,
    0.48329004645347595,
    0.4766296446323395,
    0.48371267318725586,
    0.4911324083805084,
    0.49811306595802307,
    0.4975334405899048,
    0.5038660168647766,
    0.5101398229598999,
    0.5163637399673462,
    0.5225459337234497,
    0.5337975025177002,
    0.5348160862922668,
    0.5534980893135071,
    0.5470083355903625,
    0.5682725310325623,
    0.5713312029838562,
    0.574122428894043,
    0.5811775326728821,
    0.5961735844612122,
    0.6066039204597473,
    0.6166876554489136,
    0.6264583468437195,
    0.6359478831291199,
    0.6451857089996338,
    0.6653774976730347,
    0.6766838431358337,
    0.6717004179954529,
    0.6801376938819885,
    0.6841539740562439,
    0.6859455108642578,
    0.6931511163711548,
    0.6965674161911011,
    0.7048600316047668,
    0.7160392999649048,
    0.7137138247489929,
    0.7198278307914734,
    0.7283592224121094,
    0.7394374012947083,
    0.7456740140914917,
    0.7544808387756348,
    0.7639786601066589,
    0.7628451585769653,
    0.7816375494003296,
    0.7911953330039978,
    0.7906095385551453,
    0.810142457485199,
    0.8199986815452576,
    0.8300521373748779,
    0.8403155207633972,
    0.8508014678955078,
    0.8610796928405762,
    0.871863067150116,
    0.8937633037567139,
    0.905287504196167,
    0.9155977368354797,
    0.939322829246521,
    0.951797366142273,
    0.9615235924720764,
    1.42315673828125,
    1.4274275302886963,
    1.4320785999298096,
    1.4371157884597778,
    1.4425456523895264,
    1.4483752250671387,
    1.4442225694656372,
    1.4508291482925415,
    1.4578570127487183,
    1.4547749757766724,
    1.4626202583312988,
    2.728654146194458,
    2.744898557662964,
    2.7620232105255127,
    2.7691941261291504,
    2.7880818843841553,
    2.796915292739868,
    2.8176662921905518,
    2.839432954788208,
    2.0336828231811523,
    1.986647129058838,
    1.9680135250091553,
    1.8576020002365112,
    1.7961061000823975,
    1.7873196601867676,
    1.7140942811965942,
    1.7318731546401978,
    1.7383047342300415,
    1.7576019763946533,
    1.7777762413024902,
    1.7988677024841309,
    1.8081868886947632,
    1.0931204557418823,
    0.47029104828834534,
    0.4634030759334564,
    0.4698653519153595,
    0.46301165223121643,
    0.4560719132423401,
    0.4630676805973053,
    0.4560159742832184,
    0.4560723304748535,
    0.44939398765563965,
    0.4430161416530609,
    0.4501632750034332,
    0.44416406750679016,
    0.4384293854236603,
    0.44568008184432983,
    0.44028255343437195,
    0.43512025475502014,
    0.4424734115600586,
    0.43761539459228516,
    0.43296846747398376,
    0.42852386832237244,
    0.4360586106777191,
    0.4318810999393463,
    0.42788761854171753,
    0.43553224205970764,
    0.43178728222846985,
    0.4282108247280121,
    0.43597611784935,
    0.4326339066028595,
    0.42944779992103577,
    0.4264126420021057,
    0.43438345193862915,
    0.4315662980079651,
    0.42889049649238586,
    0.4315662086009979,
    0.43438342213630676,
    0.4373462498188019,
    0.4404592216014862,
    0.4326338768005371,
    0.4359760284423828,
    0.4394794702529907,
    0.44314995408058167,
