{
  "step": 1270,
  "timestamp": 40.64,
  "robot_pose_odom": {
    "x": -2.2664257454163828,
    "y": 1.534881852938612,
    "yaw_fused": 0.9686145442408932,
    "yaw_imu": 0.9685443657565749
  },
  "lidar_pose_relative_to_robot": {
    "x_offset": 0.0,
    "y_offset": 0.0,
    "yaw_offset": 0.0
  },
  "lidar_meta": {
    "fov": 6.283184,
    "horizontal_resolution": 400,
    "angle_min": -3.141592,
    "angle_increment": 0.015747328320802004
  },
  "ranges": [
    2.50638747215271,
    2.250626564025879,
    2.025355815887451,
    1.833945631980896,
    1.6761788129806519,
    1.5404750108718872,
    1.426391363143921,
    1.3340070247650146,
    1.2419770956039429,
    1.1708195209503174,
    1.1098744869232178,
    1.0498995780944824,
    1.0006893873214722,
    0.9501506090164185,
    0.910490870475769,
    0.8734382390975952,
    0.831812858581543,
    0.8024601340293884,
    0.7731125950813293,
    0.7495588660240173,
    0.7155129313468933,
    0.7025845050811768,
    null,
    null,
    null,
    null,
    0.5997352004051208,
    0.5799862742424011,
    0.5657421946525574,
    0.5494368076324463,
    0.5376184582710266,
    0.5255322456359863,
    null,
    null,
    0.49837684631347656,
    0.4809519350528717,
    0.47130075097084045,
    0.4592134654521942,
    0.4624820351600647,
    0.4573975205421448,
    0.4418005645275116,
    0.42821064591407776,
    0.43178701400756836,
    0.42798683047294617,
    0.4163227379322052,
    0.4085359275341034,
    0.41248753666877747,
    0.3928132653236389,
    0.3968876004219055,
    0.38899126648902893,
    0.38101863861083984,
    0.37296003103256226,
    0.37738481163978577,
    0.36927759647369385,
    0.361059308052063,
    0.3657819330692291,
    0.35748234391212463,
    0.3490428328514099,
    0.3404497504234314,
    0.34550905227661133,
    0.32979488372802734,
    0.3367767930030823,
    0.3316889703273773,
    0.3404500186443329,
    0.3356183171272278,
    0.331002414226532,
    0.32659122347831726,
    0.322374552488327,
    0.318342924118042,
    0.3270670473575592,
    0.3232322037220001,
    0.3195641338825226,
    0.316055566072464,
    0.31269943714141846,
    0.3094894587993622,
    0.3064195513725281,
    0.3151564598083496,
    0.3122422993183136,
    0.30945709347724915,
    0.30679619312286377,
    0.30425503849983215,
    0.30182960629463196,
    0.2995157837867737,
    0.3083215057849884,
    0.3061424195766449,
    0.3040684461593628,
    0.302096426486969,
    0.30022335052490234,
    0.3020963668823242,
    0.3040684163570404,
    0.3061423897743225,
    0.2973099648952484,
    0.2995157539844513,
    0.3018295466899872,
    0.30425500869750977,
    0.3067961037158966,
    0.309457004070282,
    0.30067765712738037,
    0.3034839332103729,
    0.3064194321632385,
    0.30948933959007263,
    0.3006724417209625,
    0.30389946699142456,
    0.30727311968803406,
    0.2955227792263031,
    0.31016939878463745,
    0.3056091368198395,
    0.3094794750213623,
    0.3135274648666382,
    0.31776222586631775,
    0.30876871943473816,
    0.31321385502815247,
    0.3178684413433075,
    0.3227442800998688,
    0.3227442800998688,
    0.3178684413433075,
    0.3268318772315979,
    0.3221935033798218,
    0.33100229501724243,
    0.33965471386909485,
    0.33526942133903503,
    0.3310764729976654,
    0.3396463692188263,
    0.3356640636920929,
    0.34414586424827576,
    0.3525233268737793,
    0.3487800359725952,
    0.35710301995277405,
    0.365346223115921,
    0.3618461787700653,
    0.35850024223327637,
    0.3667638301849365,
    0.37497302889823914,
    0.37186723947525024,
    0.3800816237926483,
    0.385683536529541,
    0.39641326665878296,
    0.3936115801334381,
    0.401804655790329,
    0.4054277241230011,
    0.4153832793235779,
    0.42635220289230347,
    0.42394787073135376,
    0.43377581238746643,
    0.44322484731674194,
    0.4488176107406616,
    0.4467739760875702,
    0.444858193397522,
    0.44306764006614685,
    0.4516649842262268,
    0.45008185505867004,
    0.44862014055252075,
    0.44727784395217896,
    0.44605329632759094,
    0.44494491815567017,
    0.4439513087272644,
    0.443071186542511,
    0.4423034191131592,
    0.4416472017765045,
    0.4411015510559082,
    0.4406657814979553,
    0.44033950567245483,
    0.44012215733528137,
    0.440013587474823,
    0.440013587474823,
    0.44012215733528137,
    0.44033950567245483,
    0.4406657814979553,
    0.4511265754699707,
    0.4516846239566803,
    0.4523557722568512,
    0.4531409740447998,
    0.45404112339019775,
    0.455057293176651,
    0.4561908543109894,
    0.4574432373046875,
    0.4588159918785095,
    0.46031099557876587,
    0.4619300663471222,
    0.4636753797531128,
    0.46554917097091675,
    0.46755409240722656,
    0.4696928858757019,
    0.4719680845737457,
    0.474383145570755,
    0.47694137692451477,
    0.479646235704422,
    0.49322396516799927,
    0.4963010549545288,
    0.49954086542129517,
    0.5029480457305908,
    0.5065279603004456,
    0.5102859735488892,
    0.5142279863357544,
    0.5183602571487427,
    0.5226895213127136,
    0.5272228717803955,
    0.5319679379463196,
    0.5369328856468201,
    0.542126476764679,
    0.5594613552093506,
    0.5652641654014587,
    0.5713309645652771,
    0.5776734352111816,
    0.5843040943145752,
    0.5912362337112427,
    0.5984843969345093,
    0.6060638427734375,
    0.6139910817146301,
    0.6227653622627258,
    0.6285879015922546,
    0.6536635160446167,
    0.6633773446083069,
    0.6735529899597168,
    0.6805338263511658,
    0.6971961259841919,
    0.7127518653869629,
    0.7225623726844788,
    0.7409632205963135,
    0.7668665647506714,
    0.7685955762863159,
    0.7888993620872498,
    0.821986198425293,
    0.8357890844345093,
    0.8545852899551392,
    0.8687438368797302,
    0.9020177125930786,
    0.8927580714225769,
    0.9025931358337402,
    0.9104520082473755,
    0.9020333290100098,
    0.9208272099494934,
    0.9200184941291809,
    0.9269033670425415,
    0.9336705207824707,
    0.940342128276825,
    0.9470362663269043,
    0.9534791111946106,
    0.9599817991256714,
    0.9664636254310608,
    0.9986622333526611,
    0.9757258892059326,
    0.9818131327629089,
    0.9882223010063171,
    0.994962751865387,
    1.0130562782287598,
    1.0205721855163574,
    1.028456211090088,
    1.036720871925354,
    1.0567421913146973,
    1.0659074783325195,
    1.0755008459091187,
    1.097211241722107,
    1.1078240871429443,
    1.1070195436477661,
    1.10647451877594,
    1.106194019317627,
    1.1184741258621216,
    1.118880271911621,
    1.1321548223495483,
    1.133300542831421,
    1.1347581148147583,
    1.1365370750427246,
    1.151888132095337,
    1.1545265913009644,
    1.1575294733047485,
    1.1609108448028564,
    1.1577048301696777,
    1.185699224472046,
    1.1823735237121582,
    1.2030000686645508,
    1.2105991840362549,
    1.2185699939727783,
    1.2240945100784302,
    1.2199190855026245,
    1.2484954595565796,
    1.2662111520767212,
    1.2709094285964966,
    1.2963252067565918,
    1.741549015045166,
    1.7318731546401978,
    1.7280899286270142,
    1.7324481010437012,
    1.7158511877059937,
    0.6554096937179565,
    0.6264587640762329,
    0.6139618158340454,
    0.5943717360496521,
    0.5754770040512085,
    0.5520811676979065,
    0.5396110415458679,
    0.522564172744751,
    0.5147389769554138,
    0.4963010847568512,
    0.48528656363487244,
    0.46780601143836975,
    0.4557439684867859,
    0.45329949259757996,
    0.4377824664115906,
    0.4279423952102661,
    0.42599382996559143,
    0.4034760594367981,
    0.4018520414829254,
    0.3900742828845978,
    0.38870707154273987,
    0.37724876403808594,
    0.376120001077652,
    0.3649526834487915,
    0.3640458285808563,
    0.3531430959701538,
    0.35244297981262207,
    0.3417799174785614,
    0.34127283096313477,
    0.34085118770599365,
    0.3304993212223053,
    0.33025461435317993,
