{
  "step": 275,
  "timestamp": 8.8,
  "robot_pose_odom": {
    "x": -0.27072567354731136,
    "y": -0.47092947506292826,
    "yaw_fused": -2.0935982510237987,
    "yaw_imu": -2.0937453644547985
  },
  "lidar_pose_relative_to_robot": {
    "x_offset": 0.0,
    "y_offset": 0.0,
    "yaw_offset": 0.0
  },
  "lidar_meta": {
    "fov": 6.283184,
    "horizontal_resolution": 400,
    "angle_min": -3.141592,
    "angle_increment": 0.015747328320802004
  },
  "ranges": [
    null,
    null,
    null,
    2.5995330810546875,
    2.130582809448242,
    1.9484418630599976,
    1.9490797519683838,
    1.2610344886779785,
    1.1421265602111816,
    1.0426726341247559,
    0.9636245369911194,
    0.8897830843925476,
    0.8245911002159119,
    0.7692930102348328,
    0.7571144700050354,
    0.682680070400238,
    0.6678158640861511,
    0.6110431551933289,
    0.6051443815231323,
    0.5651310086250305,
    0.5366005897521973,
    0.5214902758598328,
    null,
    null,
    null,
    null,
    0.43577566742897034,
    0.4207896888256073,
    0.40693825483322144,
    0.3929062485694885,
    0.3869704604148865,
    0.367686003446579,
    0.36246776580810547,
    0.35748258233070374,
    0.3396548628807068,
    0.3352695107460022,
    0.33107662200927734,
    0.3144875466823578,
    0.3108001947402954,
    0.3072732090950012,
    0.3038995862007141,
    0.2886456549167633,
    0.2856825888156891,
    0.2828488051891327,
    0.28013908863067627,
    0.27754873037338257,
    0.2636116147041321,
    0.26134490966796875,
    0.2591802477836609,
    0.25711411237716675,
    0.25514307618141174,
    0.25326409935951233,
    0.2514741122722626,
    0.23891091346740723,
    0.23736147582530975,
    0.23588977754116058,
    0.23736143112182617,
    0.2280513048171997,
    0.2296067774295807,
    0.2202296108007431,
    0.2218635231256485,
    null,
    null,
    null,
    null,
    null,
    null,
    null,
    null,
    null,
    null,
    null,
    null,
    null,
    null,
    null,
    null,
    null,
    null,
    null,
    null,
    null,
    null,
    null,
    null,
    null,
    null,
    null,
    null,
    null,
    null,
    null,
    null,
    null,
    null,
    null,
    null,
    null,
    null,
    null,
    null,
    null,
    null,
    null,
    null,
    null,
    null,
    null,
    null,
    null,
    null,
    null,
    null,
    null,
    null,
    null,
    null,
    null,
    null,
    null,
    null,
    null,
    null,
    0.2017960399389267,
    0.20139597356319427,
    0.20104700326919556,
    0.21078616380691528,
    0.2105257362127304,
    0.21031774580478668,
    0.21016204357147217,
    0.2100583016872406,
    0.2200067937374115,
    0.2200067937374115,
    0.22006107866764069,
    0.22016975283622742,
    0.23034800589084625,
    0.2305757999420166,
    0.23086102306842804,
    0.2312040627002716,
    0.2316053807735443,
    0.2421552538871765,
    0.24269722402095795,
    0.24330179393291473,
    0.24396972358226776,
    0.24470186233520508,
    0.2557283341884613,
    0.2566278278827667,
    0.2575974464416504,
    0.26898396015167236,
    0.2701423466205597,
    0.28181570768356323,
    0.283180832862854,
    0.2846298813819885,
    0.29676353931427,
    0.29844656586647034,
    0.30022329092025757,
    0.31288543343544006,
    0.31492793560028076,
    0.32800960540771484,
    0.3303443193435669,
    0.34388840198516846,
    0.3465449810028076,
    0.36059844493865967,
    0.3636101186275482,
    0.3782251179218292,
    0.39319369196891785,
    0.39686349034309387,
    0.41248753666877747,
    0.43061575293540955,
    0.4449952244758606,
    0.4497711658477783,
    0.4699442386627197,
    0.4848480522632599,
    0.498862087726593,
    0.5348158478736877,
    0.5595880746841431,
    0.5786877870559692,
    0.6090440154075623,
    0.6041125655174255,
    0.6128095388412476,
    0.6219162940979004,
    0.6314559578895569,
    0.6384367346763611,
    0.6357371807098389,
    0.6400460600852966,
    0.6578118801116943,
    0.661522626876831,
    0.6662460565567017,
    0.6756423115730286,
    0.6876206398010254,
    0.6875540018081665,
    0.6990370750427246,
    0.7099840044975281,
    0.7204464673995972,
    0.730472207069397,
    0.7401044368743896,
    0.7591436505317688,
    0.7700183987617493,
    0.7710558772087097,
    0.7947521209716797,
    0.8063902258872986,
    0.8084774017333984,
    0.8437705636024475,
    0.8490187525749207,
    0.8698582649230957,
    0.8724417090415955,
    0.8991623520851135,
    0.936988890171051,
    0.9718455076217651,
    0.946344256401062,
    0.9647952318191528,
    0.9947436451911926,
    1.0190811157226562,
    1.0461393594741821,
    1.067522644996643,
    1.078995943069458,
    1.1323999166488647,
    1.1707401275634766,
    1.1880658864974976,
    1.2565048933029175,
    1.2846976518630981,
    1.3248400688171387,
    1.3569916486740112,
    1.3710663318634033,
    1.4068493843078613,
    1.440927505493164,
    1.4765629768371582,
    1.5095397233963013,
    1.5413708686828613,
    1.580978512763977,
    1.6237798929214478,
    1.6687333583831787,
    1.7159913778305054,
    1.765722632408142,
    1.830466628074646,
    0.6595209240913391,
    0.6454885601997375,
    0.635736882686615,
    0.6264277100563049,
    0.6443870067596436,
    0.6492460370063782,
    0.6662457585334778,
    0.6576439142227173,
    0.6754785180091858,
    0.6875543594360352,
    0.6990374326705933,
    0.7128735184669495,
    0.7050466537475586,
    0.7304725646972656,
    0.7401047945022583,
    0.7591424584388733,
    0.7700188159942627,
    0.7710548639297485,
    0.7983793020248413,
    0.8071297407150269,
    0.8168761134147644,
    0.8549487590789795,
    0.8601124286651611,
    0.8810154795646667,
    0.9010622501373291,
    0.9208821058273315,
    0.9585659503936768,
    0.9701559543609619,
    0.9936317801475525,
    1.0182634592056274,
    1.0389630794525146,
    1.077958106994629,
    1.0846792459487915,
    1.1465508937835693,
    1.1806621551513672,
    1.2528587579727173,
    1.2659753561019897,
    1.3440485000610352,
    1.3881934881210327,
    1.4294902086257935,
    1.4496731758117676,
    1.446070909500122,
    1.4327518939971924,
    1.429911494255066,
    1.4173814058303833,
    1.4152785539627075,
    1.413529872894287,
    1.4021183252334595,
    1.4010802507400513,
    1.3903858661651611,
    1.3900429010391235,
    1.3900429010391235,
    1.3803831338882446,
    1.3810648918151855,
    1.3722944259643555,
    0.8922281265258789,
    0.8933318257331848,
    0.8846068382263184,
    0.886142373085022,
    0.8879026174545288,
    0.8797774910926819,
    0.8819689750671387,
    0.8843902349472046,
    0.8870442509651184,
    0.8899345993995667,
    0.8827996850013733,
    0.8861351609230042,
    0.8897162079811096,
    0.8831576704978943,
    0.8871976137161255,
    0.8914952278137207,
    0.8960570096969604,
    0.8902905583381653,
    0.8953396081924438,
    0.9006698727607727,
    0.9062888622283936,
    0.9013454914093018,
    0.9074932932853699,
    0.913952648639679,
    0.9096402525901794,
    0.9166673421859741,
    0.924033522605896,
    0.9317508935928345,
    0.9283707737922668,
    0.9367261528968811,
    0.9454688429832458,
    0.9546140432357788,
    0.9522745609283447,
    0.9197346568107605,
    0.8817187547683716,
    0.8545863628387451,
    0.8262029886245728,
    0.8007699251174927,
    0.7773482203483582,
    0.7530127167701721,
    0.7485151886940002,
    0.7144834995269775,
    0.7004597783088684,
    0.6762823462486267,
    0.6495569944381714,
    0.6385066509246826,
    0.6314564943313599,
    0.6219168305397034,
    0.6128100156784058,
    0.5906882286071777,
    0.5825642347335815,
    0.5748005509376526,
    0.5595874786376953,
    0.5730172395706177,
    0.5829756259918213,
    0.5871490240097046,
    1.1799291372299194,
    1.166974425315857,
    1.1425557136535645,
    1.1308268308639526,
    1.1078245639801025,
    1.097211480140686,
    1.0870658159255981,
