{
  "step": 20,
  "timestamp": 0.64,
  "robot_pose_odom": {
    "x": -4.452194168891301e-11,
    "y": 1.756684886057952e-18,
    "yaw_fused": -1.9314195364899086e-07,
    "yaw_imu": -3.7394865648465725e-07
  },
  "lidar_pose_relative_to_robot": {
    "x_offset": 0.0,
    "y_offset": 0.0,
    "yaw_offset": 0.0
  },
  "lidar_meta": {
    "fov": 6.283184,
    "horizontal_resolution": 400,
    "angle_min": -3.141592,
    "angle_increment": 0.015747328320802004
  },
  "ranges": [
    1.0340325832366943,
    1.0213508605957031,
    1.019070029258728,
    1.0069799423217773,
    1.0052350759506226,
    0.5018718242645264,
    0.501251757144928,
    0.49074140191078186,
    0.49037808179855347,
    0.4901360273361206,
    0.4900151193141937,
    0.4900151193141937,
    0.5198973417282104,
    0.5507156252861023,
    0.5704194903373718,
    0.6127873063087463,
    0.6507075428962708,
    0.691308319568634,
    0.7413952946662903,
    0.8013571500778198,
    0.8711451292037964,
    0.9507020711898804,
    null,
    null,
    null,
    null,
    1.409524917602539,
    1.417974829673767,
    2.029709577560425,
    1.9973423480987549,
    1.9954755306243896,
    1.9908490180969238,
    null,
    null,
    2.3775572776794434,
    2.388962984085083,
    2.323925018310547,
    2.2745234966278076,
    2.2245595455169678,
    2.1750457286834717,
    2.178938865661621,
    2.0818395614624023,
    2.113114595413208,
    3.1096596717834473,
    3.0834410190582275,
    3.0330231189727783,
    3.029661178588867,
    1.0320639610290527,
    0.9988784193992615,
    0.9019656181335449,
    0.8762791156768799,
    0.8262029886245728,
    0.7964523434638977,
    0.7652063369750977,
    0.7119101881980896,
    0.697661280632019,
    0.6747632622718811,
    0.6467609405517578,
    0.6310446858406067,
    0.6219162940979004,
    0.6174235939979553,
    0.6174241304397583,
    0.6219168305397034,
    0.6128100156784058,
    0.6175376772880554,
    0.6222845315933228,
    0.6270551085472107,
    0.6318541169166565,
    0.636685848236084,
    0.641554594039917,
    0.6340323686599731,
    0.6514191627502441,
    0.6442670822143555,
    0.661479651927948,
    0.6546892523765564,
    0.671765923500061,
    0.6653303503990173,
    0.6745103001594543,
    0.6762210726737976,
    0.6821395754814148,
    0.6902605295181274,
    0.6989141702651978,
    0.7073854207992554,
    0.7157463431358337,
    0.7106877565383911,
    0.7210708856582642,
    0.7291021347045898,
    0.7398361563682556,
    0.7552409172058105,
    0.7601709961891174,
    0.7762895822525024,
    0.7818151712417603,
    0.7876155376434326,
    0.8048787713050842,
    0.8226154446601868,
    0.8294857740402222,
    0.8366800546646118,
    0.8557748794555664,
    2.1240241527557373,
    2.1380300521850586,
    2.152430295944214,
    0.8178290724754333,
    0.8176946043968201,
    0.8112009763717651,
    0.8052349090576172,
    0.8424517512321472,
    0.9896803498268127,
    1.209169626235962,
    1.2713720798492432,
    1.6222689151763916,
    2.445674180984497,
    2.4648568630218506,
    2.452383279800415,
    2.427668571472168,
    2.4486114978790283,
    2.432384729385376,
    2.428619384765625,
    2.4188246726989746,
    2.409214973449707,
    2.399822473526001,
    2.380466938018799,
    2.3945295810699463,
    2.385786294937134,
    2.3773577213287354,
    2.381549835205078,
    2.37365984916687,
    2.378157377243042,
    2.370875358581543,
    2.373737096786499,
    2.369145631790161,
    2.3553946018218994,
    null,
    null,
    null,
    null,
    null,
    2.093249559402466,
    1.7963312864303589,
    1.5638601779937744,
    1.413379192352295,
    1.404616117477417,
    1.4081436395645142,
    0.8465815782546997,
    0.798438549041748,
    0.7232879996299744,
    0.6738552451133728,
    0.630155086517334,
    0.5890604853630066,
    0.5482149720191956,
    0.5303863286972046,
    0.5069320201873779,
    0.47450974583625793,
    0.4612751305103302,
    0.43746185302734375,
    0.42348670959472656,
    0.4045634865760803,
    0.39347630739212036,
    0.38256534934043884,
    0.37095358967781067,
    0.35119137167930603,
    0.3402928411960602,
    0.33040037751197815,
    0.3201712965965271,
    0.31000956892967224,
    0.31000956892967224,
    0.300000935792923,
    0.29007816314697266,
    0.28042367100715637,
    0.2807009816169739,
    0.27101075649261475,
    0.2714134454727173,
    0.26106080412864685,
    0.25224506855010986,
    0.2528096139431,
    0.24330179393291473,
    0.24396972358226776,
    0.23450593650341034,
    0.23527005314826965,
    0.2258324921131134,
    0.22668574750423431,
    0.21725627779960632,
    0.21819190680980682,
    0.20499537885189056,
    null,
    null,
    null,
    null,
    null,
    null,
    null,
    null,
    null,
    null,
    null,
    null,
    null,
    null,
    null,
    null,
    null,
    null,
    null,
    null,
    null,
    null,
    null,
    null,
    null,
    null,
    null,
    null,
    null,
    null,
    null,
    null,
    null,
    null,
    null,
    null,
    null,
    null,
    null,
    null,
    null,
    null,
    null,
    null,
    null,
    null,
    null,
    null,
    null,
    null,
    null,
    null,
    null,
    null,
    null,
    null,
    null,
    null,
    null,
    null,
    null,
    null,
    null,
    null,
    null,
    null,
    null,
    null,
    null,
    null,
    null,
    null,
    null,
    null,
    null,
    null,
    null,
    null,
    null,
    null,
    null,
    null,
    null,
    null,
    null,
    null,
    null,
    null,
    null,
    null,
    null,
    null,
    null,
    null,
    null,
    null,
    null,
    null,
    null,
    null,
    null,
    null,
    0.240688756108284,
    0.23861920833587646,
    0.23664280772209167,
    0.2571140229701996,
    0.25514301657676697,
    0.26427552103996277,
    0.26240772008895874,
    0.27148962020874023,
    0.2759578824043274,
    0.29228588938713074,
    0.29844656586647034,
    0.29676353931427,
    0.30727359652519226,
    0.3119242489337921,
    0.32732313871383667,
    0.3371598720550537,
    0.3468932509422302,
    0.35653871297836304,
    0.3729768395423889,
    0.3858548104763031,
    0.39998963475227356,
    0.4148656725883484,
    0.4273242950439453,
    0.44247809052467346,
    0.4660736918449402,
    0.4919118881225586,
    0.5138219594955444,
    0.5433161854743958,
    0.570481538772583,
    0.6015726923942566,
    0.6399108171463013,
    0.680518627166748,
    0.7301556468009949,
    0.7901836633682251,
    0.8497418761253357,
    0.9295527935028076,
    1.0293433666229248,
    1.1431690454483032,
    1.1547366380691528,
    1.1654967069625854,
    1.1889902353286743,
    1.2016576528549194,
    1.2122528553009033,
    1.2383300065994263,
    1.2522605657577515,
    1.26194429397583,
    1.2945747375488281,
    1.3173668384552002,
    1.3251054286956787,
    1.3601200580596924,
    1.401626706123352,
    1.4157592058181763,
    1.439602017402649,
    1.4621965885162354,
    1.493890404701233,
    1.5265718698501587,
    1.5602970123291016,
    1.5768855810165405,
    1.6311200857162476,
    1.6683462858200073,
    1.706682562828064,
    1.7578761577606201,
    1.7779107093811035,
    1.8564655780792236,
    1.8865965604782104,
    1.9179645776748657,
    1.9506351947784424,
    1.9839541912078857,
    1.1638989448547363,
    1.1427295207977295,
    1.154582142829895,
    1.154817819595337,
    1.1676377058029175,
    1.1810401678085327,
    1.1824724674224854,
    1.1969687938690186,
    1.1992326974868774,
    1.214918613433838,
    1.2180880308151245,
    1.2350746393203735,
    1.2392370700836182,
    1.2576528787612915,
    1.2559301853179932,
    1.2839255332946777,
    1.2791173458099365,
    1.3119438886642456,
    1.3314216136932373,
    1.337731957435608,
    1.3677942752838135,
    1.3617647886276245,
    1.4012999534606934,
    1.4128464460372925,
    1.4353702068328857,
    1.4568407535552979,
    1.4643869400024414,
