{
  "step": 725,
  "timestamp": 23.2,
  "robot_pose_odom": {
    "x": -2.6603157448102843,
    "y": -0.914307054244192,
    "yaw_fused": 2.7680631366333754,
    "yaw_imu": 2.778614959864733
  },
  "lidar_pose_relative_to_robot": {
    "x_offset": 0.0,
    "y_offset": 0.0,
    "yaw_offset": 0.0
  },
  "lidar_meta": {
    "fov": 6.283184,
    "horizontal_resolution": 400,
    "angle_min": -3.141592,
    "angle_increment": 0.015747328320802004
  },
  "ranges": [
    1.1209137439727783,
    1.0805619955062866,
    1.0664594173431396,
    1.0303494930267334,
    1.0077316761016846,
    0.9665804505348206,
    0.940046489238739,
    0.914454996585846,
    0.9026485085487366,
    0.8658923506736755,
    0.8428261876106262,
    0.8329441547393799,
    0.8112009167671204,
    0.7901384830474854,
    0.7697214484214783,
    0.7618198394775391,
    0.7424777746200562,
    0.7236923575401306,
    0.7170004844665527,
    0.6991435885429382,
    0.6931320428848267,
    0.678991973400116,
    null,
    null,
    null,
    0.6341519951820374,
    0.6298558712005615,
    0.6149818301200867,
    0.6111688613891602,
    0.5838714241981506,
    0.5614680647850037,
    0.5497361421585083,
    null,
    null,
    0.48365747928619385,
    0.47040438652038574,
    0.44927382469177246,
    0.43456751108169556,
    0.4165422022342682,
    0.4078364670276642,
    0.4066161811351776,
    0.3969115614891052,
    0.3855040371417999,
    0.3723512887954712,
    0.36326688528060913,
    0.3524083197116852,
    0.34127283096313477,
    0.34085118770599365,
    0.3304993212223053,
    0.33025461435317993,
    0.3201712965965271,
    0.31000956892967224,
    0.31000956892967224,
    0.3000832796096802,
    0.3002314865589142,
    0.29043880105018616,
    0.2907260060310364,
    0.2810482084751129,
    0.2814658284187317,
    0.271884560585022,
    0.2724246680736542,
    0.2629219889640808,
    0.2635769248008728,
    0.26430052518844604,
    0.2548977732658386,
    0.2557283341884613,
    0.24636271595954895,
    0.24729354679584503,
    0.24829289317131042,
    0.23897208273410797,
    0.24006524682044983,
    0.23073995113372803,
    0.23192065954208374,
    0.23317134380340576,
    0.23449371755123138,
    0.22516746819019318,
    0.2265722155570984,
    0.217191681265831,
    0.21867308020591736,
    null,
    null,
    null,
    null,
    null,
    null,
    null,
    null,
    null,
    null,
    null,
    null,
    null,
    null,
    null,
    null,
    null,
    null,
    null,
    null,
    null,
    null,
    null,
    null,
    null,
    null,
    null,
    null,
    null,
    null,
    null,
    null,
    null,
    null,
    null,
    null,
    null,
    null,
    null,
    null,
    null,
    null,
    null,
    null,
    null,
    null,
    null,
    null,
    null,
    0.2172563374042511,
    null,
    null,
    null,
    null,
    null,
    null,
    null,
    null,
    null,
    null,
    null,
    null,
    null,
    null,
    null,
    null,
    null,
    null,
    null,
    null,
    null,
    null,
    null,
    null,
    null,
    null,
    null,
    null,
    0.2764073312282562,
    0.28597787022590637,
    0.28191930055618286,
    0.2912820279598236,
    0.3004637658596039,
    0.29658448696136475,
    0.3056090474128723,
    0.31448739767074585,
    0.3232320547103882,
    0.331854909658432,
    0.32821136713027954,
    0.3487800359725952,
    0.3451996147632599,
    0.365346223115921,
    0.3618461787700653,
    0.3738330006599426,
    0.3857700526714325,
    0.39732906222343445,
    0.4028036892414093,
    0.4194425642490387,
    0.43005621433258057,
    0.4405077397823334,
    0.4614647626876831,
    0.46262362599372864,
    0.5054214000701904,
    0.5090987682342529,
    0.5305774211883545,
    0.5516579151153564,
    0.566139817237854,
    0.5818958282470703,
    0.6045488119125366,
    0.6582164764404297,
    0.6944217681884766,
    0.7685756087303162,
    0.8041447997093201,
    0.853050172328949,
    0.8831458687782288,
    0.9670437574386597,
    1.0464019775390625,
    1.1111289262771606,
    1.1199681758880615,
    1.1177477836608887,
    1.1158109903335571,
    1.1141554117202759,
    1.112778902053833,
    1.1116795539855957,
    1.110856533050537,
    1.1103081703186035,
    1.1100342273712158,
    1.1100342273712158,
    1.1103081703186035,
    1.110856533050537,
    1.1116795539855957,
    1.112778902053833,
    1.1141554117202759,
    1.1158109903335571,
    1.1177477836608887,
    1.1199681758880615,
    1.1224746704101562,
    1.1252708435058594,
    1.118194580078125,
    1.12155020236969,
    1.1252046823501587,
    1.1291624307632446,
    1.1334288120269775,
    1.1380091905593872,
    1.1429100036621094,
    1.148138165473938,
    1.1536998748779297,
    1.1596033573150635,
    1.1658567190170288,
    1.172468662261963,
    1.1794487237930298,
    1.1868069171905518,
    1.194554328918457,
    1.1917684078216553,
    1.2002511024475098,
    1.2091560363769531,
    1.2184969186782837,
    1.2282885313034058,
    1.2385469675064087,
    0.828847348690033,
    0.790414571762085,
    0.7813284397125244,
    0.7562902569770813,
    0.7359206080436707,
    0.7184455990791321,
    0.6961349844932556,
    0.6854025721549988,
    0.6684826016426086,
    0.6498159766197205,
    0.6360936760902405,
    0.6240629553794861,
    0.6139910817146301,
    0.6085627675056458,
    0.5883136987686157,
    0.5719555616378784,
    0.5604559779167175,
    0.5612941384315491,
    0.5472622513771057,
    0.538994550704956,
    0.5311020016670227,
    0.5235645771026611,
    0.5163637399673462,
    0.5094822645187378,
    0.5029042959213257,
    0.496614933013916,
    0.4906005561351776,
    0.484848290681839,
    0.4793461859226227,
    0.4740833342075348,
    0.4690491855144501,
    0.4642341732978821,
    0.4596293270587921,
    0.45522600412368774,
    0.4510166645050049,
    0.4469935894012451,
    0.4431501030921936,
    0.4394795298576355,
    0.43597611784935,
    0.4326339066028595,
    0.4183874726295471,
    0.4241617023944855,
    0.4126642942428589,
    0.4253378212451935,
    0.41382157802581787,
    0.4121559262275696,
    0.4106045067310333,
    0.40916532278060913,
    0.39764055609703064,
    0.39645078778266907,
    0.3953653872013092,
    0.3943829834461212,
    0.39350229501724243,
    0.39272215962409973,
    0.3920416533946991,
    0.39146000146865845,
    0.3909763693809509,
    0.390590101480484,
    0.38014745712280273,
    0.3901907205581665,
    0.38001173734664917,
    0.38001173734664917,
    0.38010549545288086,
    0.38029322028160095,
    0.3805749714374542,
    0.3809513449668884,
    0.38142257928848267,
    0.38198933005332947,
    0.3826523721218109,
    0.38341251015663147,
    0.37415823340415955,
    0.37509027123451233,
    0.376120001077652,
    0.37724870443344116,
    0.37847793102264404,
    0.3798092007637024,
    0.3812442123889923,
    0.382784903049469,
    0.3844333589076996,
    0.3861919343471527,
    0.38806265592575073,
    0.39004838466644287,
    0.3921518325805664,
    0.38371697068214417,
    0.3860013484954834,
    0.3884095251560211,
    0.39094504714012146,
    0.3936115503311157,
    0.3964131772518158,
    0.3993542492389679,
    0.40243929624557495,
    0.40567323565483093,
    0.40906137228012085,
    0.4126092195510864,
    0.4047582149505615,
    0.4085359275341034,
    0.41248753666877747,
    0.416620135307312,
    0.42094141244888306,
    0.42545920610427856,
    0.4301823079586029,
    0.4351200461387634,
    0.44028231501579285,
    0.43294617533683777,
    0.4384291470050812,
    0.44416379928588867,
    1.1651277542114258,
    1.167950987815857,
    1.184765100479126,
    1.1885510683059692,
    1.2067824602127075,
    1.227796196937561,
    1.236190676689148,
    1.2574719190597534,
    1.277722716331482,
    1.2847715616226196,
    1.310253620147705,
    1.3254947662353516,
    1.336449146270752,
    1.3625285625457764,
    1.385642170906067,
    1.407677173614502,
