{
  "step": 370,
  "timestamp": 11.84,
  "robot_pose_odom": {
    "x": -0.5495665668922275,
    "y": -0.8672084949118785,
    "yaw_fused": -2.597310232266817,
    "yaw_imu": -2.597605816301464
  },
  "lidar_pose_relative_to_robot": {
    "x_offset": 0.0,
    "y_offset": 0.0,
    "yaw_offset": 0.0
  },
  "lidar_meta": {
    "fov": 6.283184,
    "horizontal_resolution": 400,
    "angle_min": -3.141592,
    "angle_increment": 0.015747328320802004
  },
  "ranges": [
    0.444858193397522,
    0.47456467151641846,
    0.4593732953071594,
    0.43438342213630676,
    0.4373462498188019,
    0.42939913272857666,
    0.41896292567253113,
    0.418972909450531,
    0.39440467953681946,
    0.39769867062568665,
    0.39360329508781433,
    0.37006479501724243,
    0.373518705368042,
    0.3653462529182434,
    0.3591947555541992,
    0.3487800359725952,
    0.3403674066066742,
    0.34414589405059814,
    0.3356640636920929,
    0.33964642882347107,
    0.33107656240463257,
    0.32237446308135986,
    null,
    null,
    null,
    0.3178304135799408,
    0.304048091173172,
    0.2876984775066376,
    0.29467955231666565,
    0.2902277112007141,
    0.29497936367988586,
    0.28191930055618286,
    0.2912820279598236,
    0.28740015625953674,
    0.2836895287036896,
    0.2801416516304016,
    0.2767488956451416,
    0.2735040783882141,
    0.2704003155231476,
    0.26743149757385254,
    0.276618629693985,
    0.2737790048122406,
    0.27106329798698425,
    0.2684665024280548,
    0.26598405838012695,
    0.26361149549484253,
    0.261344850063324,
    0.2591802179813385,
    0.2571140229701996,
    0.25514301657676697,
    0.25326403975486755,
    0.2514740526676178,
    0.24977043271064758,
    0.2589397132396698,
    0.24382711946964264,
    0.25581133365631104,
    0.25436875224113464,
    0.25300437211990356,
    0.25171637535095215,
    0.2505028545856476,
    0.24936223030090332,
    0.2482929527759552,
    0.24729357659816742,
    0.24636271595954895,
    0.24549919366836548,
    0.24470189213752747,
    0.24396972358226776,
    0.25343936681747437,
    0.2528096139431,
    0.25224506855010986,
    0.25174498558044434,
    0.25130876898765564,
    0.2509359121322632,
    0.250625878572464,
    0.250378280878067,
    0.25019291043281555,
    0.25006940960884094,
    0.2500077188014984,
    0.2500077188014984,
    0.26007217168807983,
    0.2602006196975708,
    0.250378280878067,
    0.250625878572464,
    0.26097333431243896,
    0.26136112213134766,
    0.26181477308273315,
    0.2623348534107208,
    0.2629219889640808,
    0.2635769248008728,
    0.26430052518844604,
    0.26509368419647217,
    0.2557283341884613,
    0.2566278278827667,
    0.2575974464416504,
    0.2586384415626526,
    0.24936217069625854,
    0.2505028545856476,
    0.2517163157463074,
    0.24246248602867126,
    0.243770033121109,
    0.2451525181531906,
    0.24661198258399963,
    0.2481505274772644,
    0.23891086876392365,
    0.24054040014743805,
    0.24225251376628876,
    0.2440498322248459,
    0.24593514204025269,
    0.2366427183151245,
    0.2386191338300705,
    0.24068871140480042,
    0.24285492300987244,
    0.2334490865468979,
    0.2357071489095688,
    null,
    null,
    null,
    null,
    null,
    null,
    null,
    null,
    null,
    null,
    null,
    null,
    null,
    null,
    null,
    null,
    null,
    null,
    null,
    null,
    null,
    null,
    0.2515900135040283,
    0.24864013493061066,
    0.2581094801425934,
    0.2552756369113922,
    0.26459184288978577,
    0.2618756890296936,
    0.2592780888080597,
    0.26846662163734436,
    0.2659841775894165,
    0.2636116147041321,
    0.2727077603340149,
    0.2704489529132843,
    0.27947187423706055,
    0.2773294448852539,
    0.27528706192970276,
    0.284275084733963,
    0.28234925866127014,
    0.2913072407245636,
    0.30002066493034363,
    0.2988130748271942,
    0.3079533874988556,
    0.30687397718429565,
    0.30587735772132874,
    0.31512755155563354,
    0.31426480412483215,
    0.3235962986946106,
    0.32287368178367615,
    0.33230337500572205,
    0.3317275643348694,
    0.34127283096313477,
    0.34085118770599365,
    0.35030797123908997,
    0.36027777194976807,
    0.3600999414920807,
    0.37001141905784607,
    0.37001141905784607,
    0.38018783926963806,
    0.3904465436935425,
    0.40038374066352844,
    0.4110264480113983,
    0.4115349054336548,
    0.43225106596946716,
    0.4330013394355774,
    0.44492247700691223,
    0.45629048347473145,
    0.4647824764251709,
    0.47968974709510803,
    0.4870549440383911,
    0.5143086314201355,
    0.5269531607627869,
    0.5399000644683838,
    0.5434587597846985,
    0.5865224003791809,
    0.5978679656982422,
    0.6347334384918213,
    0.6520344614982605,
    0.6679809093475342,
    0.690459668636322,
    0.7346831560134888,
    0.7643606662750244,
    0.8014529943466187,
    0.8483221530914307,
    0.8809664249420166,
    0.8959697484970093,
    0.9332004189491272,
    0.9607096910476685,
    0.9893032312393188,
    1.0239778757095337,
    1.0601671934127808,
    1.0851753950119019,
    1.1293669939041138,
    1.1826242208480835,
    1.221053123474121,
    1.2698891162872314,
    1.3093504905700684,
    1.3866932392120361,
    1.425426959991455,
    1.526861548423767,
    1.6271843910217285,
    1.6968724727630615,
    1.788374423980713,
    1.8391872644424438,
    1.8656646013259888,
    1.9072099924087524,
    1.9364649057388306,
    1.9714397192001343,
    1.9777789115905762,
    2.051931858062744,
    2.0879528522491455,
    2.1331021785736084,
    2.2063591480255127,
    2.2332468032836914,
    2.2816996574401855,
    2.3696413040161133,
    2.3983240127563477,
    2.4560275077819824,
    2.487915277481079,
    2.6256818771362305,
    2.641920804977417,
    2.8106274604797363,
    2.8455324172973633,
    2.87632417678833,
    3.091524600982666,
    3.1441702842712402,
    3.1970248222351074,
    1.7550833225250244,
    1.7963135242462158,
    1.8502709865570068,
    1.897633671760559,
    1.952599287033081,
    2.123014450073242,
    2.2846782207489014,
    2.3263421058654785,
    0.31492799520492554,
    0.31707602739334106,
    0.31933295726776123,
    0.32170212268829346,
    0.3130084276199341,
    0.31552374362945557,
    0.31815895438194275,
    0.32091838121414185,
    0.31224215030670166,
    0.326465368270874,
    0.3507077097892761,
    0.4865957796573639,
    0.5430859923362732,
    0.880936324596405,
    1.161813735961914,
    1.3082056045532227,
    1.3039497137069702,
    1.311572551727295,
    1.3074966669082642,
    1.3063644170761108,
    1.3102874755859375,
    1.3021985292434692,
    1.3119440078735352,
    1.3129349946975708,
    1.3190418481826782,
    1.3190418481826782,
    1.31911301612854,
    1.3255620002746582,
    1.3266745805740356,
    1.3367676734924316,
    1.3416674137115479,
    1.3461816310882568,
    1.350365161895752,
    1.362903356552124,
    1.357933521270752,
    1.3671817779541016,
    1.3768696784973145,
    1.379925012588501,
    1.3787065744400024,
    1.3975787162780762,
    1.4010580778121948,
    0.93295818567276,
    0.9015316367149353,
    0.9093950986862183,
    0.9156347513198853,
    0.922491729259491,
    0.9292490482330322,
    0.9359272122383118,
    0.9380430579185486,
    0.9491223692893982,
    0.964794933795929,
    0.9729408025741577,
    0.9817914962768555,
    0.985416054725647,
    1.0030356645584106,
    1.0095866918563843,
    1.0086921453475952,
    1.0332961082458496,
    1.0503900051116943,
    1.065399408340454,
    1.0709712505340576,
    1.1002217531204224,
    1.109005331993103,
    1.1201106309890747,
    1.1323161125183105,
    1.1503450870513916,
    1.1713885068893433,
    1.1587810516357422,
    1.1453919410705566,
    1.124624490737915,
    1.1124638319015503,
    1.091870903968811,
    1.0809791088104248,
    1.0702145099639893,
    1.0500589609146118,
    1.0400054454803467,
    1.0302035808563232,
