{
  "step": 1025,
  "timestamp": 32.8,
  "robot_pose_odom": {
    "x": -3.239800191550796,
    "y": 0.043093276253113655,
    "yaw_fused": 0.8519809835367961,
    "yaw_imu": 0.8424548059777321
  },
  "lidar_pose_relative_to_robot": {
    "x_offset": 0.0,
    "y_offset": 0.0,
    "yaw_offset": 0.0
  },
  "lidar_meta": {
    "fov": 6.283184,
    "horizontal_resolution": 400,
    "angle_min": -3.141592,
    "angle_increment": 0.015747328320802004
  },
  "ranges": [
    0.6261120438575745,
    0.6004371643066406,
    0.5599256753921509,
    0.5303376913070679,
    0.5082181692123413,
    0.47657790780067444,
    0.4623855948448181,
    0.4385722279548645,
    0.4194428324699402,
    0.40280309319496155,
    0.38596659898757935,
    0.37430888414382935,
    0.3547314703464508,
    0.3498106300830841,
    0.34177538752555847,
    0.3312039077281952,
    0.32155799865722656,
    0.31605541706085205,
    0.310162216424942,
    0.29836803674697876,
    0.28932836651802063,
    0.27954980731010437,
    null,
    null,
    null,
    null,
    null,
    null,
    null,
    null,
    null,
    null,
    null,
    null,
    null,
    null,
    null,
    null,
    null,
    null,
    null,
    null,
    null,
    null,
    null,
    null,
    null,
    null,
    null,
    null,
    null,
    null,
    null,
    null,
    null,
    null,
    null,
    null,
    null,
    null,
    null,
    null,
    null,
    null,
    null,
    null,
    null,
    null,
    null,
    null,
    null,
    null,
    null,
    null,
    null,
    null,
    null,
    null,
    null,
    null,
    null,
    null,
    null,
    null,
    null,
    null,
    null,
    null,
    null,
    null,
    null,
    null,
    null,
    null,
    null,
    null,
    null,
    null,
    null,
    null,
    null,
    null,
    null,
    null,
    null,
    null,
    null,
    null,
    null,
    null,
    null,
    null,
    null,
    null,
    null,
    null,
    null,
    null,
    null,
    null,
    null,
    null,
    null,
    null,
    null,
    null,
    null,
    null,
    0.2003026157617569,
    0.20015431940555573,
    0.2100583016872406,
    0.2100064754486084,
    0.2100064754486084,
    0.22006107866764069,
    0.22016975283622742,
    0.22033289074897766,
    0.2305757999420166,
    0.23086102306842804,
    0.2312040627002716,
    0.24167518317699432,
    0.2421552538871765,
    0.24269722402095795,
    0.25343936681747437,
    0.2541351318359375,
    0.26509368419647217,
    0.26595744490623474,
    0.2771580219268799,
    0.2782052159309387,
    0.2896750569343567,
    0.3013126254081726,
    0.30269095301628113,
    0.31736671924591064,
    0.3267972767353058,
    0.32855963706970215,
    0.3422631025314331,
    0.3538345694541931,
    0.3560420572757721,
    0.37574681639671326,
    0.39586296677589417,
    0.4074728786945343,
    0.4241179823875427,
    0.4413301348686218,
    0.4591466188430786,
    0.476869136095047,
    0.508216381072998,
    0.535736620426178,
    0.560640811920166,
    0.5726035237312317,
    0.6350663304328918,
    0.6678158640861511,
    0.7236911058425903,
    0.7707046270370483,
    0.8368397355079651,
    0.8801910877227783,
    1.0083304643630981,
    1.1602787971496582,
    1.2046563625335693,
    1.4265607595443726,
    1.7286815643310547,
    2.097170352935791,
    2.12833571434021,
    2.1469502449035645,
    2.16091251373291,
    2.1821534633636475,
    2.2017297744750977,
    2.219827175140381,
    2.2385406494140625,
    2.2808523178100586,
    2.2926182746887207,
    2.318718671798706,
    2.3394110202789307,
    2.3706154823303223,
    2.402510643005371,
    2.4287710189819336,
    2.456008195877075,
    2.469642400741577,
    2.548494338989258,
    2.5548129081726074,
    2.5939605236053467,
    1.6658164262771606,
    1.6358762979507446,
    1.6478914022445679,
    1.6602975130081177,
    1.6103073358535767,
    1.5307915210723877,
    1.4850475788116455,
    1.394393801689148,
    1.3133846521377563,
    1.2828469276428223,
    1.2596566677093506,
    1.2606627941131592,
    0.8144689798355103,
    0.8200242519378662,
    0.8148496150970459,
    0.8208950757980347,
    0.8854789137840271,
    1.588887333869934,
    1.6021575927734375,
    1.6160533428192139,
    1.6459306478500366,
    2.5088517665863037,
    2.500523328781128,
    2.4836349487304688,
    4.702517032623291,
    3.9061336517333984,
    3.857194662094116,
    3.8031418323516846,
    3.803701400756836,
    2.918978214263916,
    2.8164801597595215,
    2.80619478225708,
    2.7686245441436768,
    2.705491542816162,
    2.669358491897583,
    2.6305840015411377,
    2.5259652137756348,
    2.0066275596618652,
    1.976312518119812,
    1.9473731517791748,
    1.9197361469268799,
    1.893333077430725,
    1.88116455078125,
    1.8568768501281738,
    1.8336542844772339,
    1.8114473819732666,
    1.790208339691162,
    1.769892930984497,
    1.7504606246948242,
    1.7318731546401978,
    1.7140945196151733,
    1.697092056274414,
    1.6808338165283203,
    1.665291428565979,
    1.6504372358322144,
    1.6362459659576416,
    1.093064308166504,
    1.0901747941970825,
    1.100801944732666,
    1.1339881420135498,
    1.1608960628509521,
    1.222767949104309,
    1.3174992799758911,
    1.354206919670105,
    1.40339195728302,
    1.4504445791244507,
    1.5195860862731934,
    1.5207864046096802,
    1.513454794883728,
    1.547087550163269,
    1.6582354307174683,
    1.7761303186416626,
    1.902611494064331,
    2.0346124172210693,
    2.2140121459960938,
    2.406858205795288,
    3.0919601917266846,
    3.0842771530151367,
    3.055267333984375,
    2.9970295429229736,
    2.948218822479248,
    2.892939567565918,
    2.838345527648926,
    2.7951080799102783,
    2.7515387535095215,
    2.7010796070098877,
    2.6601884365081787,
    2.6199746131896973,
    2.5804691314697266,
    2.5524044036865234,
    2.512911796569824,
    2.475238561630249,
    2.4504289627075195,
    2.424344301223755,
    2.380242347717285,
    1.1304360628128052,
    1.0304769277572632,
    0.9405644536018372,
    0.8627305626869202,
    0.8039290904998779,
    0.781444787979126,
    0.7048283815383911,
    0.6636677980422974,
    0.6608420014381409,
    0.572490394115448,
    0.5607078075408936,
    0.5294544696807861,
    0.509128987789154,
    0.4880659878253937,
    0.4678061008453369,
    0.46384188532829285,
    0.4377952814102173,
    0.4170028567314148,
    0.4022938013076782,
    0.3963649868965149,
    0.38568371534347534,
    0.3854358196258545,
    0.36346858739852905,
    0.35261642932891846,
    0.33992478251457214,
    0.3238065838813782,
    0.3268287479877472,
    0.3133256733417511,
    0.30948925018310547,
    0.3006724417209625,
    0.2917434573173523,
    0.2949821650981903,
    0.2735040485858917,
    0.2767488956451416,
    0.26740792393684387,
    0.27079445123672485,
    0.2651604413986206,
    null,
    null,
    null,
    null,
    null,
    null,
    0.28258487582206726,
    0.2859780192375183,
    0.2929709851741791,
    1.0459675788879395,
    1.0320281982421875,
    1.018703579902649,
    1.0059635639190674,
    0.9937806129455566,
    0.9821285605430603,
    0.9709832668304443,
    0.9603226184844971,
    0.9501252174377441,
    0.9403718113899231,
    0.9310439825057983,
    0.922124445438385,
    0.913597822189331,
    0.9054485559463501,
    0.8976629972457886,
    0.890227735042572,
    0.8831310868263245,
    0.8763610124588013,
    0.8699070811271667,
    0.86375892162323,
    0.8579073548316956,
    0.8676932454109192,
    0.8379887342453003,
    0.8346158266067505,
    0.8314741849899292,
    null,
    null,
    0.8132323622703552,
    0.8110059499740601,
    0.8089907169342041,
    0.8071841597557068,
    0.8055838942527771,
    0.8041880130767822,
    0.7929574251174927,
    0.7919777631759644,
    0.7911953330039978,
    0.7906095385551453,
    0.7902193069458008,
    0.7900243401527405,
    0.7900243401527405,
    0.7902193069458008,
