{
  "step": 1060,
  "timestamp": 33.92,
  "robot_pose_odom": {
    "x": -3.1552751935400916,
    "y": 0.19385241959794813,
    "yaw_fused": 1.060248351014395,
    "yaw_imu": 1.060829540025904
  },
  "lidar_pose_relative_to_robot": {
    "x_offset": 0.0,
    "y_offset": 0.0,
    "yaw_offset": 0.0
  },
  "lidar_meta": {
    "fov": 6.283184,
    "horizontal_resolution": 400,
    "angle_min": -3.141592,
    "angle_increment": 0.015747328320802004
  },
  "ranges": [
    0.9603222608566284,
    0.9709830284118652,
    0.9696962237358093,
    0.9686213731765747,
    0.967762291431427,
    0.9671233892440796,
    0.9797732830047607,
    0.9665267467498779,
    0.9800050854682922,
    0.8990192413330078,
    0.833936333656311,
    0.7227718234062195,
    0.7086694240570068,
    0.683376133441925,
    0.6218112111091614,
    0.593061625957489,
    0.5565654039382935,
    0.5264335870742798,
    0.4978002607822418,
    0.4711472988128662,
    0.4571797847747803,
    0.4379653334617615,
    null,
    null,
    null,
    null,
    0.35356083512306213,
    0.3501737117767334,
    0.335371196269989,
    0.3323797285556793,
    0.31815895438194275,
    0.31552374362945557,
    null,
    null,
    0.2862984836101532,
    0.28427502512931824,
    0.27148962020874023,
    0.2697288691997528,
    0.25733423233032227,
    0.25581133365631104,
    0.25436875224113464,
    0.24246251583099365,
    0.24122817814350128,
    0.24006524682044983,
    0.22858205437660217,
    0.22760188579559326,
    0.2266857773065567,
    0.21556736528873444,
    0.2148117870092392,
    0.21411414444446564,
    0.21347349882125854,
    0.20275148749351501,
    0.20224767923355103,
    null,
    null,
    null,
    null,
    null,
    null,
    null,
    null,
    null,
    null,
    null,
    null,
    null,
    null,
    null,
    null,
    null,
    null,
    null,
    null,
    null,
    null,
    null,
    null,
    null,
    null,
    null,
    null,
    null,
    null,
    null,
    null,
    null,
    null,
    null,
    null,
    null,
    null,
    null,
    null,
    null,
    null,
    null,
    null,
    null,
    null,
    null,
    null,
    null,
    null,
    null,
    null,
    null,
    null,
    null,
    null,
    null,
    null,
    null,
    null,
    null,
    null,
    null,
    null,
    null,
    null,
    null,
    null,
    null,
    null,
    null,
    null,
    null,
    null,
    null,
    null,
    null,
    null,
    null,
    null,
    null,
    null,
    null,
    null,
    null,
    null,
    null,
    null,
    null,
    null,
    null,
    0.20275148749351501,
    0.20224767923355103,
    0.21188585460186005,
    0.2114657759666443,
    0.21109935641288757,
    0.22082360088825226,
    0.2205507755279541,
    0.22033289074897766,
    0.23017746210098267,
    0.23006384074687958,
    0.2400074005126953,
    0.2400074005126953,
    0.25006940960884094,
    0.25019291043281555,
    0.2603934109210968,
    0.2606509029865265,
    0.27101075649261475,
    0.2714134454727173,
    0.28270837664604187,
    0.2926042675971985,
    0.2932591438293457,
    0.3025812804698944,
    0.31512755155563354,
    0.3160732388496399,
    0.3301842510700226,
    0.33531633019447327,
    0.3544299006462097,
    0.3669484853744507,
    0.37975603342056274,
    0.39287257194519043,
    0.40631765127182007,
    0.4232340455055237,
    0.444882333278656,
    0.4571472704410553,
    0.4852864146232605,
    0.4917410612106323,
    0.5343019962310791,
    0.5640471577644348,
    0.5945233106613159,
    0.6400429606437683,
    0.6814405918121338,
    0.7351238131523132,
    0.7829269170761108,
    0.8210148811340332,
    0.9786985516548157,
    1.0366705656051636,
    1.1655471324920654,
    1.352014422416687,
    1.4444580078125,
    1.8525550365447998,
    1.9665476083755493,
    1.9766881465911865,
    2.0001394748687744,
    2.0119261741638184,
    2.0374059677124023,
    2.0509915351867676,
    2.0654537677764893,
    2.09425687789917,
    2.110788345336914,
    2.12833571434021,
    2.160982608795166,
    2.1889772415161133,
    2.185084342956543,
    2.2105023860931396,
    2.2506086826324463,
    2.291501045227051,
    2.330615758895874,
    2.3237850666046143,
    2.3829784393310547,
    2.4274675846099854,
    2.4547946453094482,
    1.5117841958999634,
    1.4951859712600708,
    1.5090519189834595,
    1.5257314443588257,
    1.4995967149734497,
    1.43462073802948,
    1.3764407634735107,
    1.3183484077453613,
    1.2620137929916382,
    1.2340278625488281,
    1.1733129024505615,
    1.1340820789337158,
    1.1121108531951904,
    1.128417730331421,
    1.125058889389038,
    0.690506100654602,
    0.6834396719932556,
    0.6797168254852295,
    0.6841539144515991,
    0.6756356954574585,
    1.4755871295928955,
    1.4950010776519775,
    1.520796298980713,
    2.3494200706481934,
    3.781970262527466,
    3.739746332168579,
    3.696359634399414,
    3.6520256996154785,
    3.6611950397491455,
    2.7958621978759766,
    2.7414863109588623,
    2.673494815826416,
    2.6555733680725098,
    2.6068243980407715,
    2.6043307781219482,
    2.5322344303131104,
    2.49114727973938,
    2.457364559173584,
    1.9188499450683594,
    1.8976340293884277,
    1.8566639423370361,
    1.830466628074646,
    1.7962123155593872,
    1.8031229972839355,
    1.782827377319336,
    1.7567212581634521,
    1.7452147006988525,
    1.7212119102478027,
    1.7113372087478638,
    1.6892421245574951,
    1.6808497905731201,
    1.6604933738708496,
    1.6534563302993774,
    1.6346927881240845,
    1.6289008855819702,
    1.6116042137145996,
    1.5950602293014526,
    1.5910239219665527,
    1.5757818222045898,
    1.5727752447128296,
    1.558746337890625,
    1.5570759773254395,
    1.0395904779434204,
    1.0396350622177124,
    1.031665325164795,
    1.079367756843567,
    1.1149101257324219,
    1.1576637029647827,
    1.3589872121810913,
    1.426895022392273,
    1.4922326803207397,
    1.48381769657135,
    1.484840750694275,
    1.5235074758529663,
    1.520135521888733,
    1.6083647012710571,
    2.3139967918395996,
    3.0808658599853516,
    3.0692689418792725,
    3.0192666053771973,
    2.986602306365967,
    2.933384418487549,
    2.884570360183716,
    2.846513509750366,
    2.7977895736694336,
    2.7568626403808594,
    2.715862989425659,
    2.6812901496887207,
    2.647554636001587,
    2.6146140098571777,
    2.582428216934204,
    2.550955295562744,
    2.5201575756073,
    2.489997148513794,
    2.460930109024048,
    2.432311773300171,
    2.3827149868011475,
    2.3445980548858643,
    2.306884527206421,
    2.274135112762451,
    1.2333074808120728,
    1.1645901203155518,
    1.106196403503418,
    1.056715488433838,
    1.0088777542114258,
    0.9882023930549622,
    0.9222952127456665,
    0.9136270880699158,
    0.8532353639602661,
    0.852552592754364,
    0.7886114716529846,
    0.754432201385498,
    0.739615261554718,
    0.7137253880500793,
    0.7000399231910706,
    0.6798008680343628,
    0.6703495383262634,
    0.6427891850471497,
    0.6233349442481995,
    0.6100332140922546,
    0.5945715308189392,
    0.5853608250617981,
    0.5866554379463196,
    0.5550364851951599,
    0.5450460314750671,
    0.5426005125045776,
    0.5241720676422119,
    0.5139510035514832,
    0.5018913745880127,
    0.49994415044784546,
    0.4962710440158844,
    0.4740830957889557,
    0.47934600710868835,
    0.45998406410217285,
    0.4654413163661957,
    0.4456798732280731,
    0.4384291470050812,
    0.44416379928588867,
    0.4369228780269623,
    0.42959117889404297,
    0.4221577048301697,
    0.4207896888256073,
    0.40693825483322144,
    0.4069386124610901,
    0.40079084038734436,
    0.39492201805114746,
    0.38931724429130554,
    0.3839627802371979,
    0.3919094502925873,
    0.38684943318367004,
    0.3953363299369812,
    0.4151235520839691,
    0.4102562367916107,
    1.0664210319519043,
    1.069726586341858,
    1.058367371559143,
