{
  "step": 900,
  "timestamp": 28.8,
  "robot_pose_odom": {
    "x": -3.449050459720792,
    "y": -0.44698297791782454,
    "yaw_fused": 1.64481477618048,
    "yaw_imu": 1.670999255155703
  },
  "lidar_pose_relative_to_robot": {
    "x_offset": 0.0,
    "y_offset": 0.0,
    "yaw_offset": 0.0
  },
  "lidar_meta": {
    "fov": 6.283184,
    "horizontal_resolution": 400,
    "angle_min": -3.141592,
    "angle_increment": 0.015747328320802004
  },
  "ranges": [
    0.29676353931427,
    0.2877877354621887,
    0.28950101137161255,
    0.29130712151527405,
    0.28234919905662537,
    0.28427499532699585,
    0.2752869427204132,
    0.27732935547828674,
    0.279471755027771,
    0.27044883370399475,
    0.27270758152008057,
    0.26361143589019775,
    0.2659839689731598,
    0.2567940056324005,
    0.259277880191803,
    0.2618755102157593,
    0.2645917534828186,
    0.25527551770210266,
    0.2581093907356262,
    0.2486400157213211,
    0.2515898644924164,
    null,
    null,
    null,
    null,
    null,
    null,
    null,
    null,
    null,
    null,
    null,
    null,
    null,
    null,
    null,
    null,
    null,
    null,
    null,
    0.24311965703964233,
    0.24053803086280823,
    0.24997225403785706,
    0.247492715716362,
    0.24512170255184174,
    0.24285513162612915,
    0.24068886041641235,
    0.2499821037054062,
    0.24791154265403748,
    0.24593524634838104,
    0.24404990673065186,
    0.25326409935951233,
    0.2514741122722626,
    0.24977049231529236,
    0.24815063178539276,
    0.25733429193496704,
    0.2589397430419922,
    0.2606300711631775,
    0.26240774989128113,
    0.26427555084228516,
    0.26623624563217163,
    0.26829293370246887,
    0.2704489231109619,
    0.27270767092704773,
    0.2750729024410248,
    0.277548611164093,
    0.2801390290260315,
    0.2828487157821655,
    0.28568246960639954,
    0.28864553570747375,
    0.2917434871196747,
    0.2949821949005127,
    0.29836806654930115,
    0.3019079566001892,
    0.3056091368198395,
    0.29658448696136475,
    0.30046379566192627,
    0.3045221269130707,
    0.30876871943473816,
    0.31321385502815247,
    0.3178684413433075,
    0.3017308712005615,
    0.3087119162082672,
    0.304048091173172,
    0.2995958924293518,
    0.2953440248966217,
    0.2912820279598236,
    0.28740015625953674,
    0.2836895287036896,
    0.2801416516304016,
    0.2767488956451416,
    0.2735040783882141,
    0.2704003155231476,
    0.25527551770210266,
    0.26775994896888733,
    0.2499721199274063,
    0.24749259650707245,
    0.24512159824371338,
    0.2428549975156784,
    0.240688756108284,
    0.23861920833587646,
    0.23664280772209167,
    0.23475629091262817,
    0.2329566776752472,
    0.23124107718467712,
    0.2296067625284195,
    0.22805127501487732,
    0.22657224535942078,
    0.22516746819019318,
    0.22383490204811096,
    0.22257263958454132,
    0.22137881815433502,
    0.22025182843208313,
    0.21919000148773193,
    0.2181919515132904,
    0.2172563374042511,
    0.21638187766075134,
    0.21556736528873444,
    0.2148117870092392,
    0.21411414444446564,
    0.21347349882125854,
    0.21288906037807465,
    0.20101426541805267,
    0.21188585460186005,
    0.2114657759666443,
    0.200470969080925,
    0.21078616380691528,
    0.2105257362127304,
    0.21031774580478668,
    0.20015431940555573,
    0.20005550980567932,
    0.2000061571598053,
    0.2000061571598053,
    0.20005550980567932,
    0.20015431940555573,
    0.2003026157617569,
    0.2005006968975067,
    0.20074871182441711,
    0.20104700326919556,
    0.20139597356319427,
    0.2017960399389267,
    0.20224767923355103,
    0.20275148749351501,
    0.2033080905675888,
    0.2039182037115097,
    0.20458266139030457,
    null,
    null,
    null,
    null,
    null,
    null,
    null,
    null,
    null,
    null,
    null,
    null,
    null,
    null,
    null,
    null,
    null,
    null,
    null,
    null,
    null,
    null,
    null,
    null,
    null,
    null,
    null,
    null,
    null,
    null,
    null,
    null,
    null,
    null,
    null,
    null,
    null,
    null,
    0.2723599970340729,
    0.28191938996315,
    0.2780420184135437,
    0.2874002754688263,
    0.2965845763683319,
    0.30560919642448425,
    0.30190804600715637,
    0.3108001947402954,
    0.3195641338825226,
    0.316055566072464,
    0.3247263431549072,
    0.33329635858535767,
    0.33689549565315247,
    0.35017383098602295,
    0.346935898065567,
    0.3628467619419098,
    0.37534332275390625,
    0.3860054612159729,
    0.39126062393188477,
    0.4078696072101593,
    0.4183874726295471,
    0.42866358160972595,
    0.43004533648490906,
    0.4593731164932251,
    0.4807499349117279,
    0.46105727553367615,
    0.46393367648124695,
    0.5038791298866272,
    0.5116308331489563,
    0.528599739074707,
    0.5409878492355347,
    0.575477123260498,
    0.6056404113769531,
    0.6245853900909424,
    0.6611315011978149,
    0.6978998184204102,
    0.7346379160881042,
    0.7875929474830627,
    0.8514189720153809,
    0.8994953632354736,
    0.982210636138916,
    1.0439949035644531,
    1.141950011253357,
    1.211200475692749,
    1.391524314880371,
    1.6398078203201294,
    1.7024723291397095,
    2.059673547744751,
    2.5206573009490967,
    2.6555089950561523,
    2.6873295307159424,
    2.7082455158233643,
    2.7362396717071533,
    2.724076509475708,
    2.7552199363708496,
    2.8105151653289795,
    2.831934690475464,
    2.862337827682495,
    2.8908920288085938,
    2.9305288791656494,
    2.968386650085449,
    2.975144863128662,
    3.036592483520508,
    3.0503292083740234,
    2.164841413497925,
    2.172053098678589,
    2.0754241943359375,
    1.330660104751587,
    1.3183557987213135,
    1.3219740390777588,
    1.377118706703186,
    1.4624818563461304,
    1.65794837474823,
    1.720454454421997,
    2.103241205215454,
    2.077394485473633,
    2.063321113586426,
    2.0914270877838135,
    0.3995085060596466,
    0.3848983943462372,
    0.37069156765937805,
    0.3584228754043579,
    0.3565981984138489,
    0.35487908124923706,
    0.3636532723903656,
    0.36209389567375183,
    0.37094035744667053,
    0.36954405903816223,
    0.37847793102264404,
    0.37724876403808594,
    0.3862853944301605,
    0.38522782921791077,
    0.3943829834461212,
    0.39350229501724243,
    0.40279194712638855,
    0.4020940065383911,
    0.4115349054336548,
    0.4110264480113983,
    0.42041388154029846,
    0.4303317964076996,
    0.4301193654537201,
    0.440013587474823,
    0.440013587474823,
    0.45020726323127747,
    0.46035492420196533,
    0.4606960117816925,
    0.4714916944503784,
    0.4822283983230591,
    0.4919891953468323,
    0.5034899711608887,
    0.5044901371002197,
    0.5169647932052612,
    0.5286998152732849,
    0.5406821370124817,
    0.5482304096221924,
    0.5654543042182922,
    0.5782787203788757,
    0.591419517993927,
    0.6048958897590637,
    0.6291182637214661,
    0.6433754563331604,
    0.6634766459465027,
    0.6836599707603455,
    0.6997770071029663,
    0.7259801626205444,
    0.7370513081550598,
    0.7751498222351074,
    0.8079479336738586,
    0.8354605436325073,
    0.8700031042098999,
    0.9037018418312073,
    0.9385546445846558,
    0.9859054684638977,
    1.0219151973724365,
    1.0776559114456177,
    1.1715267896652222,
    3.020624876022339,
    2.940636396408081,
    2.855381488800049,
    2.8301351070404053,
    2.727004289627075,
    2.6938669681549072,
    2.597238063812256,
    2.5489461421966553,
    2.484849214553833,
    2.4038383960723877,
    2.3920469284057617,
    2.3326616287231445,
    2.2514255046844482,
    2.1837289333343506,
    2.1054112911224365,
    1.9927324056625366,
    1.9856157302856445,
    1.9486726522445679,
    1.8882861137390137,
    1.8368152379989624,
    1.7874131202697754,
    1.7544176578521729,
    1.709929347038269,
    1.668116807937622,
    1.6396536827087402,
