{
  "step": 285,
  "timestamp": 9.120000000000001,
  "robot_pose_odom": {
    "x": -0.31182319565426186,
    "y": -0.5422378842984681,
    "yaw_fused": -2.093657292677659,
    "yaw_imu": -2.0937453802702657
  },
  "lidar_pose_relative_to_robot": {
    "x_offset": 0.0,
    "y_offset": 0.0,
    "yaw_offset": 0.0
  },
  "lidar_meta": {
    "fov": 6.283184,
    "horizontal_resolution": 400,
    "angle_min": -3.141592,
    "angle_increment": 0.015747328320802004
  },
  "ranges": [
    null,
    null,
    2.8134660720825195,
    2.3647234439849854,
    2.03757905960083,
    2.047740936279297,
    1.3266428709030151,
    1.1994656324386597,
    1.0958106517791748,
    1.009928584098816,
    0.9319273233413696,
    0.8663799166679382,
    0.8346736431121826,
    0.7537217736244202,
    0.7162580490112305,
    0.6765148639678955,
    0.6295586824417114,
    0.5964103937149048,
    0.5823781490325928,
    0.5666350722312927,
    0.5311017632484436,
    0.5125132203102112,
    null,
    null,
    null,
    0.4450880289077759,
    0.4277028739452362,
    0.4102560877799988,
    0.4056004583835602,
    0.38899126648902893,
    0.37283381819725037,
    0.369006484746933,
    null,
    0.3501737117767334,
    0.3469357192516327,
    0.3323797285556793,
    0.3295217752456665,
    0.326792448759079,
    0.3130083978176117,
    0.3106089234352112,
    0.297309935092926,
    0.2952086925506592,
    0.2932087779045105,
    0.2805180251598358,
    0.2787787616252899,
    0.2771289348602295,
    0.2649674415588379,
    0.2635462284088135,
    0.2622045576572418,
    0.2609404921531677,
    0.24936223030090332,
    0.2482929527759552,
    0.24729357659816742,
    0.24636271595954895,
    0.23527005314826965,
    0.23450596630573273,
    0.23380431532859802,
    0.2331642061471939,
    0.23258483409881592,
    0.23206545412540436,
    0.2316053807735443,
    0.2211517095565796,
    0.22082360088825226,
    0.2205507755279541,
    0.22033289074897766,
    0.22016975283622742,
    0.2100583016872406,
    0.2100064754486084,
    0.2100064754486084,
    0.2100583016872406,
    0.21016204357147217,
    0.2003026157617569,
    0.2005006968975067,
    0.20074871182441711,
    0.20104700326919556,
    null,
    null,
    null,
    null,
    null,
    null,
    null,
    null,
    null,
    null,
    null,
    null,
    null,
    null,
    null,
    null,
    null,
    null,
    null,
    null,
    null,
    null,
    null,
    null,
    null,
    null,
    null,
    null,
    null,
    null,
    null,
    null,
    null,
    null,
    null,
    null,
    null,
    null,
    null,
    null,
    null,
    null,
    null,
    null,
    null,
    null,
    null,
    null,
    null,
    null,
    null,
    null,
    null,
    null,
    null,
    null,
    null,
    null,
    null,
    null,
    0.2292274832725525,
    0.22725644707679749,
    0.23664282262325287,
    0.23475636541843414,
    0.24404990673065186,
    0.24225261807441711,
    0.24054047465324402,
    0.24977049231529236,
    0.25893980264663696,
    0.25863850116729736,
    0.25733429193496704,
    0.2589397430419922,
    0.2714896500110626,
    0.27334141731262207,
    0.27528703212738037,
    0.2773294150829315,
    0.27947181463241577,
    0.29298633337020874,
    0.29543331265449524,
    0.2979956269264221,
    0.31224215030670166,
    0.31515640020370483,
    0.318204790353775,
    0.3213927447795868,
    0.33675312995910645,
    0.3403674066066742,
    0.34414589405059814,
    0.3605280816555023,
    0.3648054301738739,
    0.38201141357421875,
    0.3868493437767029,
    0.39190930128097534,
    0.41044288873672485,
    0.4295912981033325,
    0.4357758164405823,
    0.4560721218585968,
    0.48408132791519165,
    0.4840812087059021,
    0.49135512113571167,
    0.5221003293991089,
    0.5235643982887268,
    0.5300852060317993,
    0.5356093645095825,
    0.541589081287384,
    0.5475495457649231,
    0.5534977912902832,
    0.5470081567764282,
    0.5653824806213379,
    0.5591749548912048,
    0.5772910714149475,
    0.5713648796081543,
    0.5892680883407593,
    0.5836228728294373,
    0.5935589075088501,
    0.6035360097885132,
    0.6135922074317932,
    0.6085100173950195,
    0.6371956467628479,
    0.6323109865188599,
    0.6386172771453857,
    0.6473369598388672,
    0.6472365856170654,
    0.6751565933227539,
    0.6834397912025452,
    0.6940037608146667,
    0.7103755474090576,
    0.7184057235717773,
    0.7209633588790894,
    0.744827926158905,
    0.7434098124504089,
    0.7814059257507324,
    0.7974979281425476,
    0.8178094625473022,
    0.8228552937507629,
    0.8415625691413879,
    0.867891252040863,
    0.8890141844749451,
    0.9076477289199829,
    0.9302046298980713,
    0.9543685913085938,
    0.9868584275245667,
    1.012486457824707,
    1.0416581630706787,
    1.0722838640213013,
    1.1102734804153442,
    1.1499894857406616,
    1.19014310836792,
    1.230117678642273,
    1.2605968713760376,
    1.291286587715149,
    1.3115390539169312,
    1.342409610748291,
    1.3764231204986572,
    1.4056012630462646,
    1.45231294631958,
    1.4802874326705933,
    1.5306695699691772,
    1.5565485954284668,
    1.6239622831344604,
    1.6713285446166992,
    1.6968573331832886,
    1.748437523841858,
    1.8442766666412354,
    1.858614444732666,
    0.5969125032424927,
    0.5882636904716492,
    0.5741285681724548,
    0.569259762763977,
    0.5723296403884888,
    0.5755754709243774,
    0.5790020227432251,
    0.5826142430305481,
    0.5972771644592285,
    0.6122846603393555,
    0.6166427731513977,
    0.6323109269142151,
    0.6371955871582031,
    0.6535846590995789,
    0.6590433120727539,
    0.6801368594169617,
    0.6938712000846863,
    0.7120198011398315,
    0.7189068794250488,
    0.7359206080436707,
    0.7576945424079895,
    0.7779825329780579,
    0.7866190671920776,
    0.8052346110343933,
    0.83024662733078,
    0.853750467300415,
    0.8768582940101624,
    0.9052788615226746,
    0.9268061518669128,
    0.9665800929069519,
    0.9987303614616394,
    1.0227068662643433,
    1.0734405517578125,
    1.1015048027038574,
    1.1456254720687866,
    1.193997859954834,
    1.227955937385559,
    1.298975944519043,
    1.387237787246704,
    1.4157596826553345,
    1.413442611694336,
    1.4214837551116943,
    1.4048168659210205,
    1.4011658430099487,
    1.3979380130767822,
    1.3919517993927002,
    1.392702579498291,
    1.390673279762268,
    1.3773504495620728,
    1.3761789798736572,
    1.3714476823806763,
    1.374901533126831,
    1.3635133504867554,
    1.3750016689300537,
    1.3644609451293945,
    1.3654237985610962,
    1.3557735681533813,
    0.8796265721321106,
    0.884710967540741,
    0.8793708682060242,
    0.8861352801322937,
    0.8827996850013733,
    0.8797054290771484,
    0.887044370174408,
    0.8843902349472046,
    0.8819689750671387,
    0.8898898363113403,
    0.8879026174545288,
    0.886142373085022,
    0.8946592211723328,
    0.8933318257331848,
    0.9022531509399414,
    0.9013617634773254,
    0.9006944298744202,
    0.9102526307106018,
    0.9100280404090881,
    0.9200283885002136,
    0.9202553629875183,
    0.9207098484039307,
    0.9314072132110596,
    0.9323282837867737,
    0.9435190558433533,
    0.9449209570884705,
    0.9465611577033997,
    0.9585312604904175,
    0.9606764912605286,
    0.9732071757316589,
    0.975878894329071,
    0.9631131291389465,
    0.9251471161842346,
    0.9204598069190979,
    0.8738431334495544,
    0.8489702939987183,
    0.8301718235015869,
    0.8112106919288635,
    0.7811707854270935,
    0.7726751565933228,
    0.7530333995819092,
    0.7342761754989624,
    0.7318983674049377,
    0.7029641270637512,
    0.6884924173355103,
    0.6756351590156555,
    0.6606403589248657,
    0.6519199013710022,
    0.6430202126502991,
    0.619778573513031,
    0.624954879283905,
    0.6074524521827698,
    0.6129195690155029,
    0.6186400651931763,
    0.6246239542961121,
