{
  "step": 1485,
  "timestamp": 47.52,
  "robot_pose_odom": {
    "x": -1.4494945591661557,
    "y": 1.291878242040311,
    "yaw_fused": -1.6274479501440782,
    "yaw_imu": -1.6022679984094135
  },
  "lidar_pose_relative_to_robot": {
    "x_offset": 0.0,
    "y_offset": 0.0,
    "yaw_offset": 0.0
  },
  "lidar_meta": {
    "fov": 6.283184,
    "horizontal_resolution": 400,
    "angle_min": -3.141592,
    "angle_increment": 0.015747328320802004
  },
  "ranges": [
    0.6242992877960205,
    0.6108959913253784,
    0.602209210395813,
    0.593528687953949,
    0.5848409533500671,
    0.5818451046943665,
    0.5703120827674866,
    0.5690829753875732,
    0.5587179064750671,
    0.5617309212684631,
    0.5530765056610107,
    0.5468353033065796,
    0.5502468347549438,
    0.532119631767273,
    0.5357490181922913,
    0.5285027027130127,
    0.5213791728019714,
    0.5254068970680237,
    0.5183602571487427,
    0.5113267302513123,
    0.5157615542411804,
    null,
    null,
    null,
    null,
    0.4931027889251709,
    0.48623907566070557,
    0.49163690209388733,
    0.4848480522632599,
    0.4906002879142761,
    0.48388102650642395,
    0.47711408138275146,
    0.48335471749305725,
    0.4766431450843811,
    0.48329004645347595,
    0.4766296446323395,
    0.46989232301712036,
    0.4630676805973053,
    0.46306806802749634,
    0.4560723304748535,
    0.44939398765563965,
    0.4430161416530609,
    0.43692317605018616,
    0.43110039830207825,
    0.4255343973636627,
    0.42021262645721436,
    0.4277030825614929,
    0.4226882755756378,
    0.41789156198501587,
    0.4133034348487854,
    0.4089146852493286,
    0.40471699833869934,
    0.40070250630378723,
    0.396863728761673,
    0.3931940197944641,
    0.40114811062812805,
    0.3976988196372986,
    0.39440470933914185,
    0.39126062393188477,
    0.38826122879981995,
    0.3854018747806549,
    0.3826780319213867,
    0.3800855576992035,
    0.37762054800987244,
    0.3724394142627716,
    0.38600143790245056,
    0.3776204586029053,
    0.3800854980945587,
    0.38267797231674194,
    0.3743903636932373,
    0.3771679997444153,
    0.3800816833972931,
    0.37186723947525024,
    0.37497302889823914,
    0.3782252371311188,
    0.37006479501724243,
    0.373518705368042,
    0.3771316111087799,
    0.36900651454925537,
    0.37283381819725037,
    0.37683534622192383,
    0.3687277138233185,
    0.37296006083488464,
    0.3773849308490753,
    0.3692777156829834,
    0.3739543557167053,
    0.3788456618785858,
    0.37072259187698364,
    0.37589237093925476,
    0.3813038468360901,
    0.37314990162849426,
    0.37887370586395264,
    0.37887370586395264,
    0.38697031140327454,
    0.3813038468360901,
    0.389317125082016,
    0.3839626610279083,
    0.39190927147865295,
    0.3868493437767029,
    0.3947450518608093,
    0.38996437191963196,
    0.39782407879829407,
    0.4056004583835602,
    0.4011472463607788,
    0.4089145362377167,
    0.4047167897224426,
    0.412487655878067,
    0.40853601694107056,
    0.41632285714149475,
    0.42407068610191345,
    0.42042434215545654,
    0.8902276754379272,
    0.8831307888031006,
    0.8763608336448669,
    0.8809183835983276,
    0.8746923804283142,
    0.868766725063324,
    0.8631323575973511,
    0.8685030937194824,
    0.8633632659912109,
    0.8584945201873779,
    0.864431619644165,
    0.8600309491157532,
    0.8558847904205322,
    0.8519876599311829,
    0.8586798310279846,
    0.8552235960960388,
    0.85200434923172,
    0.8490180373191833,
    0.8564565777778625,
    0.8538939952850342,
    0.8515562415122986,
    0.8494402766227722,
    0.8576331734657288,
    0.855932891368866,
    0.8544497489929199,
    0.8531820774078369,
    0.8621529936790466,
    0.8613012433052063,
    0.8606635928153992,
    0.8602387309074402,
    0.860026478767395,
    0.8700003623962402,
    2.120588541030884,
    2.121635675430298,
    2.133444309234619,
    2.145357370376587,
    2.1480112075805664,
    2.1618311405181885,
    2.175076484680176,
    2.1793973445892334,
    2.1931540966033936,
    2.2115373611450195,
    2.2243082523345947,
    1.5254900455474854,
    1.4689643383026123,
    1.4199539422988892,
    1.4115129709243774,
    1.3255012035369873,
    1.2488818168640137,
    1.2429100275039673,
    1.1979767084121704,
    1.1748255491256714,
    1.1451852321624756,
    1.1286519765853882,
    1.1258373260498047,
    1.1328610181808472,
    1.151115894317627,
    1.1589672565460205,
    1.1672165393829346,
    1.186969518661499,
    1.1961389780044556,
    1.2170196771621704,
    1.2271840572357178,
    1.2378276586532593,
    1.2605327367782593,
    1.2839701175689697,
    1.2963894605636597,
    1.3212810754776,
    1.334985613822937,
    0.7447589039802551,
    0.7345662117004395,
    0.7239015698432922,
    0.7127134799957275,
    0.713087797164917,
    0.7350135445594788,
    0.7446274757385254,
    0.7546850442886353,
    0.7786340117454529,
    0.7898433804512024,
    0.8154013156890869,
    0.8279088735580444,
    0.8489221930503845,
    0.8768609762191772,
    0.8805541396141052,
    0.9105086922645569,
    0.9405289888381958,
    0.9719963073730469,
    1.0031200647354126,
    1.0326132774353027,
    1.0778948068618774,
    1.1025506258010864,
    1.1488360166549683,
    1.1767046451568604,
    1.2292643785476685,
    1.2554913759231567,
    1.363052487373352,
    1.3908432722091675,
    1.4528396129608154,
    1.5014400482177734,
    1.4885298013687134,
    1.48746919631958,
    1.4867902994155884,
    1.4753925800323486,
    1.4645271301269531,
    1.4651100635528564,
    1.4551845788955688,
    1.4565364122390747,
    1.4690666198730469,
    1.463153600692749,
    1.4576460123062134,
    1.452536940574646,
    1.4580153226852417,
    1.4536528587341309,
    1.4496731758117676,
    1.446070909500122,
    1.4428417682647705,
    1.4500510692596436,
    1.4475384950637817,
    1.4453908205032349,
    2.125307321548462,
    2.1232078075408936,
    2.121635675430298,
    2.1305911540985107,
    2.130065679550171,
    2.130065679550171,
    2.140594005584717,
    2.141651153564453,
    2.143238067626953,
    0.4799414873123169,
    0.44121575355529785,
    0.4316750764846802,
    0.42217758297920227,
    0.41368189454078674,
    0.4146077632904053,
    0.40550297498703003,
    0.4066161811351776,
    0.39764052629470825,
    0.3989361822605133,
    0.40033939480781555,
    0.39154812693595886,
    0.39313042163848877,
    0.39482346177101135,
    0.39662954211235046,
    0.38806265592575073,
    0.39004838466644287,
    0.3921518325805664,
    0.3943758010864258,
    0.3967236280441284,
    0.40998783707618713,
    0.4126642048358917,
    0.4154788553714752,
    0.4184361398220062,
    0.4352111518383026,
    0.44715479016304016,
    0.8621615767478943,
    0.8415866494178772,
    0.8213021755218506,
    0.790414571762085,
    0.7816914916038513,
    0.7729546427726746,
    0.7520084977149963,
    0.7424994111061096,
    0.7204468846321106,
    0.7099844217300415,
    0.6990375518798828,
    0.6961899399757385,
    0.6754785180091858,
    0.657643735408783,
    0.6662456393241882,
    0.648283064365387,
    0.6309620141983032,
    0.6310446858406067,
    0.6080959439277649,
    0.5964095592498779,
    null,
    null,
    null,
    null,
    null,
    null,
    null,
    null,
    null,
    null,
    null,
    null,
    null,
    null,
    null,
    null,
    null,
    1.2607512474060059,
    1.249910593032837,
    1.2395577430725098,
    1.2296762466430664,
    1.2202495336532593,
    1.2112630605697632,
    1.213636040687561,
    1.2054141759872437,
    1.197596549987793,
    1.187386155128479,
    1.1868071556091309,
    1.1793566942214966,
    1.1830857992172241,
    1.1782771348953247,
    1.1647834777832031,
    1.1737815141677856,
    1.1635462045669556,
    1.1586377620697021,
    1.1575984954833984,
    1.1526844501495361,
    1.1552098989486694,
    1.1500860452651978,
    1.1546332836151123,
