{
  "step": 815,
  "timestamp": 26.080000000000002,
  "robot_pose_odom": {
    "x": -3.2215313832832395,
    "y": -0.6997975056864414,
    "yaw_fused": 2.4208055876711425,
    "yaw_imu": 2.440030654424136
  },
  "lidar_pose_relative_to_robot": {
    "x_offset": 0.0,
    "y_offset": 0.0,
    "yaw_offset": 0.0
  },
  "lidar_meta": {
    "fov": 6.283184,
    "horizontal_resolution": 400,
    "angle_min": -3.141592,
    "angle_increment": 0.015747328320802004
  },
  "ranges": [
    0.7592236995697021,
    0.6955097317695618,
    0.6495316028594971,
    0.5968485474586487,
    0.5842349529266357,
    0.5269997119903564,
    0.49879369139671326,
    0.4666246175765991,
    0.44488245248794556,
    0.43377581238746643,
    0.40631788969039917,
    0.4003864526748657,
    0.36936643719673157,
    0.3468932509422302,
    0.3441264033317566,
    0.3319163918495178,
    0.3142508864402771,
    0.30822640657424927,
    0.29479673504829407,
    0.2939896583557129,
    0.2819133400917053,
    0.27145323157310486,
    null,
    null,
    null,
    null,
    0.24036315083503723,
    0.2401851862668991,
    0.23014630377292633,
    0.2200067937374115,
    0.2200067937374115,
    0.22006107866764069,
    null,
    null,
    0.2005006968975067,
    null,
    null,
    null,
    null,
    null,
    null,
    null,
    null,
    null,
    null,
    null,
    null,
    null,
    null,
    null,
    null,
    null,
    null,
    null,
    null,
    null,
    null,
    null,
    null,
    null,
    null,
    null,
    null,
    null,
    null,
    null,
    null,
    null,
    null,
    null,
    null,
    null,
    null,
    null,
    null,
    null,
    null,
    null,
    null,
    null,
    null,
    null,
    null,
    null,
    null,
    null,
    null,
    null,
    null,
    null,
    null,
    null,
    null,
    null,
    null,
    null,
    null,
    null,
    null,
    null,
    null,
    null,
    null,
    null,
    null,
    null,
    null,
    null,
    null,
    null,
    null,
    null,
    null,
    null,
    null,
    null,
    null,
    null,
    null,
    null,
    null,
    null,
    null,
    null,
    null,
    null,
    null,
    null,
    null,
    null,
    null,
    null,
    null,
    null,
    null,
    null,
    null,
    null,
    null,
    null,
    null,
    null,
    null,
    null,
    null,
    null,
    null,
    null,
    null,
    null,
    null,
    null,
    null,
    null,
    null,
    null,
    0.23129040002822876,
    0.2334490865468979,
    0.24749250710010529,
    0.24997207522392273,
    0.25256484746932983,
    0.26743149757385254,
    0.2704003155231476,
    0.28593602776527405,
    0.28932836651802063,
    0.29287534952163696,
    0.30947938561439514,
    0.313527375459671,
    0.33100220561027527,
    0.3490428328514099,
    0.35406771302223206,
    0.3731497526168823,
    0.39290592074394226,
    0.4139188528060913,
    0.43460899591445923,
    0.4447781443595886,
    0.4674925208091736,
    0.503605842590332,
    0.5225459337234497,
    0.5157992243766785,
    0.5220823884010315,
    0.5157595872879028,
    0.5097123384475708,
    0.5162189602851868,
    0.5105512738227844,
    0.505129873752594,
    0.5118479132652283,
    0.5067707896232605,
    0.5135883092880249,
    0.5088393092155457,
    0.5043004751205444,
    0.5113270282745361,
    0.507091760635376,
    0.503049373626709,
    0.5102861523628235,
    0.5065281987190247,
    0.5029482245445251,
    0.5104005932807922,
    0.5070904493331909,
    0.5146685838699341,
    0.5178794860839844,
    0.5104005336761475,
    0.5138818621635437,
    0.5175396203994751,
    0.521379292011261,
    0.5254070162773132,
    0.518360435962677,
    0.522689700126648,
    0.5272230505943298,
    0.5319681167602539,
    0.5369331240653992,
    0.5421266555786133,
    0.535654604434967,
    0.5412103533744812,
    0.5470190048217773,
    0.5530915856361389,
    0.5470081567764282,
    0.5534979104995728,
    0.5602834224700928,
    0.5673790574073792,
    0.5617366433143616,
    0.5693239569664001,
    0.5772632956504822,
    0.5855737328529358,
    0.5942757725715637,
    0.5893591046333313,
    0.5963400602340698,
    0.608096182346344,
    0.6128097772598267,
    0.6151639819145203,
    0.6222842931747437,
    0.6401184797286987,
    0.6318539381027222,
    0.6500111222267151,
    0.6667132377624512,
    0.6588961482048035,
    0.6731116771697998,
    0.6839789748191833,
    0.6943917870521545,
    0.7043944597244263,
    0.723786473274231,
    0.7350015044212341,
    0.7438977360725403,
    0.7603669762611389,
    0.7723021507263184,
    0.7804102897644043,
    0.8155878186225891,
    0.8183173537254333,
    0.8259095549583435,
    0.8463939428329468,
    0.849230170249939,
    0.8863795399665833,
    0.9169618487358093,
    0.9249532222747803,
    0.9427584409713745,
    0.9729700684547424,
    0.9804467558860779,
    1.0011783838272095,
    1.0530400276184082,
    1.0924073457717896,
    1.1457221508026123,
    1.156491756439209,
    1.2184467315673828,
    1.2532975673675537,
    1.2814266681671143,
    1.3458906412124634,
    1.3881086111068726,
    1.4587599039077759,
    1.5149946212768555,
    0.47246047854423523,
    0.47175952792167664,
    0.4711766541004181,
    0.4707111716270447,
    0.46035492420196533,
    0.46012768149375916,
    0.4600141942501068,
    0.4600141942501068,
    0.46012768149375916,
    0.46035492420196533,
    0.4506808817386627,
    0.4511265754699707,
    0.4516846239566803,
    0.4523557722568512,
    0.4531409740447998,
    0.45404112339019775,
    0.455057293176651,
    0.4561908543109894,
    0.44727784395217896,
    0.448620080947876,
    0.45008185505867004,
    0.4516649842262268,
    0.45337149500846863,
    0.455203652381897,
    0.446773886680603,
    0.4488176107406616,
    0.4509917199611664,
    0.4532994329929352,
    0.4557439684867859,
    0.45832860469818115,
    0.45033493638038635,
    0.4531444311141968,
    0.45610255002975464,
    0.4592134654521942,
    0.4624820351600647,
    0.4659132957458496,
    0.45833367109298706,
    0.462016761302948,
    0.46587544679641724,
    0.46991607546806335,
    0.4741453528404236,
    0.4668981730937958,
    0.4714142978191376,
    0.47613728046417236,
    0.48107588291168213,
    0.48623907566070557,
    0.49163690209388733,
    0.4848480522632599,
    0.4906002879142761,
    0.4966147243976593,
    0.5029039978981018,
    0.5094819664955139,
    0.5036045908927917,
    0.510139524936676,
    0.5174835920333862,
    0.5251737236976624,
    0.5332294702529907,
    0.5332298874855042,
    0.538994550704956,
    0.5447199940681458,
    0.5504140257835388,
    0.5556018352508545,
    0.5617368817329407,
    0.5724824666976929,
    0.5730172395706177,
    0.5912365913391113,
    0.5843043923377991,
    0.605145275592804,
    0.6110426187515259,
    0.622230052947998,
    0.6329734325408936,
    0.6364098191261292,
    0.653293788433075,
    0.6629458069801331,
    0.6723037958145142,
    0.6821395754814148,
    0.6845216751098633,
    0.7100930213928223,
    0.7236344814300537,
    0.7377204298973083,
    0.7412377595901489,
    0.7688473463058472,
    0.7938371300697327,
    0.7186973690986633,
    0.8391215801239014,
    0.8477829098701477,
    0.8861478567123413,
    0.9097445011138916,
    0.935878574848175,
    2.240039587020874,
    2.313087224960327,
    3.0060842037200928,
    2.9873123168945312,
    2.9682064056396484,
    2.9486939907073975,
    2.928696870803833,
    2.937408447265625,
    null,
    2.756035089492798,
    2.6305384635925293,
    2.5883400440216064,
    2.4846062660217285,
    2.4439914226531982,
    2.3708372116088867,
    2.3157215118408203,
    2.288626194000244,
    2.1964101791381836,
    2.141652822494507,
    2.0697035789489746,
    2.014845609664917,
    1.8804768323898315,
    1.8663742542266846,
    1.790469765663147,
    1.7477197647094727,
    1.6804646253585815,
    1.6148096323013306,
    1.5637491941452026,
    1.5165034532546997,
