{
  "step": 250,
  "timestamp": 8.0,
  "robot_pose_odom": {
    "x": -0.16801379086777166,
    "y": -0.29264005809905264,
    "yaw_fused": -2.0932151372055765,
    "yaw_imu": -2.093745400555369
  },
  "lidar_pose_relative_to_robot": {
    "x_offset": 0.0,
    "y_offset": 0.0,
    "yaw_offset": 0.0
  },
  "lidar_meta": {
    "fov": 6.283184,
    "horizontal_resolution": 400,
    "angle_min": -3.141592,
    "angle_increment": 0.015747328320802004
  },
  "ranges": [
    null,
    null,
    null,
    2.4342193603515625,
    2.051955223083496,
    1.8132781982421875,
    1.7604912519454956,
    1.756128191947937,
    1.083066701889038,
    1.020159363746643,
    0.9103255271911621,
    0.8531792163848877,
    0.8208213448524475,
    0.7413607239723206,
    0.7037555575370789,
    0.6591142416000366,
    0.6041288375854492,
    0.5905159115791321,
    0.5725483894348145,
    0.5511853098869324,
    0.5169215798377991,
    0.4917409121990204,
    null,
    null,
    null,
    null,
    0.41680607199668884,
    0.40331023931503296,
    0.3901466429233551,
    0.37729454040527344,
    0.36063647270202637,
    0.35927894711494446,
    null,
    null,
    0.3373742997646332,
    0.325948566198349,
    0.31348392367362976,
    0.3127838969230652,
    0.3020939528942108,
    0.30157050490379333,
    0.2915172278881073,
    0.2807009816169739,
    0.28042367100715637,
    0.27020832896232605,
    0.2700749337673187,
    0.2700083255767822,
    0.2600080072879791,
    0.26007217168807983,
    0.25019291043281555,
    0.250378280878067,
    0.250625878572464,
    0.2408984750509262,
    0.24125641584396362,
    0.24167518317699432,
    0.23206545412540436,
    0.23258483409881592,
    0.22302664816379547,
    0.22363892197608948,
    0.224310040473938,
    0.2148117870092392,
    0.21556736528873444,
    0.21638184785842896,
    0.21725627779960632,
    0.20312446355819702,
    null,
    null,
    null,
    null,
    null,
    null,
    null,
    null,
    null,
    null,
    null,
    null,
    null,
    null,
    null,
    null,
    null,
    null,
    null,
    null,
    null,
    null,
    null,
    null,
    null,
    null,
    null,
    null,
    null,
    null,
    null,
    null,
    null,
    null,
    null,
    null,
    null,
    null,
    null,
    null,
    null,
    null,
    null,
    null,
    null,
    null,
    null,
    null,
    null,
    null,
    null,
    null,
    null,
    null,
    null,
    null,
    null,
    null,
    null,
    null,
    null,
    null,
    null,
    null,
    0.20275148749351501,
    0.20224767923355103,
    0.21188585460186005,
    0.2114657759666443,
    0.21109935641288757,
    0.21078616380691528,
    0.2205507755279541,
    0.22033289074897766,
    0.22016975283622742,
    0.22006107866764069,
    0.2300070971250534,
    0.2300070971250534,
    0.23006384074687958,
    0.23017746210098267,
    0.23034800589084625,
    0.2406008392572403,
    0.2408984750509262,
    0.24125641584396362,
    0.25174498558044434,
    0.25224506855010986,
    0.2528096139431,
    0.2635769248008728,
    0.26430052518844604,
    0.2752895653247833,
    0.27618658542633057,
    0.2771580219268799,
    0.2885091304779053,
    0.2896750569343567,
    0.3013126254081726,
    0.30269095301628113,
    0.314645379781723,
    0.3162554204463959,
    0.32855963706970215,
    0.330422967672348,
    0.3431123197078705,
    0.3452529013156891,
    0.3583662807941437,
    0.3694928288459778,
    0.38540172576904297,
    0.388261079788208,
    0.40243929624557495,
    0.41407182812690735,
    0.43215611577033997,
    0.44699332118034363,
    0.4663494825363159,
    0.4789336621761322,
    0.49986401200294495,
    0.5216588377952576,
    0.5443786382675171,
    0.5680867433547974,
    0.5870751738548279,
    0.6311866044998169,
    0.6498159766197205,
    0.7009459733963013,
    0.7556992769241333,
    0.7799307107925415,
    0.8208854794502258,
    0.8323329091072083,
    0.8306974172592163,
    0.8430421352386475,
    0.8559736609458923,
    0.8629546761512756,
    0.8768609762191772,
    0.889785885810852,
    0.8970838785171509,
    0.9130844473838806,
    0.9236303567886353,
    0.9335419535636902,
    0.9417039752006531,
    0.97294020652771,
    0.9849731922149658,
    0.9984550476074219,
    1.0121901035308838,
    1.0406513214111328,
    1.0516849756240845,
    1.0773485898971558,
    1.0848108530044556,
    1.1061655282974243,
    1.1383030414581299,
    1.1582674980163574,
    1.1662065982818604,
    1.2292072772979736,
    1.2347021102905273,
    1.2661739587783813,
    1.296924352645874,
    1.3009955883026123,
    1.3946940898895264,
    1.420908808708191,
    1.4366260766983032,
    1.5160038471221924,
    1.5393946170806885,
    1.5635815858840942,
    1.5999951362609863,
    1.626291036605835,
    1.6648987531661987,
    1.692690372467041,
    1.7345837354660034,
    1.788473129272461,
    0.8513624668121338,
    0.827001690864563,
    0.821337103843689,
    0.8298559188842773,
    0.8387625217437744,
    0.8357828855514526,
    0.845376193523407,
    0.855405867099762,
    0.8658925890922546,
    0.8768585324287415,
    0.8883278369903564,
    0.9003263115882874,
    0.8994567394256592,
    0.9124056100845337,
    0.9259645938873291,
    0.9401680827140808,
    0.9471490383148193,
    0.9474272727966309,
    0.9851121306419373,
    0.9958035349845886,
    1.0067285299301147,
    1.0281398296356201,
    1.0264943838119507,
    1.0563061237335205,
    1.0861544609069824,
    1.096861481666565,
    1.1242523193359375,
    1.1369943618774414,
    1.1602725982666016,
    1.1742563247680664,
    1.2236508131027222,
    1.2365537881851196,
    1.2414321899414062,
    1.30296790599823,
    1.3169782161712646,
    1.3323668241500854,
    1.3924741744995117,
    1.4387524127960205,
    1.4647210836410522,
    1.506915807723999,
    1.5398783683776855,
    1.532059907913208,
    1.522560954093933,
    1.5135502815246582,
    1.5050150156021118,
    1.4864007234573364,
    1.4788336753845215,
    1.471704363822937,
    1.4650031328201294,
    0.9414440989494324,
    0.9376547932624817,
    0.9341252446174622,
    0.9308511018753052,
    0.9278279542922974,
    0.9250518679618835,
    0.9225192666053772,
    0.910114586353302,
    0.9080822467803955,
    0.9062819480895996,
    0.9047115445137024,
    0.9033692479133606,
    0.9022531509399414,
    0.9013617634773254,
    0.8906867504119873,
    0.890247106552124,
    0.8900274634361267,
    0.8900274634361267,
    0.890247106552124,
    0.8906867504119873,
    0.8913466930389404,
    0.8922281265258789,
    0.8933318257331848,
    0.8846068382263184,
    0.886142373085022,
    0.8879026174545288,
    0.8898898363113403,
    0.8921065926551819,
    0.8945556879043579,
    0.897240161895752,
    0.9001637101173401,
    0.8930648565292358,
    0.8964391350746155,
    0.8890800476074219,
    0.7714731693267822,
    0.7181053757667542,
    0.6584312319755554,
    0.6172885894775391,
    0.5837172865867615,
    0.550713837146759,
    0.5198213458061218,
    0.5162101984024048,
    0.47130075097084045,
    0.4592134654521942,
    0.4624820351600647,
    0.4659132957458496,
    0.4695125222206116,
    0.473285436630249,
    0.477238267660141,
    0.48137742280960083,
    2.844613790512085,
    2.8258228302001953,
    2.790278434753418,
    2.755319833755493,
    2.7326278686523438,
    2.688894271850586,
    1.1864413022994995,
    1.1504852771759033,
    1.1235191822052002,
    1.1072410345077515,
    1.080491304397583,
    1.0659301280975342,
    1.0332081317901611,
    1.0092284679412842,
    0.9851124286651611,
    0.9612464904785156,
    0.9331860542297363,
    0.9331881999969482,
    0.912144660949707,
    0.8987879753112793,
    0.8860322833061218,
    0.8738463521003723,
    0.8491371273994446,
    0.8381738066673279,
    0.8276915550231934,
    0.8176676034927368,
    0.8080804944038391,
    0.8112012147903442,
    0.8112073540687561,
    0.8266873955726624,
    0.8353319764137268,
