{
  "step": 625,
  "timestamp": 20.0,
  "robot_pose_odom": {
    "x": -2.1941758439410153,
    "y": -1.1106821237182298,
    "yaw_fused": 2.6226456903100632,
    "yaw_imu": 2.6121645884688194
  },
  "lidar_pose_relative_to_robot": {
    "x_offset": 0.0,
    "y_offset": 0.0,
    "yaw_offset": 0.0
  },
  "lidar_meta": {
    "fov": 6.283184,
    "horizontal_resolution": 400,
    "angle_min": -3.141592,
    "angle_increment": 0.015747328320802004
  },
  "ranges": [
    0.4501631259918213,
    0.44416385889053345,
    0.4384292662143707,
    0.43294617533683777,
    0.4151233434677124,
    0.4102560877799988,
    0.3933095335960388,
    0.38899126648902893,
    0.38486072421073914,
    0.38090991973876953,
    0.365346223115921,
    0.3618461787700653,
    0.35850024223327637,
    0.35530248284339905,
    0.352247416973114,
    0.33806112408638,
    0.3353661298751831,
    0.33279523253440857,
    0.33034437894821167,
    0.32800963521003723,
    0.31492793560028076,
    0.31288549304008484,
    null,
    null,
    null,
    null,
    0.29366910457611084,
    0.2922533452510834,
    0.290922611951828,
    0.28967511653900146,
    0.28850916028022766,
    0.2737252712249756,
    null,
    null,
    0.2744659185409546,
    0.27371448278427124,
    0.27303436398506165,
    0.2724246680736542,
    0.271884560585022,
    0.26136112213134766,
    0.26097333431243896,
    0.2606509029865265,
    0.2603934109210968,
    0.2602006196975708,
    0.26007217168807983,
    0.2600080072879791,
    0.2600080072879791,
    0.25006940960884094,
    0.25019291043281555,
    0.250378280878067,
    0.250625878572464,
    0.2509359121322632,
    0.25130876898765564,
    0.25174498558044434,
    0.25224506855010986,
    0.2528096139431,
    0.25343936681747437,
    0.24396972358226776,
    0.24470186233520508,
    0.24549919366836548,
    0.24636271595954895,
    0.24729354679584503,
    0.24829289317131042,
    0.24936217069625854,
    0.2505028545856476,
    0.2517163157463074,
    0.24246248602867126,
    0.243770033121109,
    0.2451525181531906,
    0.24661198258399963,
    0.2481505274772644,
    0.24977043271064758,
    0.2514740228652954,
    0.2532639801502228,
    0.24662719666957855,
    0.251759797334671,
    0.24791143834590912,
    0.24998195469379425,
    0.2521500885486603,
    0.2544194459915161,
    0.2567940056324005,
    0.259277880191803,
    0.2618755102157593,
    0.2645917534828186,
    0.25527551770210266,
    0.2581093907356262,
    0.261072039604187,
    0.2641693949699402,
    0.25467419624328613,
    null,
    null,
    null,
    null,
    null,
    null,
    null,
    null,
    null,
    null,
    null,
    null,
    null,
    null,
    0.2546743154525757,
    0.2515900135040283,
    0.24864013493061066,
    0.2581094801425934,
    0.2552756369113922,
    0.26459184288978577,
    0.2618756890296936,
    0.2592780888080597,
    0.25679415464401245,
    0.2659841775894165,
    0.2636116147041321,
    0.26134490966796875,
    0.2591802477836609,
    0.26829299330711365,
    0.266236275434494,
    0.26427558064460754,
    0.27334144711494446,
    0.271489679813385,
    0.280518114566803,
    0.2793295681476593,
    0.2782052457332611,
    0.2771580219268799,
    0.2864157259464264,
    0.28548553586006165,
    0.2846313416957855,
    0.28385210037231445,
    0.2932591438293457,
    0.2926042675971985,
    0.292024165391922,
    0.30157050490379333,
    0.30112308263778687,
    0.3007510304450989,
    0.3104690611362457,
    0.3102392256259918,
    0.32008883357048035,
    0.32000988721847534,
    0.32000988721847534,
    0.33009159564971924,
    0.33025461435317993,
    0.3304993212223053,
    0.34085118770599365,
    0.34127283096313477,
    0.3518322706222534,
    0.35244297981262207,
    0.36323288083076477,
    0.3640458285808563,
    0.37509027123451233,
    0.376120001077652,
    0.3874446153640747,
    0.38870707154273987,
    0.3900742828845978,
    0.4059493839740753,
    0.4138214886188507,
    0.42131638526916504,
    0.43838000297546387,
    0.4405035376548767,
    0.45485958456993103,
    0.4663426876068115,
    0.46898743510246277,
    0.4852864146232605,
    0.4917410612106323,
    0.5212600827217102,
    0.5248153805732727,
    0.5395141839981079,
    0.5572360754013062,
    0.5754765868186951,
    0.5943710207939148,
    0.6132228970527649,
    0.6342914700508118,
    0.6669734716415405,
    0.6890377998352051,
    0.7022424936294556,
    0.7478240132331848,
    0.7665532231330872,
    0.8233622312545776,
    0.8451845645904541,
    0.9132270216941833,
    0.9520974159240723,
    1.0175131559371948,
    1.111385464668274,
    1.1612632274627686,
    1.2460119724273682,
    1.346400499343872,
    1.4658923149108887,
    1.6308026313781738,
    1.6348038911819458,
    1.6347346305847168,
    1.6369813680648804,
    1.6387759447097778,
    1.6243925094604492,
    1.6280497312545776,
    1.6290674209594727,
    1.629870891571045,
    1.6305068731307983,
    1.6310166120529175,
    1.6314376592636108,
    1.6318036317825317,
    1.6256582736968994,
    1.6324899196624756,
    1.6328624486923218,
    1.6332859992980957,
    1.6337807178497314,
    1.6268311738967896,
    1.646520733833313,
    1.647239089012146,
    1.64810049533844,
    1.6602975130081177,
    1.6613987684249878,
    1.6627826690673828,
    1.675100564956665,
    1.668038249015808,
    1.1963716745376587,
    1.1333565711975098,
    1.123295783996582,
    0.9925886392593384,
    0.9820994734764099,
    0.9358299374580383,
    0.9173738360404968,
    0.8670670390129089,
    0.8283547163009644,
    0.8074996471405029,
    0.7715399265289307,
    0.7476658821105957,
    0.7233290076255798,
    0.7237866520881653,
    0.6805875301361084,
    0.6766745448112488,
    0.6475109457969666,
    0.6420173645019531,
    0.6120133996009827,
    0.5994978547096252,
    0.5863423943519592,
    0.562275230884552,
    0.5578486323356628,
    0.5433255434036255,
    0.5369890928268433,
    0.5174837708473206,
    0.5051754117012024,
    0.5051649212837219,
    0.49113261699676514,
    0.4837128818035126,
    0.4766298234462738,
    0.46986550092697144,
    0.46340319514274597,
    0.457227498292923,
    0.4513242542743683,
    0.4456798732280731,
    0.44028234481811523,
    0.4351201057434082,
    0.44247323274612427,
    0.43761515617370605,
    0.457022100687027,
    0.4523305296897888,
    1.7393542528152466,
    1.739559531211853,
    1.7653440237045288,
    1.7804287672042847,
    1.7832233905792236,
    1.785984754562378,
    1.822625756263733,
    1.8363118171691895,
    1.849831461906433,
    1.85421884059906,
    1.8873851299285889,
    2.2564854621887207,
    1.1178998947143555,
    1.097856879234314,
    1.0916658639907837,
    1.0858104228973389,
    1.0802826881408691,
    1.0750747919082642,
    1.0701795816421509,
    1.0655906200408936,
    1.0509977340698242,
    1.0470415353775024,
    1.043371558189392,
    1.0399830341339111,
    1.036871314048767,
    1.0340325832366943,
    1.0314631462097168,
    1.019070029258728,
    1.017049789428711,
    1.0152873992919922,
    1.0137810707092285,
    1.0125285387039185,
    1.0115282535552979,
    1.0107793807983398,
    1.0102803707122803,
    1.0000308752059937,
    1.0000308752059937,
    1.0002776384353638,
    1.0007716417312622,
    1.001513123512268,
    0.9423533082008362,
    0.9435190558433533,
    0.9449209570884705,
    0.9163517355918884,
    0.9181720018386841,
    0.9202269315719604,
    0.9225192666053772,
    0.9250518679618835,
    0.9278278350830078,
    0.9308511018753052,
    0.9341252446174622,
    0.9376546740531921,
    0.9310983419418335,
    0.9351081848144531,
    0.9393857717514038,
    0.9439361691474915,
    0.94876629114151,
    0.9538827538490295,
    0.959292471408844,
    0.9650034308433533,
    0.9710237979888916,
    0.9665030241012573,
    0.9730952382087708,
    0.9800214767456055,
    0.987292468547821,
    0.9949194192886353,
    1.0029144287109375,
    1.0112906694412231,
