{
  "step": 180,
  "timestamp": 5.76,
  "robot_pose_odom": {
    "x": 3.7465687825442535e-09,
    "y": -1.4778333104468613e-09,
    "yaw_fused": -1.9721694524122222,
    "yaw_imu": -1.955740251966397
  },
  "lidar_pose_relative_to_robot": {
    "x_offset": 0.0,
    "y_offset": 0.0,
    "yaw_offset": 0.0
  },
  "lidar_meta": {
    "fov": 6.283184,
    "horizontal_resolution": 400,
    "angle_min": -3.141592,
    "angle_increment": 0.015747328320802004
  },
  "ranges": [
    2.402510643005371,
    null,
    null,
    null,
    null,
    null,
    2.1219093799591064,
    1.8159757852554321,
    1.6066001653671265,
    1.4507936239242554,
    1.4367198944091797,
    1.439535140991211,
    1.442552924156189,
    0.8328879475593567,
    0.7753973007202148,
    0.7257663607597351,
    0.5166416764259338,
    0.7902441620826721,
    0.7369993329048157,
    0.6863089799880981,
    0.6518387198448181,
    0.6167888641357422,
    null,
    null,
    null,
    null,
    0.48500558733940125,
    0.4588128328323364,
    0.44318994879722595,
    0.44093793630599976,
    0.41871193051338196,
    0.41208282113075256,
    null,
    null,
    0.363373339176178,
    0.3522259593009949,
    0.34440183639526367,
    0.33526942133903503,
    0.3265911042690277,
    0.31776222586631775,
    0.30876871943473816,
    0.2995958924293518,
    0.2902277112007141,
    0.273666113615036,
    0.2806471884250641,
    0.2764073312282562,
    0.2723598778247833,
    null,
    null,
    null,
    null,
    null,
    null,
    null,
    null,
    null,
    null,
    null,
    null,
    null,
    null,
    null,
    null,
    null,
    null,
    null,
    null,
    null,
    null,
    null,
    null,
    null,
    null,
    null,
    null,
    null,
    null,
    null,
    null,
    null,
    null,
    null,
    null,
    null,
    null,
    null,
    null,
    null,
    null,
    null,
    null,
    null,
    null,
    null,
    null,
    null,
    null,
    null,
    null,
    null,
    null,
    null,
    null,
    null,
    null,
    null,
    null,
    null,
    null,
    null,
    null,
    null,
    null,
    null,
    null,
    null,
    null,
    null,
    null,
    null,
    null,
    null,
    null,
    null,
    null,
    null,
    null,
    null,
    null,
    null,
    null,
    null,
    null,
    null,
    null,
    null,
    null,
    null,
    null,
    null,
    null,
    null,
    null,
    null,
    null,
    null,
    null,
    null,
    null,
    null,
    null,
    null,
    null,
    null,
    null,
    0.24636310338974,
    0.252564936876297,
    0.24997225403785706,
    0.2592780888080597,
    0.26846662163734436,
    0.2659841775894165,
    0.27507299184799194,
    0.28407058119773865,
    0.2817176580429077,
    0.30182960629463196,
    0.2995157837867737,
    0.30827265977859497,
    0.31707605719566345,
    0.3149280250072479,
    0.329903244972229,
    0.4186766743659973,
    0.424568235874176,
    0.44479942321777344,
    0.46768784523010254,
    0.4815569221973419,
    0.5019367337226868,
    0.5240615010261536,
    0.5485355854034424,
    0.5722045302391052,
    0.6064502596855164,
    0.635026216506958,
    0.6742344498634338,
    0.7202267050743103,
    0.770056962966919,
    0.8213615417480469,
    0.8896698951721191,
    0.9602159857749939,
    1.0502182245254517,
    1.1204756498336792,
    1.141025185585022,
    1.1519615650177002,
    1.1625890731811523,
    1.1848489046096802,
    1.1956537961959839,
    1.2191996574401855,
    1.2299848794937134,
    1.2551689147949219,
    1.2687426805496216,
    1.2789252996444702,
    1.3097740411758423,
    1.332639217376709,
    1.3412973880767822,
    1.3622236251831055,
    1.4063570499420166,
    1.4348679780960083,
    1.4641903638839722,
    1.494367003440857,
    1.5254476070404053,
    1.5585343837738037,
    1.5905247926712036,
    1.6134920120239258,
    1.670649528503418,
    1.7244914770126343,
    1.7535640001296997,
    1.805978775024414,
    1.8440442085266113,
    1.8722255229949951,
    1.907280683517456,
    1.9434106349945068,
    1.9674389362335205,
    1.1101939678192139,
    1.1205556392669678,
    1.131394386291504,
    1.1308261156082153,
    1.1425552368164062,
    1.154817819595337,
    1.1676377058029175,
    1.1686081886291504,
    1.1824724674224854,
    1.1975606679916382,
    1.1992326974868774,
    1.214918613433838,
    1.2180880308151245,
    1.2350746393203735,
    1.2528550624847412,
    1.2576528787612915,
    1.2769441604614258,
    1.2839255332946777,
    1.3052926063537598,
    1.3027122020721436,
    1.326675295829773,
    1.3495254516601562,
    1.375571846961975,
    1.3848662376403809,
    1.4018911123275757,
    1.4254260063171387,
    1.447802186012268,
    1.4806909561157227,
    1.4895169734954834,
    1.5210788249969482,
    1.5313615798950195,
    1.5889995098114014,
    1.598035216331482,
    1.630336880683899,
    1.6851123571395874,
    1.6919502019882202,
    1.7157127857208252,
    1.7103677988052368,
    1.0982245206832886,
    1.0901367664337158,
    1.0824320316314697,
    1.0750991106033325,
    1.0573375225067139,
    1.0694411993026733,
    1.063565969467163,
    1.0468584299087524,
    1.0409483909606934,
    1.0350306034088135,
    1.0342432260513306,
    1.0119227170944214,
    1.0057843923568726,
    0.9995583891868591,
    1.0010559558868408,
    0.9867527484893799,
    0.9801231026649475,
    0.9733055830001831,
    0.4782291054725647,
    0.46904900670051575,
    0.47408315539360046,
    0.46705514192581177,
    0.4599841237068176,
    0.46544143557548523,
    0.458413690328598,
    0.4849053621292114,
    0.513370156288147,
    0.5433255434036255,
    0.5883142352104187,
    0.6354292035102844,
    0.6786620020866394,
    0.7717095017433167,
    0.8207874298095703,
    0.9092159271240234,
    1.3890354633331299,
    1.3851205110549927,
    1.3902095556259155,
    1.380858302116394,
    1.3848665952682495,
    2.3536741733551025,
    2.0170371532440186,
    1.9795335531234741,
    1.9759495258331299,
    1.9660241603851318,
    2.0028014183044434,
    2.0054049491882324,
    2.3855223655700684,
    2.3458008766174316,
    2.3088767528533936,
    2.242800235748291,
    2.193763256072998,
    2.1494529247283936,
    2.101627826690674,
    2.085516929626465,
    2.1033384799957275,
    3.0984044075012207,
    3.0428662300109863,
    2.997715950012207,
    2.943052053451538,
    1.0599473714828491,
    1.007927656173706,
    0.9546282887458801,
    0.9311236143112183,
    0.8759269118309021,
    0.8660183548927307,
    0.7716956734657288,
    0.7603800892829895,
    0.7356885671615601,
    0.7001056671142578,
    0.6878241896629333,
    0.6645832061767578,
    0.6417595744132996,
    0.6168555021286011,
    0.615477979183197,
    0.6142577528953552,
    0.6131933927536011,
    0.6223210692405701,
    0.6215521693229675,
    0.6209381222724915,
    0.6304861307144165,
    0.6301749348640442,
    0.6300194263458252,
    0.6400197744369507,
    0.6401776671409607,
    0.6404938101768494,
    0.6509835124015808,
    0.651627242565155,
    0.6624707579612732,
    0.6634551286697388,
    0.6646067500114441,
    0.6760167479515076,
    0.6775296926498413,
    0.6893550753593445,
    0.6912475824356079,
    0.7035178542137146,
    0.7058101892471313,
    0.7082927823066711,
    0.7212728261947632,
    0.7241876125335693,
    0.7376964092254639,
    0.7515085935592651,
    0.7551489472389221,
    0.769554853439331,
    0.7737048864364624,
    0.7887516021728516,
    0.7934472560882568,
    0.8091865181922913,
    null,
    0.8287063241004944,
    0.8478837609291077,
    0.8541743755340576,
    0.866597592830658,
    2.1748592853546143,
    2.193023443222046,
    2.2120440006256104,
    0.8326454758644104,
    0.8287442922592163,
    0.836760401725769,
    0.8752272129058838,
    0.9399742484092712,
    1.2512842416763306,
    1.370119333267212,
    2.4491043090820312,
    2.4781603813171387,
    2.484257221221924,
    2.4731485843658447,
