{
  "step": 80,
  "timestamp": 2.56,
  "robot_pose_odom": {
    "x": -4.52752342283701e-11,
    "y": 1.9312611046503736e-18,
    "yaw_fused": -3.720371242712999e-07,
    "yaw_imu": -3.8078104047656325e-07
  },
  "lidar_pose_relative_to_robot": {
    "x_offset": 0.0,
    "y_offset": 0.0,
    "yaw_offset": 0.0
  },
  "lidar_meta": {
    "fov": 6.283184,
    "horizontal_resolution": 400,
    "angle_min": -3.141592,
    "angle_increment": 0.015747328320802004
  },
  "ranges": [
    1.0292431116104126,
    1.0200623273849487,
    1.011291265487671,
    1.0029149055480957,
    1.011453628540039,
    0.4991929829120636,
    0.49551668763160706,
    0.4920145869255066,
    0.4886814057826996,
    0.4855121076107025,
    0.4862403869628906,
    0.5130865573883057,
    0.5303863286972046,
    0.5609298944473267,
    0.5882141590118408,
    0.6124259829521179,
    0.6651270389556885,
    0.7016997933387756,
    0.7615922093391418,
    0.8201785087585449,
    0.8992675542831421,
    1.4377198219299316,
    null,
    null,
    null,
    null,
    1.3974337577819824,
    2.3791706562042236,
    2.0402369499206543,
    2.0013978481292725,
    1.9930111169815063,
    1.9949820041656494,
    null,
    null,
    2.3857884407043457,
    2.382164478302002,
    2.3196825981140137,
    2.288684129714966,
    2.2166452407836914,
    2.172529935836792,
    2.1595256328582764,
    2.1009156703948975,
    2.1060924530029297,
    3.10915207862854,
    3.0827503204345703,
    2.983492374420166,
    1.09661066532135,
    1.0303598642349243,
    0.9763949513435364,
    0.9225907325744629,
    0.8788087964057922,
    0.8341031670570374,
    0.794905960559845,
    0.7476678490638733,
    0.7266610860824585,
    0.715117871761322,
    0.6712026596069336,
    0.6480562686920166,
    0.6245858073234558,
    0.6189138293266296,
    0.6129195690155029,
    0.6186400651931763,
    0.6246239542961121,
    0.6189785003662109,
    0.6253986358642578,
    0.6199548244476318,
    0.6268370747566223,
    0.6340320706367493,
    0.6415542364120483,
    0.6366855502128601,
    0.6447487473487854,
    0.6401183605194092,
    0.6487643122673035,
    0.6578114628791809,
    0.6536635160446167,
    0.6633773446083069,
    0.6735529899597168,
    0.6735535860061646,
    0.6771982908248901,
    0.6855158805847168,
    0.684661328792572,
    0.7017250657081604,
    0.7093256711959839,
    0.714327335357666,
    0.7130881547927856,
    0.7252925038337708,
    0.7363330721855164,
    0.7497466206550598,
    0.7415149807929993,
    0.7545259594917297,
    0.7639113068580627,
    0.7729541063308716,
    0.782418966293335,
    0.801720142364502,
    0.8098403215408325,
    0.8177530169487,
    0.8197460770606995,
    0.854949414730072,
    0.8704237937927246,
    2.1250696182250977,
    2.136244058609009,
    2.148043394088745,
    0.8199760317802429,
    0.8121068477630615,
    0.8137470483779907,
    0.9317131638526917,
    1.0261554718017578,
    1.1336474418640137,
    1.2618125677108765,
    1.412764310836792,
    2.4311704635620117,
    2.4653618335723877,
    2.4795725345611572,
    2.4592154026031494,
    2.4519433975219727,
    2.4298112392425537,
    2.4205806255340576,
    2.411069631576538,
    2.3979718685150146,
    2.4119105339050293,
    2.3897898197174072,
    2.4070022106170654,
    2.380021572113037,
    2.367572069168091,
    2.373695135116577,
    2.369494915008545,
    2.365125894546509,
    2.360529661178589,
    2.3556406497955322,
    2.3504555225372314,
    2.364417314529419,
    null,
    null,
    null,
    null,
    null,
    2.1026928424835205,
    1.7889429330825806,
    1.556662678718567,
    1.4076615571975708,
    1.4105669260025024,
    1.4133375883102417,
    0.8393606543540955,
    0.7793511152267456,
    0.7168803215026855,
    0.6777291297912598,
    0.6551498174667358,
    0.5884464383125305,
    0.5677713751792908,
    0.5351585149765015,
    0.49769464135169983,
    0.47958412766456604,
    0.4625307321548462,
    0.45053112506866455,
    0.43004485964775085,
    0.41454800963401794,
    0.3939387798309326,
    0.3848983943462372,
    0.37069156765937805,
    0.35998284816741943,
    0.34338879585266113,
    0.33400383591651917,
    0.3324829936027527,
    0.3103661835193634,
    0.3091169595718384,
    0.3011210560798645,
    0.2864157259464264,
    0.28548553586006165,
    0.2744659185409546,
    0.27371448278427124,
    0.2629219889640808,
    0.2623348534107208,
    0.25174498558044434,
    0.25130876898765564,
    0.2408984750509262,
    0.2406008392572403,
    0.24036315083503723,
    0.23017746210098267,
    0.23006384074687958,
    0.2200067937374115,
    0.2200067937374115,
    0.22006107866764069,
    0.21016204357147217,
    0.21031774580478668,
    0.2105257362127304,
    0.20074871182441711,
    0.20104700326919556,
    null,
    null,
    null,
    null,
    null,
    null,
    null,
    null,
    null,
    null,
    null,
    null,
    null,
    null,
    null,
    null,
    null,
    null,
    null,
    null,
    null,
    null,
    null,
    null,
    null,
    null,
    null,
    null,
    null,
    null,
    null,
    null,
    null,
    null,
    null,
    null,
    null,
    null,
    null,
    null,
    null,
    null,
    null,
    null,
    null,
    null,
    null,
    null,
    null,
    null,
    null,
    null,
    null,
    null,
    null,
    null,
    null,
    null,
    null,
    null,
    null,
    null,
    null,
    null,
    null,
    null,
    null,
    null,
    null,
    null,
    null,
    null,
    null,
    null,
    null,
    null,
    null,
    null,
    null,
    null,
    null,
    null,
    null,
    null,
    null,
    null,
    null,
    null,
    null,
    null,
    null,
    null,
    null,
    null,
    null,
    null,
    null,
    null,
    null,
    null,
    null,
    null,
    null,
    0.25789955258369446,
    0.26740792393684387,
    0.2767488956451416,
    0.2735040783882141,
    0.28269124031066895,
    0.29498767852783203,
    0.3006724417209625,
    0.30948930978775024,
    0.3230840861797333,
    0.3264654874801636,
    0.3391394317150116,
    0.3438410758972168,
    0.35187777876853943,
    0.35772889852523804,
    0.3859059512615204,
    0.40193191170692444,
    0.4074733257293701,
    0.42866379022598267,
    0.43004485964775085,
    0.46560248732566833,
    0.49879369139671326,
    0.5139854550361633,
    0.5410592555999756,
    0.5555980205535889,
    0.5791746377944946,
    0.6112295389175415,
    0.6836735606193542,
    0.7794999480247498,
    0.8385945558547974,
    0.9068291187286377,
    0.9843565225601196,
    1.0713204145431519,
    1.1467747688293457,
    1.1572296619415283,
    1.1705697774887085,
    1.1896252632141113,
    1.1990602016448975,
    1.2174863815307617,
    1.2337416410446167,
    1.2524991035461426,
    1.271478295326233,
    1.2907037734985352,
    1.3105285167694092,
    1.3399879932403564,
    1.3600950241088867,
    1.380218505859375,
    1.4113792181015015,
    1.4317206144332886,
    1.4627100229263306,
    1.4968723058700562,
    1.529685139656067,
    1.5630807876586914,
    1.5912752151489258,
    1.63179349899292,
    1.6579244136810303,
    1.713535189628601,
    1.7364544868469238,
    1.8015062808990479,
    1.847752332687378,
    1.883504033088684,
    1.893869400024414,
    1.954372525215149,
    2.0010993480682373,
    1.156421184539795,
    1.1490614414215088,
    1.155258059501648,
    1.1618098020553589,
    1.1687264442443848,
    1.1760177612304688,
    1.183694839477539,
    1.1917684078216553,
    1.2002511024475098,
    1.2202491760253906,
    1.2296757698059082,
    1.2424273490905762,
    null,
    null,
    1.2720973491668701,
    1.2839701175689697,
    1.2963894605636597,
    1.309377670288086,
    1.3229588270187378,
    1.349313497543335,
    1.3642925024032593,
    1.3799521923065186,
    1.3963239192962646,
    1.4134418964385986,
    1.4313422441482544,
    1.4500641822814941,
    1.4828898906707764,
    1.5035691261291504,
