{
  "step": 15,
  "timestamp": 0.48,
  "robot_pose_odom": {
    "x": -4.299969802445951e-11,
    "y": 1.4994304741735316e-18,
    "yaw_fused": -1.4172774631374504e-07,
    "yaw_imu": -3.6108547085689224e-07
  },
  "lidar_pose_relative_to_robot": {
    "x_offset": 0.0,
    "y_offset": 0.0,
    "yaw_offset": 0.0
  },
  "lidar_meta": {
    "fov": 6.283184,
    "horizontal_resolution": 400,
    "angle_min": -3.141592,
    "angle_increment": 0.015747328320802004
  },
  "ranges": [
    1.0313429832458496,
    1.0227077007293701,
    1.0077320337295532,
    1.0068550109863281,
    1.0067294836044312,
    0.49641865491867065,
    0.5029042959213257,
    0.496614933013916,
    0.4906005561351776,
    0.484848290681839,
    0.49163711071014404,
    0.48623931407928467,
    0.522845983505249,
    0.543376088142395,
    0.5990287065505981,
    0.6197326183319092,
    0.6589164137840271,
    0.7063976526260376,
    0.762789785861969,
    0.7969996333122253,
    0.971155047416687,
    1.5196857452392578,
    null,
    null,
    null,
    1.3980299234390259,
    1.3966479301452637,
    2.533926010131836,
    2.0256597995758057,
    2.0049099922180176,
    1.9983986616134644,
    1.9924193620681763,
    null,
    null,
    2.382164716720581,
    2.3656487464904785,
    2.314344882965088,
    2.2667346000671387,
    2.2167932987213135,
    2.1741700172424316,
    2.1322267055511475,
    2.0904152393341064,
    2.1101181507110596,
    3.110016345977783,
    3.081102132797241,
    3.0316100120544434,
    2.985616683959961,
    1.0306882858276367,
    0.9714740514755249,
    0.9219363927841187,
    0.8730566501617432,
    0.8335689306259155,
    0.7951787710189819,
    0.7750934958457947,
    0.7261620163917542,
    0.6988203525543213,
    0.6910558342933655,
    0.6501024961471558,
    0.6470364332199097,
    0.6207322478294373,
    0.613015353679657,
    0.61581951379776,
    0.6188026070594788,
    0.6219689846038818,
    0.6253231167793274,
    0.6288694739341736,
    0.6326133608818054,
    0.6365600228309631,
    0.6298558712005615,
    0.6341519355773926,
    0.6386656761169434,
    0.6434040665626526,
    0.6483744382858276,
    0.6535846590995789,
    0.6590433120727539,
    0.6647592782974243,
    0.6707421541213989,
    0.6770023703575134,
    0.6835507750511169,
    0.6903990507125854,
    0.6855331659317017,
    0.6928907036781311,
    0.7005826234817505,
    0.7086241245269775,
    0.7170311808586121,
    0.7258214950561523,
    0.7350135445594788,
    0.7446274757385254,
    0.7546850442886353,
    0.7517845630645752,
    0.7626074552536011,
    0.7739402651786804,
    0.7858118414878845,
    0.792792797088623,
    0.8077591061592102,
    0.8124641180038452,
    0.8347066044807434,
    0.8468839526176453,
    0.8660894632339478,
    2.124983549118042,
    2.1531803607940674,
    0.8133490085601807,
    0.8205124735832214,
    0.8112012147903442,
    0.8144508600234985,
    0.8361940383911133,
    0.9192990660667419,
    1.1448407173156738,
    1.2179406881332397,
    1.319665551185608,
    2.414142370223999,
    2.453259229660034,
    2.4707159996032715,
    2.459352493286133,
    2.451592445373535,
    2.433537721633911,
    2.42952299118042,
    2.4216880798339844,
    2.416771411895752,
    2.3990015983581543,
    2.4105422496795654,
    2.3825876712799072,
    2.381286382675171,
    2.3784313201904297,
    2.387610673904419,
    2.3703904151916504,
    2.363558292388916,
    2.3630967140197754,
    2.376420497894287,
    2.362931489944458,
    2.369872808456421,
    null,
    null,
    null,
    null,
    null,
    2.0872180461883545,
    1.7887333631515503,
    1.5594288110733032,
    1.3926576375961304,
    1.4108734130859375,
    1.4166898727416992,
    0.8394544124603271,
    0.7718408107757568,
    0.7171952128410339,
    0.645558774471283,
    0.638507604598999,
    0.6142743229866028,
    0.5673392415046692,
    0.5346156358718872,
    0.5031234622001648,
    0.47946688532829285,
    0.45911532640457153,
    0.4456798732280731,
    0.4277028739452362,
    0.4102560877799988,
    0.39619871973991394,
    0.37683531641960144,
    0.3608069121837616,
    0.35710301995277405,
    0.34177547693252563,
    0.3385012447834015,
    0.32380667328834534,
    0.3094569742679596,
    0.3067961037158966,
    0.30425500869750977,
    0.2906506359577179,
    0.288422554731369,
    0.275287002325058,
    0.2733413875102997,
    0.27148962020874023,
    0.2589397132396698,
    0.25733423233032227,
    0.2451525181531906,
    0.243770033121109,
    0.24246251583099365,
    0.24122817814350128,
    0.22962763905525208,
    0.22858205437660217,
    0.22760188579559326,
    0.21638187766075134,
    0.21556736528873444,
    0.2148117870092392,
    0.21411414444446564,
    0.2033080905675888,
    0.20275148749351501,
    null,
    null,
    null,
    null,
    null,
    null,
    null,
    null,
    null,
    null,
    null,
    null,
    null,
    null,
    null,
    null,
    null,
    null,
    null,
    null,
    null,
    null,
    null,
    null,
    null,
    null,
    null,
    null,
    null,
    null,
    null,
    null,
    null,
    null,
    null,
    null,
    null,
    null,
    null,
    null,
    null,
    null,
    null,
    null,
    null,
    null,
    null,
    null,
    null,
    null,
    null,
    null,
    null,
    null,
    null,
    null,
    null,
    null,
    null,
    null,
    null,
    null,
    null,
    null,
    null,
    null,
    null,
    null,
    null,
    null,
    null,
    null,
    null,
    null,
    null,
    null,
    null,
    null,
    null,
    null,
    null,
    null,
    null,
    null,
    null,
    null,
    null,
    null,
    null,
    null,
    null,
    null,
    null,
    null,
    null,
    null,
    null,
    null,
    null,
    null,
    0.23806871473789215,
    0.24053794145584106,
    0.25527554750442505,
    0.2581094205379486,
    0.2610720694065094,
    0.26416945457458496,
    0.26740798354148865,
    0.2836895287036896,
    0.28740015625953674,
    0.291282057762146,
    0.2953440248966217,
    0.31321385502815247,
    0.3178684413433075,
    0.3227442800998688,
    0.33677664399147034,
    0.34550920128822327,
    0.35868436098098755,
    0.3624676465988159,
    0.38348105549812317,
    0.4010850489139557,
    0.4126392900943756,
    0.4335380494594574,
    0.4571797847747803,
    0.45713886618614197,
    0.49452608823776245,
    0.5137952566146851,
    0.5348739624023438,
    0.5636451244354248,
    0.6274767518043518,
    0.6408953070640564,
    0.6594377160072327,
    0.7606551647186279,
    0.7939189076423645,
    0.8224055171012878,
    1.010043740272522,
    1.0744725465774536,
    1.145145297050476,
    1.1457825899124146,
    1.1532986164093018,
    1.1884758472442627,
    1.2088305950164795,
    1.216285228729248,
    1.2403104305267334,
    1.2423782348632812,
    1.2745124101638794,
    1.2913410663604736,
    1.2894079685211182,
    1.354630470275879,
    1.3827117681503296,
    1.3891898393630981,
    1.4173249006271362,
    1.4446707963943481,
    1.4682358503341675,
    1.4957225322723389,
    1.5306702852249146,
    1.5600336790084839,
    1.5988355875015259,
    1.630208969116211,
    1.6679407358169556,
    1.7158567905426025,
    1.7617765665054321,
    1.8019719123840332,
    1.8501837253570557,
    1.8899784088134766,
    1.9201388359069824,
    1.9502942562103271,
    1.9909532070159912,
    1.1613121032714844,
    1.1431690454483032,
    1.1543052196502686,
    1.1560202836990356,
    1.1688506603240967,
    1.1805068254470825,
    1.183148980140686,
    1.1962337493896484,
    1.1995177268981934,
    1.2156621217727661,
    1.2274959087371826,
    1.2318135499954224,
    1.2426742315292358,
    null,
    1.277981162071228,
    1.2838271856307983,
    1.2978129386901855,
    1.3177310228347778,
    1.3248372077941895,
    1.3441907167434692,
    1.3617271184921265,
    1.3702224493026733,
    1.4008864164352417,
    1.4104413986206055,
    1.4315402507781982,
