{
  "step": 1440,
  "timestamp": 46.08,
  "robot_pose_odom": {
    "x": -1.5362018367644912,
    "y": 1.4563277107271562,
    "yaw_fused": -0.869628525267453,
    "yaw_imu": -0.8708897884836786
  },
  "lidar_pose_relative_to_robot": {
    "x_offset": 0.0,
    "y_offset": 0.0,
    "yaw_offset": 0.0
  },
  "lidar_meta": {
    "fov": 6.283184,
    "horizontal_resolution": 400,
    "angle_min": -3.141592,
    "angle_increment": 0.015747328320802004
  },
  "ranges": [
    0.69309002161026,
    0.6877768635749817,
    0.6717002987861633,
    0.6669530272483826,
    0.6624346971511841,
    0.6581384539604187,
    0.6433355808258057,
    0.6395282745361328,
    0.635921835899353,
    0.6325109004974365,
    0.6292908787727356,
    0.61581951379776,
    0.6130154728889465,
    0.610386848449707,
    0.6079300045967102,
    0.5953765511512756,
    0.5932897329330444,
    0.5913628935813904,
    0.5895934700965881,
    0.5879793167114258,
    0.5865182876586914,
    0.5741473436355591,
    null,
    null,
    null,
    null,
    0.5608473420143127,
    0.5604321360588074,
    0.56015545129776,
    0.5600172877311707,
    0.5600172877311707,
    0.56015545129776,
    null,
    null,
    0.5513769388198853,
    0.55205899477005,
    0.5528793334960938,
    0.5445231199264526,
    0.5539679527282715,
    0.5460687279701233,
    0.5474289655685425,
    0.5489318370819092,
    0.5505791306495667,
    0.5523731708526611,
    0.5440509915351868,
    0.5461065769195557,
    0.5483134388923645,
    0.5298946499824524,
    0.5323185920715332,
    0.5216876268386841,
    0.5181106925010681,
    0.5090004205703735,
    0.5021451711654663,
    0.49322396516799927,
    0.4963010549545288,
    0.4886813163757324,
    0.4810808002948761,
    0.4845050275325775,
    0.47442910075187683,
    0.4695125222206116,
    0.462016761302948,
    0.46587544679641724,
    0.4584546685218811,
    0.45101627707481384,
    0.45522573590278625,
    0.44784361124038696,
    0.4404270052909851,
    0.4449952244758606,
    0.42545920610427856,
    0.4301823079586029,
    0.4351200461387634,
    0.42770281434059143,
    0.43294617533683777,
    0.4255341589450836,
    0.43110013008117676,
    0.4236828088760376,
    0.4161664545536041,
    0.4221577048301697,
    0.4146108329296112,
    0.420970618724823,
    0.42097097635269165,
    0.41461119055747986,
    0.4085400104522705,
    0.4161667227745056,
    0.4104430079460144,
    0.4049731194972992,
    0.41263940930366516,
    0.407478928565979,
    0.4151235520839691,
    0.4102562367916107,
    0.4056006073951721,
    0.4133034348487854,
    0.4089146852493286,
    0.40471699833869934,
    0.41248786449432373,
    0.4085361659526825,
    0.4047585427761078,
    0.4126094877719879,
    0.40906161069869995,
    0.40567341446876526,
    0.41361838579177856,
    0.4104475975036621,
    0.4074248671531677,
    0.41547900438308716,
    0.4126642942428589,
    0.42077717185020447,
    0.41382157802581787,
    0.4224598705768585,
    0.4208696484565735,
    0.41939446330070496,
    0.4180324077606201,
    0.41678160429000854,
    0.41564056277275085,
    0.4146077632904053,
    0.41368189454078674,
    0.41286176443099976,
    0.4121463894844055,
    0.4115349054336548,
    0.4110264480113983,
    0.41062039136886597,
    0.4103163778781891,
    0.4101138412952423,
    0.4100126624107361,
    0.4100126624107361,
    0.4101138412952423,
    0.4103163778781891,
    0.41062039136886597,
    0.4110264480113983,
    0.4115349054336548,
    0.4121463894844055,
    0.40279194712638855,
    0.4035920798778534,
    0.41337457299232483,
    0.40704891085624695,
    0.41678160429000854,
    0.41803234815597534,
    0.40916532278060913,
    0.4106045067310333,
    0.4121558964252472,
    0.4138214886188507,
    0.4156036078929901,
    0.41750475764274597,
    0.41952717304229736,
    0.42167389392852783,
    0.42394787073135376,
    0.42635220289230347,
    0.4288904070854187,
    0.43156611919403076,
    0.434383362531662,
    0.4373461604118347,
    0.44045907258987427,
    0.44372695684432983,
    0.44715479016304016,
    0.4507480263710022,
    0.4545126259326935,
    0.4584546685218811,
    0.4625808000564575,
    0.4668981730937958,
    0.4714142978191376,
    0.47613728046417236,
    0.48107588291168213,
    0.4740830957889557,
    0.47934600710868835,
    0.4848480522632599,
    0.498862087726593,
    0.4966147243976593,
    0.5029039978981018,
    0.5094819664955139,
    0.5163634419441223,
    0.5235642194747925,
    0.5311015844345093,
    0.5389940738677979,
    0.5472617745399475,
    0.5542424917221069,
    0.5528149008750916,
    0.5673401355743408,
    1.0226528644561768,
    1.0194873809814453,
    1.0189645290374756,
    1.0238068103790283,
    1.0186972618103027,
    1.0315191745758057,
    1.0194246768951416,
    1.0324379205703735,
    1.0211025476455688,
    1.0374823808670044,
    1.0355993509292603,
    1.0322321653366089,
    1.038485050201416,
    1.0445752143859863,
    1.0544464588165283,
    1.045379638671875,
    1.0508590936660767,
    1.0673481225967407,
    2.324411392211914,
    2.334336519241333,
    2.3353006839752197,
    2.365206718444824,
    2.3935253620147705,
    2.3910646438598633,
    2.4059817790985107,
    1.759224772453308,
    1.7059718370437622,
    1.6519653797149658,
    1.5956215858459473,
    1.543623685836792,
    1.4989475011825562,
    1.4533315896987915,
    1.444421410560608,
    1.3759182691574097,
    1.3412423133850098,
    1.315081238746643,
    1.3212814331054688,
    1.334985613822937,
    1.3493136167526245,
    1.3642926216125488,
    1.379952311515808,
    1.3963242769241333,
    1.4134423732757568,
    1.431342601776123,
    1.4500645399093628,
    1.469650387763977,
    1.4901448488235474,
    1.5115973949432373,
    0.9321427941322327,
    0.9051223397254944,
    0.8980710506439209,
    0.8921458125114441,
    0.9306401610374451,
    0.9421045780181885,
    0.966045081615448,
    0.9836611151695251,
    0.9980171918869019,
    1.0175131559371948,
    1.048416018486023,
    1.0510296821594238,
    1.088113784790039,
    1.099705457687378,
    1.136218786239624,
    1.1504493951797485,
    1.2041336297988892,
    1.226334571838379,
    1.2376638650894165,
    1.3183457851409912,
    1.3397037982940674,
    1.3549041748046875,
    1.4206562042236328,
    1.485702633857727,
    1.5193413496017456,
    1.5522563457489014,
    1.5855259895324707,
    1.661529779434204,
    1.6512280702590942,
    1.6414560079574585,
    1.6321994066238403,
    1.623444676399231,
    1.6151800155639648,
    1.6073933839797974,
    1.600074291229248,
    1.5932130813598633,
    1.586800456047058,
    1.5808273553848267,
    1.5752865076065063,
    1.5701704025268555,
    1.5654723644256592,
    1.56118643283844,
    0.5497689843177795,
    0.5155513286590576,
    0.5027358531951904,
    0.49314120411872864,
    0.4817969501018524,
    0.4812016785144806,
    0.4704895615577698,
    0.22031551599502563,
    0.2100583016872406,
    0.2100064754486084,
    0.20003271102905273,
    null,
    null,
    null,
    null,
    null,
    null,
    null,
    null,
    null,
    null,
    null,
    null,
    null,
    null,
    null,
    null,
    0.20780180394649506,
    0.21919000148773193,
    0.22025176882743835,
    0.22137880325317383,
    0.22257263958454132,
    0.23449371755123138,
    0.235889732837677,
    0.2373613715171814,
    0.24977043271064758,
    0.2514740228652954,
    0.2532639801502228,
    0.2551429867744446,
    0.2682928740978241,
    0.28171753883361816,
    0.2840704023838043,
    0.2865341901779175,
    0.3006775379180908,
    0.3034838140010834,
    0.3182046413421631,
    0.33329612016677856,
    0.33675312995910645,
    0.3525233268737793,
    0.35643675923347473,
    0.37296003103256226,
    0.38996434211730957,
    0.4074787497520447,
    0.4255341589450836,
    0.43110013008117676,
    0.4638843238353729,
    0.48329004645347595,
    0.5174835920333862,
    0.5328152775764465,
