{
  "step": 1285,
  "timestamp": 41.12,
  "robot_pose_odom": {
    "x": -2.2244647229397625,
    "y": 1.5959280378532812,
    "yaw_fused": 0.7604707018190855,
    "yaw_imu": 0.7543361673342681
  },
  "lidar_pose_relative_to_robot": {
    "x_offset": 0.0,
    "y_offset": 0.0,
    "yaw_offset": 0.0
  },
  "lidar_meta": {
    "fov": 6.283184,
    "horizontal_resolution": 400,
    "angle_min": -3.141592,
    "angle_increment": 0.015747328320802004
  },
  "ranges": [
    1.2411675453186035,
    1.1376118659973145,
    1.1074296236038208,
    1.0529499053955078,
    0.993613600730896,
    0.9526468515396118,
    0.9052100777626038,
    0.879167914390564,
    0.8386346697807312,
    0.8090312480926514,
    0.788898766040802,
    0.7581163644790649,
    0.7276760339736938,
    0.7012431621551514,
    0.6870348453521729,
    0.6626651287078857,
    0.6419150829315186,
    0.6104428172111511,
    0.6174238324165344,
    0.5942757725715637,
    0.5855737328529358,
    0.5662121176719666,
    null,
    null,
    null,
    0.5220821499824524,
    0.5031797885894775,
    0.497280091047287,
    0.49163690209388733,
    0.48623907566070557,
    0.46904900670051575,
    0.464233934879303,
    null,
    0.4435533881187439,
    0.4394519031047821,
    0.4355320632457733,
    0.4317871332168579,
    0.4282107949256897,
    0.4136182367801666,
    0.41044750809669495,
    0.40742477774620056,
    0.40454524755477905,
    0.401804655790329,
    0.3884095549583435,
    0.3860013484954834,
    0.38371697068214417,
    0.38155311346054077,
    0.37950655817985535,
    0.37757453322410583,
    0.3653166890144348,
    0.3636532723903656,
    0.36209389567375183,
    0.36063647270202637,
    0.35927894711494446,
    0.34779053926467896,
    0.3466610014438629,
    0.34562379121780396,
    0.34467753767967224,
    0.34382107853889465,
    0.34305331110954285,
    0.34237319231033325,
    0.3317275643348694,
    0.3312353789806366,
    0.33082613348960876,
    0.3304993212223053,
    0.33025461435317993,
    0.33009159564971924,
    0.33001017570495605,
    0.32000988721847534,
    0.32008883357048035,
    0.3202469050884247,
    0.3204841911792755,
    0.32080110907554626,
    0.3211979568004608,
    0.32167521119117737,
    0.3222335875034332,
    0.3127838969230652,
    0.31348392367362976,
    0.31426480412483215,
    0.31512755155563354,
    0.3160732388496399,
    0.31710314750671387,
    0.31821849942207336,
    0.31942084431648254,
    0.3207116723060608,
    0.311702698469162,
    0.3131285607814789,
    0.314645379781723,
    0.3162554204463959,
    0.3179609179496765,
    0.3197641372680664,
    0.32166779041290283,
    0.32367458939552307,
    0.31492793560028076,
    0.3170759677886963,
    0.3193328380584717,
    0.3217020332813263,
    0.3241872191429138,
    0.32679232954978943,
    0.32952165603637695,
    0.3209182918071747,
    0.3238065838813782,
    0.3268287479877472,
    0.329990029335022,
    0.33329612016677856,
    0.33675312995910645,
    0.3249671161174774,
    0.341256707906723,
    0.3356640338897705,
    0.3396463394165039,
    0.34381017088890076,
    0.34816429018974304,
    0.3527182638645172,
    0.35748234391212463,
    0.3490428328514099,
    0.35406771302223206,
    0.3593294024467468,
    0.36484119296073914,
    0.3648415207862854,
    0.3731500804424286,
    0.367686003446579,
    0.3758925199508667,
    0.3839627802371979,
    0.3919094502925873,
    0.38684943318367004,
    0.39474523067474365,
    0.4025440514087677,
    0.397824227809906,
    0.39330971240997314,
    0.38899147510528564,
    0.3848608732223511,
    0.3928135335445404,
    0.38891711831092834,
    0.3851912319660187,
    0.38162946701049805,
    0.3782253563404083,
    0.3749731481075287,
    0.38313600420951843,
    0.38008174300193787,
    0.37716805934906006,
    0.3743903934955597,
    0.3717443645000458,
    0.36922597885131836,
    0.37762054800987244,
    0.3724394142627716,
    0.37527918815612793,
    0.3776204586029053,
    0.3692259192466736,
    0.3717443346977234,
    0.3743903636932373,
    0.3771679997444153,
    0.3689027726650238,
    0.37186723947525024,
    0.37497302889823914,
    0.3667638599872589,
    0.37006479501724243,
    0.373518705368042,
    0.3771316111087799,
    0.3809099495410919,
    0.37283381819725037,
    0.37683534622192383,
    0.38101866841316223,
    0.38539209961891174,
    0.3899644613265991,
    0.38201141357421875,
    0.3868493437767029,
    0.39190930128097534,
    0.3839626908302307,
    0.3893170952796936,
    0.39492183923721313,
    0.38079211115837097,
    0.3859250545501709,
    0.3998870551586151,
    0.40079066157341003,
    0.4085398316383362,
    0.40274184942245483,
    0.41044285893440247,
    0.4180365800857544,
    0.4126392900943756,
    0.42021244764328003,
    0.4277028739452362,
    0.4226880967617035,
    0.4301823079586029,
    0.43761515617370605,
    0.4449952244758606,
    0.44042709469795227,
    0.4478437304496765,
    0.454862505197525,
    0.46258094906806946,
    0.4699161648750305,
    0.4658755958080292,
    0.47615525126457214,
    0.48069143295288086,
    0.4855221211910248,
    0.49546802043914795,
    0.5006968975067139,
    0.5104004740715027,
    0.5133192539215088,
    0.5281755924224854,
    0.5317588448524475,
    0.5407964587211609,
    0.5497361421585083,
    0.558594822883606,
    0.5598744750022888,
    0.5667781829833984,
    0.595186173915863,
    0.6120277643203735,
    0.6227391362190247,
    0.6370585560798645,
    0.6501893401145935,
    0.6626672744750977,
    0.6823098063468933,
    0.6952877044677734,
    0.7144331336021423,
    0.7366035580635071,
    0.7527742385864258,
    0.7720194458961487,
    0.7926080226898193,
    0.8112256526947021,
    0.8106250166893005,
    0.8202276825904846,
    0.8200253248214722,
    0.8300256133079529,
    0.8302304148674011,
    0.8406481742858887,
    0.8412709832191467,
    0.8521279692649841,
    0.8531820774078369,
    0.8645021319389343,
    0.8660026788711548,
    0.8778128623962402,
    0.8797774910926819,
    0.8936525583267212,
    0.9047210812568665,
    0.9074360728263855,
    0.9206219911575317,
    0.9238601326942444,
    0.941752016544342,
    0.9517894387245178,
    0.9616011381149292,
    0.9811362624168396,
    0.9858888983726501,
    0.9999154210090637,
    1.0174750089645386,
    1.0232453346252441,
    1.0428439378738403,
    1.0527770519256592,
    1.0533796548843384,
    1.0496307611465454,
    1.057101845741272,
    1.0649447441101074,
    1.0731714963912964,
    1.0705265998840332,
    1.079467535018921,
    1.0888298749923706,
    1.0870649814605713,
    1.0972107648849487,
    1.1078236103057861,
    1.1189227104187012,
    1.1185015439987183,
    1.130505919456482,
    1.1430559158325195,
    1.1437441110610962,
    1.1573134660720825,
    1.1715013980865479,
    1.1734427213668823,
    1.188791275024414,
    1.2048479318618774,
    1.2216498851776123,
    1.2256190776824951,
    1.2438325881958008,
    1.2418979406356812,
    1.7048965692520142,
    1.7060834169387817,
    1.6886321306228638,
    1.6938894987106323,
    1.6942501068115234,
    1.6943855285644531,
    1.6943458318710327,
    1.694175362586975,
    0.6584526896476746,
    0.6340323686599731,
    0.6145464181900024,
    0.6077991724014282,
    0.592487096786499,
    0.5713651776313782,
    0.5656976103782654,
    0.548605740070343,
    0.5435329079627991,
    0.5272232294082642,
    0.5113270282745361,
    0.507091760635376,
    0.4918704926967621,
    0.4880998134613037,
    0.4734937250614166,
    0.4701472520828247,
    0.46696221828460693,
    0.4531446397304535,
    0.4965859055519104,
    0.48018550872802734,
    0.47219517827033997,
    0.4705401062965393,
    0.4588160216808319,
    0.4574432373046875,
    0.44450709223747253,
    0.43483251333236694,
    0.43386149406433105,
    0.4229315519332886,
    0.42219871282577515,
    0.4115349054336548,
    0.4110264480113983,
    0.4006052315235138,
    0.40030863881111145,
