{
  "step": 1450,
  "timestamp": 46.4,
  "robot_pose_odom": {
    "x": -1.4831257230206634,
    "y": 1.3934244389096102,
    "yaw_fused": -0.8701346063416213,
    "yaw_imu": -0.870889748157339
  },
  "lidar_pose_relative_to_robot": {
    "x_offset": 0.0,
    "y_offset": 0.0,
    "yaw_offset": 0.0
  },
  "lidar_meta": {
    "fov": 6.283184,
    "horizontal_resolution": 400,
    "angle_min": -3.141592,
    "angle_increment": 0.015747328320802004
  },
  "ranges": [
    0.7700190544128418,
    0.7611693143844604,
    0.7520084977149963,
    0.7424994111061096,
    0.7415146231651306,
    0.7345662117004395,
    0.7239015698432922,
    0.7170311808586121,
    0.7136796712875366,
    0.6963285803794861,
    0.7054365277290344,
    0.6884845495223999,
    0.6870350241661072,
    0.6808995008468628,
    0.6771976947784424,
    0.6735529899597168,
    0.6665014624595642,
    0.6633779406547546,
    0.6536639928817749,
    0.6578118801116943,
    0.6487647294998169,
    0.6570711135864258,
    null,
    null,
    null,
    null,
    0.6391282677650452,
    0.632111132144928,
    0.6253988742828369,
    0.6189789175987244,
    0.6246244311332703,
    0.6186404824256897,
    null,
    0.6189141869544983,
    0.6135923862457275,
    0.6197788715362549,
    0.6148381233215332,
    0.6212179660797119,
    0.6166430115699768,
    0.6122848391532898,
    0.6081368923187256,
    0.593403697013855,
    0.5896957516670227,
    0.5811160802841187,
    0.5645812153816223,
    0.5626023411750793,
    0.5505791902542114,
    0.5489318370819092,
    0.537291407585144,
    0.5359563231468201,
    0.5246697068214417,
    0.5236295461654663,
    0.5126698613166809,
    0.5119092464447021,
    0.501251757144928,
    0.500756561756134,
    0.49037808179855347,
    0.4901360273361206,
    0.4800148010253906,
    0.4800148010253906,
    0.4701305031776428,
    0.47036266326904297,
    0.4707111716270447,
    0.4611515998840332,
    0.4617220461368561,
    0.4523557722568512,
    0.4531409740447998,
    0.45404112339019775,
    0.44494491815567017,
    0.44605329632759094,
    0.44727784395217896,
    0.43842414021492004,
    0.4398527145385742,
    0.43113473057746887,
    0.4327636957168579,
    0.43451255559921265,
    0.4259937107563019,
    0.4279423952102661,
    0.41952717304229736,
    0.42167389392852783,
    0.42394787073135376,
    0.42635220289230347,
    0.41816815733909607,
    0.42077696323394775,
    0.4126642048358917,
    0.4154788553714752,
    0.4184361398220062,
    0.42154061794281006,
    0.41361820697784424,
    0.41694197058677673,
    0.40906137228012085,
    0.4126092195510864,
    0.4163227379322052,
    0.4202083647251129,
    0.41248753666877747,
    0.416620135307312,
    0.42094141244888306,
    0.4133032262325287,
    0.41789141297340393,
    0.410256028175354,
    0.4025438129901886,
    0.4074787497520447,
    0.3997442126274109,
    0.4049728512763977,
    0.39720261096954346,
    0.38931700587272644,
    0.3949216902256012,
    0.3869701325893402,
    0.39290592074394226,
    0.3929062485694885,
    0.3869704604148865,
    0.3813040256500244,
    0.3758925199508667,
    0.3839627802371979,
    0.37884581089019775,
    0.3739544749259949,
    0.3820114731788635,
    0.3773850202560425,
    0.3729602098464966,
    0.3810187876224518,
    0.37683549523353577,
    0.3728339672088623,
    0.3690066635608673,
    0.37713176012039185,
    0.37351879477500916,
    0.37006494402885437,
    0.3782253563404083,
    0.3749731481075287,
    0.371867299079895,
    0.38008174300193787,
    0.37716805934906006,
    0.3743903934955597,
    0.3717443645000458,
    0.3800855576992035,
    0.37762054800987244,
    0.37527918815612793,
    0.3776204586029053,
    0.3800854980945587,
    0.38267797231674194,
    0.3854018449783325,
    0.3771679997444153,
    0.3800816833972931,
    0.38313597440719604,
    0.3863358795642853,
    0.38968661427497864,
    0.3931938707828522,
    0.3968636393547058,
    0.4007023572921753,
    0.39281338453292847,
    0.3968876004219055,
    0.4011472761631012,
    0.40560048818588257,
    0.4102560877799988,
    0.41512343287467957,
    0.40747886896133423,
    0.4126392900943756,
    0.4180366098880768,
    0.42368295788764954,
    0.4295912981033325,
    0.4357758164405823,
    0.4284314215183258,
    0.4350031614303589,
    0.44903552532196045,
    0.4422517716884613,
    0.4493938088417053,
    0.456440806388855,
    0.46340319514274597,
    0.4702911376953125,
    0.477114200592041,
    0.48388102650642395,
    0.4949182868003845,
    0.9352454543113708,
    0.934110164642334,
    0.9360102415084839,
    0.9380980134010315,
    0.928467869758606,
    0.942828893661499,
    0.9337965250015259,
    0.936726450920105,
    0.9359157681465149,
    0.9431140422821045,
    0.9353024959564209,
    0.9390251636505127,
    0.9403422474861145,
    0.9470357894897461,
    0.9512280225753784,
    0.9447838664054871,
    0.9494456052780151,
    0.9514963030815125,
    0.959292471408844,
    0.9538827538490295,
    0.960868239402771,
    0.9621915221214294,
    2.2374074459075928,
    2.2291929721832275,
    2.255963087081909,
    2.2689661979675293,
    2.282254934310913,
    2.2958505153656006,
    2.3097739219665527,
    2.3240458965301514,
    2.344871997833252,
    1.6342610120773315,
    1.5788662433624268,
    1.5235562324523926,
    1.4799996614456177,
    1.437079668045044,
    1.3944252729415894,
    1.3613929748535156,
    1.321455717086792,
    1.2906055450439453,
    1.2600921392440796,
    1.240038275718689,
    1.2403442859649658,
    1.2508189678192139,
    1.2721431255340576,
    1.2835195064544678,
    1.2943978309631348,
    1.3174338340759277,
    1.3284595012664795,
    1.3530045747756958,
    1.3639386892318726,
    1.390393614768982,
    1.4009101390838623,
    1.4321249723434448,
    1.4553889036178589,
    1.4644787311553955,
    0.8511261343955994,
    0.8531887531280518,
    0.8312072157859802,
    0.8416902422904968,
    0.8573094010353088,
    0.8734132647514343,
    0.8900275826454163,
    0.9071797728538513,
    0.9193297028541565,
    0.9340963363647461,
    0.9730240106582642,
    0.9972139000892639,
    1.0241156816482544,
    1.040181040763855,
    1.0785257816314697,
    1.1127312183380127,
    1.135912537574768,
    1.1729756593704224,
    1.2067372798919678,
    1.249315619468689,
    1.267939567565918,
    1.3289999961853027,
    1.3774027824401855,
    1.4408937692642212,
    1.492979884147644,
    1.5596911907196045,
    1.6058576107025146,
    1.6038557291030884,
    1.5911860466003418,
    1.5976518392562866,
    1.5750892162322998,
    1.5730668306350708,
    1.557068109512329,
    1.554059386253357,
    1.5365774631500244,
    1.543560266494751,
    1.540238857269287,
    1.5388340950012207,
    1.5327926874160767,
    1.5358511209487915,
    1.5245580673217773,
    1.5267109870910645,
    1.5153121948242188,
    1.5264381170272827,
    1.5195497274398804,
    2.197186231613159,
    2.1913204193115234,
    2.207260847091675,
    0.5195692181587219,
    0.4832000732421875,
    0.47857093811035156,
    0.4741457402706146,
    0.458454966545105,
    0.45451289415359497,
    0.4507482349872589,
    0.4471549689769745,
    0.4437270760536194,
    0.440459281206131,
    0.43734627962112427,
    0.43438345193862915,
    0.4423554837703705,
    0.444858193397522,
    0.4396127760410309,
    0.4423553943634033,
    0.4452430307865143,
    0.4482799172401428,
    0.4514707326889038,
    0.4548202455043793,
    0.4583337604999542,
    0.46201691031455994,
    0.4658755958080292,
    0.48137757182121277,
    0.5010426640510559,
    0.8864197731018066,
    null,
    null,
    null,
    null,
    null,
    null,
    null,
    null,
    null,
    null,
    null,
    null,
    null,
    null,
    null,
    null,
    null,
    null,
    null,
    null,
    null,
    null,
    null,
    0.272430956363678,
    0.28309082984924316,
    0.30438390374183655,
    0.3192996382713318,
    0.342443585395813,
