{
  "step": 1130,
  "timestamp": 36.160000000000004,
  "robot_pose_odom": {
    "x": -2.8739629610023485,
    "y": 0.6966290933263937,
    "yaw_fused": 1.06081267410384,
    "yaw_imu": 1.0608286242073388
  },
  "lidar_pose_relative_to_robot": {
    "x_offset": 0.0,
    "y_offset": 0.0,
    "yaw_offset": 0.0
  },
  "lidar_meta": {
    "fov": 6.283184,
    "horizontal_resolution": 400,
    "angle_min": -3.141592,
    "angle_increment": 0.015747328320802004
  },
  "ranges": [
    1.544599175453186,
    1.5497785806655884,
    1.545141577720642,
    1.5510488748550415,
    1.5471948385238647,
    1.4773725271224976,
    1.309561848640442,
    1.1623567342758179,
    1.0477774143218994,
    0.9548996090888977,
    0.87286776304245,
    0.8013460636138916,
    0.7497959733009338,
    0.7001281380653381,
    0.6599141359329224,
    0.6205014586448669,
    0.580010712146759,
    0.5503892302513123,
    0.5319569110870361,
    0.501008927822113,
    0.48136091232299805,
    0.46471869945526123,
    null,
    null,
    null,
    null,
    0.3827471137046814,
    0.36539679765701294,
    0.3558465838432312,
    0.3544299006462097,
    0.3365480601787567,
    0.3174154758453369,
    null,
    0.30415719747543335,
    0.30571359395980835,
    0.296500563621521,
    0.28660640120506287,
    0.2787787616252899,
    0.2805179953575134,
    0.27148962020874023,
    0.26240769028663635,
    0.264275461435318,
    0.2551429867744446,
    0.2571139931678772,
    0.24791143834590912,
    0.2386191338300705,
    0.24068871140480042,
    null,
    null,
    null,
    null,
    null,
    null,
    null,
    null,
    null,
    null,
    null,
    null,
    null,
    null,
    null,
    null,
    null,
    null,
    null,
    null,
    null,
    null,
    null,
    null,
    null,
    null,
    null,
    null,
    null,
    null,
    null,
    null,
    null,
    null,
    null,
    null,
    null,
    null,
    null,
    null,
    null,
    null,
    null,
    null,
    null,
    null,
    null,
    null,
    null,
    null,
    null,
    null,
    null,
    null,
    null,
    null,
    null,
    null,
    null,
    null,
    null,
    null,
    null,
    null,
    null,
    null,
    null,
    null,
    null,
    null,
    null,
    null,
    null,
    null,
    null,
    null,
    null,
    null,
    null,
    null,
    null,
    null,
    null,
    null,
    null,
    null,
    null,
    null,
    null,
    null,
    null,
    null,
    null,
    null,
    null,
    null,
    null,
    null,
    null,
    null,
    null,
    null,
    null,
    null,
    null,
    null,
    null,
    null,
    null,
    null,
    null,
    null,
    0.2769758999347687,
    0.28191938996315,
    0.29128211736679077,
    0.3004639148712158,
    0.2965845763683319,
    0.318342924118042,
    0.3270670473575592,
    0.3232322037220001,
    0.34125617146492004,
    0.3525235056877136,
    0.3639759421348572,
    0.37109774351119995,
    0.39379727840423584,
    0.3964996635913849,
    0.40099096298217773,
    0.43161502480506897,
    0.4435202479362488,
    0.46775585412979126,
    0.49233949184417725,
    0.5162234306335449,
    0.5396603345870972,
    0.5531147122383118,
    0.5734032988548279,
    0.6610313653945923,
    0.677869439125061,
    0.7519041895866394,
    0.842681348323822,
    0.8968812823295593,
    0.9582907557487488,
    1.016198754310608,
    1.0862289667129517,
    1.3465052843093872,
    1.3862640857696533,
    1.398287296295166,
    1.3993074893951416,
    1.412367582321167,
    1.426028847694397,
    1.4403157234191895,
    1.4432276487350464,
    1.4587173461914062,
    1.474910855293274,
    1.4918402433395386,
    1.5095397233963013,
    1.528045654296875,
    1.534502387046814,
    1.5545735359191895,
    1.5755709409713745,
    1.5841177701950073,
    1.6069233417510986,
    1.6308033466339111,
    1.6558184623718262,
    1.6697803735733032,
    1.6984411478042603,
    1.7251003980636597,
    1.7499618530273438,
    1.7751352787017822,
    1.8080705404281616,
    1.8079841136932373,
    1.8579379320144653,
    1.895185947418213,
    1.8925095796585083,
    1.902203917503357,
    1.8930881023406982,
    1.9091084003448486,
    1.902457594871521,
    0.9546142816543579,
    0.945469081401825,
    0.936726450920105,
    0.955210268497467,
    0.9764631986618042,
    0.9887763857841492,
    0.9560283422470093,
    0.9344043731689453,
    0.9140014052391052,
    0.8943084478378296,
    0.8839648365974426,
    0.8461142182350159,
    0.8283988833427429,
    0.811250627040863,
    0.7946394681930542,
    0.7816568613052368,
    0.762916088104248,
    0.7477516531944275,
    0.7330197095870972,
    0.7186973690986633,
    0.6965674161911011,
    0.6877625584602356,
    0.6853519082069397,
    0.6752792000770569,
    0.6626672744750977,
    0.6503509283065796,
    0.637080192565918,
    0.635657548904419,
    0.6343973875045776,
    0.652826726436615,
    0.662902295589447,
    1.0633440017700195,
    0.711739182472229,
    0.6808162331581116,
    0.6600183248519897,
    0.6300460696220398,
    0.6200456619262695,
    0.600001871585846,
    0.5801563262939453,
    0.5612903237342834,
    0.54103684425354,
    0.5315526127815247,
    0.5232982039451599,
    0.50273597240448,
    0.49342915415763855,
    0.48416125774383545,
    0.47801193594932556,
    0.45552754402160645,
    0.45096883177757263,
    0.43700072169303894,
    0.4277023673057556,
    0.42245981097221375,
    0.42416703701019287,
    0.4098908603191376,
    0.4003865420818329,
    0.38806265592575073,
    0.39004838466644287,
    0.38155311346054077,
    0.38371697068214417,
    0.3724943995475769,
    0.3668312132358551,
    0.36270490288734436,
    0.34987694025039673,
    0.3523672819137573,
    0.34388840198516846,
    0.3465449810028076,
    0.33806103467941284,
    0.32952165603637695,
    0.33237963914871216,
    0.3238065838813782,
    0.3268287479877472,
    0.329990029335022,
    0.3451995253562927,
    0.3487800359725952,
    0.3679235279560089,
    1.4503289461135864,
    1.4573895931243896,
    1.4549037218093872,
    1.4516429901123047,
    1.4622362852096558,
    1.4592400789260864,
    1.4696497917175293,
    1.4609209299087524,
    1.4707428216934204,
    1.3787827491760254,
    1.2630500793457031,
    1.2139074802398682,
    1.1209157705307007,
    1.0393543243408203,
    1.0068550109863281,
    1.0062472820281982,
    1.0228532552719116,
    2.759526014328003,
    2.737748861312866,
    2.717172145843506,
    2.6853134632110596,
    2.679422378540039,
    2.6500043869018555,
    2.6338918209075928,
    2.6187570095062256,
    2.5927810668945312,
    2.567941665649414,
    2.544196605682373,
    2.5100412368774414,
    2.4884583950042725,
    2.467846632003784,
    2.436994791030884,
    2.4183127880096436,
    2.389491558074951,
    2.37260365486145,
    2.35653018951416,
    2.330457925796509,
    2.2967100143432617,
    2.332301139831543,
    2.2997584342956543,
    2.256638526916504,
    1.4937303066253662,
    1.4644296169281006,
    1.4583616256713867,
    1.4148317575454712,
    1.3803114891052246,
    1.362798810005188,
    1.3446084260940552,
    1.314327597618103,
    1.294916033744812,
    1.2943636178970337,
    1.2596725225448608,
    1.2444607019424438,
    1.2188420295715332,
    1.2196907997131348,
    1.1906269788742065,
    1.178154706954956,
    1.1593595743179321,
    1.1398619413375854,
    1.1404250860214233,
    1.125889539718628,
    1.1032013893127441,
    1.0940560102462769,
    1.0841668844223022,
    1.0594782829284668,
    1.0664594173431396,
    1.050347924232483,
    1.0485855340957642,
    1.033704161643982,
    1.0327271223068237,
    1.018964171409607,
    1.0058082342147827,
    1.0059630870819092,
    1.006359577178955,
    0.994560182094574,
    0.9832738041877747,
    0.9724781513214111,
    0.9741787314414978,
    0.9641782641410828,
    0.9663996696472168,
    0.9571415185928345,
    0.948291003704071,
    0.9512937068939209,
