{
  "step": 615,
  "timestamp": 19.68,
  "robot_pose_odom": {
    "x": -2.187027083357435,
    "y": -1.1147654701653331,
    "yaw_fused": 2.9146201132962024,
    "yaw_imu": 2.9259970705282417
  },
  "lidar_pose_relative_to_robot": {
    "x_offset": 0.0,
    "y_offset": 0.0,
    "yaw_offset": 0.0
  },
  "lidar_meta": {
    "fov": 6.283184,
    "horizontal_resolution": 400,
    "angle_min": -3.141592,
    "angle_increment": 0.015747328320802004
  },
  "ranges": [
    1.1312483549118042,
    1.0734096765518188,
    1.0384520292282104,
    1.003114104270935,
    0.973604142665863,
    0.9262044429779053,
    0.8981432914733887,
    0.8506857752799988,
    0.8124641180038452,
    0.7762613296508789,
    0.7419276237487793,
    0.7093256711959839,
    0.6783307194709778,
    0.6488284468650818,
    0.6163955926895142,
    0.6091683506965637,
    0.577673614025116,
    0.5713312029838562,
    0.5412105917930603,
    0.5356548428535461,
    0.5018906593322754,
    null,
    null,
    null,
    null,
    0.4507482349872589,
    0.43597611784935,
    0.4326339066028595,
    0.41843631863594055,
    0.41547900438308716,
    0.40180474519729614,
    null,
    null,
    null,
    0.35604211688041687,
    0.34750673174858093,
    0.3498769998550415,
    0.34135591983795166,
    0.3438884913921356,
    0.3300115466117859,
    0.326792448759079,
    0.31815895438194275,
    0.32091838121414185,
    0.31224215030670166,
    0.31515640020370483,
    0.3064194321632385,
    0.2975859045982361,
    0.3006724417209625,
    0.2917434871196747,
    0.2949821949005127,
    0.28593605756759644,
    0.2893284559249878,
    0.29287540912628174,
    0.2836895287036896,
    0.28740015625953674,
    0.2780419588088989,
    0.2819192707538605,
    0.2723598778247833,
    null,
    null,
    null,
    null,
    null,
    null,
    null,
    null,
    0.25789955258369446,
    0.25467419624328613,
    0.25158989429473877,
    0.2486400455236435,
    0.2581093907356262,
    0.25527551770210266,
    0.25256484746932983,
    0.2499721199274063,
    0.24749259650707245,
    0.2571573555469513,
    0.246623232960701,
    0.25215014815330505,
    0.24998202919960022,
    0.2479115128517151,
    0.24593517184257507,
    0.24404986202716827,
    0.24225255846977234,
    0.2514740526676178,
    0.24977043271064758,
    0.2481505423784256,
    0.24661198258399963,
    0.2451525181531906,
    0.243770033121109,
    0.24246251583099365,
    0.24122817814350128,
    0.24006524682044983,
    0.24936223030090332,
    0.2482929527759552,
    0.24729357659816742,
    0.24636271595954895,
    0.24549919366836548,
    0.24470189213752747,
    0.2541351318359375,
    0.25343936681747437,
    0.2528096139431,
    0.25224506855010986,
    0.25174498558044434,
    0.25130876898765564,
    0.2509359121322632,
    0.2606509029865265,
    0.2603934109210968,
    0.2602006196975708,
    0.26007217168807983,
    0.2600080072879791,
    0.2600080072879791,
    0.26007217168807983,
    0.2602006196975708,
    0.250378280878067,
    0.250625878572464,
    0.2509359121322632,
    0.25130876898765564,
    0.25174498558044434,
    0.25224506855010986,
    0.2528096139431,
    0.25343936681747437,
    0.2541351318359375,
    0.2548977732658386,
    0.2557283341884613,
    0.2566278278827667,
    0.2575974464416504,
    0.2586384415626526,
    0.2597522735595703,
    0.24674586951732635,
    0.26492583751678467,
    0.2530043423175812,
    0.25436875224113464,
    0.25581133365631104,
    0.25733423233032227,
    0.2589396834373474,
    0.2606300413608551,
    0.26240769028663635,
    0.264275461435318,
    0.26623618602752686,
    0.2682928740978241,
    0.27044883370399475,
    0.27270758152008057,
    0.2750728130340576,
    0.28131717443466187,
    0.26846644282341003,
    0.2710632383823395,
    0.2737789452075958,
    0.276618629693985,
    0.2795874774456024,
    0.28269124031066895,
    0.28593602776527405,
    0.28932836651802063,
    0.29287534952163696,
    0.2965843975543976,
    0.3004637062549591,
    0.30452200770378113,
    0.29534393548965454,
    0.3178309500217438,
    0.30404797196388245,
    0.30871179699897766,
    0.31569230556488037,
    0.31786859035491943,
    0.32683199644088745,
    0.32219356298446655,
    0.331002414226532,
    0.3396548628807068,
    0.3352695107460022,
    0.3438103199005127,
    0.35222604870796204,
    0.34809622168540955,
    0.36872783303260803,
    0.3646794855594635,
    0.3728339672088623,
    0.3830011785030365,
    0.38891711831092834,
    0.396863728761673,
    0.3931940197944641,
    0.4165267050266266,
    0.42005428671836853,
    0.4282108247280121,
    0.4306211769580841,
    0.4463050663471222,
    0.451519638299942,
    0.47239819169044495,
    0.48215994238853455,
    0.5008619427680969,
    0.4497132897377014,
    0.44927382469177246,
    0.4653628468513489,
    0.47791701555252075,
    0.487054705619812,
    0.5000207424163818,
    0.5154701471328735,
    0.5270773768424988,
    0.5467921495437622,
    0.5624005198478699,
    0.5824602842330933,
    0.5926402807235718,
    0.6209219098091125,
    0.6405251622200012,
    0.6608007550239563,
    0.6899442076683044,
    0.720102071762085,
    0.7499434947967529,
    0.79046630859375,
    0.8201959133148193,
    0.8604151606559753,
    0.9138534069061279,
    0.9614366292953491,
    1.0287954807281494,
    1.0830143690109253,
    1.1535290479660034,
    1.2339578866958618,
    1.3328379392623901,
    1.442745566368103,
    1.6101529598236084,
    1.6440385580062866,
    1.6389856338500977,
    1.6383196115493774,
    1.6449403762817383,
    1.6359214782714844,
    1.6320255994796753,
    1.6283892393112183,
    1.6234445571899414,
    1.6321994066238403,
    1.6296159029006958,
    1.6269989013671875,
    1.6291621923446655,
    1.633276343345642,
    1.6313660144805908,
    1.6296987533569336,
    1.6417897939682007,
    1.6379395723342896,
    1.6452302932739258,
    1.647239089012146,
    1.6504368782043457,
    1.6574950218200684,
    1.6574885845184326,
    1.673520803451538,
    1.6685726642608643,
    1.6717387437820435,
    1.3047547340393066,
    1.255828857421875,
    1.1476397514343262,
    1.102304220199585,
    1.0423887968063354,
    0.9827046394348145,
    0.9589340686798096,
    0.9126036167144775,
    0.8773553967475891,
    0.8396981954574585,
    0.8077598214149475,
    0.7578163146972656,
    0.7577477097511292,
    0.7463001608848572,
    0.7217540144920349,
    0.6980860829353333,
    0.675244927406311,
    0.6531824469566345,
    0.644749104976654,
    0.6239520907402039,
    0.6038160920143127,
    0.5967363715171814,
    0.577673614025116,
    0.5713312029838562,
    0.5532374978065491,
    0.5475582480430603,
    0.5303415060043335,
    0.5252608060836792,
    0.5088393092155457,
    0.49283909797668457,
    0.4886013865470886,
    0.48455435037612915,
    0.4695127308368683,
    0.46591344475746155,
    0.4624822437763214,
    0.4482799768447876,
    0.44524306058883667,
    0.4423554837703705,
    0.4503350257873535,
    0.45314455032348633,
    1.737533688545227,
    1.7493849992752075,
    1.7618368864059448,
    1.774908185005188,
    1.7886195182800293,
    1.8029927015304565,
    1.8180509805679321,
    1.8338192701339722,
    1.8503239154815674,
    1.8675934076309204,
    1.8856579065322876,
    1.9045497179031372,
    2.101475238800049,
    1.102949857711792,
    1.0938923358917236,
    1.0815842151641846,
    1.0944163799285889,
    1.0823657512664795,
    1.057388186454773,
    1.0712188482284546,
    1.0587257146835327,
    1.0495024919509888,
    1.0485855340957642,
    1.042705774307251,
    1.0383946895599365,
    1.0313432216644287,
    1.022707223892212,
    1.0213496685028076,
    1.0202794075012207,
    1.0194870233535767,
    1.018964171409607,
    1.0058082342147827,
    1.0059630870819092,
    1.006359577178955,
    1.006992220878601,
    1.0049666166305542,
    1.0089460611343384,
    0.9982324838638306,
    1.0019803047180176,
    1.001755714416504,
