{
  "step": 55,
  "timestamp": 1.76,
  "robot_pose_odom": {
    "x": -4.527492869499371e-11,
    "y": 1.931152640708351e-18,
    "yaw_fused": -3.4926078155997615e-07,
    "yaw_imu": -3.8077691622007137e-07
  },
  "lidar_pose_relative_to_robot": {
    "x_offset": 0.0,
    "y_offset": 0.0,
    "yaw_offset": 0.0
  },
  "lidar_meta": {
    "fov": 6.283184,
    "horizontal_resolution": 400,
    "angle_min": -3.141592,
    "angle_increment": 0.015747328320802004
  },
  "ranges": [
    1.0324379205703735,
    1.0211025476455688,
    1.010259747505188,
    0.9998890161514282,
    0.5067707896232605,
    0.5019158720970154,
    0.4972747564315796,
    0.49283909797668457,
    0.4886013865470886,
    0.48455435037612915,
    0.49722546339035034,
    0.5154420733451843,
    0.528648853302002,
    0.5643693208694458,
    0.5734032988548279,
    0.6610313653945923,
    0.7125716209411621,
    0.688591718673706,
    0.7626933455467224,
    0.8687387108802795,
    0.9319332242012024,
    1.4073293209075928,
    null,
    null,
    null,
    null,
    1.7312045097351074,
    2.3631913661956787,
    2.0299174785614014,
    2.005537986755371,
    1.9899654388427734,
    1.9932966232299805,
    null,
    null,
    2.3802030086517334,
    2.3861613273620605,
    2.30657696723938,
    2.223310947418213,
    2.209155321121216,
    2.1699302196502686,
    2.112429618835449,
    2.0835530757904053,
    3.101940631866455,
    3.0871896743774414,
    3.073086977005005,
    3.0128402709960938,
    2.9687230587005615,
    1.017905831336975,
    0.9674898386001587,
    0.905279278755188,
    0.8819624185562134,
    0.8282830715179443,
    0.7842466831207275,
    0.7611974477767944,
    0.7280535697937012,
    0.7018024325370789,
    0.66464763879776,
    0.6406936049461365,
    0.6246241331100464,
    0.6186401844024658,
    0.6129197478294373,
    0.6189139485359192,
    0.6135922074317932,
    0.6226484179496765,
    0.6260167956352234,
    0.6212178468704224,
    0.6276057958602905,
    0.6341519951820374,
    0.6298558712005615,
    0.6473492383956909,
    0.6433355808258057,
    0.6490057110786438,
    0.6571192741394043,
    0.6535946726799011,
    0.6634766459465027,
    0.6680076718330383,
    0.6649659872055054,
    0.682805597782135,
    0.6800572872161865,
    0.6911953091621399,
    0.6927288174629211,
    0.7011688947677612,
    0.711578369140625,
    0.7096301913261414,
    0.716745913028717,
    0.725494384765625,
    0.7358494400978088,
    0.7432979345321655,
    0.7523761987686157,
    0.7615875005722046,
    0.7709434628486633,
    0.7804560661315918,
    0.7901368141174316,
    0.8000512719154358,
    0.8100515604019165,
    0.8203099966049194,
    0.8304948210716248,
    0.8515076637268066,
    0.8618379831314087,
    2.1287994384765625,
    2.1500511169433594,
    0.8156537413597107,
    0.8172740340232849,
    0.8191031813621521,
    0.8110059499740601,
    0.8132323622703552,
    0.8941444754600525,
    1.0017707347869873,
    1.1392674446105957,
    1.319382905960083,
    1.560737133026123,
    2.4671287536621094,
    2.4595212936401367,
    2.459676742553711,
    2.448828935623169,
    2.4382262229919434,
    2.427845001220703,
    2.417661428451538,
    2.4076504707336426,
    2.395629644393921,
    2.389967441558838,
    2.3893940448760986,
    2.3824548721313477,
    2.397632360458374,
    2.3748257160186768,
    2.3740901947021484,
    2.368586540222168,
    2.3629307746887207,
    2.369871139526367,
    2.3639779090881348,
    2.3526949882507324,
    null,
    null,
    null,
    null,
    null,
    2.252378225326538,
    1.8974409103393555,
    1.6463333368301392,
    1.4540035724639893,
    1.3961713314056396,
    1.4026529788970947,
    0.8753989934921265,
    0.7648670673370361,
    0.7437872290611267,
    0.7110165357589722,
    0.6490481495857239,
    0.615164577960968,
    0.5820820331573486,
    0.5356096029281616,
    0.5286942720413208,
    0.49602383375167847,
    0.4611230194568634,
    0.44755226373672485,
    0.4330723285675049,
    0.4133034348487854,
    0.39688774943351746,
    0.3928135335445404,
    0.36534640192985535,
    0.36184632778167725,
    0.346935898065567,
    0.33237984776496887,
    0.32952186465263367,
    0.31552377343177795,
    0.31300848722457886,
    0.2995157837867737,
    0.2973099946975708,
    0.284275084733963,
    0.28234925866127014,
    0.26972895860671997,
    0.26898401975631714,
    0.2575974762439728,
    0.2566278278827667,
    0.2557283341884613,
    0.24470189213752747,
    0.24396972358226776,
    0.2331642061471939,
    0.23258483409881592,
    0.23206545412540436,
    0.2215355932712555,
    0.2211517095565796,
    0.22082360088825226,
    0.2205507755279541,
    0.21031774580478668,
    0.21016204357147217,
    0.2100583016872406,
    0.2000061571598053,
    0.2000061571598053,
    null,
    null,
    null,
    null,
    null,
    null,
    null,
    null,
    null,
    null,
    null,
    null,
    null,
    null,
    null,
    null,
    null,
    null,
    null,
    null,
    null,
    null,
    null,
    null,
    null,
    null,
    null,
    null,
    null,
    null,
    null,
    null,
    null,
    null,
    null,
    null,
    null,
    null,
    null,
    null,
    null,
    null,
    null,
    null,
    null,
    null,
    null,
    null,
    null,
    null,
    null,
    null,
    null,
    null,
    null,
    null,
    null,
    null,
    null,
    null,
    null,
    null,
    null,
    null,
    null,
    null,
    null,
    null,
    null,
    null,
    null,
    null,
    null,
    null,
    null,
    null,
    null,
    null,
    null,
    null,
    null,
    null,
    null,
    null,
    null,
    null,
    null,
    null,
    null,
    null,
    null,
    null,
    null,
    null,
    null,
    null,
    null,
    null,
    null,
    null,
    null,
    null,
    null,
    null,
    0.2723598778247833,
    0.28191930055618286,
    0.2912820279598236,
    0.3004637658596039,
    0.29658448696136475,
    0.3056090474128723,
    0.3270668685436249,
    0.3232320547103882,
    0.34125667810440063,
    0.3525233268737793,
    0.3639751374721527,
    0.3710983395576477,
    0.39379626512527466,
    0.39722687005996704,
    0.42009109258651733,
    0.43944859504699707,
    0.4552519619464874,
    0.47615525126457214,
    0.492340087890625,
    0.5265344977378845,
    0.5504283308982849,
    0.583986222743988,
    0.5886001586914062,
    0.6506869792938232,
    0.7188085913658142,
    0.7508680820465088,
    0.8041868209838867,
    0.8858932852745056,
    0.9248880743980408,
    0.9995121359825134,
    1.1475871801376343,
    1.159335732460022,
    1.1767529249191284,
    1.194152593612671,
    1.2115622758865356,
    1.2384033203125,
    1.24651300907135,
    1.2641044855117798,
    1.2818059921264648,
    1.299641728401184,
    1.320651888847351,
    1.345862865447998,
    1.3659543991088867,
    1.3925344944000244,
    1.4214837551116943,
    1.4515560865402222,
    1.4801634550094604,
    1.5099667310714722,
    1.540127158164978,
    1.5701887607574463,
    1.6116790771484375,
    1.6418169736862183,
    1.6854660511016846,
    1.7247132062911987,
    1.7669098377227783,
    1.8256494998931885,
    1.869526982307434,
    1.903594732284546,
    1.9230471849441528,
    1.9676703214645386,
    1.9913523197174072,
    1.1530401706695557,
    1.1496926546096802,
    1.154036521911621,
    1.1690458059310913,
    1.1740802526474,
    1.1794509887695312,
    1.1956524848937988,
    1.2017706632614136,
    1.2082514762878418,
    1.2151037454605103,
    1.2330598831176758,
    1.2407525777816772,
    null,
    1.2683038711547852,
    1.2773313522338867,
    1.2868081331253052,
    1.3079277276992798,
    1.3184380531311035,
    1.3408122062683105,
    1.3524413108825684,
    1.36461341381073,
    1.3890221118927002,
    1.402457594871521,
    1.416508436203003,
    1.4432276487350464,
    1.470873236656189,
    1.4872016906738281,
    1.5042721033096313,
    1.5346983671188354,
