{
  "step": 140,
  "timestamp": 4.48,
  "robot_pose_odom": {
    "x": 4.667430632548869e-09,
    "y": -5.6158489129773375e-09,
    "yaw_fused": -1.090139521617391,
    "yaw_imu": -1.0898188291156699
  },
  "lidar_pose_relative_to_robot": {
    "x_offset": 0.0,
    "y_offset": 0.0,
    "yaw_offset": 0.0
  },
  "lidar_meta": {
    "fov": 6.283184,
    "horizontal_resolution": 400,
    "angle_min": -3.141592,
    "angle_increment": 0.015747328320802004
  },
  "ranges": [
    0.6384367346763611,
    0.6357371807098389,
    0.6400460600852966,
    0.6467602849006653,
    0.6487647294998169,
    0.6531824469566345,
    0.6576440930366516,
    0.6627443432807922,
    0.666713535785675,
    0.6684837341308594,
    0.6760010719299316,
    0.6839785575866699,
    0.6975603103637695,
    0.6903995275497437,
    0.712002158164978,
    0.7116561532020569,
    0.7170009016990662,
    0.7181493639945984,
    0.7268504500389099,
    0.7353352904319763,
    0.7543395161628723,
    0.7569140791893005,
    null,
    null,
    null,
    0.7938371300697327,
    0.7607148289680481,
    0.7686946988105774,
    0.7767158150672913,
    0.7847909927368164,
    0.7929320931434631,
    0.8049829006195068,
    null,
    null,
    0.835510790348053,
    0.8551788330078125,
    0.8650781512260437,
    2.136679172515869,
    2.1647770404815674,
    2.183741807937622,
    0.830640435218811,
    0.8302304148674011,
    0.8300256133079529,
    0.8200518488883972,
    0.9095115065574646,
    1.038909673690796,
    1.217858910560608,
    1.4560940265655518,
    2.430353879928589,
    2.463977813720703,
    2.4857325553894043,
    2.4710304737091064,
    2.4686551094055176,
    2.4502010345458984,
    2.437781572341919,
    2.434473752975464,
    2.4373855590820312,
    2.4191341400146484,
    2.42551326751709,
    2.4056553840637207,
    2.3943982124328613,
    2.3939716815948486,
    2.3885836601257324,
    2.3840177059173584,
    2.38496994972229,
    2.388753890991211,
    2.3775572776794434,
    2.37984299659729,
    2.3587124347686768,
    null,
    null,
    null,
    null,
    null,
    2.2292463779449463,
    1.8930304050445557,
    1.6217674016952515,
    1.4349861145019531,
    1.4211492538452148,
    1.416508436203003,
    1.4312007427215576,
    0.8031154870986938,
    0.7410789132118225,
    0.675223708152771,
    0.6454983949661255,
    0.6124017834663391,
    0.5571705102920532,
    0.5447852611541748,
    0.5158821940422058,
    0.4943406581878662,
    0.45839449763298035,
    0.4484304189682007,
    0.41398897767066956,
    0.41399070620536804,
    0.40079084038734436,
    0.3813040256500244,
    0.3758925199508667,
    0.35748258233070374,
    0.3527185022830963,
    0.3352695107460022,
    0.33107662200927734,
    0.3144875466823578,
    0.3108001947402954,
    0.3072732090950012,
    0.29174360632896423,
    0.2886456549167633,
    0.2856825888156891,
    0.2710634469985962,
    0.26846662163734436,
    0.2659841775894165,
    0.2521502375602722,
    0.2499821037054062,
    0.24791154265403748,
    0.24593524634838104,
    0.23295672237873077,
    0.2312411218881607,
    0.22960680723190308,
    0.2280513197183609,
    0.21578314900398254,
    null,
    null,
    null,
    null,
    null,
    null,
    null,
    null,
    null,
    null,
    null,
    null,
    null,
    null,
    null,
    null,
    null,
    null,
    null,
    null,
    null,
    null,
    null,
    null,
    null,
    null,
    null,
    null,
    null,
    null,
    null,
    null,
    null,
    null,
    null,
    null,
    null,
    null,
    null,
    null,
    null,
    null,
    null,
    null,
    null,
    null,
    null,
    null,
    null,
    null,
    null,
    null,
    null,
    null,
    null,
    null,
    null,
    null,
    null,
    null,
    null,
    null,
    null,
    null,
    null,
    null,
    null,
    null,
    null,
    null,
    null,
    null,
    null,
    null,
    null,
    null,
    null,
    null,
    null,
    null,
    null,
    null,
    null,
    null,
    null,
    null,
    null,
    null,
    null,
    null,
    null,
    null,
    null,
    0.20691074430942535,
    0.21819190680980682,
    0.21919000148773193,
    0.22025176882743835,
    0.22137880325317383,
    0.22257263958454132,
    0.22383490204811096,
    0.235889732837677,
    0.2373613715171814,
    0.23891086876392365,
    0.24054040014743805,
    0.2532639801502228,
    0.2551429867744446,
    0.2571139931678772,
    0.27044883370399475,
    0.27270758152008057,
    0.2750728130340576,
    0.28911301493644714,
    0.29181137681007385,
    0.2946339547634125,
    0.30948925018310547,
    0.3126993179321289,
    0.32821136713027954,
    0.331854909658432,
    0.3480960428714752,
    0.3522258400917053,
    0.36927759647369385,
    0.38684922456741333,
    0.3919091820716858,
    0.4104427397251129,
    0.42959117889404297,
    0.4493936598300934,
    0.46989232301712036,
    0.4911324083805084,
    0.512145459651947,
    0.5451719760894775,
    0.553722083568573,
    0.6088591814041138,
    0.6497290730476379,
    0.700150728225708,
    0.7374287843704224,
    0.7877171039581299,
    0.8978394865989685,
    0.9466238021850586,
    1.0743587017059326,
    1.1337499618530273,
    1.1514136791229248,
    1.1525425910949707,
    1.1834169626235962,
    1.1898629665374756,
    1.2064787149429321,
    1.2342015504837036,
    1.2378073930740356,
    1.2565653324127197,
    1.2962805032730103,
    1.3038389682769775,
    1.3214755058288574,
    1.3493417501449585,
    1.3487720489501953,
    1.4117118120193481,
    1.3132482767105103,
    1.506687045097351,
    1.5411808490753174,
    1.594175934791565,
    1.6136791706085205,
    1.6518194675445557,
    1.6810072660446167,
    1.7434344291687012,
    1.797463297843933,
    1.830153465270996,
    1.8721201419830322,
    1.9043785333633423,
    1.937991738319397,
    1.9730349779129028,
    1.1609083414077759,
    1.1305283308029175,
    1.1426620483398438,
    1.143056035041809,
    1.1561763286590576,
    1.1698933839797974,
    1.171501636505127,
    1.1734429597854614,
    1.1887916326522827,
    1.2048484086990356,
    1.2082254886627197,
    1.2256195545196533,
    1.2300127744674683,
    1.2278666496276855,
    1.2558610439300537,
    1.2638314962387085,
    1.284708023071289,
    1.2864004373550415,
    1.3112505674362183,
    1.328603744506836,
    1.3230787515640259,
    1.3630988597869873,
    1.3751087188720703,
    1.3980748653411865,
    1.419968843460083,
    1.4408937692642212,
    1.4609451293945312,
    1.4802095890045166,
    1.5182849168777466,
    1.5283652544021606,
    1.5305452346801758,
    1.5813807249069214,
    1.6124114990234375,
    1.6253530979156494,
    1.6719459295272827,
    1.7160817384719849,
    1.7397651672363281,
    1.7361998558044434,
    1.720152735710144,
    1.1112829446792603,
    1.1043927669525146,
    1.0871981382369995,
    1.0810670852661133,
    1.064726710319519,
    1.0593063831329346,
    1.0541995763778687,
    1.0390093326568604,
    1.024208426475525,
    1.0200859308242798,
    1.0162461996078491,
    1.0024549961090088,
    0.9991993308067322,
    0.9962096810340881,
    0.4967411458492279,
    0.49550682306289673,
    0.484310507774353,
    0.48335036635398865,
    0.48251283168792725,
    0.4817969501018524,
    0.4812016785144806,
    0.5011997818946838,
    0.5308462381362915,
    0.5604028701782227,
    0.6001250147819519,
    0.6399134993553162,
    0.6897798180580139,
    0.7497050762176514,
    0.8196901679039001,
    0.899732768535614,
    1.4052411317825317,
    1.4073290824890137,
    1.3997020721435547,
    1.402482509613037,
    1.3955090045928955,
    1.3989852666854858,
    2.309739112854004,
    2.0117440223693848,
    1.9918290376663208,
    1.9914318323135376,
    1.9989560842514038,
    null,
    2.3933627605438232,
    2.3476309776306152,
    2.304281234741211,
    2.2742979526519775,
    2.227041244506836,
    2.1803295612335205,
    2.1663129329681396,
