{
  "step": 270,
  "timestamp": 8.64,
  "robot_pose_odom": {
    "x": -0.25017874091171766,
    "y": -0.4352742167189795,
    "yaw_fused": -2.0935552480002837,
    "yaw_imu": -2.0937453066692853
  },
  "lidar_pose_relative_to_robot": {
    "x_offset": 0.0,
    "y_offset": 0.0,
    "yaw_offset": 0.0
  },
  "lidar_meta": {
    "fov": 6.283184,
    "horizontal_resolution": 400,
    "angle_min": -3.141592,
    "angle_increment": 0.015747328320802004
  },
  "ranges": [
    null,
    null,
    null,
    2.566246509552002,
    2.1650278568267822,
    1.907112956047058,
    1.9047566652297974,
    1.2545509338378906,
    1.1323295831680298,
    1.0309455394744873,
    0.9502156972885132,
    0.8798678517341614,
    0.8198159337043762,
    0.7700117230415344,
    0.7319905757904053,
    0.6807572841644287,
    0.6537277102470398,
    0.6114655137062073,
    0.5825403928756714,
    0.5669713020324707,
    0.533490002155304,
    0.520108163356781,
    null,
    null,
    null,
    null,
    0.4286663234233856,
    0.4290217161178589,
    0.3995007872581482,
    0.3824349343776703,
    0.3802958130836487,
    0.3674045205116272,
    null,
    null,
    0.3403276205062866,
    0.33446377515792847,
    0.33012616634368896,
    0.31932738423347473,
    0.30832138657569885,
    0.3106088936328888,
    0.29647526144981384,
    0.2929862439632416,
    0.2840704023838043,
    0.2865341901779175,
    0.27754849195480347,
    0.26846644282341003,
    0.2710632383823395,
    0.2618755102157593,
    0.2645917534828186,
    0.25527551770210266,
    0.2581093907356262,
    null,
    null,
    null,
    null,
    null,
    null,
    null,
    null,
    null,
    null,
    null,
    null,
    null,
    null,
    null,
    null,
    null,
    null,
    null,
    null,
    null,
    null,
    null,
    null,
    null,
    null,
    null,
    null,
    null,
    null,
    null,
    null,
    null,
    null,
    null,
    null,
    null,
    null,
    null,
    null,
    null,
    null,
    null,
    null,
    null,
    null,
    null,
    null,
    null,
    null,
    null,
    null,
    null,
    null,
    null,
    null,
    null,
    null,
    null,
    null,
    null,
    null,
    null,
    null,
    null,
    null,
    null,
    null,
    null,
    null,
    null,
    null,
    null,
    null,
    null,
    null,
    null,
    null,
    null,
    null,
    null,
    null,
    null,
    null,
    0.21928587555885315,
    0.23124107718467712,
    0.2296067625284195,
    0.22805127501487732,
    0.23736140131950378,
    0.235889732837677,
    0.2451525181531906,
    0.243770033121109,
    0.24246251583099365,
    0.25171637535095215,
    0.2505028545856476,
    0.2597523331642151,
    0.26898401975631714,
    0.26790136098861694,
    0.2771580219268799,
    0.27618658542633057,
    0.28548553586006165,
    0.2846313416957855,
    0.2939896583557129,
    0.2932591438293457,
    0.30366548895835876,
    0.312163770198822,
    0.31162288784980774,
    0.3207663893699646,
    0.33114129304885864,
    0.3402928411960602,
    0.3502700626850128,
    0.3500971794128418,
    0.37001141905784607,
    0.37001141905784607,
    0.38002315163612366,
    0.40045425295829773,
    0.4108418822288513,
    0.42136651277542114,
    0.4311783015727997,
    0.4529317617416382,
    0.46245676279067993,
    0.48625287413597107,
    0.5080856084823608,
    0.5302457213401794,
    0.5451004505157471,
    0.5662735104560852,
    0.6092228293418884,
    0.6330366730690002,
    0.6491455435752869,
    0.6517688632011414,
    0.664965808391571,
    0.6680076718330383,
    0.6712434887886047,
    0.6852200627326965,
    0.6889153122901917,
    0.6928223371505737,
    0.696946918964386,
    0.7120841145515442,
    0.7167325615882874,
    0.7325547933578491,
    0.7377689480781555,
    0.743242621421814,
    0.7601631879806519,
    0.766271710395813,
    0.7840343117713928,
    0.790834367275238,
    0.809516429901123,
    0.8170718550682068,
    0.8249750733375549,
    0.8451436758041382,
    0.8539097309112549,
    0.8752303123474121,
    0.8972373604774475,
    0.9075360894203186,
    0.9308826327323914,
    0.9422945976257324,
    0.9671231508255005,
    0.9928366541862488,
    1.0194867849349976,
    1.0337038040161133,
    1.0622031688690186,
    1.091808557510376,
    1.1295698881149292,
    1.150582194328308,
    1.162376880645752,
    1.22123384475708,
    1.2532464265823364,
    1.296565055847168,
    1.3338897228240967,
    1.3770745992660522,
    1.4018911123275757,
    1.4380054473876953,
    1.4602341651916504,
    1.490823745727539,
    1.5292282104492188,
    1.5660176277160645,
    1.5887876749038696,
    1.6470963954925537,
    1.6819266080856323,
    1.7266207933425903,
    1.8036433458328247,
    0.7048652172088623,
    0.6873911023139954,
    0.6653774976730347,
    0.6741058826446533,
    0.682663083076477,
    0.6910713315010071,
    0.6993517279624939,
    0.707523763179779,
    0.7400237321853638,
    0.7076693177223206,
    0.7228733897209167,
    0.7275922298431396,
    0.7434886693954468,
    0.7487807273864746,
    0.7654291987419128,
    0.7713422179222107,
    0.7888093590736389,
    0.7953973412513733,
    0.8137573003768921,
    0.8326457738876343,
    0.8404170870780945,
    0.8603314757347107,
    0.8808543086051941,
    0.8899904489517212,
    0.9084542989730835,
    0.9341102838516235,
    0.9572641849517822,
    0.9686213731765747,
    0.9932296872138977,
    1.0187032222747803,
    1.0450915098190308,
    1.0729292631149292,
    1.100827693939209,
    1.1302934885025024,
    1.1747312545776367,
    1.213763952255249,
    1.2347773313522339,
    1.2838300466537476,
    1.298094391822815,
    1.3740694522857666,
    1.4181345701217651,
    1.4761916399002075,
    1.4571325778961182,
    1.4516429901123047,
    1.4466420412063599,
    1.429680347442627,
    1.4380379915237427,
    1.4222493171691895,
    1.4160056114196777,
    1.416508674621582,
    1.4142433404922485,
    1.4006948471069336,
    1.3877428770065308,
    1.386825680732727,
    1.3866336345672607,
    0.9014963507652283,
    0.8943096399307251,
    0.8985472321510315,
    0.8919298648834229,
    0.8856260776519775,
    0.8796263933181763,
    0.8847106695175171,
    0.8899475932121277,
    0.8846808075904846,
    0.8796918988227844,
    0.8855152726173401,
    0.8810073137283325,
    0.8871976137161255,
    0.8831579089164734,
    0.889716386795044,
    0.8861352801322937,
    0.8930648565292358,
    0.8899345993995667,
    0.887044370174408,
    0.8945556879043579,
    0.8921065926551819,
    0.9000021815299988,
    0.8979924321174622,
    0.9062819480895996,
    0.9047115445137024,
    0.9134066700935364,
    0.9122781753540039,
    0.9113768935203552,
    0.9207098484039307,
    0.9202553629875183,
    0.9300287365913391,
    0.9300287365913391,
    0.940178632736206,
    0.9210010766983032,
    0.8822175860404968,
    0.8411577939987183,
    0.8143267035484314,
    0.782931387424469,
    0.7668126821517944,
    0.7346132397651672,
    0.7204456329345703,
    0.6862632036209106,
    0.6670853495597839,
    0.6478407382965088,
    0.6313543319702148,
    0.6296043395996094,
    0.5997352004051208,
    0.5848409533500671,
    0.5667777061462402,
    0.5569508075714111,
    0.5481066703796387,
    0.5376342535018921,
    0.5405335426330566,
    0.5435990691184998,
    0.5575575232505798,
    0.5610359907150269,
    1.1815122365951538,
    1.1634701490402222,
    1.1450971364974976,
    1.1263489723205566,
    1.1285954713821411,
    1.0875356197357178,
    1.0677355527877808,
    1.0698233842849731,
    1.0370382070541382,
    1.02681303024292,
    1.0302051305770874,
    1.0019805431365967,
    1.0014007091522217,
    0.9757223725318909,
    0.968093752861023,
    0.9601095914840698,
    0.9517238736152649,
    0.9422945976257324,
    0.9542281627655029,
    0.9667094349861145,
    0.9797665476799011,
    1.0068542957305908,
    1.0213491916656494,
    1.036527156829834,
    1.0524265766143799,
