{
  "step": 785,
  "timestamp": 25.12,
  "robot_pose_odom": {
    "x": -3.090741176244297,
    "y": -0.7495072461729899,
    "yaw_fused": 2.778215214891959,
    "yaw_imu": 2.7787044236892315
  },
  "lidar_pose_relative_to_robot": {
    "x_offset": 0.0,
    "y_offset": 0.0,
    "yaw_offset": 0.0
  },
  "lidar_meta": {
    "fov": 6.283184,
    "horizontal_resolution": 400,
    "angle_min": -3.141592,
    "angle_increment": 0.015747328320802004
  },
  "ranges": [
    1.5660024881362915,
    1.518460750579834,
    1.4692758321762085,
    1.4573323726654053,
    1.375170111656189,
    1.3375076055526733,
    1.2982661724090576,
    1.2572972774505615,
    1.2240267992019653,
    1.1989957094192505,
    1.170318603515625,
    1.126966953277588,
    1.1273614168167114,
    1.086651086807251,
    1.0581797361373901,
    1.0303510427474976,
    0.9627114534378052,
    0.8561144471168518,
    0.8279796242713928,
    0.7862968444824219,
    0.6989026665687561,
    0.6601852774620056,
    null,
    null,
    null,
    0.5087565779685974,
    0.4823388159275055,
    0.4628293514251709,
    0.4301823079586029,
    0.42545920610427856,
    0.40005582571029663,
    0.38300177454948425,
    null,
    0.3501737117767334,
    0.3469357192516327,
    0.3323797285556793,
    0.31815895438194275,
    0.31552374362945557,
    0.2906506359577179,
    0.288422554731369,
    0.2862984836101532,
    0.2733413875102997,
    0.27148962020874023,
    0.2589397132396698,
    0.25733423233032227,
    0.2451525181531906,
    0.243770033121109,
    0.24246251583099365,
    0.2307400107383728,
    0.22962763905525208,
    0.22858205437660217,
    0.2172563374042511,
    0.21638187766075134,
    0.20530225336551666,
    0.20458266139030457,
    0.2039182335138321,
    null,
    null,
    null,
    null,
    null,
    null,
    null,
    null,
    null,
    null,
    null,
    null,
    null,
    null,
    null,
    null,
    null,
    null,
    null,
    null,
    null,
    null,
    null,
    null,
    null,
    null,
    null,
    null,
    null,
    null,
    null,
    null,
    null,
    null,
    null,
    null,
    null,
    null,
    null,
    null,
    null,
    null,
    null,
    null,
    null,
    null,
    null,
    null,
    null,
    null,
    null,
    null,
    null,
    null,
    null,
    null,
    null,
    null,
    null,
    null,
    null,
    null,
    null,
    null,
    null,
    null,
    null,
    null,
    null,
    null,
    null,
    null,
    null,
    null,
    null,
    null,
    null,
    null,
    null,
    null,
    null,
    null,
    null,
    null,
    null,
    null,
    null,
    null,
    null,
    null,
    null,
    null,
    null,
    null,
    null,
    null,
    null,
    null,
    null,
    null,
    null,
    null,
    null,
    null,
    null,
    null,
    null,
    null,
    null,
    null,
    null,
    null,
    null,
    null,
    null,
    null,
    null,
    null,
    0.2723598778247833,
    0.2842928469181061,
    0.2912820279598236,
    0.3004637658596039,
    0.3145833909511566,
    0.31834277510643005,
    0.3396463692188263,
    0.3356640636920929,
    0.353547602891922,
    0.36143508553504944,
    0.381692498922348,
    0.39072147011756897,
    0.42915233969688416,
    0.4431900680065155,
    0.4472481906414032,
    0.5006719827651978,
    0.5105876326560974,
    0.5238898396492004,
    0.6085438132286072,
    0.6289506554603577,
    0.6605916023254395,
    0.6778866648674011,
    0.6732942461967468,
    0.6689276099205017,
    0.6647801399230957,
    0.660845935344696,
    0.6677179336547852,
    0.6641364693641663,
    0.660755455493927,
    0.6575700640678406,
    0.6545758843421936,
    0.6621145606040955,
    0.6594495177268982,
    0.6569672226905823,
    0.6546645164489746,
    0.6627342700958252,
    0.6607513427734375,
    0.6589423418045044,
    0.6573049426078796,
    0.6659269332885742,
    0.6646067500114441,
    0.6634551286697388,
    0.6624707579612732,
    0.6616522669792175,
    0.6710137724876404,
    0.6705169677734375,
    0.6701859831809998,
    0.6700206398963928,
    0.6800209879875183,
    0.680188775062561,
    0.6805247068405151,
    0.6810289025306702,
    0.6917273998260498,
    0.6925831437110901,
    0.6936122179031372,
    0.6948161721229553,
    0.7062861919403076,
    0.707866907119751,
    0.7096301913261414,
    0.711578369140625,
    0.7239096760749817,
    0.726268470287323,
    0.7288230061531067,
    0.7315767407417297,
    0.7448787093162537,
    0.7480865120887756,
    0.7619462013244629,
    0.7656370997428894,
    0.769554853439331,
    0.7737048864364624,
    0.7887516021728516,
    0.7934472560882568,
    0.7983973622322083,
    0.8144688606262207,
    0.8200240731239319,
    0.825860857963562,
    0.8319880962371826,
    0.8495941162109375,
    0.8564212918281555,
    0.8749368190765381,
    0.8825252652168274,
    0.9020325541496277,
    0.9104514718055725,
    0.9192578792572021,
    0.9403711557388306,
    0.9501248598098755,
    0.9724781513214111,
    0.9832738041877747,
    1.0069921016693115,
    1.0189390182495117,
    1.0441642999649048,
    1.0702829360961914,
    1.0842821598052979,
    1.1121673583984375,
    1.1276768445968628,
    0.5311015844345093,
    0.5251737236976624,
    0.5122155547142029,
    0.5191975831985474,
    0.5113538503646851,
    0.5038660168647766,
    0.5101398229598999,
    0.5031236410140991,
    0.49641865491867065,
    0.4900093078613281,
    0.48388123512268066,
    0.4906005561351776,
    0.484848290681839,
    0.4793461859226227,
    0.4740833342075348,
    0.4690491855144501,
    0.4642341732978821,
    0.4714146852493286,
    0.46689847111701965,
    0.46258118748664856,
    0.458454966545105,
    0.45451289415359497,
    0.4507482349872589,
    0.4418000280857086,
    0.45482027530670166,
    0.4514707922935486,
    0.4482799768447876,
    0.44524306058883667,
    0.4423554837703705,
    0.444858193397522,
    0.44306764006614685,
    0.44139984250068665,
    0.4398527145385742,
    0.4384241998195648,
    0.43711239099502563,
    0.43591567873954773,
    0.43483251333236694,
    0.43386149406433105,
    0.443071186542511,
    0.4423034191131592,
    0.4416472017765045,
    0.4411015510559082,
    0.4406657814979553,
    0.44033950567245483,
    0.44012215733528137,
    0.440013587474823,
    0.440013587474823,
    0.44012215733528137,
    0.44033950567245483,
    0.4406657814979553,
    0.4411015510559082,
    0.4416472017765045,
    0.4523557722568512,
    0.4531409740447998,
    0.45404112339019775,
    0.455057293176651,
    0.4561908543109894,
    0.4574432373046875,
    0.4588159918785095,
    0.46031099557876587,
    0.4619300663471222,
    0.4636753797531128,
    0.46554917097091675,
    0.46755409240722656,
    0.48013049364089966,
    0.4824562668800354,
    0.48492497205734253,
    0.487540066242218,
    0.4903050363063812,
    0.49322396516799927,
    0.4963010549545288,
    0.49954086542129517,
    0.5029480457305908,
    0.5065279603004456,
    0.5102859735488892,
    0.5142279863357544,
    0.5296289920806885,
    0.5340523719787598,
    0.5386842489242554,
    0.5435324907302856,
    0.5486053824424744,
    0.5539118051528931,
    0.5594613552093506,
    0.5652641654014587,
    0.5834869146347046,
    0.5899643301963806,
    0.5967360734939575,
    0.6038157343864441,
    0.6112180948257446,
    0.6189587712287903,
    0.627054750919342,
    0.6487643122673035,
    0.6578114628791809,
    0.6672815084457397,
    0.6771976947784424,
    0.6875853538513184,
    0.7085986137390137,
    0.7048390507698059,
    0.7217540144920349,
    0.7541581988334656,
    0.7674434185028076,
    0.7877075672149658,
    0.7892823219299316,
    1.9337517023086548,
    1.9997644424438477,
    2.01788330078125,
    2.125598907470703,
    2.1678261756896973,
    2.859233856201172,
    2.8449223041534424,
    2.8284881114959717,
    2.8013906478881836,
    2.775487184524536,
    2.7621910572052,
    2.7501730918884277,
