{
  "step": 355,
  "timestamp": 11.36,
  "robot_pose_odom": {
    "x": -0.47212285554131833,
    "y": -0.8203240152897071,
    "yaw_fused": -2.5969704429687925,
    "yaw_imu": -2.5973127371570874
  },
  "lidar_pose_relative_to_robot": {
    "x_offset": 0.0,
    "y_offset": 0.0,
    "yaw_offset": 0.0
  },
  "lidar_meta": {
    "fov": 6.283184,
    "horizontal_resolution": 400,
    "angle_min": -3.141592,
    "angle_increment": 0.015747328320802004
  },
  "ranges": [
    0.41680607199668884,
    0.4070671498775482,
    0.4052136242389679,
    0.38278499245643616,
    0.3812442719936371,
    0.3729768395423889,
    0.36087191104888916,
    0.3466610014438629,
    0.34562379121780396,
    0.3345399498939514,
    0.33370867371559143,
    0.32287368178367615,
    0.3222335875034332,
    0.31162288784980774,
    0.31116053462028503,
    0.3007510304450989,
    0.30045393109321594,
    0.29022377729415894,
    0.2900805175304413,
    0.2800086438655853,
    0.2800086438655853,
    0.28007772564888,
    null,
    null,
    null,
    0.26097333431243896,
    0.26136112213134766,
    0.25174498558044434,
    0.25224506855010986,
    0.2528096139431,
    0.24330179393291473,
    0.24396972358226776,
    null,
    null,
    0.23609758913516998,
    0.23698963224887848,
    0.23794735968112946,
    0.2285819947719574,
    0.22962763905525208,
    0.23073995113372803,
    0.22137880325317383,
    0.22257263958454132,
    0.22383490204811096,
    0.22516746819019318,
    0.21578305959701538,
    0.217191681265831,
    null,
    null,
    null,
    null,
    null,
    null,
    null,
    null,
    null,
    null,
    null,
    null,
    null,
    null,
    null,
    null,
    null,
    null,
    null,
    null,
    null,
    null,
    null,
    null,
    null,
    null,
    null,
    null,
    null,
    null,
    null,
    null,
    null,
    null,
    null,
    null,
    null,
    null,
    null,
    null,
    null,
    null,
    null,
    null,
    null,
    0.2218635380268097,
    0.2202296406030655,
    0.22960680723190308,
    0.2280513197183609,
    0.22657231986522675,
    0.2172563374042511,
    0.23588977754116058,
    0.23736143112182617,
    0.23891088366508484,
    0.24054044485092163,
    0.24225258827209473,
    0.24404987692832947,
    0.24593520164489746,
    0.2479115128517151,
    0.24998202919960022,
    0.2636115252971649,
    0.25441956520080566,
    0.25679412484169006,
    0.25927796959877014,
    0.26187559962272644,
    0.2645917534828186,
    0.25527554750442505,
    0.2581094205379486,
    0.2610720694065094,
    0.26416945457458496,
    0.2546742856502533,
    0.25789955258369446,
    null,
    null,
    null,
    null,
    null,
    null,
    null,
    null,
    null,
    null,
    null,
    0.2612728476524353,
    0.270794540643692,
    0.26740792393684387,
    0.2641693949699402,
    0.2735040783882141,
    0.2704003155231476,
    0.26743149757385254,
    0.276618629693985,
    0.2737790048122406,
    0.27106329798698425,
    0.2801389694213867,
    0.27754858136177063,
    0.28653424978256226,
    0.2840704917907715,
    0.2817176282405853,
    0.2906506359577179,
    0.288422554731369,
    0.297309935092926,
    0.2952086925506592,
    0.2932087779045105,
    0.30209633708000183,
    0.30022329092025757,
    0.3091053366661072,
    0.30736222863197327,
    0.30571362376213074,
    0.3146454393863678,
    0.3131285607814789,
    0.3220928907394409,
    0.33105728030204773,
    0.3297247588634491,
    0.3387487232685089,
    0.33756139874458313,
    0.3466610014438629,
    0.34562379121780396,
    0.3548150956630707,
    0.3539334535598755,
    0.3642042875289917,
    0.3725825846195221,
    0.37193697690963745,
    0.38099101185798645,
    0.39066120982170105,
    0.4006052315235138,
    0.40030863881111145,
    0.41003137826919556,
    0.4199863374233246,
    0.4299866855144501,
    0.4402045011520386,
    0.45049282908439636,
    0.46047452092170715,
    0.4714916944503784,
    0.4822283983230591,
    0.4919891953468323,
    0.5042439699172974,
    0.5155510902404785,
    0.5246107578277588,
    0.5489749312400818,
    0.5571815967559814,
    0.5835156440734863,
    0.5904377698898315,
    0.6090419888496399,
    0.6470364332199097,
    0.6718237400054932,
    0.6971715092658997,
    0.7231193780899048,
    0.7605916261672974,
    0.7859581708908081,
    0.8274872899055481,
    0.8669072985649109,
    0.8923157453536987,
    0.9540054798126221,
    0.9838835597038269,
    1.0081475973129272,
    1.0351753234863281,
    1.0675220489501953,
    1.078996181488037,
    1.1323986053466797,
    1.169631838798523,
    1.2227373123168945,
    1.2645599842071533,
    1.3065890073776245,
    1.3699530363082886,
    1.4361307621002197,
    1.47297203540802,
    1.5705443620681763,
    1.6260254383087158,
    1.7490166425704956,
    1.794176459312439,
    1.8973228931427002,
    1.9213513135910034,
    1.9595460891723633,
    1.9860131740570068,
    2.0271334648132324,
    2.069934368133545,
    2.1145153045654297,
    2.1469502449035645,
    2.1959574222564697,
    2.24361252784729,
    2.2880537509918213,
    2.3430228233337402,
    2.39452862739563,
    2.453474998474121,
    2.468318462371826,
    2.587308883666992,
    2.6578407287597656,
    2.6959543228149414,
    2.8095743656158447,
    2.849351406097412,
    2.984543800354004,
    3.044546604156494,
    3.2731120586395264,
    1.7659094333648682,
    0.38162946701049805,
    0.3782253563404083,
    0.3749731481075287,
    0.371867299079895,
    0.36890286207199097,
    0.3660748600959778,
    0.3633789122104645,
    0.36081069707870483,
    0.37356409430503845,
    0.4008667469024658,
    0.3572387993335724,
    0.37094035744667053,
    0.36954405903816223,
    0.3813301920890808,
    0.4023386836051941,
    0.42061349749565125,
    0.450691819190979,
    0.48169419169425964,
    0.5174941420555115,
    0.5601381659507751,
    0.6160736083984375,
    0.6750975847244263,
    0.7647390365600586,
    0.8635174632072449,
    0.9926587343215942,
    1.1789257526397705,
    1.3500417470932007,
    1.3500417470932007,
    1.3503748178482056,
    1.341033935546875,
    1.3420275449752808,
    1.34335458278656,
    1.345016360282898,
    1.3470149040222168,
    1.3493530750274658,
    1.3520334959030151,
    1.344947099685669,
    1.348297357559204,
    1.3519988059997559,
    1.3560560941696167,
    1.360474705696106,
    1.3652600049972534,
    1.3704183101654053,
    1.365610957145691,
    1.3714919090270996,
    1.3777657747268677,
    1.3844397068023682,
    1.391523838043213,
    1.3990280628204346,
    1.406962275505066,
    1.4153382778167725,
    0.9357655048370361,
    0.9122051000595093,
    0.9184269309043884,
    0.9249640703201294,
    0.9318265914916992,
    0.9390250444412231,
    0.946570873260498,
    0.954476535320282,
    0.9627548456192017,
    0.9714196920394897,
    0.969176709651947,
    0.9850910902023315,
    0.9879848957061768,
    0.9982324838638306,
    1.0089460611343384,
    1.0201466083526611,
    1.0318561792373657,
    1.0440980195999146,
    1.0568979978561401,
    1.0573879480361938,
    1.071218490600586,
    1.085687279701233,
    1.1008273363113403,
    1.1166751384735107,
    1.1332696676254272,
    1.1506530046463013,
    1.1506540775299072,
    1.1332706212997437,
    1.1166760921478271,
    1.1008280515670776,
    1.0856878757476807,
    1.0581555366516113,
    1.044493556022644,
    1.0314310789108276,
    1.0189396142959595,
    1.0069925785064697,
    0.9955651760101318,
    0.9846346378326416,
    0.9621521234512329,
    0.9522752165794373,
    0.9428293704986572,
    0.9337969422340393,
    0.9251623749732971,
    0.91690993309021,
    0.9090257883071899,
    0.9014964699745178,
    0.894309937953949,
    0.8874541521072388,
    0.880918562412262,
    0.883375346660614,
    0.8991909027099609,
    1.359433889389038,
    1.340282917022705,
    1.3548732995986938,
    1.4074078798294067,
    1.434559941291809,
    1.4644296169281006,
