{
  "step": 480,
  "timestamp": 15.36,
  "robot_pose_odom": {
    "x": -1.1518224975096139,
    "y": -1.0534025612858153,
    "yaw_fused": -3.0852700260909027,
    "yaw_imu": -3.0818750297986175
  },
  "lidar_pose_relative_to_robot": {
    "x_offset": 0.0,
    "y_offset": 0.0,
    "yaw_offset": 0.0
  },
  "lidar_meta": {
    "fov": 6.283184,
    "horizontal_resolution": 400,
    "angle_min": -3.141592,
    "angle_increment": 0.015747328320802004
  },
  "ranges": [
    0.7971018552780151,
    0.7932590842247009,
    0.7792569994926453,
    0.7759155035018921,
    0.754173994064331,
    0.7151583433151245,
    0.6796473860740662,
    0.6572365164756775,
    0.6264232397079468,
    0.6113467812538147,
    0.5889851450920105,
    0.5630861520767212,
    0.5445232391357422,
    0.5321985483169556,
    0.512340784072876,
    0.5009366273880005,
    0.48094791173934937,
    0.47021690011024475,
    0.4602101445198059,
    0.4499872624874115,
    0.4299866855144501,
    0.420198917388916,
    null,
    null,
    null,
    0.3910285532474518,
    0.3814133405685425,
    0.3733365535736084,
    0.36226171255111694,
    0.3539334535598755,
    0.3548150956630707,
    0.347539484500885,
    null,
    null,
    0.32848361134529114,
    0.3297247290611267,
    0.3207116723060608,
    0.311702698469162,
    0.3131285607814789,
    0.30415719747543335,
    0.30571359395980835,
    0.29676353931427,
    0.29844656586647034,
    0.28950101137161255,
    0.29130712151527405,
    0.28234919905662537,
    0.28427499532699585,
    0.2752869427204132,
    0.27732935547828674,
    0.279471755027771,
    0.27044883370399475,
    0.27270758152008057,
    0.2750728130340576,
    0.2659839689731598,
    0.2567940056324005,
    0.259277880191803,
    0.2618755102157593,
    0.25256484746932983,
    0.25527551770210266,
    0.2581093907356262,
    0.2486400157213211,
    null,
    null,
    null,
    null,
    null,
    null,
    null,
    null,
    null,
    null,
    null,
    null,
    null,
    null,
    null,
    null,
    null,
    null,
    null,
    null,
    null,
    null,
    null,
    null,
    null,
    0.23129059374332428,
    0.2292274832725525,
    0.22725644707679749,
    0.23664282262325287,
    0.23475636541843414,
    0.23295672237873077,
    0.2312411218881607,
    0.22960680723190308,
    0.23891091346740723,
    0.23736147582530975,
    0.22760188579559326,
    0.23588977754116058,
    0.23736143112182617,
    0.23891088366508484,
    0.24054044485092163,
    0.24225258827209473,
    0.24404987692832947,
    0.24593520164489746,
    0.2479115128517151,
    0.24998202919960022,
    0.25215017795562744,
    0.25441956520080566,
    0.25679412484169006,
    0.2523721158504486,
    0.2499721497297287,
    0.25256484746932983,
    0.25527554750442505,
    0.2581094205379486,
    0.2610720694065094,
    0.26416945457458496,
    0.26740798354148865,
    0.270794540643692,
    0.2743365168571472,
    0.2780419588088989,
    0.2819192707538605,
    0.28597787022590637,
    0.2764073312282562,
    0.2806471884250641,
    0.2876281440258026,
    0.2902277112007141,
    0.2995958924293518,
    0.2953440248966217,
    0.3045220971107483,
    0.3004637658596039,
    0.3094794750213623,
    0.3056090474128723,
    0.31448739767074585,
    0.31080007553100586,
    0.31956401467323303,
    0.31605541706085205,
    0.3247262239456177,
    0.3213927149772644,
    0.32999011874198914,
    0.3385012447834015,
    0.335371196269989,
    0.3438410758972168,
    0.34088456630706787,
    0.3493298590183258,
    0.3577238619327545,
    0.35498160123825073,
    0.3633788228034973,
    0.36081060767173767,
    0.37356439232826233,
    0.3776203989982605,
    0.3887862265110016,
    0.3943758010864258,
    0.3921518325805664,
    0.4021502435207367,
    0.4117603003978729,
    0.41750475764274597,
    0.4156036972999573,
    0.42965757846832275,
    0.4471653699874878,
    0.4482322037220001,
    0.4574587345123291,
    0.4713610112667084,
    0.4758581221103668,
    0.4881497621536255,
    0.5043858289718628,
    0.5136085748672485,
    0.5243836641311646,
    0.5422508716583252,
    0.5524905323982239,
    0.5707967281341553,
    0.5906710624694824,
    0.6006087064743042,
    0.6200072169303894,
    0.6400730013847351,
    0.6700737476348877,
    0.6900268793106079,
    0.7208467721939087,
    0.7406767010688782,
    0.772872805595398,
    0.8017004728317261,
    0.8467012643814087,
    0.8891582489013672,
    0.9243771433830261,
    0.985834002494812,
    1.0177112817764282,
    1.0762040615081787,
    1.1591840982437134,
    1.1894314289093018,
    1.1975858211517334,
    1.2302610874176025,
    1.236609697341919,
    1.2826584577560425,
    1.2971885204315186,
    1.3265562057495117,
    1.3567781448364258,
    1.3879033327102661,
    1.4152582883834839,
    1.45307457447052,
    1.4872339963912964,
    1.5225242376327515,
    1.5590096712112427,
    1.5965677499771118,
    1.646944522857666,
    1.6661220788955688,
    1.752177119255066,
    1.7945866584777832,
    1.857028841972351,
    1.919968843460083,
    1.983228325843811,
    2.065289258956909,
    2.1461524963378906,
    2.234480619430542,
    2.3469245433807373,
    2.432868480682373,
    2.546765089035034,
    2.6456379890441895,
    2.624328136444092,
    2.614993095397949,
    2.6205034255981445,
    2.594094753265381,
    2.579921245574951,
    2.5830345153808594,
    2.5444092750549316,
    1.192750096321106,
    1.1856989860534668,
    1.1823745965957642,
    1.2660146951675415,
    1.4577356576919556,
    1.7397565841674805,
    2.1824188232421875,
    2.5247280597686768,
    2.5206847190856934,
    2.5241613388061523,
    2.508420944213867,
    2.5225303173065186,
    2.522775173187256,
    2.528818130493164,
    2.525620460510254,
    2.5240936279296875,
    2.532560110092163,
    2.5172998905181885,
    2.536590814590454,
    2.5449023246765137,
    2.5325896739959717,
    2.549252510070801,
    2.557368278503418,
    2.565577745437622,
    2.573911428451538,
    2.5823981761932373,
    2.5910656452178955,
    2.6077115535736084,
    2.6192986965179443,
    2.6312685012817383,
    2.6550498008728027,
    1.482305645942688,
    1.391330361366272,
    1.3458906412124634,
    1.2904398441314697,
    1.226098895072937,
    1.1743959188461304,
    0.9365967512130737,
    0.9046639204025269,
    0.8712325692176819,
    0.8419358730316162,
    0.810916543006897,
    0.7903842329978943,
    0.7700769901275635,
    0.7500762939453125,
    0.7201175093650818,
    0.7106934785842896,
    0.6914870738983154,
    0.6710472106933594,
    0.6520018577575684,
    0.6439264416694641,
    0.6235736012458801,
    0.6164491176605225,
    0.6079762578010559,
    0.5864333510398865,
    0.5775123834609985,
    0.5733197331428528,
    0.5523731708526611,
    0.5543160438537598,
    0.5317053198814392,
    0.5227677226066589,
    0.5091144442558289,
    0.5114433169364929,
    0.5061540007591248,
    0.493906706571579,
    0.48780304193496704,
    0.47846490144729614,
    0.471779465675354,
    0.4747227430343628,
    0.45610255002975464,
    0.4592134654521942,
    0.45151880383491516,
    0.44372695684432983,
    0.44715479016304016,
    0.43947935104370117,
    0.43178701400756836,
    0.43553197383880615,
    0.4278872609138489,
    0.4202083647251129,
    0.4242728650569916,
    0.416620135307312,
    0.4089145362377167,
    0.4011472463607788,
    0.4056004583835602,
    0.3978240489959717,
    0.4025438129901886,
    0.3947450518608093,
    0.38684922456741333,
    0.3919091820716858,
    0.3839625418186188,
    0.38931700587272644,
    0.38130372762680054,
    0.3731497526168823,
    0.3788735270500183,
    0.3788738548755646,
    0.3731500804424286,
    0.3813040256500244,
    0.3758925199508667,
    0.3707227110862732,
    0.3657821714878082,
    0.3739544749259949,
    0.3692777752876282,
    0.36480554938316345,
    0.36052820086479187,
    0.36872783303260803,
    0.3646794855594635,
    0.36080706119537354,
