{
  "step": 1210,
  "timestamp": 38.72,
  "robot_pose_odom": {
    "x": -2.5243500235517056,
    "y": 1.1629780559467269,
    "yaw_fused": 0.8871065013384298,
    "yaw_imu": 0.8867237423513474
  },
  "lidar_pose_relative_to_robot": {
    "x_offset": 0.0,
    "y_offset": 0.0,
    "yaw_offset": 0.0
  },
  "lidar_meta": {
    "fov": 6.283184,
    "horizontal_resolution": 400,
    "angle_min": -3.141592,
    "angle_increment": 0.015747328320802004
  },
  "ranges": [
    1.260833978652954,
    1.171517252922058,
    1.0923303365707397,
    1.023332953453064,
    0.9646229147911072,
    0.9147895574569702,
    0.864646315574646,
    0.8164737820625305,
    0.7790873646736145,
    0.7699155211448669,
    0.7192846536636353,
    0.7180606126785278,
    0.653540313243866,
    0.6337711215019226,
    0.6137571334838867,
    0.5872231721878052,
    0.572855532169342,
    0.5530765056610107,
    0.5496199727058411,
    0.5241085290908813,
    0.5038794875144958,
    0.4897630214691162,
    null,
    null,
    null,
    null,
    0.4427807033061981,
    0.4316157400608063,
    0.4200913906097412,
    0.4085359275341034,
    0.41248753666877747,
    0.3949054777622223,
    0.38802894949913025,
    null,
    0.3781294822692871,
    0.37296003103256226,
    0.3604876697063446,
    0.3565438985824585,
    0.34816429018974304,
    0.3527182638645172,
    0.34424227476119995,
    0.33561810851097107,
    0.32683175802230835,
    0.33168867230415344,
    0.32274413108825684,
    0.3227443993091583,
    0.31786859035491943,
    0.3132140040397644,
    0.3087688386440277,
    0.30452221632003784,
    0.3004639148712158,
    0.2965845763683319,
    0.2928754687309265,
    0.28932851552963257,
    0.285936176776886,
    0.2826913297176361,
    0.27958759665489197,
    0.27661874890327454,
    0.28359147906303406,
    0.2828488051891327,
    0.28013908863067627,
    0.27754873037338257,
    0.27507299184799194,
    0.2727077603340149,
    0.2704489529132843,
    0.26829299330711365,
    0.266236275434494,
    0.26427558064460754,
    0.2624077796936035,
    0.2606301009654999,
    0.25893980264663696,
    0.25733429193496704,
    0.2589397430419922,
    0.2606300711631775,
    0.2514740824699402,
    0.25326406955718994,
    0.25514304637908936,
    0.257114052772522,
    0.2591802179813385,
    0.24998202919960022,
    0.25215017795562744,
    0.25441956520080566,
    0.25679412484169006,
    0.24749261140823364,
    0.2499721497297287,
    0.25256484746932983,
    0.25527554750442505,
    0.2581094205379486,
    0.2486400455236435,
    0.25158995389938354,
    null,
    null,
    null,
    null,
    null,
    null,
    null,
    null,
    null,
    null,
    null,
    null,
    null,
    null,
    0.25789955258369446,
    0.26740792393684387,
    0.2641693949699402,
    0.2610720694065094,
    0.2704003155231476,
    0.26743149757385254,
    0.276618629693985,
    0.2737790048122406,
    0.27106329798698425,
    0.2684665024280548,
    0.27754858136177063,
    0.2750728726387024,
    0.2840704917907715,
    0.2817176282405853,
    0.2906506359577179,
    0.288422554731369,
    0.2862984836101532,
    0.2952086925506592,
    0.2932087779045105,
    0.30209633708000183,
    0.30022329092025757,
    0.3091053366661072,
    0.30736222863197327,
    0.30571362376213074,
    0.3146454393863678,
    0.3131285607814789,
    0.32676979899406433,
    0.33105728030204773,
    0.3297247588634491,
    0.3421815037727356,
    0.34779053926467896,
    0.3466610014438629,
    0.3557891845703125,
    0.3548150956630707,
    0.36527925729751587,
    0.3733226954936981,
    0.3725825846195221,
    0.3814132809638977,
    0.39102843403816223,
    0.4013165235519409,
    0.41062039136886597,
    0.4103163778781891,
    0.42003414034843445,
    0.4300398826599121,
    0.44004014134407043,
    0.45020726323127747,
    0.46020933985710144,
    0.47093266248703003,
    0.48088663816452026,
    0.5023033022880554,
    0.5132458806037903,
    0.5228755474090576,
    0.5458205342292786,
    0.5549479722976685,
    0.5793877243995667,
    0.5876777768135071,
    0.6070570945739746,
    0.6399102210998535,
    0.6638320088386536,
    0.6718624830245972,
    0.7235514521598816,
    0.754834771156311,
    0.7961827516555786,
    0.8285661935806274,
    0.8328059315681458,
    0.826435387134552,
    0.8408642411231995,
    0.8363363146781921,
    0.8415539264678955,
    0.8470475673675537,
    0.8528249859809875,
    0.8588952422142029,
    0.8652675747871399,
    0.8719518184661865,
    0.8676900267601013,
    0.8749368190765381,
    0.8825252652168274,
    0.8904680609703064,
    0.898779034614563,
    0.907472550868988,
    0.9165642857551575,
    0.914044201374054,
    0.9238542914390564,
    0.934110164642334,
    0.9448321461677551,
    0.9560415744781494,
    0.9677620530128479,
    0.9671231508255005,
    0.9797730445861816,
    0.9930065870285034,
    1.0068542957305908,
    1.0213491916656494,
    1.0165280103683472,
    1.0314126014709473,
    1.0594077110290527,
    1.0703462362289429,
    1.0712060928344727,
    1.1032012701034546,
    1.124925971031189,
    1.1404261589050293,
    1.1578599214553833,
    1.1709108352661133,
    1.1993712186813354,
    1.2115939855575562,
    1.235604166984558,
    1.258553147315979,
    1.2932162284851074,
    1.2932928800582886,
    1.3317465782165527,
    1.3189882040023804,
    1.3145887851715088,
    1.3370635509490967,
    1.3404428958892822,
    1.3438454866409302,
    1.3579987287521362,
    1.3507897853851318,
    1.3543635606765747,
    1.3580245971679688,
    1.3531103134155273,
    1.3764516115188599,
    1.402138352394104,
    1.3724496364593506,
    1.381011962890625,
    1.3900269269943237,
    1.399507999420166,
    1.4094696044921875,
    1.4199265241622925,
    1.4308956861495972,
    1.4423942565917969,
    1.4544408321380615,
    1.440216064453125,
    1.4302330017089844,
    0.41984501481056213,
    0.4124876856803894,
    0.4047168493270874,
    0.4089145362377167,
    0.4011472761631012,
    0.40560048818588257,
    0.4102560877799988,
    0.40254393219947815,
    0.42080411314964294,
    0.48221802711486816,
    0.4702911674976349,
    0.46340325474739075,
    0.4564407467842102,
    0.4493938088417053,
    0.4422517716884613,
    0.44903552532196045,
    0.4419841468334198,
    0.4422517716884613,
    0.4357758164405823,
    0.4295913279056549,
    0.42368292808532715,
    0.43110018968582153,
    0.42553427815437317,
    0.42021244764328003,
    0.4151233434677124,
    0.4102560877799988,
    0.4056004583835602,
    0.4011472463607788,
    0.4089145362377167,
    0.4047167897224426,
    0.4007022976875305,
    0.39686354994773865,
    0.3931938111782074,
    0.38968658447265625,
    0.3863358795642853,
    0.39440467953681946,
    0.3912605047225952,
    0.3882611393928528,
    0.38540178537368774,
    0.38267794251441956,
    0.38008546829223633,
    0.3776203989982605,
    0.3860013484954834,
    0.38371697068214417,
    0.38155311346054077,
    0.37950655817985535,
    0.37757453322410583,
    0.37575429677963257,
    0.374043345451355,
    0.3724394142627716,
    0.3812442719936371,
    0.3798092007637024,
    0.37847793102264404,
    0.37724876403808594,
    0.376120001077652,
    0.37509027123451233,
    0.3855040371417999,
    0.3723512887954712,
    0.3826523721218109,
    0.38198933005332947,
    0.38142257928848267,
    0.3809513449668884,
    0.3805749714374542,
    0.38029322028160095,
    0.38010549545288086,
    0.38001173734664917,
    0.3900120258331299,
    0.39010825753211975,
    0.3903009295463562,
    0.390590101480484,
    0.3909763693809509,
    0.39146000146865845,
    0.4020940065383911,
    0.40279194712638855,
    0.4035920798778534,
    0.40449535846710205,
    0.40550297498703003,
    0.4066161811351776,
    0.4156835973262787,
    0.48814642429351807,
    0.4824603199958801,
    0.4842832088470459,
    0.4862402677536011,
    0.47794416546821594,
    0.48013049364089966,
    0.4824562668800354,
