{
  "step": 685,
  "timestamp": 21.92,
  "robot_pose_odom": {
    "x": -2.5686381521906934,
    "y": -0.9694622429015084,
    "yaw_fused": 2.798400371244357,
    "yaw_imu": 2.8269030466139013
  },
  "lidar_pose_relative_to_robot": {
    "x_offset": 0.0,
    "y_offset": 0.0,
    "yaw_offset": 0.0
  },
  "lidar_meta": {
    "fov": 6.283184,
    "horizontal_resolution": 400,
    "angle_min": -3.141592,
    "angle_increment": 0.015747328320802004
  },
  "ranges": [
    1.2147773504257202,
    1.1835517883300781,
    1.139847993850708,
    1.1199500560760498,
    1.0453476905822754,
    1.0031208992004395,
    0.9875494241714478,
    0.9390830993652344,
    0.9018304347991943,
    0.8761681914329529,
    0.8492207527160645,
    0.7999147772789001,
    0.79984450340271,
    0.7877609729766846,
    0.7626076936721802,
    0.7383601069450378,
    0.7282050848007202,
    0.705436646938324,
    0.6963288187980652,
    0.6748866438865662,
    0.6541337370872498,
    0.6464641094207764,
    null,
    null,
    null,
    null,
    0.5892680883407593,
    0.5836228728294373,
    0.5666616559028625,
    0.5616071224212646,
    0.5567781329154968,
    0.5408978462219238,
    null,
    null,
    0.5285996198654175,
    0.5138818025588989,
    0.5104004740715027,
    0.4963010847568512,
    0.48528656363487244,
    0.46780601143836975,
    0.4554811418056488,
    0.4411976635456085,
    0.43273666501045227,
    0.4137478470802307,
    0.4005367159843445,
    0.3779298961162567,
    0.37094035744667053,
    0.36954405903816223,
    0.36087191104888916,
    0.3443119525909424,
    0.335458368062973,
    0.3345399498939514,
    0.32482972741127014,
    0.3127838969230652,
    0.312163770198822,
    0.30157050490379333,
    0.30112308263778687,
    0.2907260060310364,
    0.29043880105018616,
    0.2802160680294037,
    0.28007772564888,
    0.2700083255767822,
    0.2700083255767822,
    0.2700749337673187,
    0.2602006196975708,
    0.2603934109210968,
    0.250625878572464,
    0.2509359121322632,
    0.24125641584396362,
    0.24167518317699432,
    0.2421552538871765,
    0.24269722402095795,
    0.2331642061471939,
    0.23380431532859802,
    0.23450593650341034,
    0.22504092752933502,
    0.2258324921131134,
    0.22668574750423431,
    0.21725627779960632,
    0.21819190680980682,
    0.21919000148773193,
    0.20976358652114868,
    0.21083694696426392,
    null,
    null,
    null,
    null,
    null,
    null,
    null,
    null,
    null,
    null,
    null,
    null,
    null,
    null,
    null,
    null,
    null,
    null,
    null,
    null,
    null,
    null,
    null,
    null,
    null,
    null,
    null,
    null,
    null,
    null,
    null,
    null,
    null,
    null,
    null,
    null,
    null,
    null,
    null,
    null,
    null,
    null,
    null,
    null,
    null,
    null,
    null,
    null,
    null,
    null,
    null,
    null,
    null,
    null,
    null,
    null,
    null,
    0.20530225336551666,
    0.20458266139030457,
    0.2039182335138321,
    0.21347349882125854,
    0.21288906037807465,
    0.21236006915569305,
    0.2219756543636322,
    0.2215355932712555,
    0.2211517095565796,
    0.22082360088825226,
    0.2205507755279541,
    0.23034800589084625,
    0.23017746210098267,
    0.23006384074687958,
    0.2300070971250534,
    0.2400074005126953,
    0.24006663262844086,
    0.2401851862668991,
    0.250378280878067,
    0.250625878572464,
    0.2509359121322632,
    0.25130876898765564,
    0.26181477308273315,
    0.2623348534107208,
    0.2629219889640808,
    0.27371448278427124,
    0.2744659185409546,
    0.2752895653247833,
    0.2864157259464264,
    0.28742316365242004,
    0.29881301522254944,
    0.30002057552337646,
    0.311702698469162,
    0.3131285607814789,
    0.3251335918903351,
    0.3267972767353058,
    0.3391583263874054,
    0.34108176827430725,
    0.3538345694541931,
    0.3560420572757721,
    0.3692258894443512,
    0.3826778829097748,
    0.38540172576904297,
    0.39677688479423523,
    0.41361820697784424,
    0.42534053325653076,
    0.4431498050689697,
    0.44699332118034363,
    0.4703766703605652,
    0.4906060993671417,
    0.5018913745880127,
    0.5335622429847717,
    0.5500690340995789,
    0.5802426934242249,
    0.5993660688400269,
    0.6368775367736816,
    0.6710308790206909,
    0.7009459733963013,
    0.7556992769241333,
    0.7799307107925415,
    0.8483281135559082,
    0.9215576648712158,
    1.0033475160598755,
    1.1103451251983643,
    1.2347087860107422,
    1.2418285608291626,
    1.2300132513046265,
    1.2392380237579346,
    1.2327021360397339,
    1.2313289642333984,
    1.241046667098999,
    1.2250232696533203,
    1.2351704835891724,
    1.2284724712371826,
    1.2307686805725098,
    1.2262030839920044,
    1.2309976816177368,
    1.2387709617614746,
    1.2260544300079346,
    1.2325834035873413,
    1.2369168996810913,
    1.237404704093933,
    1.2417455911636353,
    1.2381775379180908,
    1.2424272298812866,
    1.2466790676116943,
    1.2509511709213257,
    1.2552601099014282,
    1.2596216201782227,
    1.2640501260757446,
    1.2685600519180298,
    1.26522696018219,
    1.273120403289795,
    1.2814310789108276,
    1.2901713848114014,
    1.2883433103561401,
    1.2979016304016113,
    1.3079280853271484,
    1.3184384107589722,
    1.3294498920440674,
    1.3409804105758667,
    0.9291903376579285,
    0.909724771976471,
    0.9054465889930725,
    0.8493273258209229,
    0.8361925482749939,
    0.7990504503250122,
    0.7808405160903931,
    0.7555069923400879,
    0.7590879201889038,
    0.7252301573753357,
    0.7014325857162476,
    0.6884850263595581,
    0.674763023853302,
    0.6601853966712952,
    0.6354292035102844,
    0.635736882686615,
    0.6104428172111511,
    0.6103724241256714,
    0.5942757725715637,
    0.5855737328529358,
    0.5772632956504822,
    0.5693238973617554,
    0.5617366433143616,
    0.5544840693473816,
    0.5475495457649231,
    0.5283387899398804,
    0.5221441388130188,
    0.5162187814712524,
    0.5105510354042053,
    0.5051296949386597,
    0.4999442398548126,
    0.4949851930141449,
    0.49024319648742676,
    0.4857099950313568,
    0.481377512216568,
    0.465505987405777,
    0.47328561544418335,
    0.45833373069763184,
    0.4548201858997345,
    0.45147067308425903,
    0.44827985763549805,
    0.4452429711818695,
    0.44235533475875854,
    0.4396126866340637,
    0.4370110034942627,
    0.4345465898513794,
    0.4322158098220825,
    0.4300154745578766,
    0.41750475764274597,
    0.4156036972999573,
    0.41382157802581787,
    0.4121559262275696,
    0.4106045067310333,
    0.40916532278060913,
    0.4078364670276642,
    0.4066161811351776,
    0.40550297498703003,
    0.40449535846710205,
    0.4035920798778534,
    0.40279194712638855,
    0.4020940065383911,
    0.40149742364883423,
    0.3909763693809509,
    0.390590101480484,
    0.3903009295463562,
    0.39010825753211975,
    0.3900120258331299,
    0.3900120258331299,
    0.39010825753211975,
    0.3903009295463562,
    0.390590101480484,
    0.3909763693809509,
    0.39146000146865845,
    0.3920416533946991,
    0.39272215962409973,
    0.39350229501724243,
    0.3943829834461212,
    0.3953653872013092,
    0.39645078778266907,
    0.39764052629470825,
    0.3989361822605133,
    0.3900742828845978,
    0.39154812693595886,
    0.39313042163848877,
    0.39482346177101135,
    0.39662954211235046,
    0.3985508382320404,
    0.4005902111530304,
    0.40275049209594727,
    0.405034601688385,
    0.40744590759277344,
    0.40998783707618713,
    0.4126642048358917,
    1.1284178495407104,
    1.1232188940048218,
    1.1400195360183716,
    1.133949637413025,
    1.0930640697479248,
    1.1021931171417236,
    1.1042075157165527,
    1.0870649814605713,
    1.0972107648849487,
    1.0960383415222168,
    1.1070191860198975,
    1.1185015439987183,
    1.130505919456482,
    1.1430559158325195,
