{
  "step": 1560,
  "timestamp": 49.92,
  "robot_pose_odom": {
    "x": -1.6524608804554028,
    "y": 1.0758974292443402,
    "yaw_fused": -2.732323913845917,
    "yaw_imu": -2.7300960130276146
  },
  "lidar_pose_relative_to_robot": {
    "x_offset": 0.0,
    "y_offset": 0.0,
    "yaw_offset": 0.0
  },
  "lidar_meta": {
    "fov": 6.283184,
    "horizontal_resolution": 400,
    "angle_min": -3.141592,
    "angle_increment": 0.015747328320802004
  },
  "ranges": [
    0.6321108937263489,
    0.6268371343612671,
    0.634032130241394,
    0.6289749145507812,
    0.6239519715309143,
    0.6318539381027222,
    0.6270549297332764,
    0.6355244517326355,
    0.6309621930122375,
    0.6264277100563049,
    0.635736882686615,
    0.631456196308136,
    1.2597424983978271,
    1.865749716758728,
    1.865665316581726,
    1.8526126146316528,
    1.8403728008270264,
    1.8250222206115723,
    1.8181918859481812,
    1.1205666065216064,
    1.1069955825805664,
    1.0940163135528564,
    null,
    null,
    null,
    null,
    1.04889714717865,
    1.038848638534546,
    1.0292426347732544,
    1.02006196975708,
    1.0112909078598022,
    1.0029147863388062,
    null,
    null,
    0.9910331964492798,
    0.9840289950370789,
    0.9773626327514648,
    0.9710239171981812,
    0.9757256507873535,
    0.9699512720108032,
    0.9644814729690552,
    0.9593082070350647,
    0.9544245600700378,
    0.9498233795166016,
    0.9454984664916992,
    0.9414440989494324,
    0.9376547932624817,
    0.9341252446174622,
    0.9308511018753052,
    0.9278279542922974,
    1.0700280666351318,
    1.254477620124817,
    2.1438252925872803,
    2.1390380859375,
    2.1347973346710205,
    2.14115047454834,
    2.1379737854003906,
    2.1353323459625244,
    2.133222818374634,
    2.141651153564453,
    2.140594005584717,
    2.140065908432007,
    2.140065908432007,
    2.150596857070923,
    2.151658773422241,
    2.1532530784606934,
    2.1553823947906494,
    2.168086051940918,
    2.1713075637817383,
    2.175076484680176,
    1.4633995294570923,
    1.3641855716705322,
    1.2751044034957886,
    1.1962732076644897,
    1.1278495788574219,
    1.0785841941833496,
    1.067571759223938,
    1.0716053247451782,
    1.0759358406066895,
    1.0805693864822388,
    1.085512399673462,
    1.0907707214355469,
    0.6356311440467834,
    0.6152503490447998,
    0.5957117080688477,
    0.5897243618965149,
    0.5934034585952759,
    0.608136773109436,
    0.6122846603393555,
    0.6166427731513977,
    0.6212177872657776,
    0.6260167360305786,
    0.6310473084449768,
    0.6363177299499512,
    0.6418365836143494,
    0.6476131677627563,
    0.6536574959754944,
    0.659980058670044,
    0.6784956455230713,
    0.6855331659317017,
    0.6928907036781311,
    0.7005826234817505,
    0.7086241245269775,
    0.7170311808586121,
    0.7258214950561523,
    0.7350135445594788,
    0.7446274757385254,
    0.7546850442886353,
    0.7628351449966431,
    0.7898433804512024,
    0.8015809655189514,
    0.8138765096664429,
    0.8278377056121826,
    0.8292223811149597,
    0.862549901008606,
    0.8749807476997375,
    0.8998444080352783,
    0.9183440804481506,
    0.9182322025299072,
    0.9544376730918884,
    0.9894620180130005,
    0.9917159080505371,
    1.026658296585083,
    1.0389275550842285,
    1.1007858514785767,
    1.1231056451797485,
    1.181391716003418,
    1.189499020576477,
    1.2255783081054688,
    1.2607512474060059,
    1.249910593032837,
    1.2395577430725098,
    1.240855097770691,
    1.2313427925109863,
    1.211214303970337,
    1.213636040687561,
    1.2054141759872437,
    1.197596549987793,
    1.2000826597213745,
    1.1849483251571655,
    1.1804879903793335,
    1.1763503551483154,
    1.1725298166275024,
    1.1690216064453125,
    1.1658210754394531,
    1.1629241704940796,
    1.1603273153305054,
    1.158026933670044,
    1.1560202836990356,
    1.1543052196502686,
    1.152878999710083,
    1.141724944114685,
    1.1408796310424805,
    1.1504018306732178,
    1.8200560808181763,
    1.8200560808181763,
    1.8205052614212036,
    1.8214043378829956,
    1.8227537870407104,
    1.8245563507080078,
    1.816775918006897,
    1.8194754123687744,
    null,
    null,
    null,
    null,
    null,
    null,
    null,
    null,
    null,
    null,
    null,
    null,
    null,
    null,
    null,
    null,
    null,
    null,
    null,
    null,
    null,
    null,
    null,
    null,
    null,
    null,
    null,
    null,
    null,
    null,
    null,
    null,
    null,
    null,
    null,
    null,
    null,
    null,
    null,
    null,
    null,
    null,
    null,
    null,
    null,
    null,
    null,
    null,
    null,
    null,
    null,
    null,
    null,
    null,
    null,
    null,
    null,
    null,
    null,
    null,
    null,
    null,
    null,
    null,
    null,
    null,
    null,
    null,
    null,
    0.42889049649238586,
    0.4315662086009979,
    0.42352384328842163,
    0.42641258239746094,
    0.41843628883361816,
    0.4215407073497772,
    0.4136182963848114,
    0.4169420897960663,
    0.4090614914894104,
    0.412609338760376,
    0.40475839376449585,
    0.40853607654571533,
    0.4124876856803894,
    0.4047168493270874,
    0.4089145362377167,
    0.4011472761631012,
    0.40560048818588257,
    0.39782407879829407,
    0.40254393219947815,
    0.3947451412677765,
    0.39974433183670044,
    0.39190930128097534,
    0.3972027599811554,
    0.40274181962013245,
    0.39492183923721313,
    0.40079066157341003,
    0.3718926012516022,
    0.37887370586395264,
    0.37314990162849426,
    0.354067862033844,
    0.34904295206069946,
    0.3442423641681671,
    0.33965471386909485,
    0.33526942133903503,
    0.31834277510643005,
    0.31448739767074585,
    0.31080007553100586,
    0.30727308988571167,
    0.3038994371891022,
    0.28864553570747375,
    0.28568243980407715,
    0.28284868597984314,
    0.2801389694213867,
    0.27754858136177063,
    0.2750728726387024,
    0.27270767092704773,
    0.2704489231109619,
    0.2571140229701996,
    0.25514301657676697,
    0.25326403975486755,
    0.2514740526676178,
    0.24977043271064758,
    0.2481505423784256,
    0.23310486972332,
    0.24633392691612244,
    0.23317134380340576,
    0.23192067444324493,
    0.2307400107383728,
    0.22962763905525208,
    0.22858205437660217,
    0.22760188579559326,
    0.2266857773065567,
    0.2258324921131134,
    0.22504092752933502,
    0.21411414444446564,
    0.21347349882125854,
    0.21288906037807465,
    0.21236006915569305,
    0.21188585460186005,
    0.2114657759666443,
    0.21109935641288757,
    0.21078616380691528,
    0.2105257362127304,
    0.21031774580478668,
    0.21016204357147217,
    0.2100583016872406,
    0.2000061571598053,
    0.2000061571598053,
    0.20005550980567932,
    0.20015431940555573,
    0.2003026157617569,
    0.2005006968975067,
    null,
    null,
    null,
    null,
    null,
    null,
    null,
    null,
    null,
    null,
    null,
    null,
    null,
    null,
    null,
    null,
    null,
    null,
    0.943558931350708,
    0.9494454860687256,
    0.9447838664054871,
    0.9512279033660889,
    0.9359273314476013,
    0.9292492270469666,
    0.9224919676780701,
    0.9098947048187256,
    0.9093943238258362,
    0.8900704383850098,
    0.8826722502708435,
    0.8750711679458618,
    0.8769954442977905,
    0.8689505457878113,
    0.8627683520317078,
    0.8541626930236816,
    0.8451845645904541,
    0.8329440951347351,
    0.8428260684013367,
    0.8276911973953247,
    0.8303825855255127,
    0.8191217184066772,
    0.8208854794502258,
    0.8054834008216858,
    0.8034613728523254,
    0.8077598214149475,
    0.7998442053794861,
    0.7998448610305786,
    0.7877613306045532,
    0.7898440361022949,
    0.7920591831207275,
    0.7944057583808899,
    0.7838189005851746,
    0.7865939140319824,
    0.776756763458252,
    0.7799291014671326,
    0.7803718447685242,
