{
  "step": 1205,
  "timestamp": 38.56,
  "robot_pose_odom": {
    "x": -2.5503425508202158,
    "y": 1.1310740998058721,
    "yaw_fused": 0.887218419051281,
    "yaw_imu": 0.8867236025255039
  },
  "lidar_pose_relative_to_robot": {
    "x_offset": 0.0,
    "y_offset": 0.0,
    "yaw_offset": 0.0
  },
  "lidar_meta": {
    "fov": 6.283184,
    "horizontal_resolution": 400,
    "angle_min": -3.141592,
    "angle_increment": 0.015747328320802004
  },
  "ranges": [
    1.2185667753219604,
    1.1274223327636719,
    1.0552618503570557,
    0.9943065047264099,
    0.9327325224876404,
    0.8840948343276978,
    0.8367260694503784,
    0.7936550974845886,
    0.7623544335365295,
    0.7166450619697571,
    0.6925157904624939,
    0.6676449775695801,
    0.6295714378356934,
    0.6194524765014648,
    0.5960609912872314,
    0.5711786150932312,
    0.5560204982757568,
    0.5371897220611572,
    0.5236983299255371,
    0.5042441487312317,
    0.49314120411872864,
    0.4813653826713562,
    null,
    null,
    null,
    null,
    0.4300665259361267,
    0.4100126624107361,
    0.4101138412952423,
    0.40016302466392517,
    0.39036861062049866,
    0.38126638531684875,
    null,
    null,
    0.3617587983608246,
    0.3531430959701538,
    0.3539334535598755,
    0.34467753767967224,
    0.34562379121780396,
    0.33411628007888794,
    0.3273322582244873,
    0.32848361134529114,
    0.31942084431648254,
    0.3207116723060608,
    0.311702698469162,
    0.30269095301628113,
    0.30415719747543335,
    0.29517173767089844,
    0.29676353931427,
    0.29844656586647034,
    0.28950101137161255,
    0.29130712151527405,
    0.28234919905662537,
    0.28427499532699585,
    0.2752869427204132,
    0.27732935547828674,
    0.279471755027771,
    0.27044883370399475,
    0.27270758152008057,
    0.2750728130340576,
    0.2659839689731598,
    0.26846644282341003,
    0.259277880191803,
    0.2618755102157593,
    0.2645917534828186,
    0.25527551770210266,
    0.2581093907356262,
    0.2486400157213211,
    0.2515898644924164,
    null,
    null,
    null,
    null,
    null,
    null,
    null,
    null,
    null,
    null,
    null,
    null,
    null,
    null,
    null,
    null,
    null,
    null,
    null,
    null,
    0.24053803086280823,
    0.23806880414485931,
    0.247492715716362,
    0.24512170255184174,
    0.24285513162612915,
    0.24068886041641235,
    0.2499821037054062,
    0.24791154265403748,
    0.24593524634838104,
    0.24404990673065186,
    0.24225261807441711,
    0.2514741122722626,
    0.24977049231529236,
    0.24815063178539276,
    0.25454917550086975,
    0.24815057218074799,
    0.24977046251296997,
    0.2514740824699402,
    0.25326406955718994,
    0.25514304637908936,
    0.257114052772522,
    0.2591802179813385,
    0.261344850063324,
    0.2636115252971649,
    0.26598405838012695,
    0.2684665620326996,
    0.27106332778930664,
    0.2737790048122406,
    0.276618629693985,
    0.2795875072479248,
    0.28269127011299133,
    0.28593605756759644,
    0.2893284559249878,
    0.2934669852256775,
    0.2836895287036896,
    0.28740015625953674,
    0.291282057762146,
    0.2953440248966217,
    0.2995958924293518,
    0.304048091173172,
    0.3087119162082672,
    0.31569287180900574,
    0.3178684413433075,
    0.3268318772315979,
    0.3221935033798218,
    0.33100229501724243,
    0.33965471386909485,
    0.33526942133903503,
    0.34381017088890076,
    0.3522258996963501,
    0.3605280816555023,
    0.3687276840209961,
    0.3646793067455292,
    0.38486072421073914,
    0.38090991973876953,
    0.4007022976875305,
    0.39686354994773865,
    0.40852656960487366,
    0.4201541543006897,
    0.4314175248146057,
    0.4423491358757019,
    0.44715481996536255,
    0.4633357524871826,
    0.473542183637619,
    0.483332097530365,
    0.4843428134918213,
    0.5133192539215088,
    0.5281755924224854,
    0.5412362217903137,
    0.561205267906189,
    0.5829216837882996,
    0.6032687425613403,
    0.6083056926727295,
    0.6431494951248169,
    0.6973709464073181,
    0.6986757516860962,
    0.7493864297866821,
    0.7688574194908142,
    0.8125241994857788,
    0.8500621318817139,
    0.8718313574790955,
    0.8696650266647339,
    0.8677229881286621,
    0.8753184676170349,
    0.8846068382263184,
    0.883294403553009,
    0.8922281265258789,
    0.8913466930389404,
    0.9005486965179443,
    0.9102526307106018,
    0.9100280404090881,
    0.9200018644332886,
    0.9302582144737244,
    0.9307176470756531,
    0.9414223432540894,
    0.9423533082008362,
    0.9539879560470581,
    0.9650256633758545,
    0.9667007327079773,
    0.9796819686889648,
    0.9910136461257935,
    0.9934822916984558,
    1.0044593811035156,
    1.0219398736953735,
    1.0331424474716187,
    1.0367764234542847,
    1.055094838142395,
    1.0704450607299805,
    1.0862821340560913,
    1.1063876152038574,
    1.1117470264434814,
    1.1264175176620483,
    1.144922137260437,
    1.1629911661148071,
    1.1822333335876465,
    1.2021560668945312,
    1.222794532775879,
    1.246436595916748,
    1.2553083896636963,
    1.2868081331253052,
    1.2967488765716553,
    1.3381052017211914,
    1.363168716430664,
    1.3639026880264282,
    1.3683820962905884,
    1.3656772375106812,
    1.3788868188858032,
    1.380798101425171,
    1.379925012588501,
    1.3857814073562622,
    1.401165246963501,
    1.3923841714859009,
    1.4089033603668213,
    1.4134418964385986,
    1.4184472560882568,
    1.4239368438720703,
    1.4299293756484985,
    1.4364453554153442,
    1.4435068368911743,
    1.451137900352478,
    1.452383279800415,
    1.4803786277770996,
    1.4849573373794556,
    0.45400992035865784,
    0.45644092559814453,
    0.4501632750034332,
    0.4572277069091797,
    0.45132437348365784,
    0.44568008184432983,
    0.44028255343437195,
    0.44470760226249695,
    0.5010381937026978,
    0.5105512738227844,
    0.505129873752594,
    0.4999445080757141,
    0.494985431432724,
    0.49024340510368347,
    0.4857102632522583,
    0.4813777208328247,
    0.4658757448196411,
    0.4620169699192047,
    0.4583338797092438,
    0.45482027530670166,
    0.4514707922935486,
    0.4482799768447876,
    0.44524306058883667,
    0.4423554837703705,
    0.4345126748085022,
    0.42889049649238586,
    0.4315662086009979,
    0.4278620481491089,
    0.4154789447784424,
    0.41843628883361816,
    0.4215407073497772,
    0.4136182963848114,
    0.4056733548641205,
    0.4090614914894104,
    0.412609338760376,
    0.40475839376449585,
    0.40853607654571533,
    0.4007023572921753,
    0.4047168493270874,
    0.3968876004219055,
    0.4011472761631012,
    0.3933095932006836,
    0.38539209961891174,
    0.3899644613265991,
    0.3947451412677765,
    0.3868493437767029,
    0.39190930128097534,
    0.3839626908302307,
    0.3893170952796936,
    0.3813038468360901,
    0.38697031140327454,
    0.3718926012516022,
    0.3929060995578766,
    0.38697031140327454,
    0.3813038468360901,
    0.389317125082016,
    0.3839626610279083,
    0.3788456320762634,
    0.3868493437767029,
    0.3820112943649292,
    0.38996437191963196,
    0.38539209961891174,
    0.3933095335960388,
    0.38899126648902893,
    0.38486072421073914,
    0.3928133249282837,
    0.38891690969467163,
    0.39686354994773865,
    0.3931938111782074,
    0.4011479318141937,
    0.39769867062568665,
    0.39440467953681946,
    0.4024393558502197,
    0.39935430884361267,
    0.39641326665878296,
    0.40229400992393494,
    0.4778217375278473,
    0.47472280263900757,
    0.48250171542167664,
    0.479646235704422,
    0.47694137692451477,
    0.4743832051753998,
    0.4719682037830353,
    0.4696928858757019,
    0.4675541818141937,
    0.46069419384002686,
    0.47397932410240173,
    0.47219517827033997,
    0.4705401062965393,
    0.46901193261146545,
    0.46760863065719604,
    0.4663284122943878,
    0.47528207302093506,
    0.47422072291374207,
