{
  "step": 975,
  "timestamp": 31.2,
  "robot_pose_odom": {
    "x": -3.3873858946852846,
    "y": -0.22152274346715184,
    "yaw_fused": 1.1082323111997476,
    "yaw_imu": 1.1121120339575086
  },
  "lidar_pose_relative_to_robot": {
    "x_offset": 0.0,
    "y_offset": 0.0,
    "yaw_offset": 0.0
  },
  "lidar_meta": {
    "fov": 6.283184,
    "horizontal_resolution": 400,
    "angle_min": -3.141592,
    "angle_increment": 0.015747328320802004
  },
  "ranges": [
    0.4837128818035126,
    0.4701192080974579,
    0.4771002531051636,
    0.4837128818035126,
    0.4766298234462738,
    0.4832902252674103,
    0.47664329409599304,
    0.4833548069000244,
    0.477114200592041,
    0.48388102650642395,
    0.4906003177165985,
    0.48484811186790466,
    0.49163690209388733,
    0.48623907566070557,
    0.4931027889251709,
    0.48804083466529846,
    0.4949851930141449,
    0.5019156336784363,
    0.4972745180130005,
    0.5043002963066101,
    0.4882315993309021,
    0.4677562415599823,
    null,
    null,
    null,
    0.38267794251441956,
    0.38008546829223633,
    0.3606022298336029,
    0.34589719772338867,
    0.329241544008255,
    0.3179609179496765,
    0.31625545024871826,
    null,
    null,
    0.2862457036972046,
    0.2793295681476593,
    0.26790136098861694,
    0.2668929398059845,
    0.2557283341884613,
    0.254897803068161,
    0.24396972358226776,
    0.24330179393291473,
    0.24269722402095795,
    0.2330368459224701,
    0.2215355932712555,
    0.2211517095565796,
    0.22082360088825226,
    0.2105257362127304,
    0.21031774580478668,
    0.21016204357147217,
    0.20005550980567932,
    0.2000061571598053,
    null,
    null,
    null,
    null,
    null,
    null,
    null,
    null,
    null,
    null,
    null,
    null,
    null,
    null,
    null,
    null,
    null,
    null,
    null,
    null,
    null,
    null,
    null,
    null,
    null,
    null,
    null,
    null,
    null,
    null,
    null,
    null,
    null,
    null,
    null,
    null,
    null,
    null,
    null,
    null,
    null,
    null,
    null,
    null,
    null,
    null,
    null,
    null,
    null,
    null,
    null,
    null,
    null,
    null,
    null,
    null,
    null,
    null,
    null,
    null,
    null,
    null,
    null,
    null,
    null,
    null,
    null,
    null,
    null,
    null,
    null,
    null,
    null,
    null,
    null,
    null,
    null,
    null,
    null,
    null,
    null,
    null,
    null,
    null,
    null,
    null,
    null,
    null,
    null,
    null,
    null,
    null,
    null,
    null,
    null,
    null,
    null,
    null,
    null,
    null,
    null,
    null,
    null,
    null,
    null,
    null,
    null,
    null,
    null,
    null,
    null,
    null,
    0.2641693949699402,
    0.2610720694065094,
    0.2704003155231476,
    0.26743149757385254,
    0.28864553570747375,
    0.28568243980407715,
    0.30641940236091614,
    0.30348387360572815,
    0.3084739148616791,
    0.32846319675445557,
    0.34125420451164246,
    0.352199524641037,
    0.37425729632377625,
    0.37974560260772705,
    0.396364688873291,
    0.40229400992393494,
    0.427862286567688,
    0.4622648060321808,
    0.47693198919296265,
    0.4986010193824768,
    0.5188104510307312,
    0.5434961915016174,
    0.5686864852905273,
    0.6007919311523438,
    0.6358682513237,
    0.7794999480247498,
    0.8529961705207825,
    0.9170942902565002,
    1.0207483768463135,
    1.1269980669021606,
    1.2670027017593384,
    1.4704591035842896,
    1.7309495210647583,
    2.0334391593933105,
    2.4253132343292236,
    2.443873167037964,
    2.4600350856781006,
    2.4855785369873047,
    2.504225969314575,
    2.531660556793213,
    2.550873041152954,
    2.5799996852874756,
    2.6101601123809814,
    2.6409800052642822,
    2.672351121902466,
    2.69362735748291,
    2.727754592895508,
    2.761589527130127,
    2.796281576156616,
    2.8273518085479736,
    2.871709108352661,
    1.9593361616134644,
    1.949506163597107,
    1.968257188796997,
    1.9387708902359009,
    1.7951178550720215,
    1.703912615776062,
    1.6854997873306274,
    1.1124632358551025,
    1.1117396354675293,
    1.145214557647705,
    1.2753067016601562,
    1.3997037410736084,
    1.5404925346374512,
    1.8854272365570068,
    1.8843331336975098,
    1.8881018161773682,
    1.9156255722045898,
    2.805769681930542,
    2.7858073711395264,
    2.7792320251464844,
    2.7942471504211426,
    4.865208148956299,
    4.920099258422852,
    4.962771892547607,
    4.139581203460693,
    4.0835442543029785,
    4.090343475341797,
    3.1312525272369385,
    3.063044548034668,
    2.974149227142334,
    2.947666883468628,
    2.87284255027771,
    2.2470383644104004,
    2.2011563777923584,
    2.1687731742858887,
    2.1307742595672607,
    2.1061363220214844,
    2.0587310791015625,
    2.019846200942993,
    2.0024898052215576,
    1.950566291809082,
    1.9504989385604858,
    1.9210319519042969,
    1.892902135848999,
    1.2753496170043945,
    1.2578091621398926,
    1.3010785579681396,
    1.312599778175354,
    1.3509560823440552,
    null,
    null,
    null,
    null,
    null,
    null,
    null,
    null,
    null,
    null,
    null,
    null,
    0.22940142452716827,
    0.24404990673065186,
    0.24225261807441711,
    0.24922318756580353,
    0.26496821641921997,
    0.2867465913295746,
    0.3566035032272339,
    0.3791358470916748,
    0.3832087516784668,
    0.4148697853088379,
    0.43137699365615845,
    0.4618607759475708,
    0.501379668712616,
    0.5408899784088135,
    0.5803515315055847,
    0.6381679773330688,
    0.7076968550682068,
    0.7863725423812866,
    0.8853546380996704,
    1.0144093036651611,
    1.1935418844223022,
    2.5710432529449463,
    2.530184745788574,
    2.490182876586914,
    2.4403481483459473,
    2.4024341106414795,
    2.3321964740753174,
    2.2737927436828613,
    2.216116428375244,
    2.174187421798706,
    2.1108880043029785,
    2.06355357170105,
    2.0175442695617676,
    1.9931483268737793,
    1.9339295625686646,
    1.9160304069519043,
    1.8605234622955322,
    1.823725700378418,
    1.7908899784088135,
    1.7648683786392212,
    1.7283968925476074,
    1.6796233654022217,
    1.6757844686508179,
    1.649208664894104,
    1.6208118200302124,
    1.5928874015808105,
    1.5058528184890747,
    1.4946848154067993,
    1.3357549905776978,
    1.3232955932617188,
    1.266127109527588,
    1.2416518926620483,
    1.1800763607025146,
    1.135480523109436,
    1.1010856628417969,
    1.0891172885894775,
    1.021704912185669,
    1.0031050443649292,
    0.9997280240058899,
    0.9445555210113525,
    0.9197346568107605,
    0.8906305432319641,
    0.8878356218338013,
    0.8549626469612122,
    0.8385083675384521,
    0.815549373626709,
    0.794384241104126,
    0.7799307107925415,
    0.767443835735321,
    0.7541586756706238,
    0.7399885654449463,
    0.7248376607894897,
    0.6946361064910889,
    0.7016183137893677,
    0.6910187005996704,
    0.6809000372886658,
    0.6601849794387817,
    0.662004828453064,
    0.6401187777519226,
    0.6318541169166565,
    0.6239520907402039,
    0.6163955926895142,
    0.6091683506965637,
    0.6022554636001587,
    0.595643162727356,
    0.5893182158470154,
    0.5832685828208923,
    0.5774829983711243,
    0.5719506144523621,
    0.5666619539260864,
    null,
    0.5567783117294312,
    0.5521665811538696,
    0.5477648377418518,
    0.5435656905174255,
    0.5395626425743103,
    0.5357491970062256,
    0.5212602019309998,
    0.5178796052932739,
    0.5253908634185791,
    0.5286686420440674,
    0.521260142326355,
    0.5116308331489563,
    0.5065281391143799,
    0.5102860927581787,
    0.5030492544174194,
    0.5070917010307312,
    0.49996405839920044,
    0.5043003559112549,
    0.49727457761764526,
    0.4902432858943939,
    0.4949852228164673,
    0.48804086446762085,
    0.4931027889251709,
