{
  "step": 1575,
  "timestamp": 50.4,
  "robot_pose_odom": {
    "x": -1.6524608805230006,
    "y": 1.0758974292149883,
    "yaw_fused": -2.7311261175466077,
    "yaw_imu": -2.7300918915771235
  },
  "lidar_pose_relative_to_robot": {
    "x_offset": 0.0,
    "y_offset": 0.0,
    "yaw_offset": 0.0
  },
  "lidar_meta": {
    "fov": 6.283184,
    "horizontal_resolution": 400,
    "angle_min": -3.141592,
    "angle_increment": 0.015747328320802004
  },
  "ranges": [
    0.6303125023841858,
    0.6364092826843262,
    0.6308819055557251,
    0.6374255418777466,
    0.6321108341217041,
    0.6268370747566223,
    0.6340320706367493,
    0.6289747357368469,
    0.62395179271698,
    0.6318537592887878,
    0.6401183605194092,
    0.6355242133140564,
    1.8976343870162964,
    1.8702819347381592,
    1.8581072092056274,
    1.8242751359939575,
    1.8382399082183838,
    1.830466628074646,
    1.8111939430236816,
    1.1276775598526,
    1.1121680736541748,
    1.0973464250564575,
    null,
    null,
    null,
    null,
    1.0447288751602173,
    1.0454145669937134,
    1.0343135595321655,
    1.0236958265304565,
    1.013541579246521,
    1.0038317441940308,
    null,
    0.9971396327018738,
    0.9885656237602234,
    0.9803774356842041,
    0.9837409853935242,
    0.9761996269226074,
    0.9690104722976685,
    0.9621618986129761,
    0.9556436538696289,
    0.960235059261322,
    0.9517896175384521,
    0.9479586482048035,
    0.9443903565406799,
    0.9410802125930786,
    0.9380238652229309,
    0.9352172613143921,
    0.9326568245887756,
    0.9303393363952637,
    1.0167514085769653,
    1.1909866333007812,
    1.420578122138977,
    2.1379737854003906,
    2.1353323459625244,
    2.143238067626953,
    2.141651153564453,
    2.140594005584717,
    2.140065908432007,
    2.140065908432007,
    2.140594005584717,
    2.141651153564453,
    2.143238067626953,
    2.145357370376587,
    2.1480112075805664,
    2.151202917098999,
    2.1549370288848877,
    2.159217596054077,
    2.1741626262664795,
    2.1795783042907715,
    1.4834072589874268,
    1.3757009506225586,
    1.286513328552246,
    1.2077867984771729,
    1.139756202697754,
    1.0875537395477295,
    1.0701793432235718,
    1.0646371841430664,
    1.0697942972183228,
    1.0752685070037842,
    1.0916658639907837,
    1.097856879234314,
    1.1043927669525146,
    0.6166509389877319,
    0.586417555809021,
    0.5904172658920288,
    0.5946197509765625,
    0.599031388759613,
    0.6036589741706848,
    0.6085098385810852,
    0.6135920286178589,
    0.6189138293266296,
    0.6398172974586487,
    0.6303125023841858,
    0.6364092826843262,
    0.6406930685043335,
    0.658311128616333,
    0.6685788035392761,
    0.6760008335113525,
    0.6837601065635681,
    0.691872239112854,
    0.7003540992736816,
    0.7092236280441284,
    0.7185002565383911,
    0.7282048463821411,
    0.7383598685264587,
    0.748989462852478,
    0.7601199150085449,
    0.771779477596283,
    0.7787604331970215,
    0.7939387559890747,
    0.808077871799469,
    0.8165355324745178,
    0.8468839526176453,
    0.8583121299743652,
    0.8588604927062988,
    0.8919512629508972,
    0.9269407391548157,
    0.9352452158927917,
    0.9529126882553101,
    0.9659916758537292,
    1.0039219856262207,
    1.019513726234436,
    1.0704433917999268,
    1.0848108530044556,
    1.091095209121704,
    1.1458470821380615,
    1.1806230545043945,
    1.1971431970596313,
    1.2632129192352295,
    1.2535290718078613,
    1.2442975044250488,
    1.2355033159255981,
    1.2271333932876587,
    1.219174861907959,
    1.2088305950164795,
    1.2038251161575317,
    1.1988927125930786,
    1.189517617225647,
    1.189191222190857,
    1.1843920946121216,
    1.1903150081634521,
    1.171945333480835,
    1.1700005531311035,
    1.1651432514190674,
    1.1526844501495361,
    1.1552098989486694,
    1.1500860452651978,
    1.1427298784255981,
    1.154582142829895,
    1.1459060907363892,
    1.1459453105926514,
    1.1437442302703857,
    1.149052381515503,
    1.8215126991271973,
    1.8104007244110107,
    1.8119585514068604,
    1.813410997390747,
    1.8099645376205444,
    1.8158098459243774,
    null,
    null,
    null,
    null,
    null,
    null,
    null,
    null,
    null,
    null,
    null,
    null,
    null,
    null,
    null,
    null,
    null,
    null,
    null,
    null,
    null,
    null,
    null,
    null,
    null,
    null,
    null,
    null,
    null,
    null,
    null,
    null,
    null,
    null,
    null,
    null,
    null,
    null,
    null,
    null,
    null,
    null,
    null,
    null,
    null,
    null,
    null,
    null,
    null,
    null,
    null,
    null,
    null,
    null,
    null,
    null,
    null,
    null,
    null,
    null,
    null,
    null,
    null,
    null,
    null,
    null,
    null,
    null,
    null,
    null,
    null,
    0.43273672461509705,
    0.42167389392852783,
    0.42394787073135376,
    0.42635220289230347,
    0.41816815733909607,
    0.42077696323394775,
    0.4126642048358917,
    0.4154788553714752,
    0.4074246883392334,
    0.41044744849205017,
    0.41361820697784424,
    0.40567323565483093,
    0.40906137228012085,
    0.40114787220954895,
    0.4047582149505615,
    0.4085359275341034,
    0.40070217847824097,
    0.40471670031547546,
    0.3968876004219055,
    0.4011472463607788,
    0.4056004583835602,
    0.3978240489959717,
    0.4025438129901886,
    0.3947450518608093,
    0.3997442126274109,
    0.3919091820716858,
    0.3839625418186188,
    0.3758922815322876,
    0.3723028600215912,
    0.3593294024467468,
    0.35080885887145996,
    0.35080915689468384,
    0.3455093502998352,
    0.32683199644088745,
    0.32219356298446655,
    0.3177623152732849,
    0.31352755427360535,
    0.30947956442832947,
    0.30560919642448425,
    0.28932851552963257,
    0.285936176776886,
    0.2826913297176361,
    0.27958759665489197,
    0.27661874890327454,
    0.27377912402153015,
    0.2710634469985962,
    0.26846662163734436,
    0.2659841775894165,
    0.26752886176109314,
    0.2499821037054062,
    0.24791154265403748,
    0.24593524634838104,
    0.24404990673065186,
    0.24225261807441711,
    0.24054047465324402,
    0.23891091346740723,
    0.23736147582530975,
    0.22760188579559326,
    0.23588977754116058,
    0.22657227516174316,
    0.2280513048171997,
    0.2296067774295807,
    0.2202296108007431,
    0.2218635231256485,
    null,
    null,
    null,
    null,
    null,
    null,
    null,
    null,
    null,
    null,
    null,
    null,
    null,
    null,
    null,
    null,
    null,
    null,
    null,
    null,
    null,
    null,
    null,
    null,
    null,
    null,
    null,
    null,
    null,
    null,
    null,
    null,
    null,
    null,
    null,
    null,
    null,
    0.9404946565628052,
    0.9512937068939209,
    0.9431140422821045,
    0.9465712308883667,
    0.9278463125228882,
    0.9207335114479065,
    0.9139528274536133,
    0.9074934124946594,
    0.9013454914093018,
    0.8954998254776001,
    0.8792253732681274,
    0.8740220069885254,
    0.8690931797027588,
    0.864431619644165,
    0.8600309491157532,
    0.8558847904205322,
    0.8415975570678711,
    0.8379887342453003,
    0.8346158266067505,
    0.8314741849899292,
    0.8285598158836365,
    0.8156729340553284,
    0.8132323622703552,
    0.8110059499740601,
    0.8089907169342041,
    0.8071841597557068,
    0.8055838942527771,
    0.7941356897354126,
    0.7929574251174927,
    0.7919777631759644,
    0.7911953330039978,
    0.7906095385551453,
    0.7902193069458008,
    null,
    null,
    0.7801342010498047,
    0.7704485654830933,
    0.7609284520149231,
    0.7515625953674316,
    0.7427703142166138,
    0.7438739538192749,
    0.7343413233757019,
    0.7254946231842041,
    0.7167460918426514,
    0.7096301913261414,
    0.711578369140625,
    0.7011691331863403,
    0.6955810785293579,
    0.6980276703834534,
