{
  "step": 1655,
  "timestamp": 52.96,
  "robot_pose_odom": {
    "x": -1.652460880524603,
    "y": 1.07589742921429,
    "yaw_fused": -2.730108958955495,
    "yaw_imu": -2.7300918780723866
  },
  "lidar_pose_relative_to_robot": {
    "x_offset": 0.0,
    "y_offset": 0.0,
    "yaw_offset": 0.0
  },
  "lidar_meta": {
    "fov": 6.283184,
    "horizontal_resolution": 400,
    "angle_min": -3.141592,
    "angle_increment": 0.015747328320802004
  },
  "ranges": [
    0.6309624314308167,
    0.6355246305465698,
    0.6401187777519226,
    0.6318541169166565,
    0.636685848236084,
    0.6289750933647156,
    0.6340323686599731,
    0.6391282677650452,
    0.632111132144928,
    0.6374257802963257,
    0.6308823227882385,
    0.6364098191261292,
    0.6303129196166992,
    1.8772214651107788,
    1.868204116821289,
    1.852140188217163,
    1.836799144744873,
    1.833335518836975,
    1.8192811012268066,
    1.1232199668884277,
    1.1042994260787964,
    1.0968183279037476,
    null,
    null,
    null,
    1.0468584299087524,
    1.0409483909606934,
    1.0350306034088135,
    1.0342432260513306,
    1.023101568222046,
    1.0029147863388062,
    1.0112909078598022,
    null,
    0.9983172416687012,
    0.991795539855957,
    0.985090970993042,
    0.9781734347343445,
    0.9773470163345337,
    0.9603222608566284,
    0.9709830284118652,
    0.9601094722747803,
    0.9560418725013733,
    0.9556201696395874,
    0.9413333535194397,
    0.9536459445953369,
    0.9395648837089539,
    0.9397309422492981,
    0.9260236620903015,
    0.9321427941322327,
    0.9891760945320129,
    1.087261438369751,
    1.180587887763977,
    2.142641544342041,
    2.1369051933288574,
    2.1444132328033447,
    2.138549566268921,
    2.13277530670166,
    2.139855146408081,
    2.142832040786743,
    2.1411497592926025,
    2.141510009765625,
    2.1426963806152344,
    2.149646520614624,
    2.140526294708252,
    2.161600351333618,
    2.1601312160491943,
    2.166334390640259,
    2.173743724822998,
    2.170668125152588,
    2.1691207885742188,
    1.3540527820587158,
    1.321882724761963,
    1.2440544366836548,
    1.1695783138275146,
    1.1011831760406494,
    1.0681263208389282,
    1.0694411993026733,
    1.0753579139709473,
    1.0813299417495728,
    1.0873703956604004,
    1.093492031097412,
    1.0997068881988525,
    1.0966728925704956,
    0.5848406553268433,
    0.5976261496543884,
    0.5953765511512756,
    0.6006665825843811,
    0.6117547154426575,
    0.6099242568016052,
    0.6168459057807922,
    0.6269678473472595,
    0.6255677938461304,
    0.6336432695388794,
    0.6433504223823547,
    0.6423959136009216,
    0.6513121128082275,
    0.6607769727706909,
    0.6706627607345581,
    0.680188775062561,
    0.6800209879875183,
    0.6900478005409241,
    0.7002766728401184,
    0.7106934785842896,
    0.7213109731674194,
    0.7315124869346619,
    0.7432017922401428,
    0.7545022964477539,
    0.7660587430000305,
    0.777885913848877,
    0.7899991869926453,
    0.8024142980575562,
    0.8113166689872742,
    0.838413417339325,
    0.8518700003623962,
    0.8657018542289734,
    0.8717339038848877,
    0.9049164652824402,
    0.9304308295249939,
    0.9535803198814392,
    0.9726794362068176,
    0.9924938082695007,
    1.0169490575790405,
    1.0457442998886108,
    1.0587190389633179,
    1.0988245010375977,
    1.1315791606903076,
    1.1744037866592407,
    1.2001546621322632,
    1.245012879371643,
    1.257858157157898,
    1.2424273490905762,
    1.2389161586761475,
    1.241743803024292,
    1.218043327331543,
    1.2135722637176514,
    1.2090128660202026,
    1.2043389081954956,
    1.2058579921722412,
    1.1945300102233887,
    1.1893304586410522,
    1.1838855743408203,
    1.1781548261642456,
    1.1720932722091675,
    1.1656519174575806,
    1.1587762832641602,
    1.1651277542114258,
    1.156900405883789,
    1.1439111232757568,
    1.153268814086914,
    1.1296390295028687,
    1.1436020135879517,
    1.147091031074524,
    1.1439120769500732,
    1.1387290954589844,
    1.813410997390747,
    1.8197358846664429,
    1.818192481994629,
    1.8215125799179077,
    1.8197091817855835,
    1.8179177045822144,
    null,
    null,
    null,
    null,
    null,
    null,
    null,
    null,
    null,
    null,
    null,
    null,
    null,
    null,
    null,
    null,
    null,
    null,
    null,
    null,
    null,
    null,
    null,
    null,
    null,
    null,
    null,
    null,
    null,
    null,
    null,
    null,
    null,
    null,
    null,
    null,
    null,
    null,
    null,
    null,
    null,
    null,
    null,
    null,
    null,
    null,
    null,
    null,
    null,
    null,
    null,
    null,
    null,
    null,
    null,
    null,
    null,
    null,
    null,
    null,
    null,
    null,
    null,
    null,
    null,
    null,
    null,
    null,
    null,
    null,
    null,
    0.42635220289230347,
    0.42394787073135376,
    0.4216739535331726,
    0.4195272624492645,
    0.41750475764274597,
    0.4156036972999573,
    0.41382157802581787,
    0.4121559262275696,
    0.4106045067310333,
    0.40916532278060913,
    0.4078364670276642,
    0.4066161811351776,
    0.40550297498703003,
    0.40449535846710205,
    0.4035920798778534,
    0.40279194712638855,
    0.4020940065383911,
    0.40149742364883423,
    0.4010013937950134,
    0.4006052315235138,
    0.40030863881111145,
    0.40011101961135864,
    0.4000123143196106,
    0.4000123143196106,
    0.40011101961135864,
    0.40030863881111145,
    0.39036861062049866,
    0.3806362748146057,
    0.37181660532951355,
    0.36130863428115845,
    0.35244297981262207,
    0.3531430959701538,
    0.3450542688369751,
    0.3345399498939514,
    0.335458368062973,
    0.3239203691482544,
    0.31995511054992676,
    0.3079533874988556,
    0.309116929769516,
    0.29516592621803284,
    0.2909225523471832,
    0.28181570768356323,
    0.283180832862854,
    0.2740880250930786,
    0.27556613087654114,
    0.26647013425827026,
    0.2680565118789673,
    0.2697288393974304,
    0.2606300413608551,
    0.2514740228652954,
    0.2532639801502228,
    0.2551429867744446,
    0.24593514204025269,
    0.24791143834590912,
    0.2386191338300705,
    0.24068871140480042,
    0.23129040002822876,
    0.2334490865468979,
    null,
    null,
    null,
    null,
    null,
    null,
    null,
    null,
    null,
    null,
    null,
    null,
    null,
    null,
    null,
    null,
    null,
    null,
    null,
    null,
    null,
    null,
    null,
    null,
    null,
    null,
    null,
    null,
    null,
    null,
    null,
    null,
    null,
    null,
    null,
    null,
    null,
    null,
    null,
    null,
    null,
    null,
    null,
    0.9409576058387756,
    0.9513093829154968,
    0.9482198357582092,
    0.9453827142715454,
    0.9342029690742493,
    0.9202269315719604,
    0.9181720018386841,
    0.9062819480895996,
    0.9047115445137024,
    0.8937633633613586,
    0.8822031021118164,
    0.8813315629959106,
    0.8705255389213562,
    0.8602387309074402,
    0.860026478767395,
    0.8500261902809143,
    0.8502359390258789,
    0.8405025601387024,
    0.8312558531761169,
    0.8320779204368591,
    0.8230698108673096,
    0.824292778968811,
    0.8164077401161194,
    0.8071841597557068,
    0.8089907169342041,
    0.8008683323860168,
    0.8030669689178467,
    0.8054769039154053,
    0.7950204014778137,
    0.7904136776924133,
    0.7934001088142395,
    0.7862608432769775,
    0.7896469235420227,
    null,
    null,
    0.7816569209098816,
    0.7739678621292114,
    0.7662525773048401,
    0.7584958076477051,
    0.7506807446479797,
    0.7341131567955017,
    0.7348061800003052,
    0.726709246635437,
    0.7184789180755615,
    0.7100934386253357,
    0.7099282145500183,
    0.7041254639625549,
    0.7030596733093262,
    0.6938712000846863,
    0.6883118748664856,
    0.6835507750511169,
    0.680587887763977,
