{
  "step": 1445,
  "timestamp": 46.24,
  "robot_pose_odom": {
    "x": -1.50965992292222,
    "y": 1.424879329182409,
    "yaw_fused": -0.8699138388747228,
    "yaw_imu": -0.8708897443948092
  },
  "lidar_pose_relative_to_robot": {
    "x_offset": 0.0,
    "y_offset": 0.0,
    "yaw_offset": 0.0
  },
  "lidar_meta": {
    "fov": 6.283184,
    "horizontal_resolution": 400,
    "angle_min": -3.141592,
    "angle_increment": 0.015747328320802004
  },
  "ranges": [
    0.7304176688194275,
    0.7208678722381592,
    0.7117774486541748,
    0.7126579880714417,
    0.7030885815620422,
    0.6940621733665466,
    0.6870777606964111,
    0.6775296926498413,
    0.6792174577713013,
    0.669001042842865,
    0.6603854298591614,
    0.6546645164489746,
    0.6569672226905823,
    0.645048201084137,
    0.6414233446121216,
    0.6291182637214661,
    0.6300141215324402,
    0.6188026070594788,
    0.6219689846038818,
    0.6147244572639465,
    0.6182106733322144,
    0.6139535307884216,
    null,
    null,
    null,
    null,
    0.599031388759613,
    0.6036589741706848,
    0.5972411632537842,
    0.5908663868904114,
    0.5959910750389099,
    0.5897905230522156,
    null,
    null,
    0.5832681655883789,
    0.5893179774284363,
    0.5834869146347046,
    0.5776734352111816,
    0.5843040943145752,
    0.5786567330360413,
    0.5857506990432739,
    0.5802738666534424,
    0.5748001933097839,
    0.5693237781524658,
    0.5662125945091248,
    0.5583375692367554,
    0.5528144240379333,
    0.5262478590011597,
    0.5332298874855042,
    0.5251742005348206,
    0.5174840092658997,
    0.5101398229598999,
    0.5031236410140991,
    0.5094822645187378,
    0.5029042959213257,
    0.496614933013916,
    0.4906005561351776,
    0.484848290681839,
    0.4793461859226227,
    0.4740833342075348,
    0.4690491855144501,
    0.4642341732978821,
    0.4596293270587921,
    0.45522600412368774,
    0.4510166645050049,
    0.458454966545105,
    0.45451289415359497,
    0.4507482349872589,
    0.4306211769580841,
    0.4437270760536194,
    0.440459281206131,
    0.43734627962112427,
    0.43438345193862915,
    0.4315662980079651,
    0.42416712641716003,
    0.4224598705768585,
    0.4208696484565735,
    0.41939446330070496,
    0.4180324077606201,
    0.41678160429000854,
    0.41564056277275085,
    0.4146077632904053,
    0.41368189454078674,
    0.41286176443099976,
    0.4121463894844055,
    0.4115349054336548,
    0.4110264480113983,
    0.41062039136886597,
    0.4103163778781891,
    0.4101138412952423,
    0.4100126624107361,
    0.4100126624107361,
    0.4101138412952423,
    0.4103163778781891,
    0.41062039136886597,
    0.4110264480113983,
    0.4115349054336548,
    0.4121463894844055,
    0.41286176443099976,
    0.41368189454078674,
    0.4146077632904053,
    0.41564056277275085,
    0.41678160429000854,
    0.41803234815597534,
    0.41939446330070496,
    0.4106045067310333,
    0.4121558964252472,
    0.4138214886188507,
    0.40521353483200073,
    0.4070671498775482,
    0.3985508382320404,
    0.4005902111530304,
    0.40275049209594727,
    0.3943758010864258,
    0.3967236280441284,
    0.3991986811161041,
    0.39094504714012146,
    0.3936115503311157,
    0.3964131772518158,
    0.388261079788208,
    0.39126044511795044,
    0.3944045603275299,
    0.3863357603549957,
    0.3896864950656891,
    0.39319369196891785,
    0.3851909935474396,
    0.3889167904853821,
    0.3928132653236389,
    0.3968876004219055,
    0.38899126648902893,
    0.3933095335960388,
    0.38539206981658936,
    0.38996434211730957,
    0.3947450518608093,
    0.3997442126274109,
    0.3919091820716858,
    0.39720261096954346,
    0.4027417004108429,
    0.3949216902256012,
    0.4007904827594757,
    0.40693825483322144,
    0.4069386124610901,
    0.40079084038734436,
    0.4085400104522705,
    0.4027419686317444,
    0.4104430079460144,
    0.4180367588996887,
    0.41263940930366516,
    0.42021262645721436,
    0.4277030825614929,
    0.4226882755756378,
    0.41789156198501587,
    0.4254594147205353,
    0.43296846747398376,
    0.42852386832237244,
    0.4360586106777191,
    0.4435535669326782,
    0.4394521415233612,
    0.4469935894012451,
    0.45451289415359497,
    0.4507482349872589,
    0.4583338797092438,
    0.46333548426628113,
    0.4734937250614166,
    0.4701472520828247,
    0.48215994238853455,
    0.4855121076107025,
    0.49322405457496643,
    0.49630114436149597,
    0.5104005336761475,
    0.5138818621635437,
    0.5175396203994751,
    0.521379292011261,
    0.9725618958473206,
    0.9691085815429688,
    0.9772024154663086,
    0.9742165207862854,
    0.9751881957054138,
    0.9688141345977783,
    0.9781851172447205,
    0.9760817289352417,
    0.9741787314414978,
    0.9724782109260559,
    0.9832739233970642,
    0.9821282029151917,
    0.9937803149223328,
    0.9932296872138977,
    0.9929133057594299,
    0.9928369522094727,
    0.9930069446563721,
    0.9934298992156982,
    0.994113564491272,
    0.9950664639472961,
    2.901538372039795,
    2.2872042655944824,
    2.300359010696411,
    2.3106741905212402,
    2.3272252082824707,
    2.330737590789795,
    2.356743574142456,
    2.3699886798858643,
    2.3800201416015625,
    1.6691292524337769,
    1.6104698181152344,
    1.5580580234527588,
    1.513008713722229,
    1.4641133546829224,
    1.426320195198059,
    1.383766531944275,
    1.3536417484283447,
    1.3145874738693237,
    1.2797569036483765,
    1.2836289405822754,
    1.281762719154358,
    1.3132823705673218,
    1.3149324655532837,
    1.3324861526489258,
    1.3493422269821167,
    1.3661249876022339,
    1.3826805353164673,
    1.3990463018417358,
    1.4199838638305664,
    1.441948652267456,
    1.4516551494598389,
    1.486997127532959,
    1.491746425628662,
    0.8831579089164734,
    0.8641701936721802,
    0.8799291253089905,
    0.8861992955207825,
    0.9046883583068848,
    0.9325261116027832,
    0.9434667825698853,
    0.9544781446456909,
    0.9784344434738159,
    1.00083327293396,
    1.0185580253601074,
    1.0442923307418823,
    1.064831256866455,
    1.0917834043502808,
    1.1210298538208008,
    1.1504501104354858,
    1.1805750131607056,
    1.2199578285217285,
    1.2499589920043945,
    1.2906874418258667,
    1.3304437398910522,
    1.3711869716644287,
    1.4251301288604736,
    1.4733457565307617,
    1.52507746219635,
    1.5940442085266113,
    1.6335768699645996,
    1.6293271780014038,
    1.6235578060150146,
    1.6042182445526123,
    1.5984091758728027,
    1.5928927659988403,
    1.5876601934432983,
    1.582702875137329,
    1.5877219438552856,
    1.5631909370422363,
    1.558962345123291,
    1.5495293140411377,
    1.5512117147445679,
    1.5476727485656738,
    1.5443453788757324,
    1.541220784187317,
    1.538288950920105,
    1.535539984703064,
    1.528460144996643,
    0.5064797401428223,
    0.4966154396533966,
    0.49722450971603394,
    0.4761555790901184,
    0.46587544679641724,
    0.46991607546806335,
    0.45101627707481384,
    0.45522573590278625,
    0.4596289396286011,
    0.45233044028282166,
    0.457022100687027,
    0.4497711658477783,
    0.454764187335968,
    0.44755205512046814,
    null,
    null,
    null,
    null,
    null,
    null,
    null,
    null,
    null,
    null,
    null,
    null,
    null,
    null,
    null,
    null,
    null,
    null,
    null,
    null,
    null,
    null,
    null,
    null,
    null,
    0.24285513162612915,
    0.2521502375602722,
    0.2499821037054062,
    0.2563107907772064,
    0.2741169333457947,
    0.2884226143360138,
    0.286298543214798,
    0.2929578125476837,
    0.2997303009033203,
    0.329903244972229,
    0.387640118598938,
    0.3351752758026123,
    0.3498133718967438,
    0.3735641539096832,
    0.3913606107234955,
    0.40737617015838623,
    0.4352116584777832,
    0.4418002665042877,
    0.5013524889945984,
    0.5347920060157776,
    0.553773820400238,
