{
  "step": 985,
  "timestamp": 31.52,
  "robot_pose_odom": {
    "x": -3.3507257070051057,
    "y": -0.14783292411249047,
    "yaw_fused": 1.1097928586531176,
    "yaw_imu": 1.1121226644654885
  },
  "lidar_pose_relative_to_robot": {
    "x_offset": 0.0,
    "y_offset": 0.0,
    "yaw_offset": 0.0
  },
  "lidar_meta": {
    "fov": 6.283184,
    "horizontal_resolution": 400,
    "angle_min": -3.141592,
    "angle_increment": 0.015747328320802004
  },
  "ranges": [
    0.560775101184845,
    0.5626023411750793,
    0.5645812153816223,
    0.5667144060134888,
    0.5690045952796936,
    0.5610648989677429,
    0.5636314153671265,
    0.566361665725708,
    0.569259762763977,
    0.5723296403884888,
    0.5649166703224182,
    0.5682798027992249,
    0.5718250870704651,
    0.5755579471588135,
    0.5794836282730103,
    0.5725968480110168,
    0.5768450498580933,
    0.5754765868186951,
    0.5241005420684814,
    0.5007021427154541,
    0.4735449552536011,
    null,
    null,
    null,
    null,
    0.381692498922348,
    0.3679235279560089,
    0.3535476326942444,
    0.3385094702243805,
    0.3270668387413025,
    0.3177509307861328,
    0.30947938561439514,
    0.3004637062549591,
    0.29176318645477295,
    0.2819192111492157,
    null,
    null,
    null,
    null,
    null,
    null,
    null,
    null,
    null,
    null,
    null,
    null,
    null,
    null,
    null,
    null,
    null,
    null,
    null,
    null,
    null,
    null,
    null,
    null,
    null,
    null,
    null,
    null,
    null,
    null,
    null,
    null,
    null,
    null,
    null,
    null,
    null,
    null,
    null,
    null,
    null,
    null,
    null,
    null,
    null,
    null,
    null,
    null,
    null,
    null,
    null,
    null,
    null,
    null,
    null,
    null,
    null,
    null,
    null,
    null,
    null,
    null,
    null,
    null,
    null,
    null,
    null,
    null,
    null,
    null,
    null,
    null,
    null,
    null,
    null,
    null,
    null,
    null,
    null,
    null,
    null,
    null,
    null,
    null,
    null,
    null,
    null,
    null,
    null,
    null,
    null,
    null,
    null,
    null,
    null,
    null,
    null,
    null,
    null,
    null,
    null,
    null,
    null,
    null,
    null,
    null,
    null,
    null,
    null,
    null,
    null,
    null,
    null,
    null,
    null,
    null,
    null,
    null,
    null,
    null,
    0.20743462443351746,
    0.21556736528873444,
    0.21638184785842896,
    0.21725627779960632,
    0.2285819947719574,
    0.22962763905525208,
    0.23073995113372803,
    0.24246248602867126,
    0.243770033121109,
    0.25581133365631104,
    0.25733423233032227,
    0.2589396834373474,
    0.27148962020874023,
    0.2733413577079773,
    0.2862984240055084,
    0.28842252492904663,
    0.3018294870853424,
    0.3155236542224884,
    0.3181588649749756,
    0.33237963914871216,
    0.35070428252220154,
    0.36184611916542053,
    0.36534610390663147,
    0.38090983033180237,
    0.3937193751335144,
    0.42221498489379883,
    0.44247323274612427,
    0.45713862776756287,
    0.48233845829963684,
    0.5099402666091919,
    0.5493797063827515,
    0.5786877870559692,
    0.6085627675056458,
    0.6688620448112488,
    0.7309877872467041,
    0.7754029631614685,
    0.8909507989883423,
    0.9400248527526855,
    1.053594708442688,
    1.1298346519470215,
    1.3234882354736328,
    1.6343181133270264,
    2.1548938751220703,
    2.344198226928711,
    2.354555368423462,
    2.398742437362671,
    2.405066728591919,
    2.4422731399536133,
    2.4498393535614014,
    2.4680352210998535,
    2.4940922260284424,
    2.548494338989258,
    2.5551772117614746,
    2.5786283016204834,
    2.612902879714966,
    2.6372854709625244,
    2.6708922386169434,
    2.706225633621216,
    2.7407963275909424,
    2.7750887870788574,
    2.7986955642700195,
    1.8678488731384277,
    1.898891806602478,
    1.8731780052185059,
    1.7600964307785034,
    1.7314709424972534,
    1.6333163976669312,
    1.53568434715271,
    1.0572021007537842,
    1.0543076992034912,
    1.0516879558563232,
    1.0935842990875244,
    1.2390732765197754,
    1.4070695638656616,
    1.8268133401870728,
    1.8245563507080078,
    1.8227537870407104,
    1.8417112827301025,
    1.8808517456054688,
    2.7301111221313477,
    2.720057487487793,
    2.7108347415924072,
    2.7219533920288086,
    4.8782548904418945,
    4.921031951904297,
    4.082647323608398,
    4.027536392211914,
    3.9820945262908936,
    3.0816524028778076,
    3.041114330291748,
    2.961033582687378,
    2.9059770107269287,
    2.8509585857391357,
    2.8301234245300293,
    2.183004379272461,
    2.1802079677581787,
    2.1062710285186768,
    2.0759472846984863,
    2.0361690521240234,
    2.011406421661377,
    1.9771870374679565,
    1.9615478515625,
    1.9363584518432617,
    1.9109303951263428,
    1.8852111101150513,
    1.833113431930542,
    1.2509393692016602,
    1.2331889867782593,
    1.225403904914856,
    1.257387638092041,
    1.2875021696090698,
    1.318455696105957,
    1.3370637893676758,
    1.3955382108688354,
    1.4236764907836914,
    1.4662634134292603,
    1.5075514316558838,
    1.5578062534332275,
    1.616744875907898,
    1.6346927881240845,
    1.6161601543426514,
    1.6353342533111572,
    1.6420568227767944,
    1.7252399921417236,
    1.7844305038452148,
    1.8526498079299927,
    null,
    null,
    null,
    null,
    null,
    null,
    null,
    null,
    null,
    null,
    null,
    null,
    null,
    null,
    null,
    0.26500600576400757,
    0.3494287133216858,
    0.3823581337928772,
    0.6998517513275146,
    0.9312257766723633,
    2.494170904159546,
    2.4488167762756348,
    2.409658908843994,
    2.3721671104431152,
    2.296555280685425,
    2.23488450050354,
    2.1911873817443848,
    2.1384949684143066,
    2.09808349609375,
    2.048272132873535,
    2.026925802230835,
    1.9669630527496338,
    1.9243017435073853,
    1.8847695589065552,
    1.8607457876205444,
    1.8226407766342163,
    1.8270412683486938,
    1.7665268182754517,
    1.7377718687057495,
    1.7385003566741943,
    1.6808842420578003,
    1.6684346199035645,
    1.6714951992034912,
    1.5915236473083496,
    1.5641429424285889,
    1.4684498310089111,
    1.4467060565948486,
    1.3589845895767212,
    1.3204724788665771,
    1.2849220037460327,
    1.227710247039795,
    1.2071428298950195,
    1.164164662361145,
    1.130050778388977,
    1.0938245058059692,
    1.070346474647522,
    1.0244325399398804,
    1.0243622064590454,
    1.0088868141174316,
    0.9804955720901489,
    0.9665804505348206,
    0.940046489238739,
    0.914454996585846,
    0.9026485085487366,
    0.8913597464561462,
    0.867985188961029,
    0.8578082323074341,
    0.8357828259468079,
    0.8266064524650574,
    0.8058021068572998,
    0.7975301146507263,
    0.7778338193893433,
    0.7703821659088135,
    0.7632585763931274,
    0.756450355052948,
    0.7385832667350769,
    0.7324658036231995,
    0.715447723865509,
    0.7099632024765015,
    0.7047346830368042,
    0.6997539401054382,
    0.6950134038925171,
    0.6797167658805847,
    0.6755024194717407,
    null,
    null,
    0.6535946726799011,
    0.6502673029899597,
    0.647132396697998,
    0.6337956786155701,
    0.6310779452323914,
    0.6285378336906433,
    0.626171886920929,
    0.6137479543685913,
    0.6117547154426575,
    0.6099242568016052,
    0.6082544326782227,
    0.6067430377006531,
    0.5952983498573303,
    0.5941181182861328,
    0.593088686466217,
    0.592208743095398,
    0.5814520120620728,
    0.5808776021003723,
    0.5804475545883179,
    0.5801610350608826,
    0.5800178647041321,
    0.5800178647041321,
    0.5701582431793213,
    0.5704398155212402,
    0.5708624720573425,
    0.5714269876480103,
    0.5721338987350464,
    0.5629316568374634,
    0.5639087557792664,
    0.565028965473175,
