{
  "step": 10,
  "timestamp": 0.32,
  "robot_pose_odom": {
    "x": -3.841157969475258e-11,
    "y": 9.804796977663823e-19,
    "yaw_fused": -8.181419732525109e-08,
    "yaw_imu": -3.24012110031191e-07
  },
  "lidar_pose_relative_to_robot": {
    "x_offset": 0.0,
    "y_offset": 0.0,
    "yaw_offset": 0.0
  },
  "lidar_meta": {
    "fov": 6.283184,
    "horizontal_resolution": 400,
    "angle_min": -3.141592,
    "angle_increment": 0.015747328320802004
  },
  "ranges": [
    1.0266436338424683,
    1.020074725151062,
    1.0135774612426758,
    1.0071392059326172,
    1.003109097480774,
    0.501161515712738,
    0.4963010549545288,
    0.4886813163757324,
    0.49201443791389465,
    0.4845050275325775,
    0.4880996644496918,
    0.49187028408050537,
    0.5267588496208191,
    0.5450460314750671,
    0.5809008479118347,
    0.632021427154541,
    0.6660559177398682,
    0.6855781078338623,
    0.7799997329711914,
    0.8083243370056152,
    0.9214310050010681,
    1.2978911399841309,
    null,
    null,
    null,
    1.397761344909668,
    1.4016971588134766,
    2.370703935623169,
    2.0342559814453125,
    1.9928436279296875,
    1.9824905395507812,
    1.9715803861618042,
    2.006556510925293,
    2.0054194927215576,
    2.3787639141082764,
    2.362752914428711,
    2.303776741027832,
    2.256122589111328,
    2.2128336429595947,
    2.1641407012939453,
    2.1176748275756836,
    2.0789899826049805,
    3.1161160469055176,
    3.111931800842285,
    3.070028781890869,
    3.0213828086853027,
    1.0919890403747559,
    1.0165964365005493,
    0.960117757320404,
    0.897614061832428,
    0.8643149137496948,
    0.8396231532096863,
    0.7820522785186768,
    0.7458208203315735,
    0.7267089486122131,
    0.6952522397041321,
    0.6689562797546387,
    0.6411209106445312,
    0.6207323670387268,
    0.6182339191436768,
    0.6159067749977112,
    0.6137479543685913,
    0.621950626373291,
    0.6200897097587585,
    0.6285296082496643,
    0.6269678473472595,
    0.6255677938461304,
    0.6343973875045776,
    0.6332980990409851,
    0.6423959136009216,
    0.6416022181510925,
    0.640968382358551,
    0.650501549243927,
    0.650180459022522,
    0.6600203514099121,
    0.6600203514099121,
    0.6701859831809998,
    0.6705169677734375,
    0.6810289025306702,
    0.6817023754119873,
    0.6925831437110901,
    0.6936122179031372,
    0.7048859596252441,
    0.7062861919403076,
    0.7179792523384094,
    0.7197678089141846,
    0.7338248491287231,
    0.744301438331604,
    0.7467266917228699,
    0.7596184015274048,
    0.7624884247779846,
    0.7759153246879578,
    0.7849695682525635,
    0.8036966919898987,
    0.8075898289680481,
    0.8207039833068848,
    0.8372970819473267,
    0.8420456051826477,
    0.8549961447715759,
    2.1254632472991943,
    2.154536247253418,
    0.8222754597663879,
    0.8148975968360901,
    0.8098016977310181,
    0.8160575032234192,
    0.8396241664886475,
    0.906810462474823,
    0.9772704243659973,
    1.30575692653656,
    1.4306302070617676,
    1.5808203220367432,
    2.4521069526672363,
    2.477540969848633,
    2.461995840072632,
    2.4639627933502197,
    2.4423632621765137,
    2.43178653717041,
    2.420588731765747,
    2.4035696983337402,
    2.420660972595215,
    2.395974636077881,
    2.3943490982055664,
    2.378530979156494,
    2.3709232807159424,
    2.3644862174987793,
    2.3784499168395996,
    2.3694612979888916,
    2.37414813041687,
    2.365126132965088,
    2.369495153427124,
    2.3684091567993164,
    2.3495750427246094,
    null,
    null,
    null,
    null,
    null,
    1.9598102569580078,
    1.6890023946762085,
    1.4475752115249634,
    1.4003313779830933,
    1.395540475845337,
    1.4136662483215332,
    0.8196039199829102,
    0.7777498364448547,
    0.6823803782463074,
    0.6622313261032104,
    0.6167407631874084,
    0.5949193239212036,
    0.5495007634162903,
    0.527000904083252,
    0.48765385150909424,
    0.4838436543941498,
    0.438721626996994,
    0.4241615831851959,
    0.40737617015838623,
    0.39677655696868896,
    0.3966151475906372,
    0.363468199968338,
    0.35261714458465576,
    0.3399244248867035,
    0.3353712260723114,
    0.32719239592552185,
    0.31332525610923767,
    0.30948933959007263,
    0.3038407564163208,
    0.2917434871196747,
    0.28269127011299133,
    0.2735040783882141,
    0.2767489552497864,
    0.26740798354148865,
    null,
    null,
    null,
    null,
    null,
    null,
    null,
    null,
    null,
    null,
    null,
    null,
    null,
    null,
    null,
    null,
    null,
    null,
    null,
    null,
    null,
    null,
    null,
    null,
    null,
    null,
    null,
    null,
    null,
    null,
    null,
    null,
    null,
    null,
    null,
    null,
    null,
    null,
    null,
    null,
    null,
    null,
    null,
    null,
    null,
    null,
    null,
    null,
    null,
    null,
    null,
    null,
    null,
    null,
    null,
    null,
    null,
    null,
    null,
    null,
    null,
    null,
    null,
    null,
    null,
    null,
    null,
    null,
    null,
    null,
    null,
    null,
    null,
    null,
    null,
    null,
    null,
    null,
    null,
    null,
    null,
    null,
    null,
    null,
    null,
    null,
    null,
    null,
    null,
    null,
    null,
    null,
    null,
    null,
    null,
    null,
    null,
    null,
    null,
    null,
    null,
    null,
    null,
    null,
    null,
    null,
    null,
    null,
    null,
    null,
    null,
    null,
    null,
    null,
    null,
    null,
    null,
    0.2581094801425934,
    0.2552756369113922,
    0.26459184288978577,
    0.2618756890296936,
    0.2710634469985962,
    0.2797750234603882,
    0.28911325335502625,
    0.2940784990787506,
    0.30679619312286377,
    0.30425503849983215,
    0.3188324272632599,
    0.33537328243255615,
    0.3413071036338806,
    0.35212796926498413,
    0.35402825474739075,
    0.37305986881256104,
    0.3882754147052765,
    0.39950886368751526,
    0.4145483076572418,
    0.438721626996994,
    0.4460288882255554,
    0.4624335765838623,
    0.49067753553390503,
    0.49769464135169983,
    0.5437674522399902,
    0.5688804388046265,
    0.6038246154785156,
    0.6400771737098694,
    0.6762756109237671,
    0.73354572057724,
    0.8038052320480347,
    0.8323779106140137,
    0.9611428380012512,
    1.031704068183899,
    1.1437442302703857,
    1.1573138236999512,
    1.171501636505127,
    1.186337947845459,
    1.201855182647705,
    1.2180885076522827,
    1.2350748777389526,
    1.2528554201126099,
    1.27147376537323,
    1.290977120399475,
    1.31199049949646,
    1.3329334259033203,
    1.338948369026184,
    1.3874942064285278,
    1.4039312601089478,
    1.440888524055481,
    1.467340350151062,
    1.488660454750061,
    1.5433344841003418,
    1.5625360012054443,
    1.6035982370376587,
    1.6070122718811035,
    1.6742609739303589,
    1.6959155797958374,
    1.7600722312927246,
    1.8077776432037354,
    1.8500640392303467,
    1.8908377885818481,
    1.9192075729370117,
    1.9296081066131592,
    2.0336151123046875,
    1.153690218925476,
    1.1451939344406128,
    1.1457825899124146,
    1.1663140058517456,
    1.1714577674865723,
    1.176663875579834,
    1.1843088865280151,
    1.1979156732559204,
    1.2002108097076416,
    1.2193502187728882,
    1.2249584197998047,
    1.2213540077209473,
    null,
    null,
    1.2660084962844849,
    1.2831662893295288,
    1.300378680229187,
    1.3195866346359253,
    1.3295683860778809,
    1.3474138975143433,
    1.3601806163787842,
    1.3780543804168701,
    1.3961247205734253,
    1.4144154787063599,
    1.4329496622085571,
    1.451750636100769,
    1.4714257717132568,
    1.5002515316009521,
    1.5201002359390259,
    1.5501008033752441,
    1.5702711343765259,
    1.6007977724075317,
    1.6331309080123901,
    1.6647858619689941,
    1.6854263544082642,
    1.7172240018844604,
