{
  "step": 1105,
  "timestamp": 35.36,
  "robot_pose_odom": {
    "x": -2.97440979479884,
    "y": 0.5170538144618136,
    "yaw_fused": 1.0607709944537345,
    "yaw_imu": 1.0608287412672306
  },
  "lidar_pose_relative_to_robot": {
    "x_offset": 0.0,
    "y_offset": 0.0,
    "yaw_offset": 0.0
  },
  "lidar_meta": {
    "fov": 6.283184,
    "horizontal_resolution": 400,
    "angle_min": -3.141592,
    "angle_increment": 0.015747328320802004
  },
  "ranges": [
    1.3319991827011108,
    1.325577735900879,
    1.3346089124679565,
    1.334574580192566,
    1.3354090452194214,
    1.3481625318527222,
    1.2179540395736694,
    1.091712236404419,
    0.9912064075469971,
    0.9029297828674316,
    0.8252702355384827,
    0.7716820240020752,
    0.7187263369560242,
    0.665759265422821,
    0.6236157417297363,
    0.5924225449562073,
    0.5601824522018433,
    0.5308462381362915,
    0.5003037452697754,
    0.48006805777549744,
    0.45996108651161194,
    0.4402868449687958,
    null,
    null,
    null,
    0.380991131067276,
    0.37251296639442444,
    0.3632667362689972,
    0.34208211302757263,
    0.332475483417511,
    0.32285645604133606,
    0.3170432448387146,
    null,
    null,
    0.2942558825016022,
    0.29260650277137756,
    0.2793295085430145,
    0.2748197019100189,
    0.2609404921531677,
    0.26220449805259705,
    0.2530043423175812,
    0.25436875224113464,
    0.2451525181531906,
    0.24661198258399963,
    0.2373613715171814,
    0.22805127501487732,
    0.2296067327260971,
    0.23124101758003235,
    0.2244408279657364,
    null,
    null,
    null,
    null,
    null,
    null,
    null,
    null,
    null,
    null,
    null,
    null,
    null,
    null,
    null,
    null,
    null,
    null,
    null,
    null,
    null,
    null,
    null,
    null,
    null,
    null,
    null,
    null,
    null,
    null,
    null,
    null,
    null,
    null,
    null,
    null,
    null,
    null,
    null,
    null,
    null,
    null,
    null,
    null,
    null,
    null,
    null,
    null,
    null,
    null,
    null,
    null,
    null,
    null,
    null,
    null,
    null,
    null,
    null,
    null,
    null,
    null,
    null,
    null,
    null,
    null,
    null,
    null,
    null,
    null,
    null,
    null,
    null,
    null,
    null,
    null,
    null,
    null,
    null,
    null,
    null,
    null,
    null,
    null,
    null,
    null,
    null,
    null,
    null,
    null,
    null,
    null,
    null,
    null,
    null,
    null,
    null,
    null,
    0.21867309510707855,
    0.217191681265831,
    0.22657224535942078,
    0.235889732837677,
    0.23449371755123138,
    0.243770033121109,
    0.24246251583099365,
    0.24122817814350128,
    0.2505028545856476,
    0.24936223030090332,
    0.26898401975631714,
    0.26790136098861694,
    0.28059080243110657,
    0.2864157259464264,
    0.28548553586006165,
    0.2928808033466339,
    0.30567339062690735,
    0.3122504949569702,
    0.3219022750854492,
    0.3330574929714203,
    0.341203898191452,
    0.3508787155151367,
    0.36121639609336853,
    0.37033823132514954,
    0.38043898344039917,
    0.4000285863876343,
    0.4100392758846283,
    0.42996013164520264,
    0.45020726323127747,
    0.46020933985710144,
    0.48116931319236755,
    0.5006216764450073,
    0.5306897163391113,
    0.5646595358848572,
    0.5918561816215515,
    0.6226543188095093,
    0.6624845862388611,
    0.7034463882446289,
    0.7719839215278625,
    0.8039290904998779,
    0.9098984003067017,
    0.9408939480781555,
    1.0244251489639282,
    1.1259897947311401,
    1.4483642578125,
    1.576080560684204,
    1.5837152004241943,
    1.6023608446121216,
    1.611001968383789,
    1.62013840675354,
    1.6405057907104492,
    1.6507405042648315,
    1.672376036643982,
    1.683782696723938,
    1.7067790031433105,
    1.7194420099258423,
    1.7327247858047485,
    1.7579174041748047,
    1.772599220275879,
    1.7994346618652344,
    1.8156296014785767,
    1.844247817993164,
    1.862086534500122,
    1.8926457166671753,
    1.9122766256332397,
    1.9449563026428223,
    1.9665476083755493,
    2.0015523433685303,
    2.0378780364990234,
    2.062861204147339,
    2.08119535446167,
    2.086294651031494,
    2.0914525985717773,
    1.1434756517410278,
    1.1349103450775146,
    1.1194493770599365,
    1.1366207599639893,
    1.1646145582199097,
    1.1609113216400146,
    1.1120601892471313,
    1.0874032974243164,
    1.0464497804641724,
    1.0189645290374756,
    0.9878103137016296,
    0.9544376730918884,
    0.9308831691741943,
    0.907536506652832,
    0.8878365755081177,
    0.863074779510498,
    0.8450520038604736,
    0.8213374018669128,
    0.8014050126075745,
    0.793727457523346,
    0.7785910367965698,
    0.7869176268577576,
    0.7950274348258972,
    0.7972086668014526,
    0.8821930885314941,
    0.8175357580184937,
    0.7706571817398071,
    0.7148686051368713,
    0.6754777431488037,
    0.634892463684082,
    0.5787149667739868,
    0.5543020963668823,
    0.5166552066802979,
    0.5069320201873779,
    0.47450974583625793,
    0.4612751305103302,
    0.43746185302734375,
    0.42595356702804565,
    0.4127104878425598,
    0.40279194712638855,
    0.4020940065383911,
    0.4115349054336548,
    0.4110264480113983,
    0.41062039136886597,
    0.42032408714294434,
    0.4201166033744812,
    1.6701048612594604,
    1.6500242948532104,
    1.6405377388000488,
    1.6211044788360596,
    1.6126576662063599,
    1.603690505027771,
    1.596383810043335,
    1.5776430368423462,
    1.5701346397399902,
    1.562948226928711,
    1.5585403442382812,
    1.5393654108047485,
    1.5330604314804077,
    1.5270378589630127,
    1.5212888717651367,
    1.5226690769195557,
    1.510575532913208,
    1.515303134918213,
    1.4904602766036987,
    1.4858989715576172,
    1.4815547466278076,
    1.4774188995361328,
    1.4734818935394287,
    1.4697338342666626,
    1.4661650657653809,
    1.4627649784088135,
    1.4595228433609009,
    1.4564274549484253,
    1.4535149335861206,
    1.464298963546753,
    1.4590777158737183,
    1.456532597541809,
    1.454071283340454,
    1.4595098495483398,
    0.982984185218811,
    0.9804862141609192,
    0.9899700284004211,
    1.4599376916885376,
    1.5033621788024902,
    2.9304113388061523,
    2.889101266860962,
    2.8554646968841553,
    2.8559186458587646,
    2.786907434463501,
    2.761942148208618,
    2.731701374053955,
    2.6995344161987305,
    2.66677188873291,
    2.632655620574951,
    2.5996906757354736,
    2.5679898262023926,
    2.5749032497406006,
    2.5567691326141357,
    2.5375640392303467,
    2.510425090789795,
    2.475898027420044,
    2.4429023265838623,
    2.4113616943359375,
    2.3812050819396973,
    2.3523669242858887,
    2.3247854709625244,
    2.310694456100464,
    2.285324811935425,
    2.2610576152801514,
    2.237846851348877,
    2.215649127960205,
    1.378078579902649,
    1.337717890739441,
    1.2990524768829346,
    1.2730064392089844,
    1.2536959648132324,
    1.212673306465149,
    1.1895478963851929,
    1.1671682596206665,
    1.1348494291305542,
    1.1141993999481201,
    1.0942655801773071,
    1.088518738746643,
    1.059005618095398,
    1.040337085723877,
    1.012328028678894,
    1.0019475221633911,
    0.984714925289154,
    0.9890953898429871,
    0.9549702405929565,
    0.9427443146705627,
    0.9359157681465149,
    0.9173656105995178,
    0.9108153581619263,
    0.8908080458641052,
    0.8787626028060913,
    0.8747951984405518,
    0.8663185834884644,
    0.8574754595756531,
    0.8425309658050537,
    0.8385082483291626,
    0.8282829523086548,
    0.8174874782562256,
    0.8099459409713745,
    0.8081274032592773,
    0.7920588850975037,
    0.7944601774215698,
    0.7739406228065491,
    0.7647987604141235,
    0.7717798352241516,
    0.7601202726364136,
    0.7626076936721802,
    0.7517848610877991,
    0.7546852231025696,
