{
  "step": 1175,
  "timestamp": 37.6,
  "robot_pose_odom": {
    "x": -2.706159630417008,
    "y": 0.9395378879708131,
    "yaw_fused": 0.8890292198629607,
    "yaw_imu": 0.8867212055392534
  },
  "lidar_pose_relative_to_robot": {
    "x_offset": 0.0,
    "y_offset": 0.0,
    "yaw_offset": 0.0
  },
  "lidar_meta": {
    "fov": 6.283184,
    "horizontal_resolution": 400,
    "angle_min": -3.141592,
    "angle_increment": 0.015747328320802004
  },
  "ranges": [
    0.9522193670272827,
    0.8898963332176208,
    0.8340957164764404,
    0.7855108380317688,
    0.7332401871681213,
    0.689844012260437,
    0.6660559177398682,
    0.6266513466835022,
    0.5909872055053711,
    0.5741228461265564,
    0.5535074472427368,
    0.5256205201148987,
    0.5068666338920593,
    0.4906002879142761,
    0.47173917293548584,
    0.45642831921577454,
    0.448051393032074,
    0.4369228780269623,
    0.41379228234291077,
    0.3949216902256012,
    0.3869701325893402,
    null,
    null,
    null,
    null,
    0.3490430414676666,
    0.34424248337745667,
    0.3396548628807068,
    0.322374552488327,
    0.318342924118042,
    0.3144875466823578,
    0.3108001947402954,
    null,
    null,
    0.2886456549167633,
    0.2856825888156891,
    0.2828488051891327,
    0.28013908863067627,
    0.27754873037338257,
    0.27507299184799194,
    0.2727077603340149,
    0.2591802477836609,
    0.25711411237716675,
    0.25514307618141174,
    0.25326409935951233,
    0.2514741122722626,
    0.24977049231529236,
    0.23736147582530975,
    0.23794740438461304,
    0.23588977754116058,
    0.23736143112182617,
    0.23891088366508484,
    0.2296067774295807,
    0.2312411069869995,
    0.23295670747756958,
    0.22357743978500366,
    null,
    null,
    null,
    null,
    null,
    null,
    null,
    null,
    null,
    null,
    null,
    null,
    null,
    null,
    null,
    null,
    null,
    null,
    null,
    null,
    null,
    null,
    null,
    null,
    null,
    null,
    null,
    null,
    null,
    null,
    null,
    null,
    null,
    null,
    null,
    null,
    null,
    null,
    null,
    null,
    null,
    null,
    null,
    null,
    null,
    null,
    null,
    null,
    null,
    null,
    null,
    null,
    0.20780184864997864,
    0.20691078901290894,
    0.21638187766075134,
    0.21556736528873444,
    0.2148117870092392,
    0.21411414444446564,
    0.22363892197608948,
    0.22302664816379547,
    0.22247245907783508,
    0.2219756543636322,
    0.2316053807735443,
    0.2312040627002716,
    0.23086102306842804,
    0.2305757999420166,
    0.23034800589084625,
    0.23017746210098267,
    0.24006663262844086,
    0.2400074005126953,
    0.2400074005126953,
    0.25006940960884094,
    0.25019291043281555,
    0.250378280878067,
    0.250625878572464,
    0.26097333431243896,
    0.26136112213134766,
    0.26181477308273315,
    0.2724246680736542,
    0.27303436398506165,
    0.27371448278427124,
    0.2846313416957855,
    0.28548550605773926,
    0.2864157259464264,
    0.2976882755756378,
    0.29881301522254944,
    0.30002057552337646,
    0.311702698469162,
    0.323566198348999,
    0.3251335918903351,
    0.3267972767353058,
    0.3391583263874054,
    0.34108176827430725,
    0.3538345694541931,
    0.3560420572757721,
    0.3692258894443512,
    0.38042646646499634,
    0.3964131772518158,
    0.3993542492389679,
    0.41361820697784424,
    0.42534053325653076,
    0.4431498050689697,
    0.44699332118034363,
    0.4741453528404236,
    0.4785706400871277,
    0.5067703723907471,
    0.5216588377952576,
    0.5412103533744812,
    0.5624191761016846,
    0.5899643301963806,
    0.6120135188102722,
    0.6458719372749329,
    0.6742947697639465,
    0.7170143723487854,
    0.7485151886940002,
    0.7934427857398987,
    0.8481317758560181,
    0.9170224666595459,
    0.9936033487319946,
    1.080422043800354,
    1.0874724388122559,
    1.0979869365692139,
    1.0894399881362915,
    1.1032012701034546,
    1.111685872077942,
    1.1273623704910278,
    1.1269667148590088,
    1.1327097415924072,
    1.1447346210479736,
    1.1590213775634766,
    1.1647484302520752,
    1.1637309789657593,
    1.1938321590423584,
    1.204338550567627,
    1.2187730073928833,
    1.2252445220947266,
    1.2220726013183594,
    1.2568340301513672,
    1.261643648147583,
    1.2791026830673218,
    1.2972184419631958,
    1.314932107925415,
    1.3324869871139526,
    1.3493417501449585,
    1.3661247491836548,
    1.4009226560592651,
    1.4373947381973267,
    1.4446542263031006,
    1.4747766256332397,
    1.5020101070404053,
    1.5121437311172485,
    1.539393663406372,
    1.566685438156128,
    1.595289945602417,
    1.6143683195114136,
    1.6111677885055542,
    1.6178524494171143,
    1.626064658164978,
    1.6240557432174683,
    1.632466435432434,
    1.6312577724456787,
    1.6403727531433105,
    1.6500508785247803,
    1.6500508785247803,
    1.6603784561157227,
    0.6903868317604065,
    0.6810289025306702,
    0.6817023754119873,
    0.672508180141449,
    0.6735074520111084,
    0.6963241100311279,
    0.7173470854759216,
    0.7268584370613098,
    0.7213137149810791,
    0.7052443623542786,
    0.6807772517204285,
    0.6722708344459534,
    0.6706647276878357,
    0.645048201084137,
    0.6365686655044556,
    0.6280827522277832,
    0.6195765137672424,
    0.6110357046127319,
    0.6024454236030579,
    0.5937900543212891,
    0.5874156951904297,
    0.5762173533439636,
    0.5672651529312134,
    0.5581774115562439,
    0.5444313287734985,
    0.5395624041557312,
    0.5435655117034912,
    0.5312315225601196,
    0.5296289920806885,
    0.5223203897476196,
    0.5118452906608582,
    0.5088388919830322,
    0.5019155144691467,
    0.5067703723907471,
    0.49994415044784546,
    0.4962710440158844,
    0.48623907566070557,
    0.49163690209388733,
    0.4848480522632599,
    0.4780207872390747,
    0.4711472988128662,
    0.4642190635204315,
    0.47029104828834534,
    0.4634030759334564,
    0.45644062757492065,
    0.46301165223121643,
    0.4560719132423401,
    0.44205373525619507,
    0.47004836797714233,
    0.4898904860019684,
    0.5447199940681458,
    0.5369892716407776,
    0.5296038389205933,
    0.5094822645187378,
    0.5029042959213257,
    0.496614933013916,
    0.4906005561351776,
    0.4944356381893158,
    0.4793461859226227,
    0.4740833342075348,
    0.4690491855144501,
    0.4642341732978821,
    0.4596293270587921,
    0.45522600412368774,
    0.4510166645050049,
    0.4469935894012451,
    0.4431501030921936,
    0.4394795298576355,
    0.43597611784935,
    0.4326339066028595,
    0.42944779992103577,
    0.4264126420021057,
    0.423523873090744,
    0.42077717185020447,
    0.41816824674606323,
    0.4207770526409149,
    0.4126642644405365,
    0.4154789447784424,
    0.40742480754852295,
    0.41044753789901733,
    0.4024393856525421,
    0.4056733548641205,
    0.39769867062568665,
    0.4011479914188385,
    0.3931938707828522,
    0.3968636393547058,
    0.4007023572921753,
    0.39281338453292847,
    0.3968876004219055,
    0.3889912962913513,
    0.3933095932006836,
    0.38539209961891174,
    0.3899644613265991,
    0.38201141357421875,
    0.3868493437767029,
    0.39190930128097534,
    0.3839626908302307,
    0.3893170952796936,
    0.3813038468360901,
    0.38697031140327454,
    0.3718926012516022,
    0.38585466146469116,
    0.38697031140327454,
    0.39492183923721313,
    0.389317125082016,
    0.3839626610279083,
    0.39190927147865295,
    0.3868493437767029,
    0.3947450518608093,
    0.38996437191963196,
    0.39782407879829407,
    0.3933095335960388,
    0.38899126648902893,
    0.3968876004219055,
    0.3928133249282837,
    2.4111196994781494,
    2.404162883758545,
    2.3900880813598633,
    1.6389758586883545,
    1.6248831748962402,
    1.5972864627838135,
    1.5762208700180054,
    1.5556222200393677,
    1.5305956602096558,
