{
  "step": 630,
  "timestamp": 20.16,
  "robot_pose_odom": {
    "x": -2.229872013915444,
    "y": -1.0902225429724814,
    "yaw_fused": 2.6202486614599687,
    "yaw_imu": 2.612182183094608
  },
  "lidar_pose_relative_to_robot": {
    "x_offset": 0.0,
    "y_offset": 0.0,
    "yaw_offset": 0.0
  },
  "lidar_meta": {
    "fov": 6.283184,
    "horizontal_resolution": 400,
    "angle_min": -3.141592,
    "angle_increment": 0.015747328320802004
  },
  "ranges": [
    0.4938506484031677,
    0.4792078733444214,
    0.477774053812027,
    0.46787458658218384,
    0.45629072189331055,
    0.4429799020290375,
    0.433755487203598,
    0.42219871282577515,
    0.42157232761383057,
    0.41071128845214844,
    0.4006052315235138,
    0.40030863881111145,
    0.3901907205581665,
    0.38001173734664917,
    0.38001173734664917,
    0.37010273337364197,
    0.3702855110168457,
    0.36054471135139465,
    0.36090123653411865,
    0.35131028294563293,
    0.3518322706222534,
    0.34312716126441956,
    null,
    null,
    null,
    null,
    0.3239203691482544,
    0.31710314750671387,
    0.31821849942207336,
    0.31942084431648254,
    0.31036612391471863,
    0.311702698469162,
    null,
    0.30415719747543335,
    0.30571359395980835,
    0.29676353931427,
    0.29844656586647034,
    0.28950101137161255,
    0.29130712151527405,
    0.2932087779045105,
    0.28427499532699585,
    0.2862984240055084,
    0.28842252492904663,
    0.2906506061553955,
    0.28171753883361816,
    0.2840704023838043,
    0.2750728130340576,
    0.27754849195480347,
    0.28013890981674194,
    0.282848596572876,
    0.2737789452075958,
    0.276618629693985,
    0.26743149757385254,
    0.2704003155231476,
    0.2735040485858917,
    0.2767488956451416,
    0.26740792393684387,
    0.27079445123672485,
    0.27433645725250244,
    0.2648017406463623,
    0.26849445700645447,
    null,
    null,
    null,
    null,
    null,
    null,
    0.2684946358203888,
    0.26480191946029663,
    0.2743366062641144,
    0.2707946300506592,
    0.2674080431461334,
    0.27674904465675354,
    0.2735041677951813,
    0.27040043473243713,
    0.2674316465854645,
    0.2797876000404358,
    0.2618756890296936,
    0.2710634469985962,
    0.26846662163734436,
    0.2659841775894165,
    0.2636116147041321,
    0.26134490966796875,
    0.2591802477836609,
    0.25711411237716675,
    0.25514307618141174,
    0.26427558064460754,
    0.2624077796936035,
    0.2606301009654999,
    0.25893980264663696,
    0.25863850116729736,
    0.2575974762439728,
    0.2566278278827667,
    0.2557283341884613,
    0.254897803068161,
    0.2541351318359375,
    0.25343936681747437,
    0.2528096139431,
    0.25224506855010986,
    0.25174498558044434,
    0.25130876898765564,
    0.2614049017429352,
    0.2503107190132141,
    0.2603934109210968,
    0.2602006196975708,
    0.26007217168807983,
    0.2600080072879791,
    0.2600080072879791,
    0.26007217168807983,
    0.2602006196975708,
    0.2603934109210968,
    0.2606509029865265,
    0.26097333431243896,
    0.26136112213134766,
    0.26181477308273315,
    0.2623348534107208,
    0.2629219889640808,
    0.2635769248008728,
    0.2744659185409546,
    0.2752895653247833,
    0.27618658542633057,
    0.2771580219268799,
    0.2782052159309387,
    0.2793295085430145,
    0.28053244948387146,
    0.28181570768356323,
    0.283180832862854,
    0.2846298813819885,
    0.2861648201942444,
    0.2877877354621887,
    0.28950101137161255,
    0.30209630727767944,
    0.2888701260089874,
    0.30614233016967773,
    0.30832138657569885,
    0.3106088936328888,
    0.3130083680152893,
    0.3155236542224884,
    0.3181588649749756,
    0.3209182918071747,
    0.3238065838813782,
    0.3268287479877472,
    0.329990029335022,
    0.3451995253562927,
    0.3487800359725952,
    0.3525233268737793,
    0.35643675923347473,
    0.36052805185317993,
    0.36480534076690674,
    0.36927759647369385,
    0.37395426630973816,
    0.37884557247161865,
    0.39720261096954346,
    0.4027417004108429,
    0.40853968262672424,
    0.4146108329296112,
    0.420970618724823,
    0.42795124650001526,
    0.44225195050239563,
    0.4447781443595886,
    0.4698656499385834,
    0.4771256446838379,
    0.48335501551628113,
    0.4951125681400299,
    0.5087575316429138,
    0.5240204930305481,
    0.5317316651344299,
    0.5682725310325623,
    0.5745747089385986,
    0.5950074195861816,
    0.6210700273513794,
    0.6384349465370178,
    0.6646022796630859,
    0.6747720837593079,
    0.7299010753631592,
    0.7510568499565125,
    0.7861490845680237,
    0.8544804453849792,
    0.886672854423523,
    0.9137576222419739,
    0.9422245025634766,
    0.9773913025856018,
    1.138647198677063,
    1.1734604835510254,
    1.2411975860595703,
    1.4942283630371094,
    1.5699445009231567,
    1.607627511024475,
    1.6059327125549316,
    1.604403018951416,
    1.6030256748199463,
    1.6017876863479614,
    1.600675344467163,
    1.5921363830566406,
    1.5874545574188232,
    1.6028094291687012,
    1.5971519947052002,
    1.5964089632034302,
    1.5956772565841675,
    1.5949307680130005,
    1.5941417217254639,
    1.593278169631958,
    1.5917143821716309,
    1.604081153869629,
    1.602940320968628,
    1.6020511388778687,
    1.6133410930633545,
    1.6115399599075317,
    1.6169830560684204,
    1.6067403554916382,
    1.6276832818984985,
    1.6369813680648804,
    1.6387757062911987,
    1.2682286500930786,
    1.1925714015960693,
    1.1312490701675415,
    1.0729703903198242,
    1.018104910850525,
    0.9729390740394592,
    0.9476774334907532,
    0.89434814453125,
    0.8598301410675049,
    0.8266876935958862,
    0.795438289642334,
    0.7709277868270874,
    0.7474005818367004,
    0.7247968316078186,
    0.6952270269393921,
    0.6821387410163879,
    0.6619839668273926,
    0.6425502300262451,
    0.6212178468704224,
    0.6166428923606873,
    0.6036023497581482,
    0.5820790529251099,
    0.5718251466751099,
    0.5603423714637756,
    0.5447804927825928,
    0.5299348831176758,
    0.527092456817627,
    0.5111997127532959,
    0.5010057091712952,
    0.49872446060180664,
    0.4862403869628906,
    0.47807708382606506,
    0.4619300663471222,
    0.46031099557876587,
    0.44862014055252075,
    0.44727784395217896,
    0.43591567873954773,
    0.43483251333236694,
    0.4237717092037201,
    0.4229315519332886,
    0.4121463894844055,
    0.4115349054336548,
    0.40068620443344116,
    0.4103987514972687,
    0.4201783239841461,
    0.43020182847976685,
    0.4400402009487152,
    1.7501070499420166,
    1.7705738544464111,
    1.7815190553665161,
    1.7924870252609253,
    1.8148462772369385,
    1.8263819217681885,
    1.8502084016799927,
    1.8621587753295898,
    1.8848507404327393,
    2.130753993988037,
    1.0933120250701904,
    1.085782527923584,
    1.0784177780151367,
    1.071207046508789,
    1.0641393661499023,
    1.0572041273117065,
    1.0503901243209839,
    1.0493991374969482,
    1.0400049686431885,
    1.0410510301589966,
    1.0346611738204956,
    1.0283366441726685,
    1.0232453346252441,
    1.029336929321289,
    1.0204095840454102,
    1.0099413394927979,
    1.0168298482894897,
    1.013007640838623,
    1.0069013833999634,
    1.0060982704162598,
    1.005784511566162,
    0.999927818775177,
    1.0086003541946411,
    0.9945487380027771,
    1.0038310289382935,
    1.0017553567886353,
    1.0019805431365967,
    0.9982324838638306,
    0.9514104723930359,
    0.9464011192321777,
    0.9448321461677551,
    0.9560415744781494,
    0.9168271422386169,
    0.9155431985855103,
    0.9275184273719788,
    0.9268061518669128,
    0.9263059496879578,
    0.9260233044624329,
    0.9397846460342407,
    0.9401676654815674,
    0.9401684999465942,
    0.9459629058837891,
    0.939642071723938,
    0.9531559944152832,
    0.9528047442436218,
    0.9667100310325623,
    0.9542286992073059,
    0.9683535695075989,
