{
  "step": 75,
  "timestamp": 2.4,
  "robot_pose_odom": {
    "x": -4.527527242004214e-11,
    "y": 1.9312752373197177e-18,
    "yaw_fused": -3.694808393358373e-07,
    "yaw_imu": -3.8078100050853436e-07
  },
  "lidar_pose_relative_to_robot": {
    "x_offset": 0.0,
    "y_offset": 0.0,
    "yaw_offset": 0.0
  },
  "lidar_meta": {
    "fov": 6.283184,
    "horizontal_resolution": 400,
    "angle_min": -3.141592,
    "angle_increment": 0.015747328320802004
  },
  "ranges": [
    1.02681303024292,
    1.0302051305770874,
    1.0138839483261108,
    1.0070911645889282,
    0.9935458898544312,
    0.5010387301445007,
    0.4972800314426422,
    0.4906002879142761,
    0.48388102650642395,
    0.49000903964042664,
    0.48335471749305725,
    0.48988327383995056,
    0.5211900472640991,
    0.5537204146385193,
    0.5804551839828491,
    0.6384375095367432,
    0.6594493389129639,
    0.6786638498306274,
    0.7397582530975342,
    0.8117892742156982,
    0.9017731547355652,
    1.5469781160354614,
    null,
    null,
    null,
    null,
    1.4040555953979492,
    2.3014864921569824,
    2.035715341567993,
    2.001868963241577,
    1.9917271137237549,
    1.9967191219329834,
    null,
    1.9301515817642212,
    2.386192798614502,
    2.3664281368255615,
    2.3023791313171387,
    2.257070779800415,
    2.213210344314575,
    2.1603622436523438,
    2.119802713394165,
    2.1084463596343994,
    3.104297399520874,
    3.130276918411255,
    3.0829999446868896,
    3.006185293197632,
    1.0925120115280151,
    1.017126202583313,
    0.9692543148994446,
    0.9152933359146118,
    0.8706371784210205,
    0.8335309624671936,
    0.7958638072013855,
    0.7615504860877991,
    0.7327730059623718,
    0.7003942728042603,
    0.6708084940910339,
    0.6503453254699707,
    0.6300460696220398,
    0.6200191378593445,
    0.6201721429824829,
    0.6204784512519836,
    0.6209381222724915,
    0.6215521693229675,
    0.6223210692405701,
    0.6232457756996155,
    0.6343973875045776,
    0.635657548904419,
    0.637080192565918,
    0.6386672258377075,
    0.6404205560684204,
    0.6423423886299133,
    0.6546645164489746,
    0.6569672226905823,
    0.6594494581222534,
    0.6621143817901611,
    0.664965808391571,
    0.6680076718330383,
    0.681731641292572,
    0.6852200627326965,
    0.6889153122901917,
    0.6928223371505737,
    0.7076691389083862,
    0.7120841145515442,
    0.7167325615882874,
    0.7216211557388306,
    0.7267574667930603,
    0.743242621421814,
    0.7489842772483826,
    0.7550029754638672,
    0.7613086104393005,
    0.7793729901313782,
    0.7863873839378357,
    0.7937269806861877,
    0.813189685344696,
    0.8213368654251099,
    0.8298559188842773,
    0.8509184122085571,
    0.8603646159172058,
    2.1258721351623535,
    2.1510934829711914,
    2.1641390323638916,
    0.8174875974655151,
    0.8099457025527954,
    0.8076453804969788,
    0.8189082145690918,
    0.9398748874664307,
    1.0470939874649048,
    1.290769100189209,
    1.45195472240448,
    1.6057790517807007,
    2.451469898223877,
    2.4725239276885986,
    2.4621758460998535,
    2.4520771503448486,
    2.4422547817230225,
    2.4327309131622314,
    2.423525333404541,
    2.41465425491333,
    2.4061319828033447,
    2.3979721069335938,
    2.3901848793029785,
    2.382779121398926,
    2.38754940032959,
    2.3808181285858154,
    2.3744959831237793,
    2.3764216899871826,
    2.374459981918335,
    2.369297504425049,
    2.3645663261413574,
    2.365424633026123,
    null,
    null,
    null,
    null,
    null,
    2.1118927001953125,
    1.7830429077148438,
    1.5467904806137085,
    1.3984581232070923,
    1.408833384513855,
    1.4085379838943481,
    0.8482322692871094,
    0.7825555801391602,
    0.7293223738670349,
    0.6704823970794678,
    0.6295857429504395,
    0.622597873210907,
    0.5552781224250793,
    0.5348737239837646,
    0.5016392469406128,
    0.49452629685401917,
    0.4571388363838196,
    0.457179993391037,
    0.42080411314964294,
    0.3946405351161957,
    0.39190930128097534,
    0.3834809362888336,
    0.36246761679649353,
    0.3586844205856323,
    0.34550920128822327,
    0.33677664399147034,
    0.3227442800998688,
    0.3178684413433075,
    0.31321385502815247,
    0.2953440248966217,
    0.2912820279598236,
    0.28740015625953674,
    0.2836895287036896,
    0.26740792393684387,
    0.2641693949699402,
    0.2610720694065094,
    0.2581093907356262,
    0.24311953783035278,
    0.24053794145584106,
    0.23806868493556976,
    null,
    null,
    null,
    null,
    null,
    null,
    null,
    null,
    null,
    null,
    null,
    null,
    null,
    null,
    null,
    null,
    null,
    null,
    null,
    null,
    null,
    null,
    null,
    null,
    null,
    null,
    null,
    null,
    null,
    null,
    null,
    null,
    null,
    null,
    null,
    null,
    null,
    null,
    null,
    null,
    null,
    null,
    null,
    null,
    null,
    null,
    null,
    null,
    null,
    null,
    null,
    null,
    null,
    null,
    null,
    null,
    null,
    null,
    null,
    null,
    null,
    null,
    null,
    null,
    null,
    null,
    null,
    null,
    null,
    null,
    null,
    null,
    null,
    null,
    null,
    null,
    null,
    null,
    null,
    null,
    null,
    null,
    null,
    null,
    null,
    null,
    null,
    null,
    null,
    null,
    null,
    null,
    null,
    null,
    null,
    null,
    null,
    null,
    null,
    null,
    null,
    null,
    null,
    null,
    null,
    null,
    0.21822254359722137,
    0.23295672237873077,
    0.2312411218881607,
    0.24054047465324402,
    0.23891091346740723,
    0.24815063178539276,
    0.25863850116729736,
    0.25733429193496704,
    0.2589397430419922,
    0.2714896500110626,
    0.27334141731262207,
    0.27528703212738037,
    0.2884225845336914,
    0.2906506657600403,
    0.30425500869750977,
    0.3067961037158966,
    0.32091838121414185,
    0.3238067030906677,
    0.33850133419036865,
    0.341775506734848,
    0.35710304975509644,
    0.3608069121837616,
    0.3889912962913513,
    0.3933095932006836,
    0.4102560877799988,
    0.427702933549881,
    0.4450884461402893,
    0.46421921253204346,
    0.4872429072856903,
    0.5163636207580566,
    0.5393628478050232,
    0.5673391819000244,
    0.6019179821014404,
    0.6524695754051208,
    0.6875151991844177,
    0.7310153245925903,
    0.7900751829147339,
    0.8386372923851013,
    0.9381201267242432,
    1.0645307302474976,
    1.1242798566818237,
    1.1593595743179321,
    1.1742111444473267,
    1.1867307424545288,
    1.207399606704712,
    1.2188420295715332,
    1.2324339151382446,
    1.2540442943572998,
    1.274845838546753,
    1.2949161529541016,
    1.314327597618103,
    1.3488134145736694,
    1.362799048423767,
    1.3690426349639893,
    1.430425763130188,
    1.4343799352645874,
    1.4646724462509155,
    1.493730902671814,
    1.5224977731704712,
    1.5615360736846924,
    1.6059714555740356,
    1.6355229616165161,
    1.6756454706192017,
    1.714019536972046,
    1.7301534414291382,
    1.7660484313964844,
    1.847364068031311,
    1.9229997396469116,
    1.924839735031128,
    1.9709348678588867,
    2.006089925765991,
    1.152138113975525,
    1.1486908197402954,
    1.154137372970581,
    1.1616907119750977,
    1.1694457530975342,
    1.1774123907089233,
    1.1856013536453247,
    1.1940232515335083,
    1.2026890516281128,
    1.212052345275879,
    1.2210872173309326,
    1.2405091524124146,
    null,
    null,
    1.2704349756240845,
    1.2808420658111572,
    1.302188515663147,
    1.3135945796966553,
    1.324510097503662,
    1.3475908041000366,
    1.360176920890808,
    1.3712420463562012,
    1.3967422246932983,
    1.4075769186019897,
    1.4352378845214844,
    1.4454705715179443,
    1.4758471250534058,
    1.485008955001831,
    1.506478190422058,
    1.5511945486068726,
