{
  "step": 610,
  "timestamp": 19.52,
  "robot_pose_odom": {
    "x": -2.1870284076836746,
    "y": -1.1147652908185142,
    "yaw_fused": 3.1189930051093975,
    "yaw_imu": 3.1265008552219324
  },
  "lidar_pose_relative_to_robot": {
    "x_offset": 0.0,
    "y_offset": 0.0,
    "yaw_offset": 0.0
  },
  "lidar_meta": {
    "fov": 6.283184,
    "horizontal_resolution": 400,
    "angle_min": -3.141592,
    "angle_increment": 0.015747328320802004
  },
  "ranges": [
    1.8407623767852783,
    1.8367186784744263,
    1.703912615776062,
    1.6158447265625,
    1.538538932800293,
    1.461896538734436,
    1.4003076553344727,
    1.3351174592971802,
    1.281804084777832,
    1.2389957904815674,
    1.1902421712875366,
    1.177080512046814,
    1.1146211624145508,
    1.077255129814148,
    1.0319428443908691,
    1.0129112005233765,
    0.9821377396583557,
    0.9832701683044434,
    0.9017078876495361,
    0.8511037826538086,
    0.8134697675704956,
    null,
    null,
    null,
    null,
    0.6551429033279419,
    0.6134663820266724,
    0.5993660688400269,
    0.5814586281776428,
    0.5617595911026001,
    0.5481414198875427,
    0.5235897898674011,
    0.5186579823493958,
    0.5026420950889587,
    0.4856642186641693,
    0.4766296446323395,
    0.4622507691383362,
    0.44903531670570374,
    0.4350033700466156,
    0.42843160033226013,
    0.42215803265571594,
    0.4161667227745056,
    0.39720287919044495,
    0.3919094502925873,
    0.38684943318367004,
    0.3820114731788635,
    0.36480554938316345,
    0.36052820086479187,
    0.35643690824508667,
    0.3525235056877136,
    0.34878015518188477,
    0.3451997637748718,
    0.32999029755592346,
    0.3268289566040039,
    0.32380685210227966,
    0.3209185004234314,
    0.3181590437889099,
    0.31552377343177795,
    0.31300848722457886,
    0.31060898303985596,
    0.2973099946975708,
    0.29520875215530396,
    0.2932088375091553,
    0.2913072407245636,
    0.28967511653900146,
    0.2895010709762573,
    0.2805180549621582,
    0.28234922885894775,
    0.27334141731262207,
    0.27528703212738037,
    0.26623624563217163,
    0.26829293370246887,
    0.2704489231109619,
    0.261344850063324,
    0.2636115252971649,
    0.26598405838012695,
    0.25679412484169006,
    0.25927796959877014,
    0.26187559962272644,
    0.25256484746932983,
    0.25527554750442505,
    0.2581094205379486,
    0.2486400455236435,
    0.25158995389938354,
    null,
    null,
    null,
    null,
    null,
    null,
    null,
    null,
    null,
    null,
    null,
    null,
    null,
    null,
    null,
    null,
    null,
    null,
    null,
    0.24311953783035278,
    0.24053794145584106,
    0.2499721199274063,
    0.24749259650707245,
    0.24512159824371338,
    0.2428549975156784,
    0.25215014815330505,
    0.24998202919960022,
    0.2479115128517151,
    0.24593517184257507,
    0.25514301657676697,
    0.25326403975486755,
    0.2514740526676178,
    0.24977043271064758,
    0.2589397132396698,
    0.25733423233032227,
    0.25581133365631104,
    0.25436875224113464,
    0.25300437211990356,
    0.25171637535095215,
    0.2609404921531677,
    0.2597523331642151,
    0.25863850116729736,
    0.2575974762439728,
    0.2566278278827667,
    0.2557283341884613,
    0.254897803068161,
    0.2541351318359375,
    0.25343936681747437,
    0.2528096139431,
    0.25224506855010986,
    0.25174498558044434,
    0.25130876898765564,
    0.2509359121322632,
    0.250625878572464,
    0.2603934109210968,
    0.2602006196975708,
    0.2499869465827942,
    0.2600080072879791,
    0.2600080072879791,
    0.26007217168807983,
    0.2602006196975708,
    0.2603934109210968,
    0.2606509029865265,
    0.26097333431243896,
    0.26136112213134766,
    0.26181477308273315,
    0.2623348534107208,
    0.2629219889640808,
    0.2635769248008728,
    0.26430052518844604,
    0.26509368419647217,
    0.26595744490623474,
    0.2668929398059845,
    0.2782052159309387,
    0.2793295085430145,
    0.28053244948387146,
    0.28181570768356323,
    0.283180832862854,
    0.2846298813819885,
    0.2861648201942444,
    0.2877877354621887,
    0.28950101137161255,
    0.29130712151527405,
    0.304068386554718,
    0.30614233016967773,
    0.30832138657569885,
    0.3106088936328888,
    0.3130083680152893,
    0.3155236542224884,
    0.3181588649749756,
    0.3209182918071747,
    0.3238065838813782,
    0.3268287479877472,
    0.329990029335022,
    0.33329612016677856,
    0.33675312995910645,
    0.33712315559387207,
    0.35643675923347473,
    0.36052805185317993,
    0.36480534076690674,
    0.36927759647369385,
    0.37395426630973816,
    0.37884557247161865,
    0.3839625418186188,
    0.4027417004108429,
    0.40853968262672424,
    0.4146108329296112,
    0.420970618724823,
    0.42795124650001526,
    0.42843160033226013,
    0.4447781443595886,
    0.45644092559814453,
    0.4771256446838379,
    0.48335501551628113,
    0.4951125681400299,
    0.5087575316429138,
    0.5240204930305481,
    0.5317316651344299,
    0.5682725310325623,
    0.5745747089385986,
    0.5981762409210205,
    0.6049843430519104,
    0.6384349465370178,
    0.6646022796630859,
    0.6747720837593079,
    0.7299010753631592,
    0.7492059469223022,
    0.7605330944061279,
    0.822350800037384,
    0.8730016946792603,
    0.9027461409568787,
    0.9312908053398132,
    0.9665317535400391,
    1.138647198677063,
    1.0174474716186523,
    1.0755842924118042,
    1.142926812171936,
    1.2196264266967773,
    1.3183714151382446,
    1.4239012002944946,
    1.5391902923583984,
    1.6483186483383179,
    1.6446378231048584,
    1.641377329826355,
    1.638533115386963,
    1.6361021995544434,
    1.6340807676315308,
    1.632466435432434,
    1.6312577724456787,
    1.6304525136947632,
    1.6300503015518188,
    1.6300503015518188,
    1.6304525136947632,
    1.6312577724456787,
    1.632466435432434,
    1.6340807676315308,
    1.6361021995544434,
    1.638533115386963,
    1.641377329826355,
    1.6446378231048584,
    1.6483186483383179,
    1.652424693107605,
    1.6569610834121704,
    1.661933422088623,
    1.6673487424850464,
    1.6732134819030762,
    1.6795353889465332,
    1.6863226890563965,
    1.2229243516921997,
    1.1151586771011353,
    1.09116792678833,
    1.0374022722244263,
    0.9973294138908386,
    0.9545671343803406,
    0.913760244846344,
    0.9091796875,
    0.849203884601593,
    0.813593327999115,
    0.7929227948188782,
    0.7602742910385132,
    0.7382758259773254,
    0.7156684398651123,
    0.6927626729011536,
    0.6915982365608215,
    0.6513818502426147,
    0.6423479914665222,
    0.6412883400917053,
    0.6091672778129578,
    0.6045131087303162,
    0.5745751857757568,
    0.5624933242797852,
    0.5594400763511658,
    0.557815432548523,
    0.5348158478736877,
    0.5209031701087952,
    0.5094819664955139,
    0.5026420950889587,
    0.4967148005962372,
    0.4766296446323395,
    0.46989232301712036,
    0.45608603954315186,
    0.46306806802749634,
    0.4560723304748535,
    0.44939398765563965,
    0.4430161416530609,
    0.43692317605018616,
    0.43110039830207825,
    0.44353264570236206,
    0.44568008184432983,
    0.4611230194568634,
    0.46957165002822876,
    1.7518230676651,
    1.765860915184021,
    1.7736438512802124,
    1.7896983623504639,
    1.8051862716674805,
    1.8201758861541748,
    1.834730863571167,
    1.8645771741867065,
    1.874125361442566,
    1.8876128196716309,
    2.26950740814209,
    1.1204109191894531,
    1.1121597290039062,
    1.1042994260787964,
    1.0968183279037476,
    1.089704990386963,
    1.0750113725662231,
    1.063565969467163,
    1.05771803855896,
    1.051882028579712,
    1.0460420846939087,
    1.0401808023452759,
    1.039635181427002,
    1.0395904779434204,
    1.033646821975708,
    1.027606725692749,
    1.0214463472366333,
    1.015504002571106,
    1.0253266096115112,
    1.0138837099075317,
    1.0102593898773193,
