{
  "step": 800,
  "timestamp": 25.6,
  "robot_pose_odom": {
    "x": -3.206143348385894,
    "y": -0.7056445794751532,
    "yaw_fused": 2.7784719726075164,
    "yaw_imu": 2.778645937919981
  },
  "lidar_pose_relative_to_robot": {
    "x_offset": 0.0,
    "y_offset": 0.0,
    "yaw_offset": 0.0
  },
  "lidar_meta": {
    "fov": 6.283184,
    "horizontal_resolution": 400,
    "angle_min": -3.141592,
    "angle_increment": 0.015747328320802004
  },
  "ranges": [
    1.6843687295913696,
    1.6812437772750854,
    1.5778300762176514,
    1.535456657409668,
    1.4743127822875977,
    1.4111300706863403,
    1.4017834663391113,
    1.3524645566940308,
    1.3135621547698975,
    1.305241346359253,
    1.245577096939087,
    1.2233140468597412,
    1.1991630792617798,
    1.1911078691482544,
    1.144850254058838,
    1.005539059638977,
    0.9080802798271179,
    0.806201696395874,
    0.732057511806488,
    0.658047080039978,
    0.5957382321357727,
    null,
    null,
    null,
    null,
    0.45406779646873474,
    0.4236830770969391,
    0.40108445286750793,
    0.38684943318367004,
    0.3692777752876282,
    0.35222604870796204,
    0.34809622168540955,
    null,
    null,
    0.3006725609302521,
    0.29758602380752563,
    0.2828488051891327,
    0.26846662163734436,
    0.2659841775894165,
    0.2636116147041321,
    0.2499821037054062,
    0.24791154265403748,
    0.23475636541843414,
    0.23295672237873077,
    0.2202296406030655,
    0.21867313981056213,
    0.21719172596931458,
    null,
    0.2020556777715683,
    null,
    null,
    null,
    null,
    null,
    null,
    null,
    null,
    null,
    null,
    null,
    null,
    null,
    null,
    null,
    null,
    null,
    null,
    null,
    null,
    null,
    null,
    null,
    null,
    null,
    null,
    null,
    null,
    null,
    null,
    null,
    null,
    null,
    null,
    null,
    null,
    null,
    null,
    null,
    null,
    null,
    null,
    null,
    null,
    null,
    null,
    null,
    null,
    null,
    null,
    null,
    null,
    null,
    null,
    null,
    null,
    null,
    null,
    null,
    null,
    null,
    null,
    null,
    null,
    null,
    null,
    null,
    null,
    null,
    null,
    null,
    null,
    null,
    null,
    null,
    null,
    null,
    null,
    null,
    null,
    null,
    null,
    null,
    null,
    null,
    null,
    null,
    null,
    null,
    null,
    null,
    null,
    null,
    null,
    null,
    null,
    null,
    null,
    null,
    null,
    null,
    null,
    null,
    null,
    null,
    null,
    null,
    null,
    null,
    null,
    null,
    null,
    null,
    null,
    null,
    null,
    null,
    null,
    null,
    null,
    null,
    null,
    null,
    null,
    null,
    null,
    null,
    null,
    null,
    0.2769758999347687,
    0.28191938996315,
    0.29128211736679077,
    0.31352755427360535,
    0.30947956442832947,
    0.33107662200927734,
    0.343965083360672,
    0.34525156021118164,
    0.37812894582748413,
    0.3922349214553833,
    0.41208356618881226,
    0.42434170842170715,
    0.4645094871520996,
    0.47929906845092773,
    0.516374409198761,
    0.5501459836959839,
    0.5454155206680298,
    0.5408979058265686,
    0.5477648377418518,
    0.5435656905174255,
    0.5395626425743103,
    0.5357491970062256,
    0.54297935962677,
    0.5394579172134399,
    0.5586591362953186,
    0.5564104914665222,
    0.5543160438537598,
    0.5523731708526611,
    0.5505791902542114,
    0.5489318370819092,
    0.5474289655685425,
    0.5561811923980713,
    0.5549391508102417,
    0.5538389682769775,
    0.5528793334960938,
    0.55205899477005,
    0.5513769388198853,
    0.550832211971283,
    0.5604321360588074,
    0.56015545129776,
    0.5600172877311707,
    0.5600172877311707,
    0.56015545129776,
    0.5604321360588074,
    0.5708624720573425,
    0.5714269876480103,
    0.5721338987350464,
    0.572983980178833,
    0.5739785432815552,
    0.5751187205314636,
    0.5865182876586914,
    0.5879793167114258,
    0.5895934700965881,
    0.5913628339767456,
    0.5932897329330444,
    0.5953765511512756,
    0.5976260304450989,
    0.6000411510467529,
    0.613015353679657,
    0.61581951379776,
    0.6188026070594788,
    0.6325108408927917,
    0.635921835899353,
    0.6395282745361328,
    0.6433355808258057,
    0.6473491787910461,
    0.6515750288963318,
    0.666952908039093,
    0.6717001795768738,
    0.6766836643218994,
    0.6819111108779907,
    0.6986594796180725,
    0.7044945955276489,
    0.7106047868728638,
    0.7170003056526184,
    0.7236922383308411,
    0.742477536201477,
    0.7499162554740906,
    0.7576945424079895,
    0.7779825329780579,
    0.7866190671920776,
    0.7956480979919434,
    0.8050876259803772,
    0.8276911973953247,
    0.8381733298301697,
    0.8622002601623535,
    0.8738457560539246,
    0.8860317468643188,
    0.912405252456665,
    0.9259641766548157,
    0.9611817598342896,
    0.968161404132843,
    0.9874239563941956,
    1.012347936630249,
    1.0384505987167358,
    1.0596898794174194,
    1.089569091796875,
    1.0987619161605835,
    1.1599503755569458,
    1.1989949941635132,
    1.2126474380493164,
    1.2695869207382202,
    1.2909598350524902,
    0.48993411660194397,
    0.4999445080757141,
    0.494985431432724,
    0.49024340510368347,
    0.4857102632522583,
    0.4813777208328247,
    0.47723856568336487,
    0.47328564524650574,
    0.4641578197479248,
    0.47700661420822144,
    0.4734937250614166,
    0.4701472520828247,
    0.46696221828460693,
    0.4639337956905365,
    0.46105727553367615,
    0.46393367648124695,
    0.4561026096343994,
    0.4592135548591614,
    0.4514707326889038,
    0.4548202455043793,
    0.4583337604999542,
    0.45074817538261414,
    0.45451274514198303,
    0.45845481753349304,
    0.45101648569107056,
    0.4552259147167206,
    0.4596291482448578,
    0.4523305594921112,
    0.457022100687027,
    0.4497712254524231,
    0.4547642171382904,
    0.4599841237068176,
    0.4528619050979614,
    0.458413690328598,
    0.4513242542743683,
    0.45722752809524536,
    0.46340325474739075,
    0.4564407467842102,
    0.46301183104515076,
    0.4698925316333771,
    0.4630678594112396,
    0.4630678594112396,
    0.4698925316333771,
    0.4766298234462738,
    0.46986550092697144,
    0.47664329409599304,
    0.4833548069000244,
    0.477114200592041,
    0.48388102650642395,
    0.4906003177165985,
    0.48484811186790466,
    0.49163690209388733,
    0.48623907566070557,
    0.5051296949386597,
    0.4999442398548126,
    0.5067705512046814,
    0.5019156336784363,
    0.5126072764396667,
    0.5157616138458252,
    0.5230593085289001,
    0.529629111289978,
    0.5312312841415405,
    0.543565571308136,
    0.5395625233650208,
    0.5489340424537659,
    0.5538387894630432,
    0.5564758777618408,
    0.5654948949813843,
    0.5767568945884705,
    0.5831912755966187,
    0.591903567314148,
    0.6005475521087646,
    0.6091388463973999,
    0.6176923513412476,
    0.6262228488922119,
    0.6347439885139465,
    0.6432693600654602,
    0.6518122553825378,
    0.660385251045227,
    0.6728326678276062,
    0.6878089308738708,
    0.6965211629867554,
    0.7072575688362122,
    0.7265337705612183,
    null,
    null,
    0.7712973952293396,
    0.7916385531425476,
    0.8104792237281799,
    0.820310115814209,
    0.840079128742218,
    0.8700799942016602,
    0.8904117345809937,
    0.9104109406471252,
    2.174612283706665,
    2.2374730110168457,
    2.2959842681884766,
    2.9737677574157715,
    2.9489431381225586,
    2.938074827194214,
    2.909900188446045,
    2.902438163757324,
    2.882556676864624,
    2.8462069034576416,
    2.7157397270202637,
    2.6312050819396973,
    2.6190574169158936,
    2.469637393951416,
    2.401681900024414,
    2.329256057739258,
    2.2712864875793457,
    2.212606906890869,
    2.152850389480591,
