{
  "step": 1050,
  "timestamp": 33.6,
  "robot_pose_odom": {
    "x": -3.195505049653057,
    "y": 0.12205023517957832,
    "yaw_fused": 1.0598578818474576,
    "yaw_imu": 1.0608347019561057
  },
  "lidar_pose_relative_to_robot": {
    "x_offset": 0.0,
    "y_offset": 0.0,
    "yaw_offset": 0.0
  },
  "lidar_meta": {
    "fov": 6.283184,
    "horizontal_resolution": 400,
    "angle_min": -3.141592,
    "angle_increment": 0.015747328320802004
  },
  "ranges": [
    0.8763607144355774,
    0.8831307291984558,
    0.8789587020874023,
    0.8749368190765381,
    0.8825252652168274,
    0.8789035677909851,
    0.8871065974235535,
    0.883901834487915,
    0.8927574157714844,
    0.8842999339103699,
    0.7877152562141418,
    0.7584136724472046,
    0.677018940448761,
    0.6627690196037292,
    0.5973007082939148,
    0.5595880746841431,
    0.5525605082511902,
    0.516844630241394,
    0.4856642186641693,
    0.45839449763298035,
    0.4484304189682007,
    null,
    null,
    null,
    null,
    0.36246776580810547,
    0.35748258233070374,
    0.3396548628807068,
    0.3352695107460022,
    0.318342924118042,
    0.3144875466823578,
    0.3108001947402954,
    null,
    null,
    0.27661874890327454,
    0.27377912402153015,
    0.2710634469985962,
    0.25679415464401245,
    0.2544196546077728,
    0.2521502375602722,
    0.2499821037054062,
    0.24791154265403748,
    0.23475636541843414,
    0.23295672237873077,
    0.2312411218881607,
    0.22960680723190308,
    0.21719172596931458,
    0.21578314900398254,
    0.20691078901290894,
    null,
    null,
    null,
    null,
    null,
    null,
    null,
    null,
    null,
    null,
    null,
    null,
    null,
    null,
    null,
    null,
    null,
    null,
    null,
    null,
    null,
    null,
    null,
    null,
    null,
    null,
    null,
    null,
    null,
    null,
    null,
    null,
    null,
    null,
    null,
    null,
    null,
    null,
    null,
    null,
    null,
    null,
    null,
    null,
    null,
    null,
    null,
    null,
    null,
    null,
    null,
    null,
    null,
    null,
    null,
    null,
    null,
    null,
    null,
    null,
    null,
    null,
    null,
    null,
    null,
    null,
    null,
    null,
    null,
    null,
    null,
    null,
    null,
    null,
    null,
    null,
    null,
    null,
    null,
    null,
    null,
    null,
    null,
    null,
    null,
    null,
    null,
    null,
    null,
    null,
    null,
    null,
    null,
    null,
    null,
    null,
    null,
    null,
    null,
    0.21317610144615173,
    0.21444520354270935,
    0.21578305959701538,
    0.22805127501487732,
    0.2296067327260971,
    0.23124101758003235,
    0.2329566478729248,
    0.24593514204025269,
    0.24791143834590912,
    0.24998195469379425,
    0.2521500885486603,
    0.2659839689731598,
    0.26846644282341003,
    0.2710632383823395,
    0.2856823801994324,
    0.28864553570747375,
    0.2917434573173523,
    0.30727308988571167,
    0.31080004572868347,
    0.3270668387413025,
    0.3310764729976654,
    0.34816429018974304,
    0.3527182638645172,
    0.3707224726676941,
    0.3758922815322876,
    0.3949216902256012,
    0.4146108329296112,
    0.441984623670578,
    0.4419836103916168,
    0.44989490509033203,
    0.4720141589641571,
    0.5125129818916321,
    0.5423617959022522,
    0.5670232176780701,
    0.5829626321792603,
    0.6355035901069641,
    0.6914963722229004,
    0.7249544858932495,
    0.8227605223655701,
    0.8379450440406799,
    0.9551659226417542,
    1.0230528116226196,
    1.2695995569229126,
    1.3583742380142212,
    1.4506429433822632,
    1.9439356327056885,
    2.033205032348633,
    2.0338969230651855,
    2.0899806022644043,
    2.0914547443389893,
    2.1032907962799072,
    2.125631332397461,
    2.119802713394165,
    2.1657278537750244,
    2.1993801593780518,
    2.248239278793335,
    2.2480266094207764,
    2.2725398540496826,
    2.297229051589966,
    2.333625555038452,
    2.3574163913726807,
    2.3902230262756348,
    2.4186384677886963,
    2.449223279953003,
    2.4806265830993652,
    2.521122694015503,
    1.6049509048461914,
    1.572153925895691,
    1.5813648700714111,
    1.610694408416748,
    1.579968810081482,
    1.4998869895935059,
    1.4399057626724243,
    1.3819384574890137,
    1.3208897113800049,
    1.2716041803359985,
    1.222841501235962,
    1.186753273010254,
    1.199060082435608,
    1.2098051309585571,
    0.7673079967498779,
    0.7603181004524231,
    0.7624053955078125,
    0.7646933197975159,
    1.544599175453186,
    1.5500320196151733,
    1.5558885335922241,
    1.573157787322998,
    2.4369938373565674,
    2.4244511127471924,
    4.90087890625,
    3.8465933799743652,
    3.7956483364105225,
    3.7684648036956787,
    3.7067008018493652,
    3.712690591812134,
    2.7800796031951904,
    2.76653790473938,
    2.719642162322998,
    2.7059507369995117,
    2.6337997913360596,
    2.592013120651245,
    2.55515718460083,
    2.5486271381378174,
    1.946866512298584,
    1.936538577079773,
    1.93565034866333,
    1.8765578269958496,
    1.857832670211792,
    1.8298851251602173,
    1.824834942817688,
    1.7958991527557373,
    1.7776527404785156,
    1.758435845375061,
    1.7381349802017212,
    1.720512866973877,
    1.7070088386535645,
    1.6891411542892456,
    1.6703954935073853,
    1.6508018970489502,
    1.6348038911819458,
    1.6347346305847168,
    1.6169836521148682,
    1.6115399599075317,
    1.0763517618179321,
    1.0724477767944336,
    1.0673304796218872,
    1.0651801824569702,
    1.122340440750122,
    1.1820969581604004,
    1.2098027467727661,
    1.3143976926803589,
    1.3655314445495605,
    1.4710993766784668,
    1.5138280391693115,
    1.5085270404815674,
    1.5061116218566895,
    1.541849970817566,
    1.6588530540466309,
    1.7308508157730103,
    1.8136343955993652,
    2.2820932865142822,
    2.447685480117798,
    3.0831661224365234,
    3.0701067447662354,
    3.045022487640381,
    2.957897186279297,
    2.9025299549102783,
    2.8579025268554688,
    2.8126046657562256,
    2.7665364742279053,
    2.7196414470672607,
    2.7059528827667236,
    2.639153003692627,
    2.603280544281006,
    2.5668880939483643,
    2.5676357746124268,
    2.486632823944092,
    2.473470687866211,
    2.4485023021698,
    2.396127462387085,
    2.3597936630249023,
    2.296659231185913,
    1.1994656324386597,
    1.0950671434402466,
    1.0394055843353271,
    0.9822706580162048,
    0.9308547973632812,
    0.8999918699264526,
    0.8331623673439026,
    0.7968064546585083,
    0.7397565841674805,
    0.712480902671814,
    0.6806045174598694,
    0.6665723323822021,
    0.6495572924613953,
    0.6128097772598267,
    0.6041128039360046,
    0.5693238973617554,
    0.5617366433143616,
    0.541589081287384,
    0.5220821499824524,
    0.5031797885894775,
    0.497280091047287,
    0.47934600710868835,
    0.4740830957889557,
    0.457022100687027,
    0.4523305296897888,
    0.4360584020614624,
    0.431880921125412,
    0.41632285714149475,
    0.4126093089580536,
    0.39769867062568665,
    0.39440467953681946,
    0.3800816237926483,
    0.3771679699420929,
    0.3743903338909149,
    0.371744304895401,
    0.3583662807941437,
    0.3560420870780945,
    0.3431123197078705,
    0.34108176827430725,
    0.3391583263874054,
    0.3373391628265381,
    0.32513365149497986,
    0.323566198348999,
    0.3220928907394409,
    0.32071173191070557,
    0.31942087411880493,
    0.32505083084106445,
    0.3404136300086975,
    0.3443119525909424,
    0.35770511627197266,
    1.0457162857055664,
    1.0326966047286987,
    1.019070029258728,
    1.017049789428711,
    null,
    null,
    0.9927935600280762,
    0.9817044734954834,
    0.9707484841346741,
    0.9702692627906799,
    0.9600562453269958,
    0.9500293135643005,
    0.9502637386322021,
    0.9405797123908997,
    0.9314072132110596,
    0.9323282837867737,
