{
  "step": 805,
  "timestamp": 25.76,
  "robot_pose_odom": {
    "x": -3.2215308656672508,
    "y": -0.6997979220891798,
    "yaw_fused": 2.6591018403367017,
    "yaw_imu": 2.6902712146433374
  },
  "lidar_pose_relative_to_robot": {
    "x_offset": 0.0,
    "y_offset": 0.0,
    "yaw_offset": 0.0
  },
  "lidar_meta": {
    "fov": 6.283184,
    "horizontal_resolution": 400,
    "angle_min": -3.141592,
    "angle_increment": 0.015747328320802004
  },
  "ranges": [
    1.6896368265151978,
    1.6475447416305542,
    1.5818618535995483,
    1.5313615798950195,
    1.4829312562942505,
    1.4360768795013428,
    1.4146403074264526,
    1.3599863052368164,
    1.330190658569336,
    1.2930316925048828,
    1.257388949394226,
    1.233920693397522,
    1.211214303970337,
    1.185336947441101,
    1.1206637620925903,
    0.9166355133056641,
    0.918211817741394,
    0.661577045917511,
    0.6075294613838196,
    0.5408242344856262,
    0.5315685272216797,
    0.4956625699996948,
    null,
    null,
    null,
    null,
    0.38576996326446533,
    0.36226844787597656,
    0.34981024265289307,
    0.33689600229263306,
    0.3234844207763672,
    0.309531033039093,
    null,
    null,
    0.28593605756759644,
    0.28106701374053955,
    0.26740798354148865,
    null,
    null,
    null,
    null,
    null,
    null,
    null,
    null,
    null,
    null,
    null,
    null,
    null,
    null,
    null,
    null,
    null,
    null,
    null,
    null,
    null,
    null,
    null,
    null,
    null,
    null,
    null,
    null,
    null,
    null,
    null,
    null,
    null,
    null,
    null,
    null,
    null,
    null,
    null,
    null,
    null,
    null,
    null,
    null,
    null,
    null,
    null,
    null,
    null,
    null,
    null,
    null,
    null,
    null,
    null,
    null,
    null,
    null,
    null,
    null,
    null,
    null,
    null,
    null,
    null,
    null,
    null,
    null,
    null,
    null,
    null,
    null,
    null,
    null,
    null,
    null,
    null,
    null,
    null,
    null,
    null,
    null,
    null,
    null,
    null,
    null,
    null,
    null,
    null,
    null,
    null,
    null,
    null,
    null,
    null,
    null,
    null,
    null,
    null,
    null,
    null,
    null,
    null,
    null,
    null,
    null,
    null,
    null,
    null,
    null,
    null,
    null,
    null,
    null,
    null,
    null,
    null,
    null,
    null,
    null,
    null,
    null,
    null,
    null,
    null,
    null,
    null,
    null,
    null,
    null,
    0.22092407941818237,
    0.2323894500732422,
    0.23736147582530975,
    0.22760188579559326,
    0.2266857773065567,
    0.23953036963939667,
    0.24549919366836548,
    0.24470189213752747,
    0.25221920013427734,
    0.2620307505130768,
    0.27303436398506165,
    0.2724246680736542,
    0.292024165391922,
    0.2915181517601013,
    0.3015546500682831,
    0.3204859793186188,
    0.3307209312915802,
    0.3404081165790558,
    0.36001747846603394,
    0.3700380325317383,
    0.389958918094635,
    0.4102784991264343,
    0.430040568113327,
    0.45023787021636963,
    0.4821467995643616,
    0.5123407244682312,
    0.5227222442626953,
    0.5236295461654663,
    0.5246697068214417,
    0.5258439779281616,
    0.5170162916183472,
    0.5184356570243835,
    0.5199914574623108,
    0.5114566683769226,
    0.5132556557655334,
    0.5151948928833008,
    0.5172768831253052,
    0.5091144442558289,
    0.5114433169364929,
    0.513920783996582,
    0.5165505409240723,
    0.5087375044822693,
    0.5116226673126221,
    0.5146684646606445,
    0.5178793668746948,
    0.5104004740715027,
    0.5138817429542542,
    0.5175394415855408,
    0.5102859735488892,
    0.5142279863357544,
    0.5183602571487427,
    0.5113267302513123,
    0.5157615542411804,
    0.5204033851623535,
    0.5252604484558105,
    0.5303410887718201,
    0.5237510204315186,
    0.5291835069656372,
    0.5348629951477051,
    0.5408006310462952,
    0.5345760583877563,
    0.540918231010437,
    0.5475495457649231,
    0.5415889024734497,
    0.5486729145050049,
    0.5560836791992188,
    0.5504136681556702,
    0.5583375692367554,
    0.5666348338127136,
    0.554312527179718,
    0.5682749152183533,
    0.5666353106498718,
    0.5855740308761597,
    0.5906882286071777,
    0.5958043336868286,
    0.6009278297424316,
    0.5931691527366638,
    0.6112183928489685,
    0.6207141280174255,
    0.6244450211524963,
    0.6268373131752014,
    0.6353545784950256,
    0.6526215672492981,
    0.6546892523765564,
    0.6551004648208618,
    0.6649662852287292,
    0.6745103001594543,
    0.6915997266769409,
    0.692762017250061,
    0.7015292048454285,
    0.7212718725204468,
    0.7295717000961304,
    0.7378181219100952,
    0.7412377595901489,
    0.7645092606544495,
    0.7830478549003601,
    0.8069548606872559,
    0.8245362043380737,
    0.842709481716156,
    0.8615078330039978,
    0.8808698058128357,
    0.9011250734329224,
    0.9220221638679504,
    0.9437015652656555,
    0.966209352016449,
    0.9817612171173096,
    1.0139100551605225,
    1.0384854078292847,
    1.0773475170135498,
    1.1091113090515137,
    1.145723581314087,
    1.1823740005493164,
    1.2196907997131348,
    1.2623738050460815,
    1.3125858306884766,
    1.3636904954910278,
    1.4211349487304688,
    1.483967900276184,
    0.47664332389831543,
    0.46986547112464905,
    0.4766298234462738,
    0.4698925316333771,
    0.45608678460121155,
    0.47004881501197815,
    0.4698925316333771,
    0.46301183104515076,
    0.46986550092697144,
    0.46340319514274597,
    0.457227498292923,
    0.46421921253204346,
    0.45841357111930847,
    0.46544134616851807,
    0.4599841237068176,
    0.454764187335968,
    0.4497711658477783,
    0.457022100687027,
    0.4523305296897888,
    0.459629088640213,
    0.4552258253097534,
    0.4510164260864258,
    0.45845475792884827,
    0.45451274514198303,
    0.45074817538261414,
    0.45833373069763184,
    0.4548201858997345,
    0.45147067308425903,
    0.459213525056839,
    0.45610255002975464,
    0.4639336168766022,
    0.461057186126709,
    0.45832860469818115,
    0.4663426876068115,
    0.46384134888648987,
    0.4614800214767456,
    0.4696928858757019,
    0.4675541818141937,
    0.4758948087692261,
    0.47397932410240173,
    0.47219517827033997,
    0.4807692766189575,
    0.4792078733444214,
    0.477774053812027,
    0.48660358786582947,
    0.4853944480419159,
    0.4944003224372864,
    0.49342015385627747,
    0.4925651550292969,
    0.5018718242645264,
    0.501251757144928,
    0.5107716917991638,
    0.510393500328064,
    0.5201443433761597,
    0.5200160145759583,
    0.5300163626670837,
    0.530147135257721,
    0.5404166579246521,
    0.5408170223236084,
    0.5513769388198853,
    0.55205899477005,
    0.5629316568374634,
    0.5639087557792664,
    0.5751187205314636,
    0.5764058828353882,
    0.5879793167114258,
    0.5895934700965881,
    0.6039074659347534,
    0.6137479543685913,
    0.6159067749977112,
    0.6285377740859985,
    0.6310778260231018,
    0.6498984098434448,
    0.6680076718330383,
    0.6712434887886047,
    0.6836599707603455,
    0.6995140314102173,
    0.703481137752533,
    0.7156067490577698,
    0.7382224202156067,
    null,
    0.7631043791770935,
    0.7818631529808044,
    0.8012858629226685,
    0.8107032775878906,
    0.8422825336456299,
    0.8639430999755859,
    0.8864415287971497,
    0.9098284244537354,
    0.9334334135055542,
    0.9497349858283997,
    2.291085720062256,
    2.3477671146392822,
    2.980637788772583,
    2.9780266284942627,
    2.954920768737793,
    2.9349663257598877,
    2.917203426361084,
    2.8371634483337402,
    2.7984204292297363,
    2.6985719203948975,
    2.6138930320739746,
    2.53779673576355,
    2.470919370651245,
    2.343541383743286,
    2.3364248275756836,
    2.274184226989746,
    2.215118169784546,
