{
  "step": 195,
  "timestamp": 6.24,
  "robot_pose_odom": {
    "x": 3.872153809921835e-09,
    "y": -1.2928030432230516e-09,
    "yaw_fused": -2.001797053076841,
    "yaw_imu": -1.9996300967433511
  },
  "lidar_pose_relative_to_robot": {
    "x_offset": 0.0,
    "y_offset": 0.0,
    "yaw_offset": 0.0
  },
  "lidar_meta": {
    "fov": 6.283184,
    "horizontal_resolution": 400,
    "angle_min": -3.141592,
    "angle_increment": 0.015747328320802004
  },
  "ranges": [
    2.4018518924713135,
    2.393616199493408,
    2.3959832191467285,
    2.3889098167419434,
    2.3924593925476074,
    2.386542320251465,
    2.3912830352783203,
    null,
    null,
    null,
    null,
    null,
    2.2613728046417236,
    1.927433729171753,
    1.6823387145996094,
    1.4234424829483032,
    1.429953932762146,
    1.4368807077407837,
    1.4321311712265015,
    0.8492105603218079,
    0.8053171038627625,
    0.7644817233085632,
    null,
    null,
    null,
    null,
    0.558019757270813,
    0.5258772969245911,
    0.49869298934936523,
    0.48897022008895874,
    0.4659998416900635,
    0.43191444873809814,
    null,
    null,
    0.3928132653236389,
    0.3968876004219055,
    0.3735910952091217,
    0.36583855748176575,
    0.3480960428714752,
    0.3522258400917053,
    0.3310764729976654,
    0.3172701895236969,
    0.313527375459671,
    0.30452200770378113,
    0.3087686598300934,
    0.29959577322006226,
    0.29022759199142456,
    0.28064706921577454,
    null,
    null,
    null,
    null,
    null,
    null,
    null,
    null,
    null,
    null,
    null,
    null,
    null,
    null,
    null,
    null,
    null,
    null,
    null,
    null,
    null,
    null,
    null,
    null,
    null,
    null,
    null,
    null,
    null,
    null,
    null,
    null,
    null,
    null,
    null,
    null,
    null,
    null,
    null,
    null,
    null,
    null,
    null,
    null,
    null,
    null,
    null,
    null,
    null,
    null,
    null,
    null,
    null,
    null,
    null,
    null,
    null,
    null,
    null,
    null,
    null,
    null,
    null,
    null,
    null,
    null,
    null,
    null,
    null,
    null,
    null,
    null,
    null,
    null,
    null,
    null,
    null,
    null,
    null,
    null,
    null,
    null,
    null,
    null,
    null,
    null,
    null,
    null,
    null,
    null,
    null,
    null,
    null,
    null,
    null,
    null,
    null,
    null,
    null,
    null,
    null,
    null,
    null,
    null,
    null,
    null,
    null,
    null,
    null,
    null,
    null,
    null,
    0.22824355959892273,
    0.23475636541843414,
    0.24404990673065186,
    0.24225261807441711,
    0.24054047465324402,
    0.24977049231529236,
    0.25893980264663696,
    0.2787788212299347,
    0.2805180549621582,
    0.2932088077068329,
    0.29520872235298157,
    0.2973099648952484,
    0.31060895323753357,
    0.3130084276199341,
    0.326792448759079,
    0.3295217752456665,
    0.3438411056995392,
    0.35850030183792114,
    0.36184626817703247,
    0.3771316111087799,
    0.39281338453292847,
    0.3968876004219055,
    0.41330328583717346,
    0.4301823675632477,
    0.4503973722457886,
    0.46544143557548523,
    0.48328959941864014,
    0.5157991051673889,
    0.5225457549095154,
    0.5565656423568726,
    0.5906880497932434,
    0.6264277100563049,
    0.6571994423866272,
    0.7085990309715271,
    0.743644654750824,
    0.7615844011306763,
    0.8535487055778503,
    0.9223757386207581,
    1.0081733465194702,
    1.119585394859314,
    1.1167593002319336,
    1.1466258764266968,
    1.1655751466751099,
    1.165763020515442,
    1.1951086521148682,
    1.206686019897461,
    1.2204071283340454,
    1.2421408891677856,
    1.282577633857727,
    1.2832437753677368,
    1.3027631044387817,
    1.3373520374298096,
    1.3514362573623657,
    1.357774019241333,
    1.3924741744995117,
    1.42328679561615,
    1.4536609649658203,
    1.4827972650527954,
    1.5116382837295532,
    1.5507469177246094,
    1.5952491760253906,
    1.615412712097168,
    1.65444815158844,
    1.6804558038711548,
    1.7091771364212036,
    1.7451732158660889,
    1.8265838623046875,
    1.9023085832595825,
    1.9042319059371948,
    1.9504046440124512,
    1.1803823709487915,
    1.109005331993103,
    1.1162786483764648,
    1.1237246990203857,
    1.1313536167144775,
    1.139176368713379,
    1.147202968597412,
    1.1554442644119263,
    1.163910984992981,
    1.1726139783859253,
    1.182007074356079,
    1.2007801532745361,
    1.2104183435440063,
    1.2200111150741577,
    1.2300646305084229,
    1.2402619123458862,
    1.2611178159713745,
    1.2721431255340576,
    1.2835195064544678,
    1.2943978309631348,
    1.3174338340759277,
    1.3299673795700073,
    1.3409725427627563,
    1.3664051294326782,
    1.3771642446517944,
    1.404741644859314,
    1.4148828983306885,
    1.445159673690796,
    1.4542136192321777,
    1.487858533859253,
    1.4952481985092163,
    1.5434463024139404,
    1.5693999528884888,
    1.5887607336044312,
    1.6203243732452393,
    1.652870774269104,
    1.686453938484192,
    1.7155616283416748,
    1.726264476776123,
    1.1163548231124878,
    1.0956169366836548,
    1.0901844501495361,
    1.0734604597091675,
    1.0678173303604126,
    1.0508594512939453,
    1.045009970664978,
    1.0469006299972534,
    1.0214464664459229,
    1.0158665180206299,
    1.0086617469787598,
    1.0019805431365967,
    0.9950642585754395,
    0.9813899397850037,
    0.9803847074508667,
    0.9668506383895874,
    0.4780207872390747,
    0.48388102650642395,
    0.47711408138275146,
    0.47029104828834534,
    0.4634030759334564,
    0.4698653519153595,
    0.46301165223121643,
    0.49753302335739136,
    0.5261787176132202,
    0.5542424917221069,
    0.5928105711936951,
    0.6171962022781372,
    0.6917807459831238,
    0.7561320662498474,
    0.8646918535232544,
    0.8771324157714844,
    1.3879752159118652,
    1.3963247537612915,
    1.3799529075622559,
    1.3859851360321045,
    1.3825386762619019,
    2.093329668045044,
    2.0095903873443604,
    1.9917271137237549,
    1.9726459980010986,
    1.9813021421432495,
    2.0174922943115234,
    2.035425901412964,
    2.3664281368255615,
    2.3144960403442383,
    2.279257297515869,
    2.23542857170105,
    2.20216703414917,
    2.14152193069458,
    2.088536024093628,
    2.1871285438537598,
    3.020474672317505,
    3.0221872329711914,
    1.0859304666519165,
    1.025834083557129,
    0.9798272848129272,
    0.9326087832450867,
    0.9269072413444519,
    0.8252753615379333,
    0.8060207366943359,
    0.7986679673194885,
    0.7476658821105957,
    0.7244195342063904,
    0.6973627209663391,
    0.6686841249465942,
    0.6646476984024048,
    0.6288667321205139,
    0.6145462393760681,
    0.6091681122779846,
    0.6163954138755798,
    0.6239519715309143,
    0.6189589500427246,
    0.6270549297332764,
    0.6222843527793884,
    0.6309621930122375,
    0.6264277100563049,
    0.635736882686615,
    0.6454885601997375,
    0.6454885601997375,
    0.6495572924613953,
    0.6536637544631958,
    0.6554381847381592,
    0.6620045900344849,
    0.6662457585334778,
    0.675642728805542,
    0.6748866438865662,
    0.6875543594360352,
    0.6961921453475952,
    0.6976934671401978,
    0.7082909345626831,
    0.7247820496559143,
    0.7261095643043518,
    0.7258131504058838,
    0.7350015044212341,
    0.7438977360725403,
    null,
    null,
    0.7720112800598145,
    0.7883452773094177,
    0.7961309552192688,
    0.8038865923881531,
    0.8222754597663879,
    0.8296669125556946,
    0.8477830290794373,
    0.8605656623840332,
    0.8763849139213562,
    2.1629226207733154,
    2.186842679977417,
    2.19435453414917,
    0.8350095152854919,
    0.8312073945999146,
    0.8276431560516357,
    0.8819184899330139,
    1.0403419733047485,
    1.2146093845367432,
    1.488503336906433,
    2.4320333003997803,
