{
  "step": 780,
  "timestamp": 24.96,
  "robot_pose_odom": {
    "x": -3.052277275782076,
    "y": -0.7641360619493927,
    "yaw_fused": 2.7780721943700195,
    "yaw_imu": 2.7787043697923104
  },
  "lidar_pose_relative_to_robot": {
    "x_offset": 0.0,
    "y_offset": 0.0,
    "yaw_offset": 0.0
  },
  "lidar_meta": {
    "fov": 6.283184,
    "horizontal_resolution": 400,
    "angle_min": -3.141592,
    "angle_increment": 0.015747328320802004
  },
  "ranges": [
    1.5548957586288452,
    1.4966131448745728,
    1.4408901929855347,
    1.4106563329696655,
    1.3630987405776978,
    1.3125866651535034,
    1.2776520252227783,
    1.2442735433578491,
    1.218841791152954,
    1.1818052530288696,
    1.1567248106002808,
    1.1196099519729614,
    1.0975755453109741,
    1.0792689323425293,
    1.0469022989273071,
    1.023024320602417,
    1.0000454187393188,
    0.9672071933746338,
    0.9114372134208679,
    0.8371169567108154,
    0.7672860026359558,
    0.7102397680282593,
    null,
    null,
    null,
    0.519076943397522,
    0.49651655554771423,
    0.4733963906764984,
    0.45997580885887146,
    0.4306213855743408,
    0.4085429906845093,
    0.3980683982372284,
    null,
    0.37760108709335327,
    0.34981024265289307,
    0.33689600229263306,
    0.3332962095737457,
    0.3215579092502594,
    0.30389946699142456,
    0.30727311968803406,
    0.29836806654930115,
    0.2850103974342346,
    0.2801417112350464,
    0.270794540643692,
    0.2612728774547577,
    null,
    null,
    null,
    null,
    null,
    null,
    null,
    null,
    null,
    null,
    null,
    null,
    null,
    null,
    null,
    null,
    null,
    null,
    null,
    null,
    null,
    null,
    null,
    null,
    null,
    null,
    null,
    null,
    null,
    null,
    null,
    null,
    null,
    null,
    null,
    null,
    null,
    null,
    null,
    null,
    null,
    null,
    null,
    null,
    null,
    null,
    null,
    null,
    null,
    null,
    null,
    null,
    null,
    null,
    null,
    null,
    null,
    null,
    null,
    null,
    null,
    null,
    null,
    null,
    null,
    null,
    null,
    null,
    null,
    null,
    null,
    null,
    null,
    null,
    null,
    null,
    null,
    null,
    null,
    null,
    null,
    null,
    null,
    null,
    null,
    null,
    null,
    null,
    null,
    null,
    null,
    null,
    null,
    null,
    null,
    null,
    null,
    null,
    null,
    null,
    null,
    null,
    null,
    null,
    null,
    null,
    null,
    null,
    null,
    null,
    null,
    null,
    null,
    null,
    null,
    null,
    null,
    null,
    null,
    null,
    0.23308517038822174,
    0.24285513162612915,
    0.2521502375602722,
    0.2499821037054062,
    0.2591802477836609,
    0.2629380524158478,
    0.2773294448852539,
    0.27528706192970276,
    0.28652602434158325,
    0.2932088375091553,
    0.29753577709198,
    0.32071173191070557,
    0.310945600271225,
    0.32367464900016785,
    0.33230894804000854,
    0.3498769998550415,
    0.3523674011230469,
    0.3634970486164093,
    0.3854362964630127,
    0.4085429906845093,
    0.42042434215545654,
    0.4240707457065582,
    0.46634912490844727,
    0.4789343774318695,
    0.49986475706100464,
    0.533562958240509,
    0.5500689744949341,
    0.6045547723770142,
    0.6239478588104248,
    0.6780696511268616,
    0.7127133011817932,
    0.7130880355834961,
    0.7092238068580627,
    0.7054367065429688,
    0.7017248868942261,
    0.6980858445167542,
    0.708135724067688,
    0.704838752746582,
    0.7016180157661438,
    0.7016180157661438,
    0.704838752746582,
    0.6945177316665649,
    0.6980859041213989,
    0.7017248272895813,
    0.705436646938324,
    0.6963288187980652,
    0.7003540992736816,
    0.7044517993927002,
    0.6961921453475952,
    0.7005826234817505,
    0.7050466537475586,
    0.7095869183540344,
    0.7023026347160339,
    0.7071216702461243,
    0.7116566300392151,
    0.7170004844665527,
    0.7220662832260132,
    0.7158576250076294,
    0.7211971282958984,
    0.7212720513343811,
    0.7321495413780212,
    0.7267576456069946,
    0.7303035855293274,
    0.7384517788887024,
    0.739891529083252,
    0.7477733492851257,
    0.7567751407623291,
    0.7525075078010559,
    0.7605730891227722,
    0.7656372785568237,
    0.7619462013244629,
    0.7735437750816345,
    0.7814059257507324,
    0.7893024682998657,
    0.7972460389137268,
    0.8081014752388,
    0.8054770231246948,
    0.8214818835258484,
    0.8312811255455017,
    0.8292155265808105,
    0.8364822268486023,
    0.8466172218322754,
    0.8639260530471802,
    0.8728254437446594,
    0.8818879723548889,
    0.8911250233650208,
    0.9005486965179443,
    0.9103350639343262,
    0.9300020933151245,
    0.9400555491447449,
    0.9501814246177673,
    0.9708940982818604,
    0.9817043542861938,
    0.9921634197235107,
    1.0146440267562866,
    1.0359680652618408,
    1.046505093574524,
    1.0704901218414307,
    1.0807918310165405,
    1.1019037961959839,
    0.5571815967559814,
    0.5482304096221924,
    0.5392920970916748,
    0.533785879611969,
    0.5358026623725891,
    0.5227677226066589,
    0.5091144442558289,
    0.5114433169364929,
    0.5061540007591248,
    0.49546685814857483,
    0.49813878536224365,
    0.5009638667106628,
    0.4904392659664154,
    0.4855118989944458,
    0.4778217375278473,
    0.4810808002948761,
    0.4734935164451599,
    0.4770064651966095,
    0.4695125222206116,
    0.462016761302948,
    0.46587544679641724,
    0.4584546685218811,
    0.45101627707481384,
    0.45522573590278625,
    0.4596289396286011,
    0.45233044028282166,
    0.4449952244758606,
    0.4497711658477783,
    0.44247323274612427,
    0.44755205512046814,
    0.44028231501579285,
    0.4456798732280731,
    0.4384291470050812,
    0.44416379928588867,
    0.4369228780269623,
    0.4430158734321594,
    0.43577566742897034,
    0.4422515630722046,
    0.43500298261642456,
    0.4350033700466156,
    0.42843160033226013,
    0.435776025056839,
    0.42959144711494446,
    0.43692317605018616,
    0.43110039830207825,
    0.4384293854236603,
    0.4329463839530945,
    0.44028255343437195,
    0.43512025475502014,
    0.4424734115600586,
    0.43761539459228516,
    0.43296846747398376,
    0.44042733311653137,
    0.4360586106777191,
    0.4435535669326782,
    0.4394521415233612,
    0.4469935894012451,
    0.4431501030921936,
    0.4507482349872589,
    0.4471549689769745,
    0.45482027530670166,
    0.4514707922935486,
    0.45921361446380615,
    0.4561026394367218,
    0.4639337956905365,
    0.4655492901802063,
    0.46367543935775757,
    0.4619300663471222,
    0.4705401062965393,
    0.46901193261146545,
    0.477774053812027,
    0.47646600008010864,
    0.4853944480419159,
    0.484310507774353,
    0.49342015385627747,
    0.4925651550292969,
    0.5018718242645264,
    0.501251757144928,
    0.5107716917991638,
    0.510393500328064,
    0.5201443433761597,
    0.5200160145759583,
    0.5300428867340088,
    0.5401498675346375,
    0.5404166579246521,
    0.550832211971283,
    0.5513769388198853,
    0.5625278949737549,
    0.572983980178833,
    0.5739785432815552,
    0.5861796736717224,
    0.5978638529777527,
    0.6067084670066833,
    0.6200897097587585,
    0.6219505667686462,
    0.6370581984519958,
    0.6501345038414001,
    0.6594494581222534,
    0.6621143817901611,
    0.6904232501983643,
    null,
    null,
    0.7258273959159851,
    0.7416458129882812,
    0.7555937767028809,
    1.8418606519699097,
    1.8864326477050781,
    1.9308496713638306,
    1.983170747756958,
    2.0369787216186523,
    2.0932488441467285,
    2.151226758956909,
    2.8145172595977783,
    2.7963602542877197,
    2.7733633518218994,
    2.7520971298217773,
    2.730628252029419,
    2.7439610958099365,
    2.683899164199829,
    2.6560683250427246,
    2.5081965923309326,
