{
  "step": 875,
  "timestamp": 28.0,
  "robot_pose_odom": {
    "x": -3.447259774170581,
    "y": -0.47160042446551853,
    "yaw_fused": 2.1884338439797055,
    "yaw_imu": 2.1957378029228143
  },
  "lidar_pose_relative_to_robot": {
    "x_offset": 0.0,
    "y_offset": 0.0,
    "yaw_offset": 0.0
  },
  "lidar_meta": {
    "fov": 6.283184,
    "horizontal_resolution": 400,
    "angle_min": -3.141592,
    "angle_increment": 0.015747328320802004
  },
  "ranges": [
    0.5693238973617554,
    0.5486729741096497,
    0.541589081287384,
    0.5220821499824524,
    0.5031797885894775,
    0.497280091047287,
    0.47934600710868835,
    0.4619271457195282,
    0.457022100687027,
    0.44042709469795227,
    0.4242730140686035,
    0.4202084541320801,
    0.41632285714149475,
    0.4011479318141937,
    0.39769867062568665,
    0.38313597440719604,
    0.3800816237926483,
    0.3660747706890106,
    0.3633788228034973,
    0.36081060767173767,
    0.3583662807941437,
    0.3452529311180115,
    null,
    null,
    null,
    null,
    0.3224124610424042,
    0.3131285607814789,
    0.31170278787612915,
    0.3103661835193634,
    0.2988130748271942,
    0.2976882755756378,
    null,
    null,
    0.2846313416957855,
    0.28385210037231445,
    0.28314676880836487,
    0.2825144827365875,
    0.271884560585022,
    0.2714134454727173,
    0.27101075649261475,
    0.270675927400589,
    0.2704085111618042,
    0.27020832896232605,
    0.2700749337673187,
    0.2600080072879791,
    0.2600080072879791,
    0.26007217168807983,
    0.2602006196975708,
    0.250378280878067,
    0.250625878572464,
    0.2509359121322632,
    0.25130876898765564,
    0.25174498558044434,
    0.25224506855010986,
    0.24269722402095795,
    0.24330179393291473,
    0.24396972358226776,
    0.24470186233520508,
    0.24549919366836548,
    0.23609758913516998,
    0.23698963224887848,
    0.23794735968112946,
    0.23897208273410797,
    0.24006524682044983,
    0.2412281334400177,
    0.24246248602867126,
    0.23317134380340576,
    0.23449371755123138,
    0.235889732837677,
    0.2373613715171814,
    0.23891086876392365,
    0.24054040014743805,
    0.23124101758003235,
    0.2329566478729248,
    0.2347562611103058,
    0.2366427183151245,
    0.2386191338300705,
    0.24068871140480042,
    0.23129040002822876,
    0.2334490865468979,
    0.2357071489095688,
    0.23806864023208618,
    null,
    null,
    null,
    null,
    null,
    null,
    null,
    null,
    null,
    null,
    null,
    null,
    null,
    null,
    null,
    null,
    null,
    null,
    0.26127296686172485,
    0.25789961218833923,
    0.2674080431461334,
    0.2641695439815521,
    0.2735041677951813,
    0.27040043473243713,
    0.2674316465854645,
    0.27661874890327454,
    0.2856825888156891,
    0.2828488051891327,
    0.2918115556240082,
    0.28911325335502625,
    0.29799574613571167,
    0.2954334020614624,
    0.30425503849983215,
    0.31300848722457886,
    0.31060898303985596,
    0.3083215057849884,
    0.3061424195766449,
    0.2932088375091553,
    0.2913072407245636,
    0.3103661835193634,
    0.3091169595718384,
    0.2976882755756378,
    0.2966448664665222,
    0.28548553586006165,
    0.2846313416957855,
    0.28385210037231445,
    0.28314676880836487,
    0.2724246680736542,
    0.271884560585022,
    0.2714134454727173,
    0.26097333431243896,
    0.2606509029865265,
    0.250378280878067,
    0.25019291043281555,
    0.25006940960884094,
    0.2500077188014984,
    0.2400074005126953,
    0.24006663262844086,
    0.2401851862668991,
    0.24036315083503723,
    0.2305757999420166,
    0.23086102306842804,
    0.2312040627002716,
    0.2316053807735443,
    0.2219756543636322,
    0.22247245907783508,
    0.22302664816379547,
    0.22363892197608948,
    0.21411412954330444,
    0.2148117870092392,
    0.21556736528873444,
    0.21638184785842896,
    0.21725627779960632,
    0.20780180394649506,
    0.20875237882137299,
    null,
    null,
    null,
    null,
    null,
    null,
    null,
    null,
    null,
    null,
    null,
    null,
    null,
    null,
    null,
    null,
    null,
    null,
    null,
    null,
    null,
    null,
    null,
    null,
    null,
    null,
    null,
    null,
    null,
    null,
    null,
    null,
    null,
    null,
    null,
    null,
    null,
    null,
    null,
    null,
    null,
    null,
    null,
    null,
    null,
    null,
    null,
    null,
    null,
    null,
    null,
    0.22357748448848724,
    0.2218635380268097,
    0.2312411218881607,
    0.22960680723190308,
    0.2280513197183609,
    0.23736147582530975,
    0.24661202728748322,
    0.24815057218074799,
    0.24977046251296997,
    0.26465877890586853,
    0.25326406955718994,
    0.25514304637908936,
    0.26829293370246887,
    0.2704489231109619,
    0.27270767092704773,
    0.2750729024410248,
    0.277548611164093,
    0.2801390290260315,
    0.294634073972702,
    0.2975859045982361,
    0.3006724417209625,
    0.30389946699142456,
    0.3195640444755554,
    0.3232320547103882,
    0.32706695795059204,
    0.33107656240463257,
    0.33526942133903503,
    0.33965474367141724,
    0.3574824929237366,
    0.36246761679649353,
    0.36768582463264465,
    0.38697031140327454,
    0.3929060995578766,
    0.3998870551586151,
    0.41461101174354553,
    0.42677435278892517,
    0.44301605224609375,
    0.44968152046203613,
    0.4741790294647217,
    0.4822181165218353,
    0.49720656871795654,
    0.5240208506584167,
    0.5317308902740479,
    0.5682716369628906,
    0.5899753570556641,
    0.6190621852874756,
    0.6386017203330994,
    0.6933096647262573,
    0.7109300494194031,
    0.7514342069625854,
    0.7980911135673523,
    0.8507330417633057,
    0.8787490129470825,
    1.038225769996643,
    1.0579946041107178,
    1.1455336809158325,
    1.2152416706085205,
    1.2988649606704712,
    1.723703145980835,
    1.9106484651565552,
    2.1518192291259766,
    2.485614776611328,
    2.691291332244873,
    2.6900205612182617,
    2.702510356903076,
    2.7570149898529053,
    2.778730630874634,
    2.8252577781677246,
    2.829705238342285,
    2.8658297061920166,
    2.90268611907959,
    2.9199728965759277,
    2.9663562774658203,
    2.9883322715759277,
    3.0230553150177,
    3.0642354488372803,
    2.213245391845703,
    2.1768288612365723,
    2.206453323364258,
    2.1419081687927246,
    1.341033935546875,
    1.3403719663619995,
    1.3400412797927856,
    1.419831395149231,
    1.5096781253814697,
    1.6097862720489502,
    1.7299596071243286,
    2.114652156829834,
    2.0973925590515137,
    2.0914647579193115,
    0.40203797817230225,
    0.39447346329689026,
    0.37415823340415955,
    0.37509027123451233,
    0.376120001077652,
    0.37724870443344116,
    0.37847793102264404,
    0.3900742828845978,
    0.39154812693595886,
    0.39313042163848877,
    0.39482346177101135,
    0.39662954211235046,
    0.4090389907360077,
    0.4111320674419403,
    0.4133491814136505,
    0.41569340229034424,
    0.41816815733909607,
    0.43156611919403076,
    0.434383362531662,
    0.4373461604118347,
    0.44045907258987427,
    0.44372695684432983,
    0.45833367109298706,
    0.462016761302948,
    0.46587544679641724,
    0.46991607546806335,
    0.4857098460197449,
    0.4902431070804596,
    0.49498501420021057,
    0.5118475556373596,
    0.5171566009521484,
    0.5227069854736328,
    0.5408006310462952,
    0.5470080971717834,
    0.5534977912902832,
    0.5730170011520386,
    0.5802738666534424,
    0.5878638029098511,
    0.6090440154075623,
    0.6175373196601868,
    0.6400455236434937,
    0.6495569944381714,
    0.6735529899597168,
    0.6805338263511658,
    0.7110165357589722,
    0.7263698577880859,
    0.7541581988334656,
    0.7684077620506287,
    0.8060575723648071,
    0.8072806000709534,
    0.851976752281189,
    0.9017817378044128,
    0.9256578683853149,
    0.9796527624130249,
    1.0065209865570068,
