{
  "step": 1620,
  "timestamp": 51.84,
  "robot_pose_odom": {
    "x": -1.652460880524604,
    "y": 1.0758974292142898,
    "yaw_fused": -2.730194723248132,
    "yaw_imu": -2.730091877914597
  },
  "lidar_pose_relative_to_robot": {
    "x_offset": 0.0,
    "y_offset": 0.0,
    "yaw_offset": 0.0
  },
  "lidar_meta": {
    "fov": 6.283184,
    "horizontal_resolution": 400,
    "angle_min": -3.141592,
    "angle_increment": 0.015747328320802004
  },
  "ranges": [
    0.6310779452323914,
    0.632613480091095,
    0.6365602016448975,
    0.6298559904098511,
    0.6341520547866821,
    0.6276544332504272,
    0.6323110461235046,
    0.6260168552398682,
    0.6310474872589111,
    0.6249551177024841,
    0.6303754448890686,
    0.6244843006134033,
    0.6303128004074097,
    1.8758989572525024,
    1.8611193895339966,
    1.8458056449890137,
    1.8323086500167847,
    1.83712637424469,
    1.8122270107269287,
    1.1152572631835938,
    1.1072416305541992,
    1.0909693241119385,
    null,
    null,
    null,
    1.0532020330429077,
    1.042705774307251,
    1.0173810720443726,
    1.0313432216644287,
    1.022707223892212,
    1.0213496685028076,
    1.0068546533584595,
    1.0062469244003296,
    0.9928368330001831,
    0.9929133057594299,
    0.9804957509040833,
    0.981200635433197,
    0.9696962237358093,
    0.9709829092025757,
    0.9603222012519836,
    0.9621517658233643,
    0.952274739742279,
    0.9546142816543579,
    0.945469081401825,
    0.948291003704071,
    0.939832329750061,
    0.9317511916160583,
    0.9353024959564209,
    0.9278463125228882,
    0.9344043731689453,
    1.0245046615600586,
    1.129701018333435,
    1.2684954404830933,
    2.142481803894043,
    2.141667366027832,
    2.1412384510040283,
    2.1411995887756348,
    2.1399953365325928,
    2.129101037979126,
    2.1434688568115234,
    2.145036220550537,
    2.141526699066162,
    2.139113187789917,
    2.148841381072998,
    2.1554949283599854,
    2.159184217453003,
    2.1633152961730957,
    2.1678946018218994,
    2.172929048538208,
    2.180368661880493,
    1.4568382501602173,
    1.351883053779602,
    1.2677379846572876,
    1.1951851844787598,
    1.1230244636535645,
    1.0606720447540283,
    1.0702970027923584,
    1.0700329542160034,
    1.080033302307129,
    1.080299735069275,
    1.0908411741256714,
    1.0916492938995361,
    1.1024389266967773,
    0.611420750617981,
    0.593088686466217,
    0.5941181182861328,
    0.5952983498573303,
    0.6067430377006531,
    0.6082544326782227,
    0.6099242568016052,
    0.6219505667686462,
    0.6239771246910095,
    0.626171886920929,
    0.6388416886329651,
    0.6414233446121216,
    0.6545757055282593,
    0.6575700640678406,
    0.6712434887886047,
    0.6746782660484314,
    0.6783166527748108,
    0.6928223371505737,
    0.696946918964386,
    0.7012949585914612,
    0.7167325615882874,
    0.7325547933578491,
    0.7377689480781555,
    0.743242621421814,
    0.7601631879806519,
    0.777540385723114,
    0.7840343117713928,
    0.8022957444190979,
    0.809516429901123,
    0.8287442922592163,
    0.836760401725769,
    0.8570471405982971,
    0.8779634833335876,
    0.8995423316955566,
    0.909528374671936,
    0.9448321461677551,
    0.9560415744781494,
    0.9804957509040833,
    1.0058079957962036,
    1.0359152555465698,
    1.0592069625854492,
    1.0874027013778687,
    1.1166751384735107,
    1.1609103679656982,
    1.199731707572937,
    1.2277241945266724,
    1.2576539516448975,
    1.2528560161590576,
    1.2350753545761108,
    1.2313289642333984,
    1.227982997894287,
    1.2121282815933228,
    1.2097030878067017,
    1.2076321840286255,
    1.1934727430343628,
    1.1922199726104736,
    1.1791303157806396,
    1.1786364316940308,
    1.1784405708312988,
    1.1785367727279663,
    1.1672462224960327,
    1.156453013420105,
    1.157598853111267,
    1.1590079069137573,
    1.149407982826233,
    1.1514240503311157,
    1.1536904573440552,
    1.145194172859192,
    1.1480339765548706,
    1.140256643295288,
    1.143650770187378,
    1.8159599304199219,
    1.8237900733947754,
    1.816925048828125,
    1.8207857608795166,
    1.81487238407135,
    1.8196074962615967,
    1.814625859260559,
    null,
    null,
    null,
    null,
    null,
    null,
    null,
    null,
    null,
    null,
    null,
    null,
    null,
    null,
    null,
    null,
    null,
    null,
    null,
    null,
    null,
    null,
    null,
    null,
    null,
    null,
    null,
    null,
    null,
    null,
    null,
    null,
    null,
    null,
    null,
    null,
    null,
    null,
    null,
    null,
    null,
    null,
    null,
    null,
    null,
    null,
    null,
    null,
    null,
    null,
    null,
    null,
    null,
    null,
    null,
    null,
    null,
    null,
    null,
    null,
    null,
    null,
    null,
    null,
    null,
    null,
    null,
    null,
    null,
    null,
    null,
    0.4254594147205353,
    0.43296846747398376,
    0.42852386832237244,
    0.42427322268486023,
    0.4202086329460144,
    0.41632306575775146,
    0.4126094877719879,
    0.42079463601112366,
    0.4085428714752197,
    0.41361838579177856,
    0.4104475975036621,
    0.4074248671531677,
    0.4045453369617462,
    0.40180474519729614,
    0.39919885993003845,
    0.3967237174510956,
    0.3991987705230713,
    0.40180468559265137,
    0.3936116099357605,
    0.39641329646110535,
    0.39935433864593506,
    0.4024393856525421,
    0.39440467953681946,
    0.39769867062568665,
    0.4011479914188385,
    0.3816293179988861,
    0.3851911425590515,
    0.37225210666656494,
    0.35710304975509644,
    0.3608069121837616,
    0.3403674066066742,
    0.34414589405059814,
    0.3356640636920929,
    0.32274889945983887,
    0.3183428645133972,
    0.3094794750213623,
    0.3135274648666382,
    0.3045221269130707,
    0.2953440248966217,
    0.28597787022590637,
    0.2902277112007141,
    null,
    null,
    null,
    null,
    null,
    null,
    null,
    null,
    null,
    null,
    null,
    null,
    null,
    null,
    null,
    null,
    null,
    null,
    null,
    null,
    null,
    null,
    null,
    null,
    null,
    null,
    null,
    null,
    null,
    null,
    null,
    null,
    null,
    null,
    null,
    null,
    null,
    null,
    null,
    null,
    null,
    null,
    null,
    null,
    null,
    null,
    null,
    null,
    null,
    null,
    null,
    null,
    null,
    null,
    null,
    null,
    null,
    null,
    null,
    0.939322829246521,
    0.9505641460418701,
    0.9529320001602173,
    0.9472984075546265,
    0.9254791140556335,
    0.9177700281143188,
    0.910162627696991,
    0.9026456475257874,
    0.9049164652824402,
    0.8878350257873535,
    0.8805170059204102,
    0.8732402324676514,
    0.8659916520118713,
    0.8582315444946289,
    0.8515229821205139,
    0.8470585346221924,
    0.8523430824279785,
    0.8405265808105469,
    0.8332091569900513,
    0.825812578201294,
    0.8208948969841003,
    0.8272364139556885,
    0.8142165541648865,
    0.8067598938941956,
    0.813757061958313,
    0.7979519367218018,
    0.8053994178771973,
    0.8062832951545715,
    0.797529935836792,
    0.7906069755554199,
    0.7901384830474854,
    0.7866190671920776,
    0.7860615849494934,
    0.7799286842346191,
    0.7767564058303833,
    0.7788026332855225,
    0.7668671011924744,
    0.7546850442886353,
    0.7541586756706238,
    0.7353714108467102,
    0.7386580109596252,
    0.7296823859214783,
    0.7226309776306152,
    0.7186594009399414,
    0.7081360220909119,
    0.6980860829353333,
    0.7017250657081604,
    0.6923733353614807,
    0.683434009552002,
    0.6876206398010254,
    0.6792930364608765,
    0.6713283658027649,
    0.6760010719299316,
    0.6685791015625,
    0.661479651927948,
    0.6665927171707153,
    0.6599805951118469,
    0.6536579132080078,
    0.6476137042045593,
    0.6532983779907227,
    0.647680938243866,
