{
  "step": 770,
  "timestamp": 24.64,
  "robot_pose_odom": {
    "x": -2.975357129051548,
    "y": -0.7934138111213138,
    "yaw_fused": 2.7776486011693695,
    "yaw_imu": 2.7787040998872494
  },
  "lidar_pose_relative_to_robot": {
    "x_offset": 0.0,
    "y_offset": 0.0,
    "yaw_offset": 0.0
  },
  "lidar_meta": {
    "fov": 6.283184,
    "horizontal_resolution": 400,
    "angle_min": -3.141592,
    "angle_increment": 0.015747328320802004
  },
  "ranges": [
    1.4776791334152222,
    1.4206675291061401,
    1.3683274984359741,
    1.3322299718856812,
    1.2890050411224365,
    1.2459367513656616,
    1.2120836973190308,
    1.1724351644515991,
    1.1413168907165527,
    1.1104731559753418,
    1.0899803638458252,
    1.0599796772003174,
    1.0404534339904785,
    1.0104881525039673,
    0.9910549521446228,
    0.971798300743103,
    0.9526935815811157,
    0.9360206127166748,
    0.914843738079071,
    0.8999347686767578,
    0.8218163847923279,
    0.7797313332557678,
    null,
    null,
    null,
    null,
    0.5544222593307495,
    0.5282586216926575,
    0.4976889491081238,
    0.47720688581466675,
    0.453713059425354,
    0.4411974549293518,
    null,
    null,
    0.39393892884254456,
    0.3929695188999176,
    0.36270490288734436,
    0.35212835669517517,
    0.3414040207862854,
    0.3302178382873535,
    0.3241872191429138,
    0.312653511762619,
    0.30642688274383545,
    0.29799553751945496,
    0.28534436225891113,
    0.28013890981674194,
    0.282848596572876,
    0.2737789452075958,
    0.2645917534828186,
    0.25527551770210266,
    0.2581093907356262,
    0.2486400157213211,
    null,
    null,
    null,
    null,
    null,
    null,
    null,
    null,
    null,
    null,
    null,
    null,
    null,
    null,
    null,
    null,
    null,
    null,
    null,
    null,
    null,
    null,
    null,
    null,
    null,
    null,
    null,
    null,
    null,
    null,
    null,
    null,
    null,
    null,
    null,
    null,
    null,
    null,
    null,
    null,
    null,
    null,
    null,
    null,
    null,
    null,
    null,
    null,
    null,
    null,
    null,
    null,
    null,
    null,
    null,
    null,
    null,
    null,
    null,
    null,
    null,
    null,
    null,
    null,
    null,
    null,
    null,
    null,
    null,
    null,
    null,
    null,
    null,
    null,
    null,
    null,
    null,
    null,
    null,
    null,
    null,
    null,
    null,
    null,
    null,
    null,
    null,
    null,
    null,
    null,
    null,
    null,
    null,
    null,
    null,
    null,
    null,
    null,
    null,
    null,
    0.20139214396476746,
    0.21288906037807465,
    0.21236006915569305,
    0.21188585460186005,
    0.2215355932712555,
    0.2211517095565796,
    0.22082360088825226,
    0.2305757999420166,
    0.23034800589084625,
    0.23017746210098267,
    0.24006663262844086,
    0.2400074005126953,
    0.2500077188014984,
    0.25006940960884094,
    0.2603462338447571,
    0.2704085111618042,
    0.270675927400589,
    0.27101075649261475,
    0.2820417881011963,
    0.292024165391922,
    0.2926042675971985,
    0.3021383285522461,
    0.3158107399940491,
    0.3252929747104645,
    0.32626914978027344,
    0.33470940589904785,
    0.35244622826576233,
    0.3647337853908539,
    0.3675846755504608,
    0.3901461064815521,
    0.4033101797103882,
    0.422248512506485,
    0.4411974549293518,
    0.4560069441795349,
    0.48082756996154785,
    0.4904392659664154,
    0.5269993543624878,
    0.5560211539268494,
    0.5949200987815857,
    0.6165463328361511,
    0.6467651724815369,
    0.7091525793075562,
    0.7576613426208496,
    0.8063908219337463,
    0.8022957444190979,
    0.7979519367218018,
    0.8053994178771973,
    0.8062832951545715,
    0.797529935836792,
    0.793775200843811,
    0.7933827638626099,
    0.7866190671920776,
    0.7956480979919434,
    0.7925081849098206,
    0.7900819182395935,
    0.786593496799469,
    0.7838183641433716,
    0.7944052219390869,
    0.7920587062835693,
    0.7898433804512024,
    0.7877606153488159,
    0.7788302302360535,
    0.792792797088623,
    0.7877613306045532,
    0.7898440361022949,
    0.8054839372634888,
    0.8076459169387817,
    0.8099462389945984,
    0.79948890209198,
    0.8022241592407227,
    0.8176676034927368,
    0.8080804944038391,
    0.823492169380188,
    0.8144508600234985,
    0.8266873955726624,
    0.8332408666610718,
    0.8318809270858765,
    0.840053141117096,
    0.8442106246948242,
    0.8442245125770569,
    0.8518415689468384,
    0.8592910766601562,
    0.8665972352027893,
    0.8737830519676208,
    0.880967378616333,
    0.8878771662712097,
    0.8948242664337158,
    0.901728630065918,
    0.9262434244155884,
    0.900670051574707,
    0.9170781970024109,
    0.9230647683143616,
    0.9293608069419861,
    0.9359758496284485,
    0.9540131092071533,
    0.9613829851150513,
    0.9691085815429688,
    0.9772024154663086,
    0.9971392750740051,
    1.0061137676239014,
    1.015504002571106,
    1.0371118783950806,
    1.0475023984909058,
    1.0583670139312744,
    1.081882119178772,
    0.5993659496307373,
    0.5967361330986023,
    0.5955544710159302,
    0.5736086964607239,
    0.5673790574073792,
    0.5578486323356628,
    0.5560839176177979,
    0.5369890928268433,
    0.5311017632484436,
    0.5251739621162415,
    0.5122162699699402,
    0.5191973447799683,
    0.511353611946106,
    0.5038658380508423,
    0.5101397037506104,
    0.5031234622001648,
    0.49641841650009155,
    0.4900091886520386,
    0.48388102650642395,
    0.4780208468437195,
    0.47241610288619995,
    0.47934600710868835,
    0.4740830957889557,
    0.46904900670051575,
    0.464233934879303,
    0.459629088640213,
    0.4552258253097534,
    0.4510164260864258,
    0.4469934105873108,
    0.45451274514198303,
    0.45074817538261414,
    0.44715481996536255,
    0.4437269866466522,
    0.4404591917991638,
    0.4373461902141571,
    0.434383362531662,
    0.43156617879867554,
    0.4288904070854187,
    0.4370110034942627,
    0.4345465898513794,
    0.4322158098220825,
    0.4300154745578766,
    0.4279423952102661,
    0.42599382996559143,
    0.42416712641716003,
    0.4224598705768585,
    0.4208696484565735,
    0.4296235740184784,
    0.4282282888889313,
    0.4269469976425171,
    0.4257781207561493,
    0.4247201383113861,
    0.4237717092037201,
    0.4229315519332886,
    0.42219871282577515,
    0.42157232761383057,
    0.4310764968395233,
    0.43065062165260315,
    0.4303317964076996,
    0.4301193654537201,
    0.4300132393836975,
    0.4300132393836975,
    0.4301193654537201,
    0.4303317964076996,
    0.43065062165260315,
    0.4310764968395233,
    0.4416472017765045,
    0.4423034191131592,
    0.443071186542511,
    0.4439513087272644,
    0.44494491815567017,
    0.44605329632759094,
    0.44727784395217896,
    0.448620080947876,
    0.45008185505867004,
    0.4516649842262268,
    0.4636753797531128,
    0.46554917097091675,
    0.46755409240722656,
    0.4696928858757019,
    0.4719680845737457,
    0.474383145570755,
    0.47694137692451477,
    0.4903050363063812,
    0.49322396516799927,
    0.4963010549545288,
    0.49954086542129517,
    0.5029480457305908,
    0.5065279603004456,
    0.5102859735488892,
    0.5142279863357544,
    0.5296289920806885,
    0.5340523719787598,
    0.5386842489242554,
    0.5435324907302856,
    0.5486053824424744,
    0.565697193145752,
    0.5713647603988647,
    0.5772910714149475,
    0.5834869146347046,
    0.5899643301963806,
    0.6091680526733398,
    0.6163952350616455,
    0.62395179271698,
    0.6318537592887878,
    0.6531820297241211,
    0.6620044112205505,
    0.6712362170219421,
    0.6808995008468628,
    0.7110173106193542,
    1.7119473218917847,
    1.7539740800857544,
    1.7566529512405396,
    1.8340437412261963,
    1.8842089176177979,
    1.9316074848175049,
    1.9973406791687012,
    2.0269269943237305,
