{
  "step": 575,
  "timestamp": 18.400000000000002,
  "robot_pose_odom": {
    "x": -1.932344690929007,
    "y": -1.099541180236073,
    "yaw_fused": -3.081901035462771,
    "yaw_imu": -3.0818750092452585
  },
  "lidar_pose_relative_to_robot": {
    "x_offset": 0.0,
    "y_offset": 0.0,
    "yaw_offset": 0.0
  },
  "lidar_meta": {
    "fov": 6.283184,
    "horizontal_resolution": 400,
    "angle_min": -3.141592,
    "angle_increment": 0.015747328320802004
  },
  "ranges": [
    1.5881798267364502,
    1.5694799423217773,
    1.501274824142456,
    1.4394135475158691,
    1.3622905015945435,
    1.303572177886963,
    1.239304542541504,
    1.220584511756897,
    1.144850254058838,
    1.0933862924575806,
    1.078993797302246,
    1.0185242891311646,
    0.9847531318664551,
    0.944258451461792,
    0.9245015382766724,
    0.8770567178726196,
    0.8700067400932312,
    0.8430428504943848,
    0.8306980729103088,
    0.8054839372634888,
    0.7811656594276428,
    0.7538029551506042,
    null,
    null,
    null,
    null,
    0.6543089747428894,
    0.6288676261901855,
    0.6133720278739929,
    0.5972631573677063,
    0.5705778002738953,
    0.5482416749000549,
    null,
    0.5157618522644043,
    0.5113270282745361,
    0.49869251251220703,
    0.4806916117668152,
    0.46849143505096436,
    0.4514707922935486,
    0.4482799768447876,
    0.43438345193862915,
    0.42077717185020447,
    0.41382157802581787,
    0.4121559262275696,
    0.40033939480781555,
    0.3989361822605133,
    0.38979372382164,
    0.376120001077652,
    0.37509027123451233,
    0.3640458285808563,
    0.36323288083076477,
    0.35244297981262207,
    0.3518322706222534,
    0.34127283096313477,
    0.34085118770599365,
    0.3405144512653351,
    0.33025461435317993,
    0.33009159564971924,
    0.32000988721847534,
    0.32000988721847534,
    0.31008607149124146,
    0.3102392256259918,
    0.3104690611362457,
    0.3007510304450989,
    0.30112308263778687,
    0.30157050490379333,
    0.292024165391922,
    0.2926042675971985,
    0.2932591438293457,
    0.28385210037231445,
    0.2846313416957855,
    0.28548550605773926,
    0.2864157259464264,
    0.2771580219268799,
    0.2782052159309387,
    0.2793295085430145,
    0.2701423466205597,
    0.2713780999183655,
    0.2726926803588867,
    0.2635461986064911,
    0.2649674415588379,
    0.26647013425827026,
    0.25733423233032227,
    0.2589396834373474,
    0.2606300413608551,
    0.26240769028663635,
    0.2532639801502228,
    0.2551429867744446,
    0.2571139931678772,
    0.25918012857437134,
    0.2613447606563568,
    0.2521500885486603,
    0.2544194459915161,
    0.2567940056324005,
    0.259277880191803,
    0.24997207522392273,
    0.25256484746932983,
    0.25527551770210266,
    0.24581845104694366,
    0.2486400157213211,
    0.2515898644924164,
    null,
    null,
    null,
    null,
    null,
    null,
    null,
    null,
    null,
    null,
    null,
    null,
    null,
    null,
    null,
    0.2546743154525757,
    0.2641695439815521,
    0.26107215881347656,
    0.2581094801425934,
    0.2674316465854645,
    0.26459184288978577,
    0.2618756890296936,
    0.2710634469985962,
    0.26846662163734436,
    0.2659841775894165,
    0.27507299184799194,
    0.2727077603340149,
    0.2704489529132843,
    0.27947187423706055,
    0.2773294448852539,
    0.286298543214798,
    0.284275084733963,
    0.28234925866127014,
    0.2913072407245636,
    0.2895010709762573,
    0.2913071811199188,
    0.2932088077068329,
    0.3083934187889099,
    0.29735860228538513,
    0.31060895323753357,
    0.3130084276199341,
    0.31552374362945557,
    0.31815895438194275,
    0.32091838121414185,
    0.3238067030906677,
    0.32682886719703674,
    0.33689600229263306,
    0.3451996445655823,
    0.3487800359725952,
    0.3525233566761017,
    0.3564368188381195,
    0.3605280816555023,
    0.3648054301738739,
    0.38201141357421875,
    0.36885055899620056,
    0.39190930128097534,
    0.3972027599811554,
    0.40274181962013245,
    0.4085398316383362,
    0.4284314215183258,
    0.4350031614303589,
    0.4350031614303589,
    0.4422517716884613,
    0.4357758164405823,
    0.44301605224609375,
    0.4501631259918213,
    0.457227498292923,
    0.4513242542743683,
    0.45841357111930847,
    0.46544134616851807,
    0.47241610288619995,
    0.47934600710868835,
    0.4740830957889557,
    0.4931027889251709,
    0.48804083466529846,
    0.5067705512046814,
    0.5019156336784363,
    0.5126072764396667,
    0.5272229909896851,
    0.522689700126648,
    0.5324987769126892,
    0.5531192421913147,
    0.5546587705612183,
    0.550574004650116,
    0.5708013772964478,
    0.5798964500427246,
    0.5888433456420898,
    0.5976617336273193,
    0.6063704490661621,
    0.6144616007804871,
    0.634070873260498,
    0.6425003409385681,
    0.6433755159378052,
    0.6696428060531616,
    0.7028613686561584,
    0.7027735710144043,
    0.7253902554512024,
    0.7393498420715332,
    0.7599952816963196,
    0.7789043188095093,
    0.8039607405662537,
    0.8215699791908264,
    0.8456006050109863,
    0.867510974407196,
    0.8929311037063599,
    0.9247387647628784,
    0.9614578485488892,
    0.992162823677063,
    1.0302116870880127,
    1.0706268548965454,
    1.1101408004760742,
    1.1601685285568237,
    1.2099241018295288,
    1.270106315612793,
    1.3433564901351929,
    1.4016146659851074,
    1.4820890426635742,
    1.5730352401733398,
    1.6648008823394775,
    1.7965779304504395,
    1.8998950719833374,
    1.8941805362701416,
    1.8926811218261719,
    1.883894681930542,
    1.8793084621429443,
    1.875083327293396,
    1.8712120056152344,
    1.8676875829696655,
    1.8645035028457642,
    1.8616533279418945,
    1.856407880783081,
    1.865907073020935,
    1.8656337261199951,
    1.8641096353530884,
    1.8628886938095093,
    1.8710836172103882,
    1.8613275289535522,
    1.8609726428985596,
    1.860939621925354,
    1.874746322631836,
    1.8726959228515625,
    1.4768353700637817,
    1.3143953084945679,
    1.1835750341415405,
    1.0749833583831787,
    0.9903437495231628,
    0.9184337854385376,
    0.8395169377326965,
    0.8153067827224731,
    0.7358470559120178,
    0.7186518311500549,
    0.6645869612693787,
    0.6501895189285278,
    0.5973007082939148,
    0.5595880746841431,
    0.5486729145050049,
    0.5428436398506165,
    0.5504136681556702,
    0.5583375692367554,
    0.5666348338127136,
    0.5612941384315491,
    2.0557055473327637,
    2.0715906620025635,
    2.0927858352661133,
    2.110056161880493,
    2.1311733722686768,
    2.1477246284484863,
    2.163668394088745,
    2.176283359527588,
    2.2226295471191406,
    2.231018543243408,
    2.255750894546509,
    2.254525899887085,
    2.29965877532959,
    2.327444076538086,
    2.3542184829711914,
    2.3822743892669678,
    2.416724681854248,
    1.7457557916641235,
    1.7608673572540283,
    1.7607876062393188,
    1.7720861434936523,
    1.7774862051010132,
    1.783811330795288,
    1.7799352407455444,
    1.8005081415176392,
    1.8171391487121582,
    1.8408708572387695,
    1.822784662246704,
    1.8341563940048218,
    1.11635422706604,
    1.0956165790557861,
    1.090185284614563,
    1.073460340499878,
    1.0785263776779175,
    1.0451200008392334,
    1.0457490682601929,
    1.027606725692749,
    1.0139100551605225,
    1.0034679174423218,
    0.9968762993812561,
    0.9900768399238586,
    0.9830372929573059,
    0.9757223725318909,
    0.968093752861023,
    0.9601094722747803,
    0.9517237544059753,
    0.9417033195495605,
    0.9284384250640869,
    0.9405823349952698,
    0.9263247847557068,
    0.9263062477111816,
    0.9170221090316772,
    0.9121442437171936,
    0.8910899758338928,
    0.870147168636322,
    0.8430424928665161,
    0.8306977152824402,
    0.8323332071304321,
    0.8076456189155579,
    0.8099458813667297,
    0.7994886636734009,
    0.802223801612854,
