{
  "step": 745,
  "timestamp": 23.84,
  "robot_pose_odom": {
    "x": -2.783150846320615,
    "y": -0.8668553272914064,
    "yaw_fused": 2.774897826342719,
    "yaw_imu": 2.7787071861759522
  },
  "lidar_pose_relative_to_robot": {
    "x_offset": 0.0,
    "y_offset": 0.0,
    "yaw_offset": 0.0
  },
  "lidar_meta": {
    "fov": 6.283184,
    "horizontal_resolution": 400,
    "angle_min": -3.141592,
    "angle_increment": 0.015747328320802004
  },
  "ranges": [
    1.2456845045089722,
    1.2326419353485107,
    1.194704294204712,
    1.1532710790634155,
    1.1084799766540527,
    1.0899907350540161,
    1.0572115182876587,
    1.0556989908218384,
    0.9859067797660828,
    0.9651001691818237,
    0.9434604644775391,
    0.9211336970329285,
    0.8980523347854614,
    0.8790227174758911,
    0.8591390252113342,
    0.8570780158042908,
    0.8233624696731567,
    0.8083117008209229,
    0.7928029298782349,
    0.7756108045578003,
    0.7646144032478333,
    0.7428049445152283,
    null,
    null,
    null,
    0.6765148639678955,
    0.6280947327613831,
    0.5964103937149048,
    0.5823781490325928,
    0.5528146624565125,
    0.5264852643013,
    0.5101397037506104,
    0.4898833930492401,
    0.4702911376953125,
    0.4513242542743683,
    0.43294617533683777,
    0.4151233434677124,
    0.4102560877799988,
    0.3933095335960388,
    0.38899126648902893,
    0.37283381819725037,
    0.369006484746933,
    0.35356083512306213,
    0.3501737117767334,
    0.335371196269989,
    0.3323797285556793,
    0.31815895438194275,
    0.31552374362945557,
    0.3018295168876648,
    0.2995157241821289,
    0.297309935092926,
    0.28427502512931824,
    0.28234919905662537,
    0.2805180251598358,
    0.2787787616252899,
    0.26647013425827026,
    0.2649674415588379,
    0.2635462284088135,
    0.25171637535095215,
    0.2505028545856476,
    0.24936223030090332,
    0.2482929527759552,
    0.23698966205120087,
    0.23609758913516998,
    0.23527005314826965,
    0.23450596630573273,
    0.23380431532859802,
    0.22302664816379547,
    0.22247245907783508,
    0.2219756543636322,
    0.2215355932712555,
    0.2211517095565796,
    0.21078616380691528,
    0.2105257362127304,
    0.21031774580478668,
    0.21016204357147217,
    0.2100583016872406,
    0.2100064754486084,
    0.2000061571598053,
    0.20005550980567932,
    0.20015431940555573,
    null,
    null,
    null,
    null,
    null,
    null,
    null,
    null,
    null,
    null,
    null,
    null,
    null,
    null,
    null,
    null,
    null,
    null,
    null,
    null,
    null,
    null,
    null,
    null,
    null,
    null,
    null,
    null,
    null,
    null,
    null,
    null,
    null,
    null,
    null,
    null,
    null,
    null,
    null,
    null,
    null,
    null,
    null,
    null,
    null,
    null,
    null,
    null,
    null,
    null,
    null,
    null,
    null,
    null,
    null,
    null,
    null,
    null,
    null,
    null,
    null,
    null,
    null,
    null,
    null,
    null,
    null,
    0.22357748448848724,
    0.23295672237873077,
    0.2312411218881607,
    0.22960680723190308,
    0.23891091346740723,
    0.23736147582530975,
    0.2482929527759552,
    0.24729357659816742,
    0.2566278278827667,
    0.2557283341884613,
    0.26509371399879456,
    0.26430052518844604,
    0.27371448278427124,
    0.27303436398506165,
    0.2825144827365875,
    0.2819543778896332,
    0.29094213247299194,
    0.30112308263778687,
    0.3007510304450989,
    0.3102474510669708,
    0.3202469050884247,
    0.32008883357048035,
    0.33003678917884827,
    0.3400370478630066,
    0.3501794934272766,
    0.3601321578025818,
    0.3705598711967468,
    0.37092629075050354,
    0.38185402750968933,
    0.3914656937122345,
    0.41361576318740845,
    0.4247428774833679,
    0.4335993230342865,
    0.444507360458374,
    0.4695243537425995,
    0.47685906291007996,
    0.4955235719680786,
    0.5303854942321777,
    0.5379118323326111,
    0.5787138938903809,
    0.6223700046539307,
    0.6358614563941956,
    0.6898956894874573,
    0.7121652364730835,
    0.753296434879303,
    0.8041357398033142,
    0.8359197378158569,
    0.929088830947876,
    1.025139570236206,
    1.0145784616470337,
    1.013007640838623,
    1.0094788074493408,
    1.0172771215438843,
    1.0029144287109375,
    1.0112906694412231,
    1.0046840906143188,
    1.0061132907867432,
    1.0034681558609009,
    1.0017553567886353,
    0.9998883008956909,
    1.0102593898773193,
    0.9967901706695557,
    1.007855772972107,
    1.0069921016693115,
    1.0063594579696655,
    1.0065549612045288,
    1.0058079957962036,
    1.0189639329910278,
    1.0062466859817505,
    1.0068542957305908,
    1.0213491916656494,
    1.0227068662643433,
    1.0033478736877441,
    1.0243626832962036,
    1.0288851261138916,
    1.0213500261306763,
    1.0360774993896484,
    1.0459675788879395,
    1.048980474472046,
    1.0495967864990234,
    1.0574896335601807,
    1.064939022064209,
    1.0663080215454102,
    1.0787118673324585,
    1.0851259231567383,
    1.0824211835861206,
    1.0972076654434204,
    1.1029443740844727,
    1.1085197925567627,
    1.1064273118972778,
    1.138593316078186,
    1.1359121799468994,
    1.1352698802947998,
    1.1679579019546509,
    1.1810327768325806,
    0.7488296627998352,
    0.7303041219711304,
    0.7123945951461792,
    0.6950667500495911,
    0.6727174520492554,
    0.6734880208969116,
    0.6450537443161011,
    0.6319010257720947,
    0.6165943145751953,
    0.612702488899231,
    0.5983044505119324,
    0.5888422727584839,
    0.5791340470314026,
    0.5769851803779602,
    0.5588653087615967,
    0.5489691495895386,
    0.5421266555786133,
    0.5377463102340698,
    0.5323517918586731,
    0.5227070450782776,
    0.5133295059204102,
    0.5097121000289917,
    0.4988618493080139,
    0.49661484360694885,
    0.4900091886520386,
    0.4833548367023468,
    0.47664332389831543,
    0.46986547112464905,
    0.46301183104515076,
    0.4560721218585968,
    0.4630678594112396,
    0.4560869038105011,
    0.4560721218585968,
    0.4493938088417053,
    0.44301605224609375,
    0.43692299723625183,
    0.42721229791641235,
    0.4384292662143707,
    0.43294617533683777,
    0.4277028739452362,
    0.4226880967617035,
    0.41789141297340393,
    0.42545920610427856,
    0.42094141244888306,
    0.4166202247142792,
    0.412487655878067,
    0.40853601694107056,
    0.4047583341598511,
    0.4126093089580536,
    0.4090614914894104,
    0.4056733548641205,
    0.4024393558502197,
    0.39935430884361267,
    0.39641326665878296,
    0.40454524755477905,
    0.401804655790329,
    0.3991987407207489,
    0.3967236280441284,
    0.3943758010864258,
    0.3921518325805664,
    0.39004841446876526,
    0.39855092763900757,
    0.39662954211235046,
    0.3948235511779785,
    0.39313051104545593,
    0.39154815673828125,
    0.40033939480781555,
    0.3989361822605133,
    0.39764055609703064,
    0.39645078778266907,
    0.3953653872013092,
    0.3943829834461212,
    0.39350229501724243,
    0.40279194712638855,
    0.4020940065383911,
    0.40149742364883423,
    0.4010013937950134,
    0.4006052315235138,
    0.40030863881111145,
    0.4101138412952423,
    0.4100126624107361,
    0.4100126624107361,
    0.4101138412952423,
    0.4103163778781891,
    0.42063549160957336,
    0.4210514724254608,
    0.42157232761383057,
    0.42219871282577515,
    0.4229315519332886,
    0.4237717092037201,
    0.4247201383113861,
    0.43591567873954773,
    0.43711239099502563,
    0.43842414021492004,
    0.4398527145385742,
    0.44139984250068665,
    0.45337149500846863,
    0.455203652381897,
    0.4571639895439148,
    0.45925527811050415,
    0.4719680845737457,
    0.474383145570755,
    0.47694137692451477,
    0.479646235704422,
    0.48250171542167664,
    0.4963010549545288,
    0.49954086542129517,
    0.5029480457305908,
    0.5065279603004456,
