{
  "step": 510,
  "timestamp": 16.32,
  "robot_pose_odom": {
    "x": -1.3983178662716331,
    "y": -1.067722504700228,
    "yaw_fused": -3.082603751927968,
    "yaw_imu": -3.0818750077786223
  },
  "lidar_pose_relative_to_robot": {
    "x_offset": 0.0,
    "y_offset": 0.0,
    "yaw_offset": 0.0
  },
  "lidar_meta": {
    "fov": 6.283184,
    "horizontal_resolution": 400,
    "angle_min": -3.141592,
    "angle_increment": 0.015747328320802004
  },
  "ranges": [
    1.0504425764083862,
    1.0410510301589966,
    1.0315409898757935,
    1.006087303161621,
    0.9652259349822998,
    0.9439755082130432,
    0.8772597312927246,
    0.8123125433921814,
    0.8049110174179077,
    0.7707070112228394,
    0.7594906091690063,
    0.7159180641174316,
    0.6816505193710327,
    0.6696678996086121,
    0.6454654932022095,
    0.6282527446746826,
    0.6190030574798584,
    0.5961742997169495,
    0.5734569430351257,
    0.5684323906898499,
    0.5502631664276123,
    0.5436897873878479,
    null,
    null,
    null,
    0.4951132535934448,
    0.48724234104156494,
    0.4634030759334564,
    0.45644062757492065,
    0.45401081442832947,
    0.4422515630722046,
    0.43500298261642456,
    0.42097097635269165,
    0.42225414514541626,
    0.4085400104522705,
    0.4027419686317444,
    0.39720287919044495,
    0.3919094502925873,
    0.38684943318367004,
    0.3820114731788635,
    0.3773850202560425,
    0.3729602098464966,
    0.36872783303260803,
    0.3646794855594635,
    0.36080706119537354,
    0.3571031987667084,
    0.35356101393699646,
    0.35017383098602295,
    0.346935898065567,
    0.34384122490882874,
    0.3408846855163574,
    0.3380611836910248,
    0.33536621928215027,
    0.33279532194137573,
    0.33034446835517883,
    0.3280097246170044,
    0.32578760385513306,
    0.323674738407135,
    0.3103661835193634,
    0.3091169595718384,
    0.3079533874988556,
    0.30687397718429565,
    0.30587735772132874,
    0.3049621284008026,
    0.30412721633911133,
    0.30337151885032654,
    0.30269405245780945,
    0.3020939528942108,
    0.30157050490379333,
    0.2910856604576111,
    0.2907260060310364,
    0.29043880105018616,
    0.29022377729415894,
    0.2900805175304413,
    0.29000893235206604,
    0.29000893235206604,
    0.2900805175304413,
    0.29022377729415894,
    0.29043880105018616,
    0.2807009816169739,
    0.2810482084751129,
    0.2814658284187317,
    0.2819543778896332,
    0.2825144827365875,
    0.27303436398506165,
    0.27371448278427124,
    0.2744659185409546,
    0.2752895653247833,
    0.27618658542633057,
    0.2771580219268799,
    0.2782052159309387,
    0.26898396015167236,
    0.2701423466205597,
    0.2713780999183655,
    0.2726926803588867,
    0.2635461986064911,
    0.2649674415588379,
    0.26647013425827026,
    0.2680565118789673,
    0.2697288393974304,
    0.27148962020874023,
    0.2733413577079773,
    0.264275461435318,
    0.26623618602752686,
    0.2682928740978241,
    0.27044883370399475,
    0.27270758152008057,
    0.26361143589019775,
    0.2659839689731598,
    0.26846644282341003,
    0.2710632383823395,
    0.2737789452075958,
    0.276618629693985,
    0.26743149757385254,
    0.2704003155231476,
    0.2735040485858917,
    0.2767488956451416,
    0.2801416516304016,
    0.27079445123672485,
    0.27433645725250244,
    0.2780418395996094,
    0.2819192111492157,
    0.2859777808189392,
    0.29022759199142456,
    0.2736654579639435,
    0.28762757778167725,
    0.29022783041000366,
    0.2859780192375183,
    0.29534411430358887,
    0.29128211736679077,
    0.3004639148712158,
    0.2965845763683319,
    0.30560919642448425,
    0.30190804600715637,
    0.3108001947402954,
    0.3072732090950012,
    0.316055566072464,
    0.31269943714141846,
    0.32139289379119873,
    0.32999029755592346,
    0.3268289566040039,
    0.32380685210227966,
    0.33237984776496887,
    0.3408846855163574,
    0.3380611836910248,
    0.34654513001441956,
    0.3549816906452179,
    0.35236743092536926,
    0.3585597574710846,
    0.36922597885131836,
    0.37762054800987244,
    0.38600143790245056,
    0.3884095847606659,
    0.39094507694244385,
    0.40454530715942383,
    0.40742480754852295,
    0.41044753789901733,
    0.4247971475124359,
    0.4282107949256897,
    0.44314995408058167,
    0.44699347019195557,
    0.46258097887039185,
    0.4668983519077301,
    0.4831998646259308,
    0.48804086446762085,
    0.5051296949386597,
    0.5227070450782776,
    0.5285097360610962,
    0.5470081567764282,
    0.5534979104995728,
    0.5730171203613281,
    0.5931689739227295,
    0.6139912605285645,
    0.6360061764717102,
    0.6578116416931152,
    0.6808997392654419,
    0.704838752746582,
    0.7506961226463318,
    0.7647283673286438,
    0.8001171946525574,
    0.8399307131767273,
    0.8773543834686279,
    0.9263248443603516,
    0.949757993221283,
    0.959332287311554,
    0.9671701788902283,
    0.9980980753898621,
    1.0098375082015991,
    1.0295484066009521,
    1.0300137996673584,
    1.064057469367981,
    1.079028844833374,
    1.1127033233642578,
    1.1315016746520996,
    1.137351393699646,
    1.1841492652893066,
    1.205198049545288,
    1.2340281009674072,
    1.2583277225494385,
    1.3056342601776123,
    1.3322433233261108,
    1.3490195274353027,
    1.4073808193206787,
    1.4490845203399658,
    1.5122559070587158,
    1.551433801651001,
    1.5911189317703247,
    1.626186728477478,
    1.704924464225769,
    1.720541000366211,
    1.8406145572662354,
    1.978947401046753,
    2.0667476654052734,
    2.145508050918579,
    2.251096487045288,
    2.3035264015197754,
    2.40920090675354,
    2.4026050567626953,
    2.396635055541992,
    2.3811933994293213,
    2.3764724731445312,
    2.362302303314209,
    2.358797550201416,
    2.3558831214904785,
    2.343540668487549,
    2.3418054580688477,
    2.3306467533111572,
    2.3300719261169434,
    0.970029890537262,
    0.9702692627906799,
    0.9707484841346741,
    1.0106422901153564,
    1.4688981771469116,
    2.318647861480713,
    2.3220930099487305,
    2.316053867340088,
    2.3206546306610107,
    2.325848340988159,
    2.321504592895508,
    2.3278777599334717,
    2.3246676921844482,
    2.332242488861084,
    2.3404457569122314,
    2.338984727859497,
    2.3484370708465576,
    2.3481605052948,
    2.3589019775390625,
    2.370328664779663,
    2.371915817260742,
    2.384706974029541,
    2.398231267929077,
    2.4017863273620605,
    2.4167704582214355,
    2.421687364578247,
    2.4382050037384033,
    2.4445481300354004,
    2.4626846313476562,
    2.4817092418670654,
    2.4903831481933594,
    2.5111823081970215,
    2.521500825881958,
    2.5441946983337402,
    2.5566306114196777,
    2.2356741428375244,
    1.2659482955932617,
    1.2571337223052979,
    1.1977741718292236,
    1.1857069730758667,
    1.1370030641555786,
    1.1109397411346436,
    1.08354914188385,
    1.0342845916748047,
    1.0281399488449097,
    1.005765438079834,
    0.9823789596557617,
    0.8946372866630554,
    0.8077598214149475,
    0.7788302302360535,
    0.785812497138977,
    0.773940920829773,
    0.7489900588989258,
    0.7383602857589722,
    0.7282053232192993,
    0.7185007333755493,
    0.7092240452766418,
    0.7003544569015503,
    0.6792930364608765,
    0.6713283658027649,
    0.6637100577354431,
    0.656423032283783,
    0.6494526863098145,
    0.6427857875823975,
    0.6246244311332703,
    0.6186404824256897,
    0.6129200458526611,
    0.6074528098106384,
    0.6022295951843262,
    0.5972414016723633,
    0.5924803614616394,
    0.5879383683204651,
    0.5836085677146912,
    0.568550169467926,
    0.5646985173225403,
    0.561036229133606,
    0.5483136177062988,
    0.5575576424598694,
    0.5610361099243164,
    0.553838849067688,
    0.5466828346252441,
    0.5505740642547607,
    0.5409878492355347,
    0.5365858674049377,
    0.529629111289978,
    0.5340525507926941,
