{
  "step": 1475,
  "timestamp": 47.2,
  "robot_pose_odom": {
    "x": -1.4459834145723962,
    "y": 1.349368146682908,
    "yaw_fused": -1.5612786847739881,
    "yaw_imu": -1.5262539549417327
  },
  "lidar_pose_relative_to_robot": {
    "x_offset": 0.0,
    "y_offset": 0.0,
    "yaw_offset": 0.0
  },
  "lidar_meta": {
    "fov": 6.283184,
    "horizontal_resolution": 400,
    "angle_min": -3.141592,
    "angle_increment": 0.015747328320802004
  },
  "ranges": [
    0.6695558428764343,
    0.6385074853897095,
    0.6454885601997375,
    0.635736882686615,
    0.6264277100563049,
    0.6175374984741211,
    0.6090441942214966,
    0.6009275317192078,
    0.5931689739227295,
    0.5857506990432739,
    0.5660772919654846,
    0.5594401359558105,
    0.5530915260314941,
    0.5470189452171326,
    0.5412103533744812,
    0.5356545448303223,
    0.5303412675857544,
    0.5252605676651001,
    0.5204035639762878,
    0.5157616138458252,
    0.5113268494606018,
    0.5070917010307312,
    null,
    null,
    null,
    0.49201449751853943,
    0.4886813163757324,
    0.4855119585990906,
    0.48250171542167664,
    0.46780601143836975,
    0.47694137692451477,
    0.4743832051753998,
    null,
    null,
    0.45716410875320435,
    0.4552037715911865,
    0.4533715546131134,
    0.4516649842262268,
    0.45008185505867004,
    0.44862014055252075,
    0.44727784395217896,
    0.44605329632759094,
    0.44494491815567017,
    0.4439513087272644,
    0.443071186542511,
    0.4423034191131592,
    0.4416472017765045,
    0.4411015510559082,
    0.4406657814979553,
    0.4303317964076996,
    0.4301193654537201,
    0.4200129508972168,
    0.4200129508972168,
    0.4101138412952423,
    0.4103163778781891,
    0.41062039136886597,
    0.4010013937950134,
    0.40149742364883423,
    0.3920416533946991,
    0.39272215962409973,
    0.39350229501724243,
    0.3842706084251404,
    0.38522782921791077,
    0.3862853944301605,
    0.37724870443344116,
    0.37847793102264404,
    0.3798092007637024,
    0.37094029784202576,
    0.37243935465812683,
    0.36365318298339844,
    0.3653166890144348,
    0.3670862913131714,
    0.3584228456020355,
    0.3603557348251343,
    0.3623993992805481,
    0.36455684900283813,
    0.3560420572757721,
    0.3583662807941437,
    0.3608105778694153,
    0.36337873339653015,
    0.35498157143592834,
    0.35772383213043213,
    0.34932973980903625,
    0.35224729776382446,
    0.3553023934364319,
    0.3585001528263092,
    0.35017362236976624,
    0.3535607159137726,
    0.3571029603481293,
    0.3608069121837616,
    0.3525233268737793,
    0.35643675923347473,
    0.3480960428714752,
    0.3522258400917053,
    0.3565438985824585,
    0.34816429018974304,
    0.3527182638645172,
    0.35748234391212463,
    0.36246752738952637,
    0.35406771302223206,
    0.3593294024467468,
    0.36484119296073914,
    0.3648415207862854,
    0.3593297004699707,
    0.367686003446579,
    0.36246776580810547,
    0.3707227110862732,
    0.3657821714878082,
    0.3739544749259949,
    0.3820114731788635,
    0.3773850202560425,
    0.3729602098464966,
    0.3810187876224518,
    0.37683549523353577,
    0.3848608732223511,
    0.3928135335445404,
    0.38891711831092834,
    0.396863728761673,
    0.3931940197944641,
    0.40114811062812805,
    0.40906161069869995,
    0.40567341446876526,
    0.41361838579177856,
    0.4215407371520996,
    0.41843631863594055,
    0.4264126420021057,
    0.423523873090744,
    0.884710967540741,
    0.41382157802581787,
    0.8792255520820618,
    0.8847107887268066,
    0.879626452922821,
    0.8769435286521912,
    0.8699069619178772,
    0.8763608932495117,
    0.8719520568847656,
    0.8676902651786804,
    0.874937117099762,
    0.8710641860961914,
    0.8789039254188538,
    0.8754345178604126,
    0.8839021921157837,
    0.8808543086051941,
    0.8779634833335876,
    0.8752304315567017,
    0.8849465250968933,
    0.8826721906661987,
    0.8931443691253662,
    0.8913599848747253,
    0.889753520488739,
    0.8883278369903564,
    0.8870861530303955,
    0.8994567394256592,
    2.1516430377960205,
    2.175975799560547,
    2.168034791946411,
    2.1960289478302,
    2.2036163806915283,
    2.215348243713379,
    2.2332520484924316,
    2.2380568981170654,
    2.2638981342315674,
    2.246413469314575,
    1.5395952463150024,
    1.480062484741211,
    1.4392671585083008,
    1.3917635679244995,
    1.3647137880325317,
    1.307763695716858,
    1.2834789752960205,
    1.242342233657837,
    1.2142988443374634,
    1.187377691268921,
    1.1690597534179688,
    1.1700007915496826,
    1.169075608253479,
    1.2014936208724976,
    1.2040008306503296,
    1.2221771478652954,
    1.240005612373352,
    1.2531907558441162,
    1.2747889757156372,
    1.302963137626648,
    1.308670163154602,
    1.3253629207611084,
    1.3356947898864746,
    1.368906021118164,
    1.3852795362472534,
    1.3829187154769897,
    0.7911161780357361,
    0.7768901586532593,
    0.7561855912208557,
    0.7643327713012695,
    0.7772383689880371,
    0.7890697121620178,
    0.8140982985496521,
    0.8267486691474915,
    0.8456006050109863,
    0.867510974407196,
    0.8834547996520996,
    0.904232382774353,
    0.9316979646682739,
    0.951880693435669,
    0.981193482875824,
    1.0100330114364624,
    1.0399521589279175,
    1.0699533224105835,
    1.1000583171844482,
    1.1414620876312256,
    1.1808995008468628,
    1.2217941284179688,
    1.2764801979064941,
    1.31455397605896,
    1.365722894668579,
    1.4269249439239502,
    1.5027989149093628,
    1.549502968788147,
    1.543225884437561,
    1.537233829498291,
    1.5315181016921997,
    1.5260695219039917,
    1.5290741920471191,
    1.5159392356872559,
    1.4961730241775513,
    1.5030171871185303,
    1.5025310516357422,
    1.498502492904663,
    1.4946792125701904,
    1.491051435470581,
    1.4876095056533813,
    1.48434317111969,
    1.4812421798706055,
    1.4737918376922607,
    1.4754897356033325,
    1.4753921031951904,
    1.4867897033691406,
    2.1551921367645264,
    2.159304141998291,
    2.1508209705352783,
    2.1472320556640625,
    2.159040927886963,
    2.1636266708374023,
    2.164332389831543,
    2.1616733074188232,
    0.4773273169994354,
    0.46416595578193665,
    0.44755205512046814,
    0.4528617858886719,
    0.43294617533683777,
    0.4384291470050812,
    0.43110013008117676,
    0.4236828088760376,
    0.42959117889404297,
    0.4221577048301697,
    0.4146108329296112,
    0.420970618724823,
    0.42097097635269165,
    0.41461119055747986,
    0.42215803265571594,
    0.4161667227745056,
    0.4236830770969391,
    0.43110039830207825,
    0.4255343973636627,
    0.4329463839530945,
    0.4359639883041382,
    0.44755226373672485,
    0.4518745243549347,
    0.46517083048820496,
    0.4994406998157501,
    0.9046614766120911,
    0.8721172213554382,
    0.8637621998786926,
    0.8404430747032166,
    0.8176748156547546,
    0.7953976392745972,
    0.7888094186782837,
    0.7548085451126099,
    0.7432428598403931,
    0.7377693057060242,
    0.7193704843521118,
    0.7015349864959717,
    null,
    0.7497339844703674,
    0.7356745600700378,
    0.721990704536438,
    0.7029579281806946,
    null,
    null,
    null,
    null,
    null,
    null,
    null,
    null,
    null,
    null,
    null,
    null,
    null,
    null,
    null,
    null,
    0.20141015946865082,
    0.24905067682266235,
    0.31817781925201416,
    0.44486820697784424,
    1.3277055025100708,
    1.310703158378601,
    1.3057308197021484,
    1.285926103591919,
    1.2789252996444702,
    1.2768375873565674,
    1.2553315162658691,
    1.2557761669158936,
    1.2426742315292358,
    1.2463191747665405,
    1.2203179597854614,
    1.2145209312438965,
    1.208862066268921,
    1.2033308744430542,
    1.19791579246521,
    1.192604899406433,
    1.1873862743377686,
    1.1822469234466553,
    1.1663141250610352,
    1.1589672565460205,
