{
  "step": 540,
  "timestamp": 17.28,
  "robot_pose_odom": {
    "x": -1.6447940895499134,
    "y": -1.0823693410109143,
    "yaw_fused": -3.0820314707151386,
    "yaw_imu": -3.081875020012832
  },
  "lidar_pose_relative_to_robot": {
    "x_offset": 0.0,
    "y_offset": 0.0,
    "yaw_offset": 0.0
  },
  "lidar_meta": {
    "fov": 6.283184,
    "horizontal_resolution": 400,
    "angle_min": -3.141592,
    "angle_increment": 0.015747328320802004
  },
  "ranges": [
    1.2846044301986694,
    1.2722978591918945,
    1.2605332136154175,
    1.1573100090026855,
    1.114295482635498,
    1.08753502368927,
    1.0168075561523438,
    0.9710442423820496,
    0.9360728859901428,
    0.9029908776283264,
    0.8883033990859985,
    0.8398851752281189,
    0.8069543838500977,
    0.7875701785087585,
    0.7625805139541626,
    0.7363694310188293,
    0.7209633588790894,
    0.713515043258667,
    0.6810692548751831,
    0.6566241383552551,
    0.6347439885139465,
    null,
    null,
    null,
    null,
    0.579387903213501,
    0.5675269365310669,
    0.5539677739143372,
    0.5445232391357422,
    0.5333505868911743,
    0.5223782062530518,
    0.510961651802063,
    null,
    0.5005316138267517,
    0.49021849036216736,
    0.48004141449928284,
    0.4700145125389099,
    0.4701305031776428,
    0.46035492420196533,
    0.4606960117816925,
    0.450811505317688,
    0.4420786499977112,
    0.4316750764846802,
    0.42217758297920227,
    0.41465309262275696,
    0.4032621681690216,
    0.3953653872013092,
    0.39645078778266907,
    0.38509586453437805,
    0.3813299238681793,
    0.36954405903816223,
    0.37094029784202576,
    0.35723915696144104,
    0.35326310992240906,
    0.3444414436817169,
    0.34610992670059204,
    0.3373391330242157,
    0.3391583263874054,
    0.330422967672348,
    0.33239006996154785,
    0.32367458939552307,
    0.31492793560028076,
    0.3170759677886963,
    0.30832138657569885,
    0.3106088936328888,
    0.3130083680152893,
    0.3042549192905426,
    0.30679601430892944,
    0.29799553751945496,
    0.28911301493644714,
    0.29181137681007385,
    0.2946339547634125,
    0.2856823801994324,
    0.28864553570747375,
    0.2795874774456024,
    0.28269124031066895,
    0.2735040485858917,
    0.2767488956451416,
    0.2801416516304016,
    0.27079445123672485,
    0.27433645725250244,
    0.2780418395996094,
    0.26849445700645447,
    null,
    null,
    null,
    null,
    null,
    null,
    null,
    null,
    0.26127296686172485,
    0.25789961218833923,
    0.2674080431461334,
    0.2641695439815521,
    0.26107215881347656,
    0.2581094801425934,
    0.2552756369113922,
    0.26459184288978577,
    0.2618756890296936,
    0.2592780888080597,
    0.25679415464401245,
    0.2544196546077728,
    0.2636116147041321,
    0.26134490966796875,
    0.2591802477836609,
    0.25711411237716675,
    0.266236275434494,
    0.26427558064460754,
    0.2624077796936035,
    0.2606301009654999,
    0.25893980264663696,
    0.26898401975631714,
    0.26805657148361206,
    0.2697288990020752,
    0.2714896500110626,
    0.27334141731262207,
    0.26427555084228516,
    0.26623624563217163,
    0.26829293370246887,
    0.2704489231109619,
    0.27270767092704773,
    0.2750729024410248,
    0.277548611164093,
    0.2801390290260315,
    0.2828487157821655,
    0.28568246960639954,
    0.276618629693985,
    0.2795875072479248,
    0.28269127011299133,
    0.28593605756759644,
    0.2893284559249878,
    0.29287540912628174,
    0.29658448696136475,
    0.30046379566192627,
    0.3045221269130707,
    0.30876871943473816,
    0.2995958924293518,
    0.304048091173172,
    0.3087119162082672,
    0.31569287180900574,
    0.3178684413433075,
    0.3268318772315979,
    0.3221935033798218,
    0.33100229501724243,
    0.33965471386909485,
    0.33526942133903503,
    0.34381017088890076,
    0.3479079306125641,
    0.3605280816555023,
    0.3687276840209961,
    0.3646793067455292,
    0.37283381819725037,
    0.38090991973876953,
    0.38891690969467163,
    0.38519108295440674,
    0.39696204662323,
    0.4126093089580536,
    0.4090614914894104,
    0.41981175541877747,
    0.4306214153766632,
    0.446304589509964,
    0.4514221251010895,
    0.4614647626876831,
    0.46262362599372864,
    0.490072101354599,
    0.5011613965034485,
    0.510441243648529,
    0.5190733075141907,
    0.5391942858695984,
    0.5426642894744873,
    0.556117594242096,
    0.5911990404129028,
    0.6304425597190857,
    0.630646288394928,
    0.6638327836990356,
    0.6824996471405029,
    0.6909729838371277,
    0.6994970440864563,
    0.7080840468406677,
    0.716745913028717,
    0.7274371385574341,
    0.744411051273346,
    0.7533502578735352,
    0.7624136209487915,
    0.7722428441047668,
    0.7909736633300781,
    0.8007630705833435,
    0.8103073239326477,
    0.8299989700317383,
    0.8399993777275085,
    0.8600740432739258,
    0.880824625492096,
    0.8911251425743103,
    0.9116480350494385,
    0.934344470500946,
    0.9561252593994141,
    0.9782784581184387,
    0.9969480633735657,
    1.0188844203948975,
    1.0573996305465698,
    1.0813642740249634,
    1.0964608192443848,
    1.1439896821975708,
    1.1805200576782227,
    1.2178480625152588,
    1.2269004583358765,
    1.3055095672607422,
    1.3681615591049194,
    1.4163013696670532,
    1.4485344886779785,
    1.5060667991638184,
    1.5609376430511475,
    1.643707036972046,
    1.6710971593856812,
    1.8613015413284302,
    1.9268981218338013,
    2.003751277923584,
    2.1180126667022705,
    2.163346529006958,
    2.158062219619751,
    2.146833896636963,
    2.139359474182129,
    2.135409116744995,
    2.124023675918579,
    2.138028860092163,
    2.1167187690734863,
    2.113565683364868,
    2.1062283515930176,
    2.1169278621673584,
    2.103853702545166,
    2.1176726818084717,
    2.101654052734375,
    2.094089984893799,
    2.1071338653564453,
    2.1046926975250244,
    1.4578992128372192,
    0.8766356110572815,
    0.7462995052337646,
    0.7577470541000366,
    0.7577477097511292,
    0.7601205706596375,
    2.115406036376953,
    2.123480796813965,
    2.1188974380493164,
    2.138549566268921,
    2.13277530670166,
    2.140446662902832,
    2.1554131507873535,
    2.1564266681671143,
    2.172604560852051,
    2.1605217456817627,
    2.182558298110962,
    2.1860508918762207,
    2.2058887481689453,
    2.2170395851135254,
    2.2279248237609863,
    2.2385947704315186,
    2.250579357147217,
    2.2707488536834717,
    2.3023791313171387,
    2.302225112915039,
    2.3125088214874268,
    2.3333709239959717,
    2.3261349201202393,
    2.3707220554351807,
    2.3959453105926514,
    2.419426679611206,
    2.443063497543335,
    2.484006881713867,
    1.8635027408599854,
    1.8704345226287842,
    1.8653136491775513,
    1.8720245361328125,
    1.8776746988296509,
    1.189744472503662,
    1.1649205684661865,
    1.1346619129180908,
    1.1224888563156128,
    1.091870903968811,
    1.0806875228881836,
    1.0604591369628906,
    1.0400853157043457,
    1.0200048685073853,
    1.0103627443313599,
    0.990472674369812,
    0.9712461829185486,
    0.9627183675765991,
    0.9430875778198242,
    0.9354445934295654,
    0.9271754622459412,
    0.9071111083030701,
    0.8987690210342407,
    0.8936525583267212,
    0.8055695295333862,
    0.7725405097007751,
    0.7643330693244934,
    0.7630507946014404,
    0.7418805956840515,
    0.7448787093162537,
    0.7319836616516113,
    0.7239527106285095,
    0.7104749083518982,
    0.7078638672828674,
    0.6997770071029663,
    0.6928223371505737,
    0.696946918964386,
    0.6859458088874817,
    0.6841538548469543,
    0.6801379919052124,
    0.6717483997344971,
    0.6655904054641724,
    0.6707322001457214,
    0.6648533344268799,
    0.6586741805076599,
    0.6532979607582092,
    0.6476131677627563,
    0.6536574959754944,
    0.6530736684799194,
    0.6427853107452393,
    0.6494524478912354,
