{
  "step": 1015,
  "timestamp": 32.480000000000004,
  "robot_pose_odom": {
    "x": -3.277636009683692,
    "y": -0.0003446994782146827,
    "yaw_fused": 0.8998388772596551,
    "yaw_imu": 0.8861896341283784
  },
  "lidar_pose_relative_to_robot": {
    "x_offset": 0.0,
    "y_offset": 0.0,
    "yaw_offset": 0.0
  },
  "lidar_meta": {
    "fov": 6.283184,
    "horizontal_resolution": 400,
    "angle_min": -3.141592,
    "angle_increment": 0.015747328320802004
  },
  "ranges": [
    0.7577477097511292,
    0.7463001608848572,
    0.7489900588989258,
    0.7004592418670654,
    0.6360068321228027,
    0.5917528867721558,
    0.5724824666976929,
    0.5342249870300293,
    0.4988614320755005,
    0.4724162817001343,
    0.4518745243549347,
    0.4343719184398651,
    0.40574580430984497,
    0.3928135335445404,
    0.37713176012039185,
    0.37351879477500916,
    0.36226800084114075,
    0.34384122490882874,
    0.32952186465263367,
    0.32679247856140137,
    0.30182960629463196,
    0.2995157837867737,
    null,
    null,
    null,
    0.274289608001709,
    0.25863850116729736,
    0.2575974762439728,
    0.24636271595954895,
    0.24549919366836548,
    0.24470189213752747,
    0.23188836872577667,
    null,
    null,
    0.2219756543636322,
    0.2215355932712555,
    0.21109935641288757,
    0.21078616380691528,
    0.2105257362127304,
    0.2000809758901596,
    null,
    null,
    null,
    null,
    null,
    null,
    null,
    null,
    null,
    null,
    null,
    null,
    null,
    null,
    null,
    null,
    null,
    null,
    null,
    null,
    null,
    null,
    null,
    null,
    null,
    null,
    null,
    null,
    null,
    null,
    null,
    null,
    null,
    null,
    null,
    null,
    null,
    null,
    null,
    null,
    null,
    null,
    null,
    null,
    null,
    null,
    null,
    null,
    null,
    null,
    null,
    null,
    null,
    null,
    null,
    null,
    null,
    null,
    null,
    null,
    null,
    null,
    null,
    null,
    null,
    null,
    null,
    null,
    null,
    null,
    null,
    null,
    null,
    null,
    null,
    null,
    null,
    null,
    null,
    null,
    null,
    null,
    null,
    null,
    null,
    null,
    null,
    null,
    null,
    null,
    null,
    null,
    null,
    null,
    null,
    null,
    null,
    null,
    null,
    null,
    null,
    null,
    null,
    null,
    null,
    null,
    null,
    null,
    null,
    null,
    null,
    null,
    null,
    0.2552660405635834,
    0.2641693949699402,
    0.2735040783882141,
    0.2855803966522217,
    0.2917434573173523,
    0.2975042164325714,
    0.30948930978775024,
    0.3230840861797333,
    0.3264654874801636,
    0.3391394317150116,
    0.3513859212398529,
    0.3632405996322632,
    0.36899757385253906,
    0.3970848023891449,
    0.4130251407623291,
    0.42939913272857666,
    0.435094952583313,
    0.4647795557975769,
    0.49796995520591736,
    0.5309604406356812,
    0.557802140712738,
    0.5821398496627808,
    0.6157292127609253,
    0.6498706936836243,
    0.728542685508728,
    0.7350923418998718,
    0.9389029145240784,
    1.02605402469635,
    1.1361274719238281,
    1.2907379865646362,
    1.4822558164596558,
    1.7474371194839478,
    2.0627410411834717,
    2.170462131500244,
    2.197634220123291,
    2.2138476371765137,
    2.2304697036743164,
    2.24924898147583,
    2.275052785873413,
    2.29390811920166,
    2.3214986324310303,
    2.3408145904541016,
    2.3700199127197266,
    2.3900203704833984,
    2.420424699783325,
    2.4523274898529053,
    2.484417200088501,
    2.517228841781616,
    2.5508031845092773,
    2.5851821899414062,
    2.6204094886779785,
    2.6507046222686768,
    1.706526517868042,
    1.6960668563842773,
    1.7179534435272217,
    1.7231088876724243,
    1.6697062253952026,
    1.546535611152649,
    1.4756875038146973,
    1.4089016914367676,
    1.3439635038375854,
    1.2934314012527466,
    0.8837283849716187,
    0.8749733567237854,
    0.8796918988227844,
    0.8752033710479736,
    0.9189131855964661,
    1.0819271802902222,
    1.650656819343567,
    1.6619154214859009,
    1.673744559288025,
    1.6946783065795898,
    2.560431718826294,
    2.552466869354248,
    2.546009063720703,
    4.7603840827941895,
    3.950780153274536,
    3.9120874404907227,
    3.8529880046844482,
    3.786733627319336,
    2.9548025131225586,
    2.8971877098083496,
    2.839937686920166,
    2.7961502075195312,
    2.784759759902954,
    2.701914072036743,
    2.628157138824463,
    2.6321663856506348,
    2.038011074066162,
    2.0050323009490967,
    1.9702248573303223,
    1.947208285331726,
    1.8944369554519653,
    1.8943694829940796,
    1.8795708417892456,
    1.8520481586456299,
    1.8257637023925781,
    1.81389319896698,
    1.7897199392318726,
    1.7666125297546387,
    1.7572529315948486,
    1.735971212387085,
    1.715617060661316,
    1.7084389925003052,
    1.6896816492080688,
    1.1305288076400757,
    1.1189234256744385,
    1.1696064472198486,
    1.1800107955932617,
    1.2255783081054688,
    1.268005132675171,
    1.3166067600250244,
    1.3407669067382812,
    1.4153001308441162,
    1.499375581741333,
    1.5415098667144775,
    1.552579402923584,
    1.5420613288879395,
    1.5996880531311035,
    1.628469467163086,
    1.6186434030532837,
    1.683552861213684,
    1.8613836765289307,
    2.0320518016815186,
    2.1467037200927734,
    2.2653539180755615,
    2.3897414207458496,
    3.104633092880249,
    3.1027894020080566,
    3.0520637035369873,
    2.9909236431121826,
    2.9396424293518066,
    2.93538236618042,
    2.8315725326538086,
    2.777566909790039,
    2.7359156608581543,
    2.7155606746673584,
    2.646965503692627,
    2.603581428527832,
    2.561251163482666,
    2.529832124710083,
    2.4965555667877197,
    2.4641025066375732,
    1.2003660202026367,
    0.9800322651863098,
    0.8953959941864014,
    0.7648690342903137,
    0.7297531366348267,
    0.6648417711257935,
    0.6081932187080383,
    0.5614650845527649,
    0.516845166683197,
    0.47946688532829285,
    0.45911532640457153,
    0.4335380494594574,
    0.406861811876297,
    0.38539209961891174,
    0.3716168701648712,
    0.3525233268737793,
    0.33358490467071533,
    0.3213927149772644,
    0.30641940236091614,
    0.30348387360572815,
    0.2891131043434143,
    0.2750728726387024,
    0.27270767092704773,
    0.2591802179813385,
    0.24593517184257507,
    0.24404986202716827,
    0.24225255846977234,
    0.24054041504859924,
    0.23891086876392365,
    0.2481505423784256,
    0.24661198258399963,
    0.2451525181531906,
    0.25436875224113464,
    0.25300437211990356,
    0.25171637535095215,
    0.2609404921531677,
    0.2597523331642151,
    1.1891018152236938,
    1.1581344604492188,
    1.1359949111938477,
    1.1178278923034668,
    1.0988093614578247,
    1.079448938369751,
    1.0659914016723633,
    1.0504544973373413,
    1.030131220817566,
    1.0178037881851196,
    1.0046590566635132,
    0.9932746291160583,
    0.9727435111999512,
    0.9616742134094238,
    0.9508788585662842,
    0.94034343957901,
    0.9300020933151245,
    0.9200018644332886,
    0.9101702570915222,
    0.9005488753318787,
    0.8911251425743103,
    0.8818880915641785,
    0.8736884593963623,
    0.863926112651825,
    0.855178952217102,
    0.8465722799301147,
    0.8380947113037109,
    0.8297351598739624,
    0.8233978152275085,
    0.8258687853813171,
    0.8154786825180054,
    0.8075115084648132,
    0.807801365852356,
    null,
    0.7896469235420227,
    0.7932590842247009,
    0.7893348336219788,
    0.7785366177558899,
    0.7737048864364624,
    0.7780927419662476,
    0.7720026969909668,
    0.7768190503120422,
    0.7601709365844727,
    0.7653557658195496,
    0.7597436904907227,
    0.754335880279541,
    0.7601631879806519,
    0.7550029754638672,
    0.7499458193778992,
    0.7564502358436584,
