{
  "step": 675,
  "timestamp": 21.6,
  "robot_pose_odom": {
    "x": -2.505068647756462,
    "y": -0.9866132985034369,
    "yaw_fused": 2.8772424525194387,
    "yaw_imu": 2.881353482762434
  },
  "lidar_pose_relative_to_robot": {
    "x_offset": 0.0,
    "y_offset": 0.0,
    "yaw_offset": 0.0
  },
  "lidar_meta": {
    "fov": 6.283184,
    "horizontal_resolution": 400,
    "angle_min": -3.141592,
    "angle_increment": 0.015747328320802004
  },
  "ranges": [
    1.2331360578536987,
    1.1523643732070923,
    1.1045445203781128,
    1.0556344985961914,
    1.043271780014038,
    0.9485491514205933,
    0.9330703616142273,
    0.9290158748626709,
    0.873134970664978,
    0.8475732207298279,
    0.8209388852119446,
    0.7931317090988159,
    0.7679386734962463,
    0.750451922416687,
    0.726413369178772,
    0.7014328241348267,
    0.6884852647781372,
    0.6747632622718811,
    0.6601856350898743,
    0.6354283690452576,
    0.6219162940979004,
    null,
    null,
    null,
    null,
    0.5662118792533875,
    0.5560840368270874,
    0.5486732125282288,
    0.5415892601013184,
    0.5348160862922668,
    0.5283390879631042,
    0.5125569701194763,
    null,
    null,
    0.4931029975414276,
    0.48804107308387756,
    0.4832000732421875,
    0.47857093811035156,
    0.46258118748664856,
    0.458454966545105,
    0.45451289415359497,
    0.4507482349872589,
    0.4471549689769745,
    0.4437270760536194,
    0.440459281206131,
    0.43734627962112427,
    0.423523873090744,
    0.4145486652851105,
    0.4034760594367981,
    0.39950886368751526,
    0.38384920358657837,
    0.36488771438598633,
    0.36306166648864746,
    0.3523674011230469,
    0.3549816310405731,
    0.3518996834754944,
    0.33806112408638,
    0.3295217752456665,
    0.3323797583580017,
    0.31224215030670166,
    0.31515640020370483,
    0.3064194321632385,
    0.2975859045982361,
    0.3006724417209625,
    0.2917434871196747,
    0.28269127011299133,
    0.2735040783882141,
    0.2767489552497864,
    0.26740798354148865,
    0.270794540643692,
    0.2743365168571472,
    null,
    null,
    null,
    null,
    null,
    null,
    null,
    null,
    null,
    null,
    null,
    null,
    null,
    null,
    null,
    null,
    null,
    null,
    null,
    null,
    null,
    null,
    null,
    null,
    null,
    null,
    null,
    null,
    null,
    null,
    null,
    null,
    null,
    null,
    null,
    null,
    null,
    null,
    null,
    null,
    0.20530225336551666,
    0.20458266139030457,
    0.2039182335138321,
    0.2033080905675888,
    0.20275148749351501,
    0.20224767923355103,
    0.2017960399389267,
    0.20139597356319427,
    0.20104700326919556,
    0.20074871182441711,
    0.2005006968975067,
    0.21031774580478668,
    0.21016204357147217,
    0.2100583016872406,
    0.2100064754486084,
    0.2100064754486084,
    0.2100583016872406,
    0.21016204357147217,
    0.21031774580478668,
    0.2105257362127304,
    0.21078616380691528,
    0.21109935641288757,
    0.2114657759666443,
    0.21188585460186005,
    0.21236006915569305,
    0.21288906037807465,
    0.21347349882125854,
    0.22196128964424133,
    0.21766376495361328,
    0.2258324921131134,
    0.22668574750423431,
    0.2276018261909485,
    0.2285819947719574,
    0.22962763905525208,
    0.23073995113372803,
    0.23192065954208374,
    0.23317134380340576,
    0.23449371755123138,
    0.235889732837677,
    0.2481505274772644,
    0.24977043271064758,
    0.2514740228652954,
    0.2532639801502228,
    0.2551429867744446,
    0.2571139931678772,
    0.25918012857437134,
    0.2613447606563568,
    0.26361143589019775,
    0.2659839689731598,
    0.26846644282341003,
    0.282848596572876,
    0.27168670296669006,
    0.28864553570747375,
    0.2917434573173523,
    0.2949821650981903,
    0.29836803674697876,
    0.30190786719322205,
    0.3056090474128723,
    0.30947938561439514,
    0.32659101486206055,
    0.33100220561027527,
    0.33561810851097107,
    0.3404497504234314,
    0.34550905227661133,
    0.35080885887145996,
    0.3648415207862854,
    0.3731500804424286,
    0.3813040256500244,
    0.39169037342071533,
    0.39720287919044495,
    0.4180367588996887,
    0.41263940930366516,
    0.43353748321533203,
    0.45718061923980713,
    0.46282893419265747,
    0.48223602771759033,
    0.5016387701034546,
    0.5203256607055664,
    0.5377458930015564,
    0.5608174800872803,
    0.5723146796226501,
    0.5973261594772339,
    0.6340025663375854,
    0.6597840785980225,
    0.6959994435310364,
    0.765049397945404,
    0.7842563390731812,
    0.8256657719612122,
    0.8547552227973938,
    0.9338959455490112,
    1.00383460521698,
    1.1665048599243164,
    1.2671414613723755,
    1.3241995573043823,
    1.3195581436157227,
    1.3254685401916504,
    1.321502685546875,
    1.3178846836090088,
    1.3146098852157593,
    1.3116743564605713,
    1.3090739250183105,
    1.3068054914474487,
    1.3048666715621948,
    1.3132795095443726,
    1.3119821548461914,
    1.3110108375549316,
    1.3103636503219604,
    1.3100403547286987,
    1.3100403547286987,
    1.3103636503219604,
    1.3210184574127197,
    1.3219972848892212,
    1.323304533958435,
    1.3249415159225464,
    1.3269102573394775,
    1.3292135000228882,
    1.3419437408447266,
    1.344947099685669,
    1.348297357559204,
    1.3519988059997559,
    1.3560560941696167,
    1.360474705696106,
    1.3652600049972534,
    1.380722165107727,
    1.3863019943237305,
    1.3922721147537231,
    1.3986409902572632,
    1.01775062084198,
    0.9745303392410278,
    0.9424951672554016,
    0.9131131768226624,
    0.8983016610145569,
    0.8494523167610168,
    0.8057916164398193,
    0.7917259335517883,
    0.7707070112228394,
    0.7517584562301636,
    0.7543385028839111,
    0.7156684398651123,
    0.6927626729011536,
    0.6915982365608215,
    0.662946343421936,
    0.6540204286575317,
    0.6315303444862366,
    0.6210707426071167,
    0.6102035641670227,
    0.5988870859146118,
    0.5870751738548279,
    0.5747175216674805,
    0.5617595911026001,
    0.5475495457649231,
    0.5466931462287903,
    0.539496898651123,
    0.5296034812927246,
    0.5235642194747925,
    0.503865659236908,
    0.49753302335739136,
    0.48415079712867737,
    0.49113282561302185,
    0.4837130904197693,
    0.4766300320625305,
    0.4698656499385834,
    0.4634033739566803,
    0.4572277069091797,
    0.45132437348365784,
    0.44568008184432983,
    0.44028255343437195,
    0.43512025475502014,
    0.44536325335502625,
    0.42870286107063293,
    0.41777271032333374,
    0.42852386832237244,
    0.42427322268486023,
    0.4202086329460144,
    0.41632306575775146,
    0.4126094877719879,
    0.40906161069869995,
    0.40567341446876526,
    0.4024394750595093,
    0.39935439825057983,
    0.3964133560657501,
    0.3936116695404053,
    0.3909451365470886,
    0.38840967416763306,
    0.38600143790245056,
    0.3884095847606659,
    0.3800854980945587,
    0.38267797231674194,
    0.3854018449783325,
    0.3771679997444153,
    0.3800816833972931,
    0.37186723947525024,
    0.37497302889823914,
    0.3782252371311188,
    0.3816293179988861,
    0.373518705368042,
    0.3771316111087799,
    0.36900651454925537,
    0.37283381819725037,
    0.37683534622192383,
    0.3687277138233185,
    0.37296006083488464,
    0.3773849308490753,
    0.3692777156829834,
    0.3739543557167053,
    0.3657820522785187,
    0.37072259187698364,
    0.37589237093925476,
    0.36768582463264465,
    0.37314990162849426,
    0.37887370586395264,
    1.0594079494476318,
    1.050347924232483,
    1.0622035264968872,
    1.0629271268844604,
    1.0719659328460693,
    1.071218729019165,
    1.0753871202468872,
    1.0829572677612305,
    1.0818365812301636,
    1.0844295024871826,
    1.0967813730239868,
    1.0454139709472656,
    1.0431718826293945,
    1.0495940446853638,
    1.0322325229644775,
    1.0384854078292847,
