{
  "step": 1020,
  "timestamp": 32.64,
  "robot_pose_odom": {
    "x": -3.261447649577067,
    "y": 0.01828645659071352,
    "yaw_fused": 0.8547757533295653,
    "yaw_imu": 0.8423712115330876
  },
  "lidar_pose_relative_to_robot": {
    "x_offset": 0.0,
    "y_offset": 0.0,
    "yaw_offset": 0.0
  },
  "lidar_meta": {
    "fov": 6.283184,
    "horizontal_resolution": 400,
    "angle_min": -3.141592,
    "angle_increment": 0.015747328320802004
  },
  "ranges": [
    0.5926178097724915,
    0.552480936050415,
    0.5275838971138,
    0.49492841958999634,
    0.4713084101676941,
    0.45254775881767273,
    0.43170681595802307,
    0.4101771116256714,
    0.3904466927051544,
    0.3801879584789276,
    0.36998480558395386,
    0.3499842584133148,
    0.3401767313480377,
    0.33010903000831604,
    0.32026270031929016,
    0.3110911548137665,
    0.3006916344165802,
    0.2909421920776367,
    0.2819543778896332,
    0.2825144827365875,
    0.2718011736869812,
    0.2651228606700897,
    null,
    null,
    null,
    null,
    0.23289228975772858,
    0.2276018261909485,
    0.2285819947719574,
    0.21919000148773193,
    0.22025176882743835,
    0.20927679538726807,
    null,
    null,
    null,
    null,
    null,
    null,
    null,
    null,
    null,
    null,
    null,
    null,
    null,
    null,
    null,
    null,
    null,
    null,
    null,
    null,
    null,
    null,
    null,
    null,
    null,
    null,
    null,
    null,
    null,
    null,
    null,
    null,
    null,
    null,
    null,
    null,
    null,
    null,
    null,
    null,
    null,
    null,
    null,
    null,
    null,
    null,
    null,
    null,
    null,
    null,
    null,
    null,
    null,
    null,
    null,
    null,
    null,
    null,
    null,
    null,
    null,
    null,
    null,
    null,
    null,
    null,
    null,
    null,
    null,
    null,
    null,
    null,
    null,
    null,
    null,
    null,
    null,
    null,
    null,
    null,
    null,
    null,
    null,
    null,
    null,
    null,
    null,
    null,
    null,
    null,
    null,
    null,
    null,
    null,
    null,
    null,
    null,
    null,
    null,
    null,
    null,
    null,
    null,
    null,
    null,
    null,
    0.22153018414974213,
    0.22657224535942078,
    0.22516746819019318,
    0.23449371755123138,
    0.23317134380340576,
    0.24246251583099365,
    0.24122817814350128,
    0.2505028545856476,
    0.24936223030090332,
    0.2641289234161377,
    0.2782052457332611,
    0.2771580219268799,
    0.283563494682312,
    0.29333236813545227,
    0.30687806010246277,
    0.31271862983703613,
    0.32236286997795105,
    0.33393487334251404,
    0.3416190445423126,
    0.35125622153282166,
    0.36177927255630493,
    0.38032102584838867,
    0.4003836214542389,
    0.4104621112346649,
    0.4302842617034912,
    0.4499606192111969,
    0.4700676202774048,
    0.4899713397026062,
    0.5199643969535828,
    0.5514967441558838,
    0.5805069208145142,
    0.6240468621253967,
    0.6611512899398804,
    0.7111858129501343,
    0.7827417850494385,
    0.8319287896156311,
    0.9101517200469971,
    0.9992991089820862,
    1.1137570142745972,
    1.2489432096481323,
    1.4232261180877686,
    1.6554350852966309,
    2.156090259552002,
    2.1819190979003906,
    2.198580741882324,
    2.223494052886963,
    2.2348716259002686,
    2.2572593688964844,
    2.28216552734375,
    2.305285930633545,
    2.3196678161621094,
    2.360868215560913,
    2.3835368156433105,
    2.4005022048950195,
    2.4319825172424316,
    2.4647057056427,
    2.498781681060791,
    2.5339081287384033,
    2.555885076522827,
    2.5982484817504883,
    2.637974739074707,
    2.6634910106658936,
    1.6902873516082764,
    1.7078194618225098,
    1.710748553276062,
    1.6766093969345093,
    1.5426183938980103,
    1.4922685623168945,
    1.423808217048645,
    1.3386597633361816,
    1.311652421951294,
    1.310768723487854,
    0.8726070523262024,
    0.8579333424568176,
    0.8706827759742737,
    0.9750756621360779,
    1.1712355613708496,
    1.6508017778396606,
    1.6431620121002197,
    1.6488690376281738,
    1.682456612586975,
    2.556586265563965,
    2.545414447784424,
    2.5473344326019287,
    4.729140281677246,
    4.7568230628967285,
    3.9208059310913086,
    3.865602493286133,
    3.824554681777954,
    2.9716782569885254,
    2.904080629348755,
    2.859389305114746,
    2.806413173675537,
    2.7546470165252686,
    2.7153444290161133,
    2.667814016342163,
    2.073446750640869,
    2.043722629547119,
    2.0151500701904297,
    1.9876747131347656,
    1.9612470865249634,
    1.9250308275222778,
    1.9084343910217285,
    1.889485239982605,
    1.8909943103790283,
    1.8330868482589722,
    1.8104848861694336,
    1.7947741746902466,
    1.7911570072174072,
    1.7881500720977783,
    1.7411198616027832,
    1.7264090776443481,
    1.7113723754882812,
    1.695956826210022,
    1.6815612316131592,
    1.12651526927948,
    1.1168313026428223,
    1.1096428632736206,
    1.151573896408081,
    1.1770395040512085,
    1.2336134910583496,
    1.274847388267517,
    1.3231230974197388,
    1.3875538110733032,
    1.4200490713119507,
    1.497093915939331,
    1.5438436269760132,
    1.5342167615890503,
    1.5678797960281372,
    1.5506110191345215,
    1.6276129484176636,
    1.7307957410812378,
    1.797112226486206,
    1.9568203687667847,
    2.161987781524658,
    2.416461706161499,
    2.4403789043426514,
    3.0936999320983887,
    3.0819766521453857,
    3.0362539291381836,
    2.9650015830993652,
    2.9141900539398193,
    2.865569829940796,
    2.8232059478759766,
    2.7626538276672363,
    2.720045566558838,
    2.679201364517212,
    2.628570318222046,
    2.591092348098755,
    2.555126428604126,
    2.5206005573272705,
    2.4874489307403564,
    2.455608606338501,
    2.429522752761841,
    1.114251971244812,
    0.9813666939735413,
    0.8852123022079468,
    0.8064989447593689,
    0.7302587628364563,
    0.67898029088974,
    0.6316155791282654,
    0.6166526675224304,
    0.5470343232154846,
    0.4972212016582489,
    0.4821748435497284,
    0.4550977647304535,
    0.43700045347213745,
    0.4133342504501343,
    0.3983667194843292,
    0.38368165493011475,
    0.36527925729751587,
    0.35411450266838074,
    0.3416190445423126,
    0.33230358362197876,
    0.32162952423095703,
    0.3104609549045563,
    0.30067554116249084,
    0.29036951065063477,
    0.27999529242515564,
    0.2700083255767822,
    0.2700083255767822,
    0.25998982787132263,
    0.25019291043281555,
    0.250378280878067,
    0.2406008392572403,
    0.2408984750509262,
    0.25130876898765564,
    0.25174498558044434,
    0.25224506855010986,
    0.2528096139431,
    0.2635769248008728,
    0.26430052518844604,
    0.26509368419647217,
    0.26595744490623474,
    1.1222976446151733,
    1.104626178741455,
    1.086917519569397,
    1.0691438913345337,
    1.036247968673706,
    1.0305628776550293,
    1.0209990739822388,
    1.0074021816253662,
    0.9900875687599182,
    0.9892326593399048,
    0.9664638042449951,
    0.9599820375442505,
    0.9489765167236328,
    0.9359273314476013,
    0.9292492270469666,
    0.9332004189491272,
    0.9043661952018738,
    0.8972933292388916,
    0.8900704383850098,
    0.8826722502708435,
    0.8750711679458618,
    0.8769954442977905,
    0.8591393828392029,
    0.8507415056228638,
    0.8387624621391296,
    0.8480737209320068,
    0.8357895016670227,
    0.8259289264678955,
    0.8276911973953247,
    0.8174875974655151,
    0.8099457025527954,
    0.8081266283988953,
    0.8054834008216858,
    0.8034613728523254,
    0.793939471244812,
    0.7858118414878845,
    0.785812497138977,
    0.7877613306045532,
    0.7762260437011719,
    0.7786344885826111,
    0.7811656594276428,
    0.7707552313804626,
    0.7736988663673401,
    0.776756763458252,
    0.7673496603965759,
    0.7707844972610474,
