{
  "step": 865,
  "timestamp": 27.68,
  "robot_pose_odom": {
    "x": -3.4298583404154237,
    "y": -0.4891158989654736,
    "yaw_fused": 2.352806312174311,
    "yaw_imu": 2.3540348715315584
  },
  "lidar_pose_relative_to_robot": {
    "x_offset": 0.0,
    "y_offset": 0.0,
    "yaw_offset": 0.0
  },
  "lidar_meta": {
    "fov": 6.283184,
    "horizontal_resolution": 400,
    "angle_min": -3.141592,
    "angle_increment": 0.015747328320802004
  },
  "ranges": [
    0.7368522882461548,
    0.700762152671814,
    0.6688620448112488,
    0.6354283690452576,
    0.6019170880317688,
    0.5823772549629211,
    0.5683467388153076,
    0.5528149008750916,
    0.5311020016670227,
    0.5101398229598999,
    0.5031236410140991,
    0.48335501551628113,
    0.47711434960365295,
    0.4584137797355652,
    0.44028255343437195,
    0.43512025475502014,
    0.41789156198501587,
    0.4133034348487854,
    0.39688774943351746,
    0.3928135335445404,
    0.37225160002708435,
    null,
    null,
    null,
    null,
    0.3493298888206482,
    0.34654513001441956,
    0.33279532194137573,
    0.33034446835517883,
    0.3280097246170044,
    0.32578760385513306,
    null,
    null,
    null,
    0.3083251118659973,
    0.3040684163570404,
    0.29520872235298157,
    0.2973099648952484,
    0.2884225845336914,
    0.2906506657600403,
    0.2817176282405853,
    0.2840704917907715,
    0.2750729024410248,
    0.277548611164093,
    0.2684665620326996,
    0.27106332778930664,
    0.26187559962272644,
    0.2645917534828186,
    0.25527554750442505,
    0.2581094205379486,
    0.2610720694065094,
    0.25158995389938354,
    null,
    null,
    null,
    null,
    null,
    null,
    null,
    null,
    null,
    null,
    null,
    null,
    null,
    null,
    null,
    null,
    null,
    null,
    null,
    null,
    null,
    null,
    null,
    null,
    null,
    null,
    0.22725637257099152,
    0.22537408769130707,
    0.22357740998268127,
    0.2329566776752472,
    0.23124107718467712,
    0.2296067625284195,
    0.22805127501487732,
    0.22657224535942078,
    0.22516746819019318,
    0.23449371755123138,
    0.23317134380340576,
    0.23192067444324493,
    0.2307400107383728,
    0.22962763905525208,
    0.22858205437660217,
    0.23794740438461304,
    0.23698966205120087,
    0.23609758913516998,
    0.23527005314826965,
    0.23450596630573273,
    0.23380431532859802,
    0.24330179393291473,
    0.24269722402095795,
    0.2421552538871765,
    0.24167518317699432,
    0.24125641584396362,
    0.2408984750509262,
    0.250625878572464,
    0.250378280878067,
    0.25019291043281555,
    0.25006940960884094,
    0.2500077188014984,
    0.2500077188014984,
    0.26007217168807983,
    0.2602006196975708,
    0.2603934109210968,
    0.2606509029865265,
    0.26097333431243896,
    0.2714134454727173,
    0.271884560585022,
    0.2724246680736542,
    0.27303436398506165,
    0.28385210037231445,
    0.2846313416957855,
    0.28548550605773926,
    0.2864157259464264,
    0.28742316365242004,
    0.29881301522254944,
    0.30002057552337646,
    0.311702698469162,
    0.3131285607814789,
    0.314645379781723,
    0.3162554204463959,
    0.3179609179496765,
    0.3197641372680664,
    0.3109455406665802,
    0.31288543343544006,
    0.304068386554718,
    0.2952086329460144,
    0.29730987548828125,
    0.2995156943798065,
    0.2906506061553955,
    0.28171753883361816,
    0.2840704023838043,
    0.2865341901779175,
    0.27754849195480347,
    0.26846644282341003,
    0.2710632383823395,
    0.2737789452075958,
    0.2645917534828186,
    0.26743149757385254,
    0.2581093907356262,
    0.261072039604187,
    0.2515898644924164,
    0.25467419624328613,
    null,
    null,
    null,
    null,
    null,
    null,
    null,
    null,
    null,
    null,
    null,
    null,
    null,
    null,
    null,
    null,
    null,
    null,
    null,
    null,
    null,
    null,
    null,
    null,
    0.2292274832725525,
    0.22725644707679749,
    0.22537411749362946,
    0.23475636541843414,
    0.23295672237873077,
    0.2312411218881607,
    0.22960680723190308,
    0.2280513197183609,
    0.22657231986522675,
    0.2482929527759552,
    0.24729357659816742,
    0.24636271595954895,
    0.24549919366836548,
    0.24470189213752747,
    0.2541351318359375,
    0.25343936681747437,
    0.2528096139431,
    0.25224506855010986,
    0.25174498558044434,
    0.25130876898765564,
    0.2509359121322632,
    0.250625878572464,
    0.2603934109210968,
    0.2602006196975708,
    0.26007217168807983,
    0.2600080072879791,
    0.2600080072879791,
    0.26007217168807983,
    0.27020832896232605,
    0.2704085111618042,
    0.270675927400589,
    0.27101075649261475,
    0.2714134454727173,
    0.271884560585022,
    0.2724246680736542,
    0.28314676880836487,
    0.28385210037231445,
    0.2846313416957855,
    0.28548550605773926,
    0.2864157259464264,
    0.28742316365242004,
    0.29881301522254944,
    0.30002057552337646,
    0.3013126254081726,
    0.30269095301628113,
    0.314645379781723,
    0.3162554204463959,
    0.3179609179496765,
    0.3197641372680664,
    0.32166779041290283,
    0.33446377515792847,
    0.3366471230983734,
    0.3389432728290558,
    0.3413558006286621,
    0.35498157143592834,
    0.35772383213043213,
    0.36059844493865967,
    0.3636101186275482,
    0.3782251179218292,
    0.38162916898727417,
    0.3851909935474396,
    0.3889167904853821,
    0.40471670031547546,
    0.4089145362377167,
    0.42545920610427856,
    0.4301823079586029,
    0.44755205512046814,
    0.4528617858886719,
    0.45841357111930847,
    0.47711408138275146,
    0.48335471749305725,
    0.5031233429908752,
    0.5235642194747925,
    0.5311015844345093,
    0.5528144240379333,
    0.5612941384315491,
    0.5823072791099548,
    0.5880986452102661,
    0.6310439109802246,
    0.6420140266418457,
    0.6757270693778992,
    0.7093256711959839,
    0.7323254942893982,
    0.762840747833252,
    0.8306233286857605,
    0.8539104461669922,
    0.9008592367172241,
    0.9262803792953491,
    1.0349620580673218,
    1.051041841506958,
    1.2029374837875366,
    1.2394652366638184,
    1.3484970331192017,
    1.5520738363265991,
    1.628955602645874,
    1.7206153869628906,
    2.2534427642822266,
    2.4716684818267822,
    2.697666883468628,
    2.7183001041412354,
    2.7344324588775635,
    2.759131669998169,
    2.787788152694702,
    2.805180549621582,
    2.8452115058898926,
    2.8646178245544434,
    2.896019458770752,
    2.9175052642822266,
    2.9565770626068115,
    2.9862067699432373,
    3.022509813308716,
    3.04872465133667,
    2.208564281463623,
    2.1831133365631104,
    2.2156481742858887,
    1.347179889678955,
    1.3438441753387451,
    1.3493136167526245,
    1.409833312034607,
    1.5003761053085327,
    1.5425854921340942,
    0.3941535949707031,
    0.37905818223953247,
    0.3657820522785187,
    0.37072259187698364,
    0.37589237093925476,
    0.3813038468360901,
    0.37314990162849426,
    0.37887370586395264,
    0.37887370586395264,
    0.38697031140327454,
    0.3813038468360901,
    0.389317125082016,
    0.397202730178833,
    0.40497294068336487,
    0.39974433183670044,
    0.4074787497520447,
    0.4151233434677124,
    0.4102560877799988,
    0.41789141297340393,
    0.42545920610427856,
    0.43296828866004944,
    0.42852362990379333,
    0.4360584020614624,
    0.4435533881187439,
    0.4394519031047821,
    0.45845475792884827,
    0.45451274514198303,
    0.4648865759372711,
    0.48069143295288086,
    0.4770065248012543,
    0.48445653915405273,
    0.49426573514938354,
    0.49954086542129517,
    0.5025301575660706,
    0.5118836164474487,
    0.5234628915786743,
    0.5301977396011353,
    0.5391942858695984,
    0.5426642894744873,
    0.5673883557319641,
    0.5761319994926453,
    0.5945509076118469,
    0.6038323044776917,
    0.6193395256996155,
    0.631354033946991,
