{
  "step": 245,
  "timestamp": 7.84,
  "robot_pose_odom": {
    "x": -0.14748203510099883,
    "y": -0.2569760562827404,
    "yaw_fused": -2.0930601105196835,
    "yaw_imu": -2.093745403513323
  },
  "lidar_pose_relative_to_robot": {
    "x_offset": 0.0,
    "y_offset": 0.0,
    "yaw_offset": 0.0
  },
  "lidar_meta": {
    "fov": 6.283184,
    "horizontal_resolution": 400,
    "angle_min": -3.141592,
    "angle_increment": 0.015747328320802004
  },
  "ranges": [
    null,
    null,
    null,
    2.3976447582244873,
    2.045879364013672,
    1.7944823503494263,
    1.7168645858764648,
    1.7269009351730347,
    1.0793455839157104,
    0.9863469004631042,
    0.908787727355957,
    0.847718358039856,
    0.7951813340187073,
    0.7396246790885925,
    0.6966742873191833,
    0.6551427841186523,
    0.6134666204452515,
    0.596476674079895,
    0.5651306509971619,
    0.5366003513336182,
    0.521490752696991,
    0.4849053621292114,
    null,
    null,
    null,
    0.42677441239356995,
    0.41461101174354553,
    0.3859250545501709,
    0.3929060995578766,
    0.37314990162849426,
    0.36768582463264465,
    0.34904295206069946,
    0.3442423641681671,
    0.33965471386909485,
    0.33526942133903503,
    0.31834277510643005,
    0.31448739767074585,
    0.31080007553100586,
    0.2949821650981903,
    0.2917434573173523,
    0.28864553570747375,
    0.28568243980407715,
    0.27106329798698425,
    0.2684665024280548,
    0.26598405838012695,
    0.26361149549484253,
    0.261344850063324,
    0.2591802179813385,
    0.24593517184257507,
    0.24404986202716827,
    0.24225255846977234,
    0.24054041504859924,
    0.23891086876392365,
    0.22201208770275116,
    0.238674595952034,
    0.22383490204811096,
    0.22257263958454132,
    0.22137881815433502,
    0.22025182843208313,
    0.21919000148773193,
    0.2181919515132904,
    0.2172563374042511,
    0.21638187766075134,
    0.20530225336551666,
    0.20458266139030457,
    0.2039182335138321,
    0.2033080905675888,
    null,
    null,
    null,
    null,
    null,
    null,
    null,
    null,
    null,
    null,
    null,
    null,
    null,
    null,
    null,
    null,
    null,
    null,
    null,
    null,
    null,
    null,
    null,
    null,
    null,
    null,
    null,
    null,
    null,
    null,
    null,
    null,
    null,
    null,
    null,
    null,
    null,
    null,
    null,
    null,
    null,
    null,
    null,
    null,
    null,
    null,
    null,
    null,
    null,
    null,
    null,
    null,
    null,
    null,
    null,
    null,
    null,
    null,
    null,
    null,
    null,
    null,
    null,
    null,
    null,
    null,
    null,
    null,
    null,
    null,
    null,
    null,
    null,
    null,
    null,
    0.2357073426246643,
    0.23344923555850983,
    0.24285513162612915,
    0.2521502375602722,
    0.2499821037054062,
    0.24791154265403748,
    0.25711411237716675,
    0.266236275434494,
    0.26427558064460754,
    0.2624077796936035,
    0.2758277952671051,
    0.280518114566803,
    0.28967511653900146,
    0.28850916028022766,
    0.29425549507141113,
    0.3097262382507324,
    0.3160732686519623,
    0.31512755155563354,
    0.32285621762275696,
    0.334942102432251,
    0.34208187460899353,
    0.35168883204460144,
    0.36188462376594543,
    0.3613477051258087,
    0.38063618540763855,
    0.3903684914112091,
    0.40045440196990967,
    0.4101962745189667,
    0.4299866259098053,
    0.43998703360557556,
    0.45996302366256714,
    0.4806616008281708,
    0.5011995434761047,
    0.5219318866729736,
    0.5411586165428162,
    0.5617796778678894,
    0.5918561816215515,
    0.6284812688827515,
    0.6536054015159607,
    0.6847172379493713,
    0.7242463231086731,
    0.7968288660049438,
    0.8444929122924805,
    0.8622694611549377,
    0.8655273914337158,
    0.8793706893920898,
    0.893547773361206,
    0.8976352214813232,
    0.9097503423690796,
    0.927682638168335,
    0.932685375213623,
    0.9486336708068848,
    0.9542811512947083,
    0.9755837917327881,
    0.9882221817970276,
    1.0081475973129272,
    1.0240674018859863,
    1.0316652059555054,
    1.0561679601669312,
    1.0705265998840332,
    1.0911993980407715,
    1.1156688928604126,
    1.1333229541778564,
    1.155210018157959,
    1.1834148168563843,
    1.2022466659545898,
    1.2299118041992188,
    1.2642216682434082,
    1.2782560586929321,
    1.3177921772003174,
    1.3503234386444092,
    1.3873826265335083,
    1.4262380599975586,
    1.4670153856277466,
    1.5098512172698975,
    1.5572680234909058,
    1.5796867609024048,
    1.616982340812683,
    1.6417853832244873,
    1.683812141418457,
    1.7122609615325928,
    1.7202543020248413,
    1.7673182487487793,
    0.9008087515830994,
    0.8583121299743652,
    0.8639637231826782,
    0.8664838671684265,
    0.8762465119361877,
    0.8855171799659729,
    0.9001275300979614,
    0.9027862548828125,
    0.910875678062439,
    0.918656051158905,
    0.9359241724014282,
    0.9451053738594055,
    0.9520590305328369,
    0.9666727185249329,
    0.9768325686454773,
    0.977508008480072,
    1.0007437467575073,
    1.0120570659637451,
    1.023970127105713,
    1.0409483909606934,
    1.038182258605957,
    1.0697945356369019,
    1.0857336521148682,
    1.105054259300232,
    1.1185373067855835,
    1.1348493099212646,
    1.1562541723251343,
    1.1784543991088867,
    1.2014938592910767,
    1.225419282913208,
    1.2502800226211548,
    1.276128888130188,
    1.3030232191085815,
    1.3310238122940063,
    1.3601961135864258,
    1.3947936296463013,
    1.4343690872192383,
    1.474117398262024,
    1.5023821592330933,
    1.5540003776550293,
    1.5724372863769531,
    1.5529216527938843,
    1.5293985605239868,
    1.5245583057403564,
    1.508888840675354,
    1.5011957883834839,
    1.4797449111938477,
    0.9536054134368896,
    0.9472194910049438,
    0.9542005062103271,
    0.9397850632667542,
    0.9396416544914246,
    0.9397310018539429,
    0.9268063902854919,
    0.9275186061859131,
    0.9155434370040894,
    0.9168271422386169,
    0.9183031320571899,
    0.9075361490249634,
    0.909528374671936,
    0.9116983413696289,
    0.90201735496521,
    0.9046610593795776,
    0.9074728488922119,
    0.8987792134284973,
    0.8904683589935303,
    0.8939868211746216,
    0.8976626992225647,
    0.8902276754379272,
    0.8943096399307251,
    0.8874539732933044,
    0.8918813467025757,
    0.8965597152709961,
    0.890485942363739,
    0.8954998254776001,
    0.8899475932121277,
    0.8953396081924438,
    0.8902905583381653,
    0.89605712890625,
    0.8914954662322998,
    0.8738362789154053,
    0.7361286282539368,
    0.6171479225158691,
    0.6037132740020752,
    0.5577820539474487,
    0.5097842216491699,
    0.4737100601196289,
    0.44727784395217896,
    0.44605329632759094,
    0.455057293176651,
    0.45404112339019775,
    0.4531409740447998,
    0.4624081254005432,
    0.4617220461368561,
    3.0184810161590576,
    2.98384428024292,
    2.9427058696746826,
    2.910560369491577,
    2.870168447494507,
    2.840008020401001,
    2.810533046722412,
    2.781708240509033,
    2.7534966468811035,
    2.727754592895508,
    1.1726542711257935,
    1.1341876983642578,
    1.1099399328231812,
    1.0766953229904175,
    1.0492215156555176,
    1.037124514579773,
    1.0025436878204346,
    0.9937008619308472,
    0.9558345675468445,
    0.9375256299972534,
    0.919156014919281,
    0.920116662979126,
    0.8774449229240417,
    0.8625654578208923,
    0.8440998792648315,
    0.8343660831451416,
    0.826435387134552,
    0.8088878393173218,
    0.8069542050361633,
    0.7830482125282288,
    0.7818900942802429,
    0.7872231006622314,
    0.7928263545036316,
    0.7987084984779358,
    0.8048785924911499,
    0.8113464713096619,
    0.8294855356216431,
    0.8366798162460327,
    0.8442099690437317,
    0.8520891666412354,
    0.8721165060997009,
