{
  "step": 945,
  "timestamp": 30.240000000000002,
  "robot_pose_odom": {
    "x": -3.426394226702982,
    "y": -0.30319713404870363,
    "yaw_fused": 1.2280484860792271,
    "yaw_imu": 1.2364620629120926
  },
  "lidar_pose_relative_to_robot": {
    "x_offset": 0.0,
    "y_offset": 0.0,
    "yaw_offset": 0.0
  },
  "lidar_meta": {
    "fov": 6.283184,
    "horizontal_resolution": 400,
    "angle_min": -3.141592,
    "angle_increment": 0.015747328320802004
  },
  "ranges": [
    0.4103163778781891,
    0.41062039136886597,
    0.4110264480113983,
    0.4115349054336548,
    0.4020940065383911,
    0.40279194712638855,
    0.4035920798778534,
    0.40449535846710205,
    0.40550297498703003,
    0.4066161811351776,
    0.4078364074230194,
    0.40916532278060913,
    0.40033939480781555,
    0.401852011680603,
    0.40347594022750854,
    0.40521353483200073,
    0.4070671498775482,
    0.3985508382320404,
    0.4005902111530304,
    0.40275049209594727,
    0.405034601688385,
    0.40744590759277344,
    null,
    null,
    null,
    null,
    0.41044744849205017,
    0.41361820697784424,
    0.41694197058677673,
    0.4204241931438446,
    0.4240705966949463,
    0.4278872609138489,
    null,
    null,
    0.42852357029914856,
    0.41777318716049194,
    0.40439146757125854,
    0.39042040705680847,
    0.37580549716949463,
    0.3604876697063446,
    0.34381017088890076,
    0.34037354588508606,
    0.32659101486206055,
    0.3172808885574341,
    0.3087686598300934,
    0.29959577322006226,
    0.29022759199142456,
    null,
    null,
    null,
    null,
    null,
    null,
    null,
    null,
    null,
    null,
    null,
    null,
    null,
    null,
    null,
    null,
    null,
    null,
    null,
    null,
    null,
    null,
    null,
    null,
    null,
    null,
    null,
    null,
    null,
    null,
    null,
    null,
    null,
    null,
    null,
    null,
    null,
    null,
    null,
    null,
    null,
    null,
    null,
    null,
    null,
    null,
    null,
    null,
    null,
    null,
    null,
    null,
    null,
    null,
    null,
    null,
    null,
    null,
    null,
    null,
    null,
    null,
    null,
    null,
    null,
    null,
    null,
    null,
    null,
    null,
    null,
    null,
    null,
    null,
    null,
    null,
    null,
    null,
    null,
    null,
    null,
    null,
    null,
    null,
    null,
    null,
    null,
    null,
    null,
    null,
    null,
    null,
    null,
    null,
    null,
    null,
    null,
    null,
    null,
    null,
    null,
    null,
    null,
    null,
    null,
    null,
    null,
    null,
    null,
    null,
    null,
    null,
    null,
    null,
    null,
    null,
    null,
    null,
    0.21719172596931458,
    0.22657231986522675,
    0.23588977754116058,
    0.23736143112182617,
    0.23891088366508484,
    0.2514740824699402,
    0.25326406955718994,
    0.25514304637908936,
    0.257114052772522,
    0.2704489231109619,
    0.27270767092704773,
    0.28653427958488464,
    0.2891131341457367,
    0.3034839332103729,
    0.3064194321632385,
    0.3213927447795868,
    0.3247262239456177,
    0.3403674066066742,
    0.34414589405059814,
    0.3605280816555023,
    0.3648054301738739,
    0.38201141357421875,
    0.39974433183670044,
    0.40497297048568726,
    0.4369230568408966,
    0.4564407467842102,
    0.4766298234462738,
    0.5037114024162292,
    0.5402107238769531,
    0.5471916198730469,
    0.586633563041687,
    0.6220427751541138,
    0.6530646085739136,
    0.7164096236228943,
    0.7954821586608887,
    0.7970718741416931,
    0.9191945195198059,
    1.0574264526367188,
    1.086531639099121,
    1.3288402557373047,
    1.3954744338989258,
    1.8762577772140503,
    2.0328965187072754,
    2.507429361343384,
    2.534012794494629,
    2.5555002689361572,
    2.5785200595855713,
    2.6009767055511475,
    2.622948408126831,
    2.655686378479004,
    2.6922812461853027,
    2.708629846572876,
    2.7401676177978516,
    2.734459400177002,
    2.7977285385131836,
    2.8525383472442627,
    2.8731517791748047,
    2.902991771697998,
    2.933375835418701,
    1.1354448795318604,
    1.1414575576782227,
    1.1475871801376343,
    1.1641910076141357,
    1.1705466508865356,
    1.1839207410812378,
    1.1968085765838623,
    1.1929216384887695,
    1.213515043258667,
    1.3232088088989258,
    1.4406472444534302,
    1.5775189399719238,
    1.974434733390808,
    1.9602082967758179,
    1.957300066947937,
    1.9755620956420898,
    2.0036909580230713,
    2.884700059890747,
    2.711412191390991,
    2.63029408454895,
    2.549945831298828,
    2.501023530960083,
    2.5425424575805664,
    2.5845682621002197,
    2.615588903427124,
    2.6581945419311523,
    2.7017784118652344,
    3.1868484020233154,
    3.1210405826568604,
    3.055420160293579,
    2.9914464950561523,
    2.9594616889953613,
    2.274489164352417,
    2.261817216873169,
    0.2976882755756378,
    0.29881301522254944,
    0.2896750569343567,
    0.2852097749710083,
    0.2713780999183655,
    0.2726926803588867,
    0.2740880250930786,
    0.2649674415588379,
    0.26647013425827026,
    0.2787787616252899,
    0.2805179953575134,
    0.2932087779045105,
    0.2952086329460144,
    0.29730987548828125,
    0.2995156943798065,
    0.3130083680152893,
    0.32679232954978943,
    0.32952165603637695,
    0.33237963914871216,
    0.34693560004234314,
    0.35017362236976624,
    0.36534610390663147,
    0.38090983033180237,
    0.38486072421073914,
    0.4011472463607788,
    0.4056004583835602,
    0.4226880669593811,
    0.44028231501579285,
    0.4590054452419281,
    0.47711408138275146,
    0.48335471749305725,
    0.516844630241394,
    0.5369889140129089,
    0.5719555616378784,
    0.6004543900489807,
    0.6384375095367432,
    0.6594493389129639,
    0.6710208654403687,
    0.7446038126945496,
    0.7738882303237915,
    0.8459196090698242,
    0.9119642376899719,
    0.9467106461524963,
    1.0794103145599365,
    2.734070301055908,
    2.6881580352783203,
    2.6208574771881104,
    2.573824882507324,
    2.528818130493164,
    2.489910125732422,
    2.422905445098877,
    2.3804543018341064,
    2.3169353008270264,
    2.258181095123291,
    2.1941351890563965,
    2.135315418243408,
    2.0788016319274902,
    2.024895429611206,
    1.9821645021438599,
    1.9416892528533936,
    1.9199635982513428,
    1.8540672063827515,
    1.8353803157806396,
    1.80092191696167,
    1.7665294408798218,
    1.7288291454315186,
    1.7014697790145874,
    1.673599123954773,
    1.6606166362762451,
    1.616051435470581,
    1.5831481218338013,
    1.5200295448303223,
    1.4320939779281616,
    1.360325574874878,
    1.2941889762878418,
    1.280551791191101,
    1.172165036201477,
    1.1330503225326538,
    1.072149634361267,
    1.048351526260376,
    1.001301646232605,
    0.9725647568702698,
    0.9411118030548096,
    0.9128561019897461,
    0.8961039185523987,
    0.8610877394676208,
    0.8299593925476074,
    0.8080781698226929,
    0.7801188230514526,
    0.7507662773132324,
    0.7437150478363037,
    0.732479453086853,
    0.7217536568641663,
    0.6980859041213989,
    0.6884847283363342,
    0.6662457585334778,
    0.6576439142227173,
    0.6366855502128601,
    0.6289747953414917,
    0.6216001510620117,
    0.6022552251815796,
    0.5956428647041321,
    0.5893179774284363,
    0.5832682847976685,
    0.5656973719596863,
    0.5602779388427734,
    0.5550971627235413,
    null,
    null,
    0.529629111289978,
    0.5254069566726685,
    0.5102860331535339,
    0.5065280795097351,
    0.5029481053352356,
    0.49954086542129517,
    0.4963010847568512,
    0.48250171542167664,
    0.479646235704422,
    0.47694137692451477,
    0.4743832051753998,
    0.4719682037830353,
    0.4696928858757019,
    0.45716410875320435,
    0.4552037715911865,
    0.4533715546131134,
    0.4516649842262268,
    0.4398527145385742,
    0.4384241998195648,
