{
  "step": 1125,
  "timestamp": 36.0,
  "robot_pose_odom": {
    "x": -2.8940518290913637,
    "y": 0.6607137586199006,
    "yaw_fused": 1.0608080141709895,
    "yaw_imu": 1.0608286119321626
  },
  "lidar_pose_relative_to_robot": {
    "x_offset": 0.0,
    "y_offset": 0.0,
    "yaw_offset": 0.0
  },
  "lidar_meta": {
    "fov": 6.283184,
    "horizontal_resolution": 400,
    "angle_min": -3.141592,
    "angle_increment": 0.015747328320802004
  },
  "ranges": [
    1.5093704462051392,
    1.4984310865402222,
    1.5009214878082275,
    1.5031696557998657,
    1.5052214860916138,
    1.5014270544052124,
    1.3136603832244873,
    1.1596643924713135,
    1.050154209136963,
    0.9746374487876892,
    0.8631839752197266,
    0.8043097257614136,
    0.744157612323761,
    0.699431836605072,
    0.648419976234436,
    0.6255181431770325,
    0.5594133138656616,
    0.5461431741714478,
    0.5285024642944336,
    0.5006968975067139,
    0.49301981925964355,
    0.44858434796333313,
    null,
    null,
    null,
    null,
    0.37485334277153015,
    0.3653166890144348,
    0.3636532723903656,
    0.34625789523124695,
    0.33382248878479004,
    0.3147857189178467,
    null,
    null,
    0.30687806010246277,
    0.2955358326435089,
    0.28314676880836487,
    0.2825144827365875,
    0.271884560585022,
    0.2714134454727173,
    0.26097333431243896,
    0.2606509029865265,
    0.250378280878067,
    0.25019291043281555,
    0.24006663262844086,
    0.2400074005126953,
    0.2300070971250534,
    0.23006384074687958,
    0.23017746210098267,
    0.22033289074897766,
    0.2205507755279541,
    0.22082360088825226,
    0.21109935641288757,
    0.2114657759666443,
    0.21188585460186005,
    0.21236006915569305,
    0.20429743826389313,
    null,
    null,
    null,
    null,
    null,
    null,
    null,
    null,
    null,
    null,
    null,
    null,
    null,
    null,
    null,
    null,
    null,
    null,
    null,
    null,
    null,
    null,
    null,
    null,
    null,
    null,
    null,
    null,
    null,
    null,
    null,
    null,
    null,
    null,
    null,
    null,
    null,
    null,
    null,
    null,
    null,
    null,
    null,
    null,
    null,
    null,
    null,
    null,
    null,
    null,
    null,
    null,
    null,
    null,
    null,
    null,
    null,
    null,
    null,
    null,
    null,
    null,
    null,
    null,
    null,
    null,
    null,
    null,
    null,
    null,
    null,
    null,
    null,
    null,
    null,
    null,
    null,
    null,
    null,
    null,
    null,
    null,
    null,
    0.20005550980567932,
    0.20015431940555573,
    0.21031774580478668,
    0.2105257362127304,
    0.21078616380691528,
    0.21109935641288757,
    0.2215355932712555,
    0.2219756543636322,
    0.22247245907783508,
    0.2331642061471939,
    0.23380431532859802,
    0.23450593650341034,
    0.24549919366836548,
    0.24636271595954895,
    0.24729354679584503,
    0.2586384415626526,
    0.2597522735595703,
    0.2609404921531677,
    0.2726926803588867,
    0.2740880250930786,
    0.2861648201942444,
    0.2877877354621887,
    0.30022329092025757,
    0.30209630727767944,
    0.31492793560028076,
    0.3170759677886963,
    0.3302960991859436,
    0.34388840198516846,
    0.3465449810028076,
    0.36059844493865967,
    0.3749729096889496,
    0.3782251179218292,
    0.4047582149505615,
    0.4085359275341034,
    0.4193938970565796,
    0.4502382278442383,
    0.46904900670051575,
    0.4894832968711853,
    0.5068169832229614,
    0.5374215245246887,
    0.5491800904273987,
    0.5978925824165344,
    0.6369579434394836,
    0.6701332926750183,
    0.714002251625061,
    0.7738856673240662,
    0.8350810408592224,
    0.9245015382766724,
    1.0312743186950684,
    1.1013611555099487,
    1.1576650142669678,
    1.3758772611618042,
    1.4388195276260376,
    1.4426883459091187,
    1.4592399597167969,
    1.452029824256897,
    1.47652006149292,
    1.5012791156768799,
    1.507117509841919,
    1.5182955265045166,
    1.5348973274230957,
    1.5451326370239258,
    1.5635329484939575,
    1.5812643766403198,
    1.5983991622924805,
    1.6150047779083252,
    1.631142020225525,
    1.648349642753601,
    1.6735074520111084,
    1.699657917022705,
    1.7245984077453613,
    1.7399606704711914,
    1.7670717239379883,
    1.7939866781234741,
    1.8478387594223022,
    1.857736587524414,
    1.8818734884262085,
    1.9221466779708862,
    1.9352571964263916,
    1.9379719495773315,
    1.9387280941009521,
    1.9397692680358887,
    1.9494860172271729,
    0.9995583891868591,
    1.0010559558868408,
    0.9676519632339478,
    0.9925225377082825,
    1.0086616277694702,
    1.0216038227081299,
    0.991895854473114,
    0.9668105840682983,
    0.9406225681304932,
    0.9103814363479614,
    0.9100419282913208,
    0.878034770488739,
    0.8432773947715759,
    0.8321851491928101,
    0.8071639537811279,
    0.7944326400756836,
    0.7808421850204468,
    0.75394207239151,
    0.7367340326309204,
    0.7367340922355652,
    0.7186591029167175,
    0.708135724067688,
    0.6980859041213989,
    0.6884847283363342,
    0.6793094277381897,
    0.6576439142227173,
    0.6627448201179504,
    0.6836106777191162,
    0.6866053938865662,
    1.1292486190795898,
    0.7382704019546509,
    0.7064186930656433,
    0.6764039397239685,
    0.6433156132698059,
    0.6306759715080261,
    0.6091515421867371,
    0.5884464383125305,
    0.5677713751792908,
    0.5492968559265137,
    0.536585807800293,
    0.5188016295433044,
    0.506576657295227,
    0.4897632300853729,
    0.4778217375278473,
    0.4684937596321106,
    0.45033493638038635,
    0.4476698040962219,
    0.4345465898513794,
    0.4322158098220825,
    0.41680607199668884,
    0.4070671498775482,
    0.4052136242389679,
    0.39313051104545593,
    0.3812442719936371,
    0.3798092007637024,
    0.3682487905025482,
    0.36705282330513,
    0.3557891845703125,
    0.3548150956630707,
    0.34382107853889465,
    0.34305331110954285,
    0.34237319231033325,
    0.3317275643348694,
    0.3312353789806366,
    0.33082613348960876,
    0.3402928411960602,
    0.3501242995262146,
    0.3600999414920807,
    0.36001110076904297,
    1.4600449800491333,
    1.4604052305221558,
    1.4611265659332275,
    1.4521939754486084,
    1.453629970550537,
    1.4554282426834106,
    1.4575908184051514,
    1.4500510692596436,
    1.452931523323059,
    1.4561833143234253,
    1.459810733795166,
    1.4536528587341309,
    1.4580152034759521,
    1.4627660512924194,
    1.4679111242294312,
    1.4113918542861938,
    1.1880630254745483,
    1.0577183961868286,
    1.0057684183120728,
    0.9963770508766174,
    1.0014755725860596,
    1.0068762302398682,
    2.7772226333618164,
    2.7472667694091797,
    2.7267649173736572,
    2.680161237716675,
    2.6745662689208984,
    2.653669595718384,
    2.656423330307007,
    2.6221506595611572,
    2.600411891937256,
    2.578251838684082,
    2.5790951251983643,
    2.5208065509796143,
    2.4968161582946777,
    2.472073554992676,
    2.4464800357818604,
    2.419928550720215,
    2.3890600204467773,
    2.3902173042297363,
    2.3439574241638184,
    2.331150531768799,
    2.3163516521453857,
    2.292618989944458,
    2.2783617973327637,
    2.263092517852783,
    1.4680434465408325,
    1.439123272895813,
    1.3834989070892334,
    1.347175121307373,
    1.3541592359542847,
    1.3267558813095093,
    1.3073279857635498,
    1.2887742519378662,
    1.2578091621398926,
    1.241046667098999,
    1.2250232696533203,
    1.1969693899154663,
    1.1824731826782227,
    1.1686087846755981,
    1.155347228050232,
    1.1305065155029297,
    1.118501901626587,
    1.1070200204849243,
    1.0960391759872437,
    1.0855389833450317,
    1.063936710357666,
    1.0544464588165283,
    1.045379638671875,
    1.0367209911346436,
    1.028456449508667,
    1.0094791650772095,
    1.002044916152954,
    null,
    null,
