{
  "step": 565,
  "timestamp": 18.080000000000002,
  "robot_pose_odom": {
    "x": -1.85018756131541,
    "y": -1.0946318415526133,
    "yaw_fused": -3.081918458373184,
    "yaw_imu": -3.0818750917979765
  },
  "lidar_pose_relative_to_robot": {
    "x_offset": 0.0,
    "y_offset": 0.0,
    "yaw_offset": 0.0
  },
  "lidar_meta": {
    "fov": 6.283184,
    "horizontal_resolution": 400,
    "angle_min": -3.141592,
    "angle_increment": 0.015747328320802004
  },
  "ranges": [
    1.4979686737060547,
    1.4864853620529175,
    1.442358136177063,
    1.3975791931152344,
    1.3075153827667236,
    1.248204231262207,
    1.168309211730957,
    1.1333775520324707,
    1.0908772945404053,
    1.0588648319244385,
    1.0091900825500488,
    0.9736223816871643,
    0.965242326259613,
    0.8903517723083496,
    0.8840268850326538,
    0.8588699102401733,
    0.8228552937507629,
    0.8101751208305359,
    0.7865680456161499,
    0.757225751876831,
    0.7394374012947083,
    0.725494384765625,
    null,
    null,
    null,
    null,
    0.6512051820755005,
    0.6403480768203735,
    0.6200072169303894,
    0.6000717282295227,
    0.5799647569656372,
    0.5603201389312744,
    null,
    null,
    0.5109617710113525,
    0.5023033022880554,
    0.48193684220314026,
    0.47403454780578613,
    0.4631597399711609,
    0.45382410287857056,
    0.44759923219680786,
    0.43519672751426697,
    0.42587947845458984,
    0.42224645614624023,
    0.4071721136569977,
    0.39775463938713074,
    0.38827574253082275,
    0.3844333589076996,
    0.3795112669467926,
    0.369807630777359,
    0.3584228456020355,
    0.3603557348251343,
    0.3517405688762665,
    0.3538345694541931,
    0.340692937374115,
    0.3366471230983734,
    0.3389432728290558,
    0.3302960991859436,
    0.3217020332813263,
    0.3241872191429138,
    0.3155236542224884,
    0.3181588649749756,
    0.3094569146633148,
    0.3122420310974121,
    0.3034838140010834,
    0.306419312953949,
    0.2975858151912689,
    0.3006724417209625,
    0.2917434573173523,
    0.2949821650981903,
    0.28593602776527405,
    0.28932836651802063,
    0.2801416516304016,
    0.2836894392967224,
    0.27433645725250244,
    0.2780418395996094,
    0.26849445700645447,
    null,
    null,
    null,
    null,
    null,
    null,
    null,
    null,
    0.26127296686172485,
    0.25789961218833923,
    0.2546743154525757,
    0.2641695439815521,
    0.26107215881347656,
    0.2581094801425934,
    0.2552756369113922,
    0.252564936876297,
    0.24997225403785706,
    0.2592780888080597,
    0.25679415464401245,
    0.2544196546077728,
    0.2521502375602722,
    0.2499821037054062,
    0.24791154265403748,
    0.25711411237716675,
    0.25514307618141174,
    0.25326409935951233,
    0.2514741122722626,
    0.24977049231529236,
    0.25893980264663696,
    0.25863850116729736,
    0.2575974762439728,
    0.2566278278827667,
    0.2557283341884613,
    0.254897803068161,
    0.2541351318359375,
    0.25343936681747437,
    0.2629219889640808,
    0.2623348534107208,
    0.26181477308273315,
    0.26136112213134766,
    0.26097333431243896,
    0.2606509029865265,
    0.2603934109210968,
    0.27020832896232605,
    0.2700749337673187,
    0.2700083255767822,
    0.2700083255767822,
    0.2700749337673187,
    0.27020832896232605,
    0.2704085111618042,
    0.270675927400589,
    0.2810482084751129,
    0.2814658284187317,
    0.2819543778896332,
    0.2825144827365875,
    0.28314676880836487,
    0.28385210037231445,
    0.29479673504829407,
    0.2956814169883728,
    0.2966448664665222,
    0.2976882755756378,
    0.29881301522254944,
    0.31036612391471863,
    0.311702698469162,
    0.3131285607814789,
    0.314645379781723,
    0.3162554204463959,
    0.32855963706970215,
    0.330422967672348,
    0.33239006996154785,
    0.33446377515792847,
    0.34750670194625854,
    0.34987694025039673,
    0.3523672819137573,
    0.35498157143592834,
    0.35772383213043213,
    0.3718671202659607,
    0.3749729096889496,
    0.3782251179218292,
    0.39319369196891785,
    0.39686349034309387,
    0.40070217847824097,
    0.416620135307312,
    0.42094141244888306,
    0.42545920610427856,
    0.44247323274612427,
    0.44755205512046814,
    0.4528617858886719,
    0.4711472988128662,
    0.47711408138275146,
    0.4964183270931244,
    0.5031233429908752,
    0.510139524936676,
    0.5174835920333862,
    0.5251737236976624,
    0.5332294702529907,
    0.5332298874855042,
    0.5451719760894775,
    0.5447199940681458,
    0.5504140257835388,
    0.5693241357803345,
    0.5748005509376526,
    0.5673792362213135,
    0.5851598381996155,
    0.5912365913391113,
    0.5995810031890869,
    0.6116566061973572,
    0.6231986284255981,
    0.634256899356842,
    0.6406946778297424,
    0.6551004648208618,
    0.6649662852287292,
    0.6745103001594543,
    0.6915997266769409,
    0.6935024261474609,
    0.7127979397773743,
    0.7324507832527161,
    0.7458208203315735,
    0.7597434520721436,
    0.7631051540374756,
    0.7732140421867371,
    0.8108547329902649,
    0.8391215801239014,
    0.8569036722183228,
    0.8861478567123413,
    0.9097445011138916,
    0.935878574848175,
    0.9676841497421265,
    0.9783861637115479,
    1.033851146697998,
    1.0563725233078003,
    1.0966635942459106,
    1.1524242162704468,
    1.1913179159164429,
    1.2354366779327393,
    1.2932912111282349,
    1.3286490440368652,
    1.4125169515609741,
    1.4662429094314575,
    1.5703285932540894,
    1.6223804950714111,
    1.7548863887786865,
    1.9210807085037231,
    1.9778977632522583,
    1.972292184829712,
    1.9623839855194092,
    1.9563745260238647,
    1.9548500776290894,
    1.9225035905838013,
    1.9434466361999512,
    1.9410295486450195,
    1.9383716583251953,
    1.9355343580245972,
    1.9325717687606812,
    1.9295313358306885,
    1.916247844696045,
    1.9361158609390259,
    1.9329243898391724,
    1.9241153001785278,
    1.9390766620635986,
    1.9360445737838745,
    1.939498782157898,
    1.9423518180847168,
    1.496366262435913,
    1.2872400283813477,
    1.1341028213500977,
    0.9977156519889832,
    0.8995107412338257,
    0.8224055171012878,
    0.7592236995697021,
    0.6955097317695618,
    0.649823009967804,
    0.6100334525108337,
    0.6016156673431396,
    0.6041926741600037,
    0.6111688613891602,
    0.6075518727302551,
    0.6144616007804871,
    2.0376968383789062,
    2.05063796043396,
    2.0486972332000732,
    2.076982259750366,
    2.0904345512390137,
    2.1041035652160645,
    2.1180129051208496,
    2.1321845054626465,
    2.1560354232788086,
    2.1715645790100098,
    2.192808151245117,
    2.2069668769836426,
    2.2279036045074463,
    2.2470734119415283,
    2.270679235458374,
    2.287672281265259,
    2.3063883781433105,
    2.3328607082366943,
    2.3613836765289307,
    2.390498399734497,
    2.4101274013519287,
    1.8099762201309204,
    1.780494213104248,
    1.7813735008239746,
    1.792708396911621,
    1.7944812774658203,
    1.8067384958267212,
    1.8094230890274048,
    1.8125638961791992,
    1.8262542486190796,
    1.8303415775299072,
    1.1135873794555664,
    1.1099449396133423,
    1.086264967918396,
    1.071207046508789,
    1.071004033088684,
    1.0469002723693848,
    1.049754023551941,
    1.0135515928268433,
    1.0057684183120728,
    0.9990984201431274,
    0.9893735647201538,
    0.9753431081771851,
    0.968769907951355,
    0.9677881002426147,
    0.9448855519294739,
    0.9382628202438354,
    0.9316120147705078,
    0.9249158501625061,
    0.918156087398529,
    0.9113131165504456,
    0.9043661952018738,
    0.8972933292388916,
    0.8900704383850098,
    0.8248496055603027,
    0.8167088627815247,
    0.813189685344696,
    0.7877187728881836,
    0.7785800695419312,
    0.7779825329780579,
    0.7714390158653259,
    0.7583521008491516,
    0.7673491835594177,
    0.764614462852478,
    0.7479085326194763,
    0.7576911449432373,
