{
  "step": 1150,
  "timestamp": 36.800000000000004,
  "robot_pose_odom": {
    "x": -2.8096766677137888,
    "y": 0.811563231943628,
    "yaw_fused": 0.93658532327124,
    "yaw_imu": 0.9315085859982868
  },
  "lidar_pose_relative_to_robot": {
    "x_offset": 0.0,
    "y_offset": 0.0,
    "yaw_offset": 0.0
  },
  "lidar_meta": {
    "fov": 6.283184,
    "horizontal_resolution": 400,
    "angle_min": -3.141592,
    "angle_increment": 0.015747328320802004
  },
  "ranges": [
    1.6854557991027832,
    1.6840912103652954,
    1.6941170692443848,
    1.6893370151519775,
    1.6788970232009888,
    1.4969401359558105,
    1.3648446798324585,
    1.214084506034851,
    1.0862321853637695,
    0.9863290786743164,
    0.906810462474823,
    0.8285600543022156,
    0.7629998326301575,
    0.7247811555862427,
    0.6689138412475586,
    0.6266974806785583,
    0.5950084328651428,
    0.5656633973121643,
    0.5379114747047424,
    0.504021167755127,
    0.486282616853714,
    0.47055545449256897,
    null,
    null,
    null,
    null,
    0.38130372762680054,
    0.37932857871055603,
    0.36484119296073914,
    0.35080915689468384,
    0.3455093502998352,
    0.3404500186443329,
    0.32219356298446655,
    0.3177623152732849,
    0.31352755427360535,
    0.2965845763683319,
    0.2928754687309265,
    0.28932851552963257,
    0.285936176776886,
    0.27040043473243713,
    0.2674316465854645,
    0.26459184288978577,
    0.2618756890296936,
    0.2592780888080597,
    0.24512170255184174,
    0.24285513162612915,
    0.24068886041641235,
    0.23861928284168243,
    0.23664282262325287,
    0.22357748448848724,
    0.2218635380268097,
    0.2202296406030655,
    0.21867313981056213,
    null,
    null,
    null,
    null,
    null,
    null,
    null,
    null,
    null,
    null,
    null,
    null,
    null,
    null,
    null,
    null,
    null,
    null,
    null,
    null,
    null,
    null,
    null,
    null,
    null,
    null,
    null,
    null,
    null,
    null,
    null,
    null,
    null,
    null,
    null,
    null,
    null,
    null,
    null,
    null,
    null,
    null,
    null,
    null,
    null,
    null,
    null,
    null,
    null,
    null,
    null,
    null,
    null,
    null,
    null,
    null,
    null,
    null,
    null,
    null,
    null,
    null,
    null,
    null,
    null,
    null,
    null,
    null,
    null,
    null,
    null,
    null,
    null,
    null,
    null,
    null,
    null,
    null,
    null,
    null,
    null,
    null,
    null,
    0.2005006968975067,
    0.20074871182441711,
    0.20104700326919556,
    0.2114657759666443,
    0.21188585460186005,
    0.21236006915569305,
    0.21288906037807465,
    0.22363892197608948,
    0.224310040473938,
    0.22504092752933502,
    0.2258324921131134,
    0.23698963224887848,
    0.23794735968112946,
    0.23897208273410797,
    0.2505028545856476,
    0.2517163157463074,
    0.2530043423175812,
    0.2649674415588379,
    0.26647013425827026,
    0.2680565118789673,
    0.2805179953575134,
    0.28234919905662537,
    0.2952086329460144,
    0.29730987548828125,
    0.2995156943798065,
    0.3130083680152893,
    0.32679232954978943,
    0.32952165603637695,
    0.343841016292572,
    0.34693560004234314,
    0.36220911145210266,
    0.37713146209716797,
    0.3928132653236389,
    0.3968876004219055,
    0.4133032262325287,
    0.4301823079586029,
    0.4503974914550781,
    0.4697589874267578,
    0.48388102650642395,
    0.5209031701087952,
    0.539496898651123,
    0.5693237781524658,
    0.6017383933067322,
    0.6354283690452576,
    0.6833765506744385,
    0.7436455488204956,
    0.7717083096504211,
    0.7892268300056458,
    0.8990176916122437,
    0.9570882320404053,
    1.0880988836288452,
    1.2202056646347046,
    1.2430214881896973,
    1.24849534034729,
    1.2622689008712769,
    1.2709095478057861,
    1.2753666639328003,
    1.2731348276138306,
    1.3020741939544678,
    1.311469554901123,
    1.3268663883209229,
    1.3310246467590332,
    1.3452529907226562,
    1.3560689687728882,
    1.375641942024231,
    1.3917897939682007,
    1.4138931035995483,
    1.4250826835632324,
    1.4424065351486206,
    1.4496746063232422,
    1.4747205972671509,
    1.5088142156600952,
    1.4787769317626953,
    1.5841097831726074,
    1.6229337453842163,
    1.646318793296814,
    1.6751004457473755,
    1.706828236579895,
    1.7331132888793945,
    1.7550829648971558,
    1.7607876062393188,
    1.7608672380447388,
    1.7650511264801025,
    1.7578078508377075,
    1.7742139101028442,
    1.7747102975845337,
    1.7855154275894165,
    1.7951761484146118,
    0.8176946043968201,
    0.8083117008209229,
    0.8080801963806152,
    0.8176673650741577,
    0.8404251337051392,
    0.8639634847640991,
    0.8452487587928772,
    0.820404052734375,
    0.8078573346138,
    0.7944601774215698,
    0.7662985324859619,
    0.7367340326309204,
    0.7437150478363037,
    0.732479453086853,
    0.7217536568641663,
    0.6980859041213989,
    0.6884847283363342,
    0.6793094277381897,
    0.6705388426780701,
    0.6621529459953308,
    0.6415542960166931,
    0.634032130241394,
    0.6268370747566223,
    0.6199548244476318,
    0.6133717894554138,
    0.6070751547813416,
    0.6059327125549316,
    0.5836228728294373,
    0.5782262086868286,
    0.5730684995651245,
    0.568140983581543,
    0.5634352564811707,
    0.5589435696601868,
    0.5409879088401794,
    0.5506225824356079,
    0.5380003452301025,
    0.5473176836967468,
    0.5809454321861267,
    0.6353982090950012,
    0.6193920969963074,
    0.6041257381439209,
    0.6008853912353516,
    0.584617018699646,
    0.5778260231018066,
    0.5563881397247314,
    0.5483136177062988,
    0.5399004817008972,
    0.5269535183906555,
    0.5114566683769226,
    0.509795606136322,
    0.5000207424163818,
    0.48660358786582947,
    0.4853944480419159,
    0.47422072291374207,
    0.47328057885169983,
    0.4629841446876526,
    0.4516846239566803,
    0.4511265754699707,
    0.4406657814979553,
    0.44033950567245483,
    0.4301193654537201,
    0.4300132393836975,
    0.4200129508972168,
    0.4201166033744812,
    0.4103163778781891,
    0.41062039136886597,
    0.4010013937950134,
    0.40149742364883423,
    0.3920416533946991,
    0.39272215962409973,
    0.39350229501724243,
    0.3842706084251404,
    0.38522782921791077,
    0.376120001077652,
    0.37724870443344116,
    0.37847793102264404,
    0.36954405903816223,
    0.37094029784202576,
    0.36209380626678467,
    0.36365318298339844,
    0.3653166890144348,
    0.3565981090068817,
    0.3584228456020355,
    0.34975701570510864,
    0.3517405688762665,
    0.3538345694541931,
    0.3560420572757721,
    0.34750670194625854,
    0.34987694025039673,
    0.3413558006286621,
    0.34388840198516846,
    0.3465449810028076,
    0.33806103467941284,
    0.3408844769001007,
    0.351386159658432,
    1.2671854496002197,
    2.6952481269836426,
    2.6773035526275635,
    2.662184476852417,
    2.6364128589630127,
    2.611111879348755,
    2.58760666847229,
    2.569528579711914,
    2.540684461593628,
    2.5200908184051514,
    2.4785215854644775,
    2.474316358566284,
    2.4636189937591553,
    2.438551425933838,
    2.419618606567383,
    2.3785650730133057,
    2.3575046062469482,
    2.3784499168395996,
    2.36328387260437,
    2.3376801013946533,
    2.3335304260253906,
    1.5623313188552856,
    1.5415104627609253,
    1.5216078758239746,
    1.489844799041748,
    1.4718016386032104,
    1.4421128034591675,
    1.4257476329803467,
    1.4100940227508545,
    1.3830937147140503,
    1.3688956499099731,
    1.355317234992981,
    1.3306607007980347,
    1.3183563947677612,
    1.3065967559814453,
    1.283998966217041,
    1.2733638286590576,
    1.2632129192352295,
    1.2424359321594238,
    1.2332860231399536,
    1.2245696783065796,
    1.2162737846374512,
    1.208385705947876,
    1.2518103122711182,
