{
  "step": 160,
  "timestamp": 5.12,
  "robot_pose_odom": {
    "x": 4.197009191650066e-09,
    "y": -8.624235372439157e-10,
    "yaw_fused": -1.8940918834138942,
    "yaw_imu": -1.8670954296698616
  },
  "lidar_pose_relative_to_robot": {
    "x_offset": 0.0,
    "y_offset": 0.0,
    "yaw_offset": 0.0
  },
  "lidar_meta": {
    "fov": 6.283184,
    "horizontal_resolution": 400,
    "angle_min": -3.141592,
    "angle_increment": 0.015747328320802004
  },
  "ranges": [
    2.4792840480804443,
    2.4592154026031494,
    2.4504895210266113,
    2.441596508026123,
    2.4303925037384033,
    2.4446284770965576,
    2.4125516414642334,
    2.4155335426330566,
    2.408963203430176,
    2.4066274166107178,
    2.3945298194885254,
    2.3906748294830322,
    2.4075984954833984,
    2.3969385623931885,
    2.387227773666382,
    2.387765645980835,
    2.3832814693450928,
    2.35750675201416,
    null,
    null,
    null,
    null,
    null,
    null,
    null,
    1.5742454528808594,
    1.4297446012496948,
    1.4325255155563354,
    1.43514883518219,
    1.4311610460281372,
    0.8153067231178284,
    0.7680953741073608,
    null,
    0.6660566926002502,
    0.6435853242874146,
    0.5884464383125305,
    0.5677713751792908,
    0.5380281805992126,
    0.5084037780761719,
    0.4855221211910248,
    0.4734450578689575,
    0.44827985763549805,
    0.4452429711818695,
    0.41454800963401794,
    0.3967236280441284,
    0.3943758010864258,
    0.3812902569770813,
    0.3674047291278839,
    0.35931938886642456,
    0.3444414436817169,
    0.34287306666374207,
    0.33105728030204773,
    0.315323144197464,
    0.3079533874988556,
    0.30687397718429565,
    0.2980304956436157,
    0.2846313416957855,
    0.28385210037231445,
    0.28314676880836487,
    0.2733960747718811,
    0.26181477308273315,
    0.26136112213134766,
    0.26097333431243896,
    0.250625878572464,
    0.250378280878067,
    0.2401851862668991,
    0.24006663262844086,
    0.2400074005126953,
    0.2300070971250534,
    0.23006384074687958,
    0.23017746210098267,
    0.22033289074897766,
    0.2205507755279541,
    0.22082360088825226,
    0.21109935641288757,
    0.2114657759666443,
    0.21188585460186005,
    0.20224767923355103,
    0.20275148749351501,
    null,
    null,
    null,
    null,
    null,
    null,
    null,
    null,
    null,
    null,
    null,
    null,
    null,
    null,
    null,
    null,
    null,
    null,
    null,
    null,
    null,
    null,
    null,
    null,
    null,
    null,
    null,
    null,
    null,
    null,
    null,
    null,
    null,
    null,
    null,
    null,
    null,
    null,
    null,
    null,
    null,
    null,
    null,
    null,
    null,
    null,
    null,
    null,
    null,
    null,
    null,
    null,
    null,
    null,
    null,
    null,
    null,
    null,
    null,
    null,
    null,
    null,
    null,
    null,
    null,
    null,
    null,
    null,
    null,
    null,
    null,
    null,
    null,
    null,
    null,
    null,
    null,
    null,
    null,
    null,
    null,
    null,
    null,
    null,
    null,
    null,
    null,
    null,
    null,
    null,
    null,
    null,
    null,
    null,
    null,
    0.28597787022590637,
    0.28191930055618286,
    0.2912820279598236,
    0.3004637658596039,
    0.3094794750213623,
    0.3189346194267273,
    0.3270668685436249,
    0.33281880617141724,
    0.34414586424827576,
    0.35576754808425903,
    0.37283381819725037,
    0.369006484746933,
    0.39379626512527466,
    0.39722687005996704,
    0.42009109258651733,
    0.43944859504699707,
    0.45414313673973083,
    0.45914724469184875,
    0.497224897146225,
    0.5154412984848022,
    0.5284539461135864,
    0.5421802401542664,
    0.5625424981117249,
    0.6502405405044556,
    0.6731347441673279,
    0.7082067728042603,
    0.7408574223518372,
    0.798438549041748,
    0.8254485726356506,
    0.8817745447158813,
    0.9496436715126038,
    1.1179536581039429,
    1.1396349668502808,
    1.1531254053115845,
    1.1604167222976685,
    1.1780277490615845,
    1.195685863494873,
    1.2196011543273926,
    1.2312442064285278,
    1.2491928339004517,
    1.2672865390777588,
    1.2855488061904907,
    1.3040035963058472,
    1.3239349126815796,
    1.3515994548797607,
    1.3713487386703491,
    1.4001412391662598,
    1.4299907684326172,
    1.4499917030334473,
    1.480657935142517,
    1.510728359222412,
    1.5530098676681519,
    1.5830104351043701,
    1.6147329807281494,
    1.66094172000885,
    1.6987801790237427,
    1.7494205236434937,
    1.7948248386383057,
    1.839538812637329,
    1.8742659091949463,
    1.901136875152588,
    1.9173731803894043,
    1.950339436531067,
    1.13144052028656,
    1.1221727132797241,
    1.1325199604034424,
    1.1377005577087402,
    1.1432116031646729,
    1.1490614414215088,
    1.1658567190170288,
    1.172468662261963,
    1.1794487237930298,
    1.1868069171905518,
    1.194554328918457,
    1.2136356830596924,
    1.2222740650177002,
    1.2313423156738281,
    1.2408546209335327,
    1.2620946168899536,
    1.2726354598999023,
    1.2836731672286987,
    1.306790828704834,
    1.3189873695373535,
    1.3317455053329468,
    1.3450878858566284,
    1.3710663318634033,
    1.3857814073562622,
    1.401165246963501,
    1.4296802282333374,
    1.4466418027877808,
    1.46437668800354,
    1.4958170652389526,
    1.5153822898864746,
    1.535850167274475,
    1.5706926584243774,
    1.5933047533035278,
    1.6308026313781738,
    1.6558177471160889,
    1.6907923221588135,
    1.7260812520980835,
    1.7158681154251099,
    1.1032012701034546,
    1.0989279747009277,
    1.0842828750610352,
    1.0702835321426392,
    1.0568984746932983,
    1.0566781759262085,
    1.0442886352539062,
    1.0324379205703735,
    1.0211025476455688,
    1.0222866535186768,
    1.0117924213409424,
    1.001756191253662,
    0.9921592473983765,
    0.9829850196838379,
    0.9742168188095093,
    0.9775729179382324,
    0.48455435037612915,
    0.4806916117668152,
    0.47700661420822144,
    0.4734937250614166,
    0.4701472520828247,
    0.46696221828460693,
    0.4792836308479309,
    0.4758948087692261,
    0.47397932410240173,
    0.47219517827033997,
    0.4705401062965393,
    0.46901193261146545,
    0.4917713403701782,
    0.5123777985572815,
    0.5497689843177795,
    0.5890941023826599,
    0.6306267380714417,
    0.6864400506019592,
    0.7453597187995911,
    0.8142339587211609,
    0.9033564329147339,
    1.3910725116729736,
    1.3903858661651611,
    1.3900429010391235,
    1.3900429010391235,
    1.3903858661651611,
    2.366732597351074,
    2.0223920345306396,
    1.9943519830703735,
    1.9773749113082886,
    1.9803130626678467,
    1.9930661916732788,
    2.00689959526062,
    2.37394380569458,
    2.3651466369628906,
    2.3272910118103027,
    2.2517483234405518,
    2.2054619789123535,
    2.1624741554260254,
    2.159600257873535,
    2.095289468765259,
    3.1056017875671387,
    3.082021474838257,
    3.055178642272949,
    2.9966259002685547,
    2.955458879470825,
    1.0801100730895996,
    1.015413522720337,
    0.9635730385780334,
    0.9187000393867493,
    0.8705129623413086,
    0.8370169401168823,
    0.8020696043968201,
    0.7718124389648438,
    0.7382058501243591,
    0.7151191830635071,
    0.7069758772850037,
    0.6667150259017944,
    0.6427110433578491,
    0.6197450160980225,
    0.6189785003662109,
    0.6133717894554138,
    0.6199548244476318,
    0.6268370747566223,
    0.6216000914573669,
    0.6289747357368469,
    0.62395179271698,
    0.6318537592887878,
    0.6401183605194092,
    0.6355242133140564,
    0.6443867683410645,
    0.6400455236434937,
    0.6495569944381714,
    0.6595206260681152,
    0.659521222114563,
    0.6695553660392761,
    0.667281985282898,
    0.6712366342544556,
    0.6884849667549133,
    0.6884846687316895,
    0.6912257075309753,
    0.7003544569015503,
    0.7170315980911255,
