{
  "step": 850,
  "timestamp": 27.2,
  "robot_pose_odom": {
    "x": -3.3429086647087565,
    "y": -0.5767573723374642,
    "yaw_fused": 2.3513832181348917,
    "yaw_imu": 2.3540342423742424
  },
  "lidar_pose_relative_to_robot": {
    "x_offset": 0.0,
    "y_offset": 0.0,
    "yaw_offset": 0.0
  },
  "lidar_meta": {
    "fov": 6.283184,
    "horizontal_resolution": 400,
    "angle_min": -3.141592,
    "angle_increment": 0.015747328320802004
  },
  "ranges": [
    0.6142744421958923,
    0.5613646507263184,
    0.5612943768501282,
    0.538994312286377,
    0.5174837708473206,
    0.4967149794101715,
    0.47664329409599304,
    0.4702911376953125,
    0.446220338344574,
    0.43294617533683777,
    0.4151233434677124,
    0.4102560877799988,
    0.3933095335960388,
    0.38899126648902893,
    0.37283381819725037,
    0.369006484746933,
    0.35356083512306213,
    0.3501737117767334,
    0.335371196269989,
    0.3323797285556793,
    0.31815895438194275,
    0.31552374362945557,
    null,
    null,
    null,
    0.2952086925506592,
    0.2932087779045105,
    0.2805180251598358,
    0.2787787616252899,
    0.2771289348602295,
    0.27556613087654114,
    0.265106201171875,
    null,
    null,
    0.2550754249095917,
    0.2482929527759552,
    0.24729357659816742,
    0.24636271595954895,
    0.23527005314826965,
    0.23450596630573273,
    0.23380431532859802,
    0.2331642061471939,
    0.23258483409881592,
    0.23206545412540436,
    0.2215355932712555,
    0.2211517095565796,
    0.22082360088825226,
    0.2205507755279541,
    0.22033289074897766,
    0.22016975283622742,
    0.2100583016872406,
    0.2100064754486084,
    0.2100064754486084,
    0.2100583016872406,
    0.21016204357147217,
    0.21031774580478668,
    0.2005006968975067,
    0.20074871182441711,
    0.20104700326919556,
    null,
    null,
    null,
    null,
    null,
    null,
    null,
    null,
    null,
    null,
    null,
    null,
    null,
    null,
    null,
    null,
    null,
    null,
    null,
    null,
    null,
    null,
    null,
    null,
    null,
    null,
    null,
    null,
    null,
    null,
    null,
    null,
    null,
    null,
    null,
    null,
    null,
    null,
    null,
    null,
    null,
    null,
    null,
    null,
    null,
    null,
    null,
    null,
    null,
    null,
    null,
    null,
    null,
    null,
    null,
    null,
    null,
    null,
    null,
    null,
    0.24068886041641235,
    0.23861928284168243,
    0.23664282262325287,
    0.24593524634838104,
    0.24404990673065186,
    0.24225261807441711,
    0.2514741122722626,
    0.24977049231529236,
    0.25893980264663696,
    0.25863850116729736,
    0.26805657148361206,
    0.2697288990020752,
    0.2714896500110626,
    0.2842750549316406,
    0.2862985134124756,
    0.2884225845336914,
    0.2906506657600403,
    0.30425500869750977,
    0.3067961037158966,
    0.309457004070282,
    0.3238067030906677,
    0.32682886719703674,
    0.3299901783466339,
    0.3332962095737457,
    0.3487800359725952,
    0.3525233566761017,
    0.3564368188381195,
    0.37296006083488464,
    0.3773849308490753,
    0.3947451412677765,
    0.39974433183670044,
    0.39190930128097534,
    0.3839626908302307,
    0.3893170952796936,
    0.3813038468360901,
    0.37314990162849426,
    0.37887370586395264,
    0.37887370586395264,
    0.37314990162849426,
    0.36768582463264465,
    0.37589243054389954,
    0.37072256207466125,
    0.3657819926738739,
    0.36105939745903015,
    0.3565438985824585,
    0.3648053705692291,
    0.3605280816555023,
    0.35643675923347473,
    0.3525233268737793,
    0.3608069121837616,
    0.35710301995277405,
    0.35356083512306213,
    0.3501737117767334,
    0.3469357192516327,
    0.35530248284339905,
    0.352247416973114,
    0.3493298590183258,
    0.34654501080513,
    0.34388843178749084,
    0.3523673415184021,
    0.3498769700527191,
    0.34750670194625854,
    0.3452529311180115,
    0.3538345694541931,
    0.3517405688762665,
    0.34975701570510864,
    0.3478809893131256,
    0.3461099863052368,
    0.35487908124923706,
    0.35326316952705383,
    0.35174837708473206,
    0.3503325581550598,
    0.3490138351917267,
    0.3580196499824524,
    0.35685691237449646,
    0.3557891845703125,
    0.3664988577365875,
    0.35270002484321594,
    0.36323288083076477,
    0.3625127673149109,
    0.36188462376594543,
    0.3613477051258087,
    0.37092629075050354,
    0.3705598711967468,
    0.3702855110168457,
    0.37010273337364197,
    0.38001173734664917,
    0.38001173734664917,
    0.38010549545288086,
    0.38029322028160095,
    0.390590101480484,
    0.3909763693809509,
    0.39146000146865845,
    0.3920416533946991,
    0.40279194712638855,
    0.4035920798778534,
    0.40449535846710205,
    0.41564056277275085,
    0.41678160429000854,
    0.41803234815597534,
    0.41939446330070496,
    0.43113473057746887,
    0.4327636957168579,
    0.43451255559921265,
    0.446773886680603,
    0.4488176107406616,
    0.46147990226745605,
    0.4638413190841675,
    0.4663426876068115,
    0.479646235704422,
    0.48250171542167664,
    0.4855118989944458,
    0.49954086542129517,
    0.5029480457305908,
    0.5175394415855408,
    0.5213791728019714,
    0.5254068970680237,
    0.5408976674079895,
    0.5567779541015625,
    0.5616070032119751,
    0.5782260298728943,
    0.5836227536201477,
    0.6010532379150391,
    0.6189785003662109,
    0.6253986358642578,
    0.6442667841911316,
    0.651418924331665,
    0.671328067779541,
    0.691872239112854,
    0.713087797164917,
    0.729909360408783,
    0.7576911449432373,
    0.7816464304924011,
    0.8054834008216858,
    0.8306974172592163,
    0.8706827759742737,
    0.9050523042678833,
    0.9331164360046387,
    0.9659606218338013,
    0.9848822355270386,
    1.042382836341858,
    1.0998923778533936,
    1.1743308305740356,
    1.2196463346481323,
    1.2884697914123535,
    1.362152338027954,
    1.4154576063156128,
    1.5782867670059204,
    1.606197476387024,
    1.8445820808410645,
    1.8955432176589966,
    2.2604005336761475,
    2.351625680923462,
    2.6120128631591797,
    2.7585642337799072,
    2.7622764110565186,
    2.780710220336914,
    2.801011562347412,
    2.836494207382202,
    2.851827383041382,
    2.857865333557129,
    2.8712973594665527,
    0.38840967416763306,
    0.39313051104545593,
    0.39154815673828125,
    0.3900742828845978,
    0.3989361822605133,
    0.39764055609703064,
    0.39645078778266907,
    0.3953653872013092,
    0.3943829834461212,
    0.39350229501724243,
    0.39272215962409973,
    0.3920416533946991,
    0.40149742364883423,
    0.4010013937950134,
    0.4006052315235138,
    0.40030863881111145,
    0.40011101961135864,
    0.4100126624107361,
    0.4100126624107361,
    0.4101138412952423,
    0.4103163778781891,
    0.41062039136886597,
    0.4210514724254608,
    0.42157232761383057,
    0.42219871282577515,
    0.4229315519332886,
    0.4237717092037201,
    0.4247201383113861,
    0.43591567873954773,
    0.43711239099502563,
    0.43842414021492004,
    0.4398527145385742,
    0.4516649842262268,
    0.45337149500846863,
    0.455203652381897,
    0.4571639895439148,
    0.4696928858757019,
    0.4719680845737457,
    0.474383145570755,
    0.47694137692451477,
    0.479646235704422,
    0.49322396516799927,
    0.4963010549545288,
    0.49954086542129517,
    0.5138817429542542,
    0.5175394415855408,
    0.5213791728019714,
    0.5254068970680237,
    0.5408976674079895,
    0.5454151630401611,
    0.5616070032119751,
    0.5666614770889282,
    0.5719502568244934,
    0.5774825215339661,
    0.5951716303825378,
    0.601344883441925,
    0.6199548244476318,
    0.6268370747566223,
    0.6464640498161316,
    0.654133677482605,
    0.6748866438865662,
    0.6834336519241333,
    0.6923729181289673,
    0.7149646878242493,
    0.7383598685264587,
    0.748989462852478,
    0.7739402651786804,
    0.7998442053794861,
