{
  "step": 1200,
  "timestamp": 38.4,
  "robot_pose_odom": {
    "x": -2.576331110734268,
    "y": 1.0991669116819611,
    "yaw_fused": 0.8873630880915891,
    "yaw_imu": 0.8867235633342221
  },
  "lidar_pose_relative_to_robot": {
    "x_offset": 0.0,
    "y_offset": 0.0,
    "yaw_offset": 0.0
  },
  "lidar_meta": {
    "fov": 6.283184,
    "horizontal_resolution": 400,
    "angle_min": -3.141592,
    "angle_increment": 0.015747328320802004
  },
  "ranges": [
    1.176740050315857,
    1.0952141284942627,
    1.0201605558395386,
    0.9868515729904175,
    0.8898096680641174,
    0.8516972064971924,
    0.8023891448974609,
    0.7712932825088501,
    0.739738941192627,
    0.7065370082855225,
    0.6754215955734253,
    0.648283064365387,
    0.6199114322662354,
    0.5945743918418884,
    0.574276328086853,
    0.5402802228927612,
    0.5402820110321045,
    0.5251742005348206,
    0.5174840092658997,
    0.49671512842178345,
    0.476643443107605,
    0.4702913463115692,
    null,
    null,
    null,
    null,
    0.41789156198501587,
    0.40114742517471313,
    0.39688774943351746,
    0.3928135335445404,
    0.37713176012039185,
    0.37351879477500916,
    null,
    0.355302631855011,
    0.35224753618240356,
    0.3493298888206482,
    0.34654513001441956,
    0.33279532194137573,
    0.33034446835517883,
    0.3280097246170044,
    0.32578760385513306,
    0.312885582447052,
    0.3103661835193634,
    0.3091169595718384,
    0.2976882755756378,
    0.2966448664665222,
    0.2956814467906952,
    0.29479673504829407,
    0.28385210037231445,
    0.28314676880836487,
    0.2825144827365875,
    0.2819543778896332,
    0.2814658284187317,
    0.27101075649261475,
    0.270675927400589,
    0.2704085111618042,
    0.27020832896232605,
    0.2700749337673187,
    0.2600080072879791,
    0.2600080072879791,
    0.26007217168807983,
    0.2602006196975708,
    0.250378280878067,
    0.250625878572464,
    0.2509359121322632,
    0.25130876898765564,
    0.25174498558044434,
    0.2421552538871765,
    0.24269722402095795,
    0.24330179393291473,
    0.24396972358226776,
    0.24470186233520508,
    0.24549919366836548,
    0.24636271595954895,
    0.23698963224887848,
    0.23794735968112946,
    0.23897208273410797,
    0.24006524682044983,
    0.2412281334400177,
    0.23192065954208374,
    0.23317134380340576,
    0.23449371755123138,
    0.235889732837677,
    0.2373613715171814,
    0.22371263802051544,
    0.24054040014743805,
    0.24225251376628876,
    0.2329566478729248,
    0.2347562611103058,
    0.2366427183151245,
    0.2386191338300705,
    0.24068871140480042,
    0.23129040002822876,
    0.2334490865468979,
    0.2357071489095688,
    null,
    null,
    null,
    null,
    null,
    null,
    null,
    null,
    null,
    null,
    null,
    null,
    null,
    null,
    null,
    null,
    null,
    null,
    null,
    null,
    null,
    0.2674080431461334,
    0.2641695439815521,
    0.26107215881347656,
    0.27040043473243713,
    0.2674316465854645,
    0.27661874890327454,
    0.27377912402153015,
    0.2828488051891327,
    0.28013908863067627,
    0.27754873037338257,
    0.2865343689918518,
    0.2954334020614624,
    0.29298636317253113,
    0.30182960629463196,
    0.2995157837867737,
    0.3083215057849884,
    0.3061424195766449,
    0.3149280250072479,
    0.312885582447052,
    0.32166787981987,
    0.32367464900016785,
    0.3366471827030182,
    0.33894336223602295,
    0.3523674011230469,
    0.3549816310405731,
    0.3577239215373993,
    0.37186723947525024,
    0.37497302889823914,
    0.3782252371311188,
    0.3931938707828522,
    0.3968636393547058,
    0.4007023572921753,
    0.41662025451660156,
    0.42094141244888306,
    0.43761521577835083,
    0.44247326254844666,
    0.4599841237068176,
    0.46544143557548523,
    0.4838811457157135,
    0.5029041171073914,
    0.5094820857048035,
    0.5296036601066589,
    0.5369890928268433,
    0.5583378076553345,
    0.5804554224014282,
    0.6033914685249329,
    0.624404788017273,
    0.629558801651001,
    0.6626651883125305,
    0.6957123279571533,
    0.740481972694397,
    0.7915943264961243,
    0.7892808318138123,
    0.8519748449325562,
    0.9014057517051697,
    0.9075361490249634,
    0.9066392183303833,
    0.9149425625801086,
    0.914044201374054,
    0.9186562895774841,
    0.9261642098426819,
    0.9341598749160767,
    0.9404946565628052,
    0.9473771452903748,
    0.9541072249412537,
    0.9607095122337341,
    0.9672072529792786,
    0.9736217856407166,
    0.9799731373786926,
    0.9862802624702454,
    0.9838837385177612,
    1.0096204280853271,
    1.0158299207687378,
    1.0244266986846924,
    1.0389351844787598,
    1.0420830249786377,
    1.0620275735855103,
    1.0608803033828735,
    1.0852465629577637,
    1.116683006286621,
    1.1190272569656372,
    1.132595181465149,
    1.139958381652832,
    1.1576359272003174,
    1.1772710084915161,
    1.1876423358917236,
    1.2110192775726318,
    1.229013204574585,
    1.2471469640731812,
    1.2654441595077515,
    1.2839287519454956,
    1.3038848638534546,
    1.3326772451400757,
    1.360757827758789,
    1.380218267440796,
    1.4000166654586792,
    1.410043478012085,
    1.4103914499282837,
    1.411087989807129,
    1.4121334552764893,
    1.4235548973083496,
    1.4253159761428833,
    1.427433729171753,
    1.429911494255066,
    1.4428417682647705,
    1.446070909500122,
    1.4496731758117676,
    1.4638183116912842,
    1.468211054801941,
    1.4729951620101929,
    1.478176236152649,
    1.4940651655197144,
    1.5001028776168823,
    0.4883342683315277,
    0.4905681312084198,
    0.4824562668800354,
    0.48492497205734253,
    0.487540066242218,
    0.479646235704422,
    0.48250171542167664,
    0.4855118989944458,
    0.5277810096740723,
    0.5489341020584106,
    0.5395141839981079,
    0.5298949480056763,
    0.5307611227035522,
    0.5183602571487427,
    0.5109575986862183,
    0.508216381072998,
    0.49727436900138855,
    0.4902431070804596,
    0.49498501420021057,
    0.47613728046417236,
    0.48107588291168213,
    0.4740830957889557,
    0.46416595578193665,
    0.45998406410217285,
    0.4528617858886719,
    0.45841357111930847,
    0.45132410526275635,
    0.44416379928588867,
    0.4369228780269623,
    0.42959117889404297,
    0.43577566742897034,
    0.4284312427043915,
    0.41398897767066956,
    0.42097097635269165,
    0.42843160033226013,
    0.42215803265571594,
    0.4161667227745056,
    0.4104430079460144,
    0.4180367588996887,
    0.41263940930366516,
    0.407478928565979,
    0.4025440514087677,
    0.4102562367916107,
    0.4056006073951721,
    0.40114742517471313,
    0.39688774943351746,
    0.40471699833869934,
    0.40070250630378723,
    0.396863728761673,
    0.3931940197944641,
    0.40114811062812805,
    0.3976988196372986,
    0.39440470933914185,
    0.4024394750595093,
    0.39935439825057983,
    0.3964133560657501,
    0.3936116695404053,
    0.3909451365470886,
    0.39919885993003845,
    0.39313051104545593,
    0.3967237174510956,
    0.3991987705230713,
    0.39094507694244385,
    0.3936116099357605,
    0.39641329646110535,
    0.39935433864593506,
    0.3912605345249176,
    0.39440467953681946,
    0.39769867062568665,
    0.4011479914188385,
    0.40475839376449585,
    0.3968636393547058,
    0.4007023572921753,
    0.4761374294757843,
    0.48107588291168213,
    0.47408315539360046,
    0.46705514192581177,
    0.47241610288619995,
    0.46544143557548523,
    0.47114744782447815,
    0.46421921253204346,
    0.4702911674976349,
    0.46340325474739075,
    0.4564407467842102,
    0.46301183104515076,
    0.4560721218585968,
    0.44205448031425476,
    0.456016480922699,
    0.4560721218585968,
    0.46301183104515076,
    0.456440806388855,
    0.4501631259918213,
    0.457227498292923,
    0.4513242542743683,
    0.45841357111930847,
    0.45286184549331665,
    0.4599841237068176,
