{
  "step": 1495,
  "timestamp": 47.84,
  "robot_pose_odom": {
    "x": -1.4536639522569963,
    "y": 1.2096790671969,
    "yaw_fused": -1.6173669104226909,
    "yaw_imu": -1.6023342496906674
  },
  "lidar_pose_relative_to_robot": {
    "x_offset": 0.0,
    "y_offset": 0.0,
    "yaw_offset": 0.0
  },
  "lidar_meta": {
    "fov": 6.283184,
    "horizontal_resolution": 400,
    "angle_min": -3.141592,
    "angle_increment": 0.015747328320802004
  },
  "ranges": [
    0.682805597782135,
    0.7048841714859009,
    0.6967347264289856,
    0.6884921193122864,
    0.6801377534866333,
    0.6717489957809448,
    0.6630128026008606,
    0.6541988253593445,
    0.6451858282089233,
    0.6359481811523438,
    0.6303754448890686,
    0.6282524466514587,
    0.618276834487915,
    0.612838864326477,
    0.6070752143859863,
    0.6133717894554138,
    0.5956429243087769,
    0.6022552847862244,
    0.5967361330986023,
    0.5955544710159302,
    0.5857508182525635,
    0.5802740454673767,
    null,
    null,
    null,
    0.5583378076553345,
    0.5666350722312927,
    0.5612943768501282,
    0.5612943768501282,
    0.5528146624565125,
    0.5583378076553345,
    0.5504139065742493,
    0.5296036601066589,
    0.5225456953048706,
    0.5286940932273865,
    0.5093483924865723,
    0.5031797885894775,
    0.497280091047287,
    0.49163690209388733,
    0.48623907566070557,
    0.48107588291168213,
    0.4761373698711395,
    0.4714144468307495,
    0.46689826250076294,
    0.46258094906806946,
    0.45845475792884827,
    0.45451274514198303,
    0.45074817538261414,
    0.44715481996536255,
    0.4437269866466522,
    0.4404591917991638,
    0.4373461902141571,
    0.434383362531662,
    0.43156617879867554,
    0.4288904070854187,
    0.42635220289230347,
    0.42394787073135376,
    0.4216739535331726,
    0.4195272624492645,
    0.41750475764274597,
    0.4156036972999573,
    0.41382157802581787,
    0.4121559262275696,
    0.4106045067310333,
    0.40916532278060913,
    0.4078364670276642,
    0.4066161811351776,
    0.40550297498703003,
    0.40449535846710205,
    0.4035920798778534,
    0.40279194712638855,
    0.4020940065383911,
    0.40149742364883423,
    0.4010013937950134,
    0.4006052315235138,
    0.40030863881111145,
    0.40011101961135864,
    0.4000123143196106,
    0.4000123143196106,
    0.40011101961135864,
    0.40030863881111145,
    0.4006052315235138,
    0.4010013937950134,
    0.40149742364883423,
    0.4020940065383911,
    0.40279194712638855,
    0.4035920798778534,
    0.40449535846710205,
    0.40550297498703003,
    0.4066161811351776,
    0.4078364074230194,
    0.40916532278060913,
    0.4106045067310333,
    0.4121558964252472,
    0.4138214886188507,
    0.4156036078929901,
    0.41750475764274597,
    0.41952717304229736,
    0.42167389392852783,
    0.9117509126663208,
    0.9048170447349548,
    0.8978852033615112,
    0.8909397721290588,
    0.8752877712249756,
    0.8746923208236694,
    0.8809181451797485,
    0.8737833499908447,
    0.866597592830658,
    0.8592914342880249,
    0.8522112369537354,
    0.8596025705337524,
    0.8479786515235901,
    0.8404167294502258,
    0.8485457301139832,
    0.833240270614624,
    0.8418828248977661,
    0.8266064524650574,
    0.8357828259468079,
    0.820512056350708,
    0.83024662733078,
    0.8276911973953247,
    0.8252784013748169,
    0.8191217184066772,
    0.8208854794502258,
    0.8189082145690918,
    0.8170793652534485,
    0.8154013156890869,
    0.8138765096664429,
    0.8138772249221802,
    0.8154020309448242,
    0.817080020904541,
    0.81890869140625,
    0.8208860158920288,
    0.8099462389945984,
    0.8174871206283569,
    0.814957857131958,
    0.8176676034927368,
    0.8176678419113159,
    2.0496952533721924,
    2.03896164894104,
    2.065458059310913,
    2.057204246520996,
    2.0791049003601074,
    2.076970100402832,
    2.0891504287719727,
    2.101348638534546,
    2.102862596511841,
    2.1129870414733887,
    2.124455213546753,
    2.1358273029327393,
    2.147141456604004,
    2.149428606033325,
    1.448691725730896,
    1.3839049339294434,
    1.3850315809249878,
    1.3352899551391602,
    1.283172369003296,
    1.2291682958602905,
    1.1999688148498535,
    1.1646040678024292,
    1.1283631324768066,
    1.099783182144165,
    1.06951904296875,
    1.0673986673355103,
    1.0750254392623901,
    1.0844746828079224,
    1.0924136638641357,
    1.1018860340118408,
    1.1207184791564941,
    1.130231261253357,
    1.1400617361068726,
    1.160062313079834,
    1.1704071760177612,
    1.18076491355896,
    1.2013726234436035,
    1.2233693599700928,
    1.2341731786727905,
    1.2576957941055298,
    1.277356505393982,
    0.6750456094741821,
    0.66618412733078,
    0.6573963761329651,
    0.650585949420929,
    0.6525382995605469,
    0.6677455902099609,
    0.6809298396110535,
    0.6862637400627136,
    0.7083512544631958,
    0.7226290702819824,
    0.737313985824585,
    0.7524275779724121,
    0.7711149454116821,
    0.7946393489837646,
    0.8112505674362183,
    0.8228293657302856,
    0.856903076171875,
    0.883965015411377,
    0.905241847038269,
    0.9249158501625061,
    0.9488582015037537,
    0.9890947937965393,
    1.0311920642852783,
    1.0574800968170166,
    1.0966624021530151,
    1.1524248123168945,
    1.1781920194625854,
    1.235435128211975,
    1.2932896614074707,
    1.3286491632461548,
    1.4222493171691895,
    1.4380379915237427,
    1.4268347024917603,
    1.4171652793884277,
    1.4140337705612183,
    1.400448203086853,
    1.4069854021072388,
    1.4029680490493774,
    1.3985453844070435,
    1.3936522006988525,
    1.3758573532104492,
    1.3681890964508057,
    1.3821520805358887,
    1.3820374011993408,
    1.3800339698791504,
    1.369322657585144,
    1.3764878511428833,
    1.3847466707229614,
    1.366868019104004,
    1.374650239944458,
    1.3711657524108887,
    1.3703656196594238,
    2.0496952533721924,
    2.03896164894104,
    2.053431510925293,
    2.0453007221221924,
    2.067319393157959,
    2.065661668777466,
    2.0547187328338623,
    2.078425884246826,
    2.079026460647583,
    2.0705723762512207,
    2.095804452896118,
    2.0914547443389893,
    2.1031441688537598,
    2.0970113277435303,
    2.11543607711792,
    0.4298984408378601,
    0.40187573432922363,
    0.38384920358657837,
    0.36488771438598633,
    0.36081066727638245,
    0.3633788526058197,
    0.3549816310405731,
    0.3577239215373993,
    0.3493298590183258,
    0.34088456630706787,
    0.3438411056995392,
    0.3353712260723114,
    0.33850133419036865,
    0.341775506734848,
    0.3332962095737457,
    0.33675312995910645,
    0.3403674066066742,
    0.34414589405059814,
    0.3356640636920929,
    0.33964642882347107,
    0.3438102602958679,
    0.3481644093990326,
    0.3527183532714844,
    0.3447241485118866,
    0.3490429222583771,
    0.354067862033844,
    0.35932955145835876,
    0.3858547508716583,
    0.37887370586395264,
    0.39314842224121094,
    0.7353716492652893,
    0.7249352931976318,
    0.7149649262428284,
    0.705436646938324,
    0.6963288187980652,
    0.6876203417778015,
    0.6792927384376526,
    0.6588961482048035,
    0.651418924331665,
    0.6442667841911316,
    0.6374255418777466,
    0.6308820247650146,
    0.6246241331100464,
    0.6186401844024658,
    0.6129197478294373,
    0.6074525713920593,
    0.6022294163703918,
    0.5972413420677185,
    0.5978347063064575,
    0.576845109462738,
    0.5725969672203064,
    0.5685500502586365,
    0.5646983981132507,
    0.5610360503196716,
    0.5575575232505798,
    0.554257869720459,
    0.5097888112068176,
    0.4470595717430115,
    0.4008755087852478,
    0.3644835650920868,
    0.3288423717021942,
    0.2799648940563202,
    0.2719990909099579,
    0.25319504737854004,
    0.23812229931354523,
    0.22196100652217865,
    0.2115575522184372,
    null,
    null,
    null,
    null,
    null,
    null,
    null,
    null,
