{
  "step": 1395,
  "timestamp": 44.64,
  "robot_pose_odom": {
    "x": -1.7761352462771238,
    "y": 1.7384574520393725,
    "yaw_fused": -0.8580285054668926,
    "yaw_imu": -0.8710946778627433
  },
  "lidar_pose_relative_to_robot": {
    "x_offset": 0.0,
    "y_offset": 0.0,
    "yaw_offset": 0.0
  },
  "lidar_meta": {
    "fov": 6.283184,
    "horizontal_resolution": 400,
    "angle_min": -3.141592,
    "angle_increment": 0.015747328320802004
  },
  "ranges": [
    0.3345399498939514,
    0.33370867371559143,
    0.3329634666442871,
    0.3222335875034332,
    0.32167521119117737,
    0.3211979568004608,
    0.31077608466148376,
    0.3104690611362457,
    0.3102392256259918,
    0.3000832796096802,
    0.30000925064086914,
    0.30000925064086914,
    0.2900805175304413,
    0.29022377729415894,
    0.29043880105018616,
    0.2907260060310364,
    0.2810482084751129,
    0.2814658284187317,
    0.2819543778896332,
    0.2825144827365875,
    0.28314676880836487,
    0.27526041865348816,
    null,
    null,
    null,
    null,
    0.26790133118629456,
    0.26898396015167236,
    0.2701423466205597,
    0.2609404921531677,
    0.26220449805259705,
    0.2635461986064911,
    null,
    null,
    0.25733423233032227,
    0.2589396834373474,
    0.2606300413608551,
    0.26240769028663635,
    0.2532639801502228,
    0.2551429867744446,
    0.2571139931678772,
    0.25918012857437134,
    0.2613447606563568,
    0.2521500885486603,
    0.2544194459915161,
    0.2567940056324005,
    0.259277880191803,
    0.2618755102157593,
    0.25256484746932983,
    0.25527551770210266,
    0.2581093907356262,
    0.261072039604187,
    0.2641693949699402,
    0.25467419624328613,
    0.2578994929790497,
    null,
    null,
    null,
    null,
    null,
    null,
    null,
    null,
    null,
    0.2684946358203888,
    0.26480191946029663,
    0.2743366062641144,
    0.2707946300506592,
    0.28014177083969116,
    0.27674904465675354,
    0.2735041677951813,
    0.2826913297176361,
    0.27958759665489197,
    0.2886456549167633,
    0.2856825888156891,
    0.2946341931819916,
    0.2918115556240082,
    0.28911325335502625,
    0.29799574613571167,
    0.2954334020614624,
    0.30425503849983215,
    0.31300848722457886,
    0.31060898303985596,
    0.3083215057849884,
    0.31707605719566345,
    0.3149280250072479,
    0.323674738407135,
    0.34311240911483765,
    0.34525299072265625,
    0.34750673174858093,
    0.3498769998550415,
    0.3633788526058197,
    0.366074800491333,
    0.3689027726650238,
    0.3605985641479492,
    0.3636102080345154,
    0.3667638599872589,
    0.37006479501724243,
    0.373518705368042,
    0.3653462529182434,
    0.36900651454925537,
    0.37283381819725037,
    0.36467933654785156,
    0.3687277138233185,
    0.37296006083488464,
    0.3773849308490753,
    0.38201141357421875,
    0.3739543557167053,
    0.3788456618785858,
    0.3839626908302307,
    0.37589237093925476,
    0.3813038468360901,
    0.38697031140327454,
    0.3929060995578766,
    0.3929060995578766,
    0.38697031140327454,
    0.39492183923721313,
    0.40274184942245483,
    0.397202730178833,
    0.40497294068336487,
    0.39974433183670044,
    0.4074787497520447,
    0.4151233434677124,
    0.4102560877799988,
    0.41789141297340393,
    0.42545920610427856,
    0.43296828866004944,
    0.42852362990379333,
    0.4360584020614624,
    0.4435533881187439,
    0.4394519031047821,
    0.4469934105873108,
    0.4548823833465576,
    0.46201691031455994,
    0.4641580283641815,
    0.4770065248012543,
    0.4734936058521271,
    0.483332097530365,
    0.49301981925964355,
    0.5070902705192566,
    0.5039462447166443,
    0.510441243648529,
    0.5190733075141907,
    0.5286524295806885,
    0.5376184582710266,
    0.5465131402015686,
    0.5553517937660217,
    0.5738598704338074,
    0.5832244753837585,
    0.5953765511512756,
    0.5932897329330444,
    0.6015588045120239,
    0.5997588634490967,
    0.6082544326782227,
    0.6067430377006531,
    0.6145066022872925,
    0.624327540397644,
    0.6232457756996155,
    0.631926953792572,
    0.6416022181510925,
    0.640968382358551,
    0.6503557562828064,
    0.6601007580757141,
    0.6700206398963928,
    0.6700206398963928,
    0.6802711486816406,
    0.6905324459075928,
    0.6910440325737,
    0.702067494392395,
    0.7130894660949707,
    0.7243452072143555,
    0.7350953221321106,
    0.7365555763244629,
    0.7470832467079163,
    0.7704556584358215,
    0.772570788860321,
    0.7874338626861572,
    0.8007243275642395,
    0.8143762946128845,
    0.8202143907546997,
    0.842843234539032,
    0.86705482006073,
    0.8834406733512878,
    0.904704749584198,
    1.359898328781128,
    1.3672319650650024,
    1.364327073097229,
    1.372449278831482,
    1.3810116052627563,
    1.3791671991348267,
    1.3885741233825684,
    1.398457646369934,
    1.395162582397461,
    1.397358775138855,
    1.4085876941680908,
    2.6929872035980225,
    2.716343879699707,
    2.7176623344421387,
    2.7430267333984375,
    2.7577736377716064,
    2.7714076042175293,
    2.1008927822113037,
    2.0219573974609375,
    1.954991102218628,
    1.8782824277877808,
    1.8319149017333984,
    1.7844951152801514,
    1.7303440570831299,
    1.6866103410720825,
    1.6814911365509033,
    1.6915152072906494,
    1.7022488117218018,
    1.7275452613830566,
    1.7400119304656982,
    1.7680063247680664,
    1.7628304958343506,
    1.8068077564239502,
    1.2753496170043945,
    1.2440868616104126,
    1.250221610069275,
    1.2457098960876465,
    1.2866965532302856,
    1.299630880355835,
    1.3206374645233154,
    0.4424734115600586,
    0.43761539459228516,
    0.4449954032897949,
    0.44042733311653137,
    0.4360586106777191,
    0.4435535669326782,
    0.4394521415233612,
    0.43553224205970764,
    0.43178728222846985,
    0.4282108247280121,
    0.43597611784935,
    0.4326339066028595,
    0.42944779992103577,
    0.4264126420021057,
    0.43438345193862915,
    0.4315662980079651,
    0.4345126748085022,
    0.42889049649238586,
    0.4315662086009979,
    0.42352384328842163,
    0.42641258239746094,
    0.429447740316391,
    0.4326338768005371,
    0.4247971475124359,
    0.4282107949256897,
    0.4317871332168579,
    0.4355320930480957,
    0.4278874397277832,
    0.43188101053237915,
    0.4360584318637848,
    0.44042715430259705,
    0.4449952244758606,
    0.43761521577835083,
    0.44247326254844666,
    0.4475520849227905,
    0.4528619050979614,
    0.44567999243736267,
    0.4513242542743683,
    0.45722752809524536,
    0.4501631557941437,
    0.4564407467842102,
    0.46301183104515076,
    0.4560721218585968,
    0.4630678594112396,
    0.47004881501197815,
    0.4698925316333771,
    0.4766298234462738,
    0.4832902252674103,
    0.4898833930492401,
    0.4833548069000244,
    0.4900091886520386,
    0.4966147243976593,
    0.5074977874755859,
    0.5097121000289917,
    0.5162187814712524,
    0.5105510354042053,
    0.5171566009521484,
    0.5258429646492004,
    0.5303412675857544,
    0.5372963547706604,
    0.5473008751869202,
    0.5501457452774048,
    0.557147741317749,
    0.5663048624992371,
    3.0790746212005615,
    2.9985177516937256,
    2.8415446281433105,
    2.6649153232574463,
    2.508617401123047,
    2.366938352584839,
    2.252509117126465,
    2.140031099319458,
    2.0437088012695312,
    1.9514240026474,
    1.871545672416687,
    1.8386873006820679,
    1.7221511602401733,
    1.6540156602859497,
    1.5704094171524048,
    1.5432329177856445,
    1.4917809963226318,
    1.440772294998169,
    1.3951622247695923,
    1.363073468208313,
    1.3284225463867188,
    1.294408917427063,
    1.260987401008606,
    1.224658727645874,
    1.1953179836273193,
    1.172298789024353,
    1.1421682834625244,
    1.121155858039856,
    1.1001405715942383,
    1.0700862407684326,
    1.049979329109192,
    1.0301212072372437,
    1.0110706090927124,
