{
  "step": 1085,
  "timestamp": 34.72,
  "robot_pose_odom": {
    "x": -3.054776801065484,
    "y": 0.37339892742357755,
    "yaw_fused": 1.060667798733201,
    "yaw_imu": 1.0608287104312017
  },
  "lidar_pose_relative_to_robot": {
    "x_offset": 0.0,
    "y_offset": 0.0,
    "yaw_offset": 0.0
  },
  "lidar_meta": {
    "fov": 6.283184,
    "horizontal_resolution": 400,
    "angle_min": -3.141592,
    "angle_increment": 0.015747328320802004
  },
  "ranges": [
    1.1543052196502686,
    1.1560202836990356,
    1.158026933670044,
    1.1603273153305054,
    1.1629241704940796,
    1.1658210754394531,
    1.1690216064453125,
    1.1646825075149536,
    1.0353100299835205,
    0.9374615550041199,
    0.8574536442756653,
    0.7881693840026855,
    0.7252355217933655,
    0.683035671710968,
    0.6374547481536865,
    0.596204936504364,
    0.5731185674667358,
    0.5471431016921997,
    0.5090990662574768,
    0.4871810972690582,
    0.4647798240184784,
    0.43284326791763306,
    null,
    null,
    null,
    null,
    0.374603807926178,
    0.36284753680229187,
    0.35070428252220154,
    0.3381381928920746,
    0.33486902713775635,
    0.32139265537261963,
    0.31586754322052,
    null,
    0.29209303855895996,
    0.28593602776527405,
    0.2767488956451416,
    0.2801416516304016,
    0.27079445123672485,
    0.2651604413986206,
    null,
    null,
    null,
    null,
    null,
    null,
    null,
    null,
    null,
    null,
    null,
    null,
    null,
    null,
    null,
    null,
    null,
    null,
    null,
    null,
    null,
    null,
    null,
    null,
    null,
    null,
    null,
    null,
    null,
    null,
    null,
    null,
    null,
    null,
    null,
    null,
    null,
    null,
    null,
    null,
    null,
    null,
    null,
    null,
    null,
    null,
    null,
    null,
    null,
    null,
    null,
    null,
    null,
    null,
    null,
    null,
    null,
    null,
    null,
    null,
    null,
    null,
    null,
    null,
    null,
    null,
    null,
    null,
    null,
    null,
    null,
    null,
    null,
    null,
    null,
    null,
    null,
    null,
    null,
    null,
    null,
    null,
    null,
    null,
    null,
    null,
    null,
    null,
    null,
    null,
    null,
    null,
    null,
    null,
    null,
    null,
    null,
    null,
    null,
    null,
    null,
    null,
    0.20074871182441711,
    0.2005006968975067,
    0.21031774580478668,
    0.21016204357147217,
    0.22006107866764069,
    0.2200067937374115,
    0.2200067937374115,
    0.23006384074687958,
    0.23017746210098267,
    0.23034800589084625,
    0.2406008392572403,
    0.2408984750509262,
    0.24125641584396362,
    0.25174498558044434,
    0.25224506855010986,
    0.2629219889640808,
    0.2635769248008728,
    0.2744659185409546,
    0.2752895653247833,
    0.2864157259464264,
    0.28742316365242004,
    0.30291038751602173,
    0.31036612391471863,
    0.32209283113479614,
    0.323566198348999,
    0.33290040493011475,
    0.3494411110877991,
    0.36009275913238525,
    0.37305817008018494,
    0.37527909874916077,
    0.38384953141212463,
    0.40832558274269104,
    0.42416107654571533,
    0.44041088223457336,
    0.45224276185035706,
    0.48604562878608704,
    0.5154901146888733,
    0.533683180809021,
    0.5655232071876526,
    0.5938177108764648,
    0.6295865178108215,
    0.6502220630645752,
    0.7302938103675842,
    0.7792260646820068,
    0.8606511354446411,
    0.9210848212242126,
    1.017628788948059,
    1.0854071378707886,
    1.2819619178771973,
    1.5546497106552124,
    1.6915841102600098,
    1.7609316110610962,
    1.7720634937286377,
    1.7885738611221313,
    1.7966469526290894,
    1.8101736307144165,
    1.8311877250671387,
    1.8257547616958618,
    1.8474321365356445,
    1.8842089176177979,
    1.9056094884872437,
    1.925642728805542,
    1.9444538354873657,
    1.9749082326889038,
    2.0087778568267822,
    2.01967453956604,
    2.0439155101776123,
    2.0730040073394775,
    2.095201253890991,
    2.1250858306884766,
    2.18314790725708,
    2.193330764770508,
    2.1975224018096924,
    2.2539734840393066,
    2.250209093093872,
    1.3071699142456055,
    1.2802157402038574,
    1.3030576705932617,
    1.3212801218032837,
    1.329404354095459,
    1.2792763710021973,
    1.2328567504882812,
    1.1939568519592285,
    1.179867148399353,
    1.1191800832748413,
    1.0620843172073364,
    1.0431994199752808,
    1.0241650342941284,
    0.9906525015830994,
    0.9618526101112366,
    0.9410417675971985,
    0.920388400554657,
    0.9283710718154907,
    0.9367265701293945,
    1.295279622077942,
    1.3012694120407104,
    0.9094911217689514,
    0.7867922782897949,
    0.6937114000320435,
    0.6275708675384521,
    0.5679759383201599,
    0.5197027921676636,
    0.5093485713005066,
    0.5029041171073914,
    0.5094820857048035,
    0.5163636207580566,
    0.5101396441459656,
    0.5174837708473206,
    2.547661781311035,
    2.4627845287323,
    2.4696953296661377,
    2.432384729385376,
    2.4103851318359375,
    2.365125894546509,
    2.343496322631836,
    2.3122646808624268,
    2.305784225463867,
    2.3915703296661377,
    1.7737089395523071,
    1.7529124021530151,
    1.7330201864242554,
    1.7139928340911865,
    1.695792555809021,
    1.6783843040466309,
    1.661736011505127,
    1.6574889421463013,
    1.6421624422073364,
    1.6275144815444946,
    1.6135203838348389,
    1.6001560688018799,
    1.5873997211456299,
    1.5863239765167236,
    1.5746415853500366,
    1.5635126829147339,
    1.5529205799102783,
    1.542849063873291,
    1.5332832336425781,
    1.5242091417312622,
    1.5156136751174927,
    1.5180262327194214,
    1.5102981328964233,
    1.5030171871185303,
    1.49617338180542,
    1.4897576570510864,
    1.4837614297866821,
    1.478176236152649,
    1.4729951620101929,
    1.4807562828063965,
    0.9962096810340881,
    0.9934822916984558,
    0.9910136461257935,
    1.0330455303192139,
    1.2652902603149414,
    1.4575908184051514,
    1.4554282426834106,
    1.5037553310394287,
    1.5022697448730469,
    3.0229134559631348,
    2.9804975986480713,
    2.940197229385376,
    2.8999834060668945,
    2.860464572906494,
    2.8215935230255127,
    2.783320426940918,
    2.7459144592285156,
    2.721439838409424,
    2.6822495460510254,
    2.65616512298584,
    2.6363518238067627,
    2.5951831340789795,
    2.5703063011169434,
    2.545769691467285,
    2.5215396881103516,
    2.51469349861145,
    2.4944543838500977,
    2.4359381198883057,
    2.4014368057250977,
    2.3668696880340576,
    2.332179546356201,
    2.2945873737335205,
    2.2711775302886963,
    2.2477126121520996,
    2.231234312057495,
    2.2092020511627197,
    1.2872475385665894,
    1.2444876432418823,
    1.198522686958313,
    1.1670719385147095,
    1.1348648071289062,
    1.133949637413025,
    1.0647863149642944,
    1.0446407794952393,
    1.0393555164337158,
    0.9905215501785278,
    0.9680877327919006,
    0.9643719792366028,
    0.9263754487037659,
    0.9108759760856628,
    0.8938747644424438,
    0.8697664141654968,
    0.8549626469612122,
    0.8385083675384521,
    0.8282830715179443,
    0.8045926690101624,
    0.8007697463035583,
    0.7806839346885681,
    0.7675833702087402,
    0.748989462852478,
    0.7524783611297607,
    0.7227007746696472,
    0.7296830415725708,
    0.7186594009399414,
    0.7081360220909119,
    0.6980860829353333,
    0.6884849667549133,
    0.6793097257614136,
    0.6705390214920044,
    0.6621532440185547,
    0.6541340947151184,
    0.6464644074440002,
    0.6514191627502441,
    0.6442670822143555,
    0.6374257802963257,
    0.6308823227882385,
    null,
    0.6186404824256897,
    0.6129200458526611,
    0.6074528098106384,
    0.6022295951843262,
    0.5972414016723633,
    0.5924803614616394,
    0.5879383683204651,
    0.5836085677146912,
    0.5794838070869446,
    0.575558066368103,
