{
  "step": 765,
  "timestamp": 24.48,
  "robot_pose_odom": {
    "x": -2.9369024428891963,
    "y": -0.808066835365921,
    "yaw_fused": 2.7773400207324612,
    "yaw_imu": 2.778704129865222
  },
  "lidar_pose_relative_to_robot": {
    "x_offset": 0.0,
    "y_offset": 0.0,
    "yaw_offset": 0.0
  },
  "lidar_meta": {
    "fov": 6.283184,
    "horizontal_resolution": 400,
    "angle_min": -3.141592,
    "angle_increment": 0.015747328320802004
  },
  "ranges": [
    1.438353419303894,
    1.3896803855895996,
    1.3435661792755127,
    1.29982590675354,
    1.2582913637161255,
    1.2110307216644287,
    1.1812350749969482,
    1.1587681770324707,
    1.123894214630127,
    1.0911719799041748,
    1.057019829750061,
    1.0454145669937134,
    1.0134286880493164,
    0.9879855513572693,
    0.9712802767753601,
    0.9454694390296936,
    0.9367269277572632,
    0.9054485559463501,
    0.8976629972457886,
    0.8818284869194031,
    0.826298713684082,
    0.7440242767333984,
    null,
    null,
    null,
    0.59173583984375,
    0.5592945218086243,
    0.5439981818199158,
    0.5063900947570801,
    0.4967028796672821,
    0.4713610112667084,
    0.45552730560302734,
    null,
    null,
    0.4045634865760803,
    0.39347630739212036,
    0.3814132809638977,
    0.36177927255630493,
    0.35119137167930603,
    0.3402928411960602,
    0.33025461435317993,
    0.33009159564971924,
    0.32003650069236755,
    0.3100361227989197,
    0.3000832796096802,
    0.3002314865589142,
    0.2902173101902008,
    0.2810160517692566,
    0.27101075649261475,
    0.2714134454727173,
    0.26181477308273315,
    0.2623348534107208,
    0.2528096139431,
    0.25343936681747437,
    0.24396972358226776,
    0.24470186233520508,
    0.23527005314826965,
    0.23609758913516998,
    0.22668574750423431,
    0.2276018261909485,
    0.21819190680980682,
    0.21919000148773193,
    0.22025176882743835,
    0.20927679538726807,
    null,
    null,
    null,
    null,
    null,
    null,
    null,
    null,
    null,
    null,
    null,
    null,
    null,
    null,
    null,
    null,
    null,
    null,
    null,
    null,
    null,
    null,
    null,
    null,
    null,
    null,
    null,
    null,
    null,
    null,
    null,
    null,
    null,
    null,
    null,
    null,
    null,
    null,
    null,
    null,
    null,
    null,
    null,
    null,
    null,
    null,
    null,
    null,
    null,
    null,
    null,
    null,
    null,
    null,
    null,
    null,
    null,
    null,
    null,
    null,
    null,
    null,
    null,
    null,
    null,
    null,
    null,
    null,
    null,
    null,
    null,
    null,
    null,
    null,
    null,
    null,
    null,
    null,
    null,
    null,
    null,
    null,
    null,
    null,
    null,
    null,
    null,
    null,
    null,
    null,
    null,
    null,
    null,
    null,
    null,
    null,
    0.24749259650707245,
    0.24512159824371338,
    0.2428549975156784,
    0.25215014815330505,
    0.261344850063324,
    0.2591802179813385,
    0.2682929039001465,
    0.27732938528060913,
    0.275287002325058,
    0.28652629256248474,
    0.2932087779045105,
    0.2975361943244934,
    0.3081606924533844,
    0.3209455609321594,
    0.32882246375083923,
    0.338899165391922,
    0.34338879585266113,
    0.3586359918117523,
    0.368330180644989,
    0.387640118598938,
    0.3977543115615845,
    0.41403728723526,
    0.4222467243671417,
    0.44312232732772827,
    0.4536113142967224,
    0.4733736515045166,
    0.49797365069389343,
    0.5227268934249878,
    0.5452774167060852,
    0.5747120976448059,
    0.6105573773384094,
    0.6528878808021545,
    0.6901575326919556,
    0.7311462759971619,
    0.789724588394165,
    0.8500528335571289,
    0.8400259017944336,
    0.8402332067489624,
    0.8406481742858887,
    0.8412709832191467,
    0.8320779204368591,
    0.8331072330474854,
    0.8343451023101807,
    0.8357933163642883,
    0.8273637890815735,
    0.8292155265808105,
    0.8312811255455017,
    0.8335632085800171,
    0.8360646963119507,
    0.8285598158836365,
    0.8314741849899292,
    0.8346157073974609,
    0.837988555431366,
    0.8312072157859802,
    0.8350095152854919,
    0.8390543460845947,
    0.8433477878570557,
    0.8372970819473267,
    0.8420456051826477,
    0.8470585346221924,
    0.8523430824279785,
    0.8470475673675537,
    0.8528249859809875,
    0.8588952422142029,
    0.8652675747871399,
    0.860772967338562,
    0.8676900267601013,
    0.8749368190765381,
    0.8825252652168274,
    0.8789035677909851,
    0.8871065974235535,
    0.8956872224807739,
    0.8927574157714844,
    0.90201735496521,
    0.9116983413696289,
    0.921819269657135,
    0.9199681282043457,
    0.9308826327323914,
    0.9422945976257324,
    0.9413331151008606,
    0.9536457061767578,
    0.9665263891220093,
    0.9665800929069519,
    0.9804952144622803,
    0.9950660467147827,
    0.9893155097961426,
    1.017310619354248,
    1.0288851261138916,
    1.0395839214324951,
    1.0495022535324097,
    1.0596898794174194,
    1.0803941488265991,
    1.0882817506790161,
    0.636685848236084,
    0.6163955926895142,
    0.6091683506965637,
    0.6022554636001587,
    0.595643162727356,
    0.5772913098335266,
    0.5713651776313782,
    0.5656976103782654,
    0.5602781772613525,
    0.5550974607467651,
    0.538684606552124,
    0.5340526700019836,
    0.5296291708946228,
    0.5254071354866028,
    0.5102861523628235,
    0.5065281987190247,
    0.5029482245445251,
    0.4995409846305847,
    0.4963012635707855,
    0.4862403869628906,
    0.49322405457496643,
    0.48551201820373535,
    0.4734835624694824,
    0.4701472222805023,
    0.47349366545677185,
    0.46591341495513916,
    0.4695126414299011,
    0.46201691031455994,
    0.45451274514198303,
    0.45845481753349304,
    0.45101648569107056,
    0.44355347752571106,
    0.4478437900543213,
    0.44042715430259705,
    0.4449952244758606,
    0.43761521577835083,
    0.44247326254844666,
    0.4351201057434082,
    0.4402824342250824,
    0.4329462945461273,
    0.42553427815437317,
    0.4311002492904663,
    0.42368295788764954,
    0.4295912981033325,
    0.4221578538417816,
    0.4284314215183258,
    0.4209707975387573,
    0.4209707975387573,
    0.41461101174354553,
    0.4221578538417816,
    0.41616660356521606,
    0.42368292808532715,
    0.4180365800857544,
    0.4126392900943756,
    0.42021244764328003,
    0.4151233434677124,
    0.4226880967617035,
    0.41789141297340393,
    0.4133032262325287,
    0.42094141244888306,
    0.4166202247142792,
    0.4242730140686035,
    0.4202084541320801,
    0.41632285714149475,
    0.42407068610191345,
    0.42042434215545654,
    0.4282107949256897,
    0.4247971177101135,
    0.43263381719589233,
    0.4294477105140686,
    0.42641255259513855,
    0.434383362531662,
    0.44235533475875854,
    0.4396126866340637,
    0.4370110034942627,
    0.44514527916908264,
    0.44275763630867004,
    0.44050365686416626,
    0.4488176107406616,
    0.4467739760875702,
    0.4552037715911865,
    0.46367543935775757,
    0.4619300663471222,
    0.46031099557876587,
    0.46901193261146545,
    0.46760863065719604,
    0.47646600008010864,
    0.47528207302093506,
    0.4833391010761261,
    0.49342015385627747,
    0.4925651550292969,
    0.5018718242645264,
    0.501251757144928,
    0.5107716917991638,
    0.510393500328064,
    0.5201443433761597,
    0.5200160145759583,
    0.5300428867340088,
    0.5400675535202026,
    0.5504243969917297,
    0.550832211971283,
    0.5617169737815857,
    0.5721338987350464,
    0.572983980178833,
    0.5848023295402527,
    0.5962694883346558,
    0.6055098176002502,
    0.6199380159378052,
    0.6302551031112671,
    0.6321464776992798,
    0.6472873687744141,
    0.6603996157646179,
    0.6656559705734253,
    null,
    1.7003329992294312,
    1.7422490119934082,
    1.7880358695983887,
    1.8268600702285767,
    1.864581823348999,
