{
  "step": 845,
  "timestamp": 27.04,
  "robot_pose_odom": {
    "x": -3.313958789188494,
    "y": -0.6060043679934269,
    "yaw_fused": 2.350608277961874,
    "yaw_imu": 2.354033164997219
  },
  "lidar_pose_relative_to_robot": {
    "x_offset": 0.0,
    "y_offset": 0.0,
    "yaw_offset": 0.0
  },
  "lidar_meta": {
    "fov": 6.283184,
    "horizontal_resolution": 400,
    "angle_min": -3.141592,
    "angle_increment": 0.015747328320802004
  },
  "ranges": [
    0.5915025472640991,
    0.5531197786331177,
    0.5298945307731628,
    0.5065770149230957,
    0.48976367712020874,
    0.48215994238853455,
    0.4577052891254425,
    0.4423978924751282,
    0.43612661957740784,
    0.3974664807319641,
    0.3958626389503479,
    0.3853532075881958,
    0.3797457814216614,
    0.3635481595993042,
    0.346460223197937,
    0.3405148386955261,
    0.3323797583580017,
    0.3200385868549347,
    0.31515640020370483,
    0.318204790353775,
    0.30948933959007263,
    0.3038407564163208,
    null,
    null,
    null,
    0.2767489552497864,
    0.26740798354148865,
    0.25789955258369446,
    0.2612728774547577,
    null,
    null,
    null,
    null,
    null,
    null,
    null,
    null,
    null,
    null,
    null,
    null,
    null,
    null,
    null,
    null,
    null,
    null,
    null,
    null,
    null,
    null,
    null,
    null,
    null,
    null,
    null,
    null,
    null,
    null,
    null,
    null,
    null,
    null,
    null,
    null,
    null,
    null,
    null,
    null,
    null,
    null,
    null,
    null,
    null,
    null,
    null,
    null,
    null,
    null,
    null,
    null,
    null,
    null,
    null,
    null,
    null,
    null,
    null,
    null,
    null,
    null,
    null,
    null,
    null,
    null,
    null,
    null,
    null,
    null,
    null,
    null,
    null,
    null,
    null,
    null,
    null,
    null,
    null,
    null,
    null,
    null,
    null,
    null,
    null,
    null,
    null,
    null,
    null,
    null,
    null,
    null,
    null,
    null,
    null,
    null,
    null,
    null,
    null,
    null,
    null,
    null,
    null,
    null,
    null,
    null,
    null,
    0.2723599970340729,
    0.28191938996315,
    0.29128211736679077,
    0.3004639148712158,
    0.2965845763683319,
    0.30560919642448425,
    0.3144875466823578,
    0.32607683539390564,
    0.33185502886772156,
    0.34036752581596375,
    0.3456112742424011,
    0.35501211881637573,
    0.37225160002708435,
    0.3855552673339844,
    0.39696159958839417,
    0.4165267050266266,
    0.42005428671836853,
    0.43108025193214417,
    0.43597611784935,
    0.4326339066028595,
    0.42944779992103577,
    0.4264126420021057,
    0.423523873090744,
    0.42077717185020447,
    0.4345126748085022,
    0.4074459969997406,
    0.4099879264831543,
    0.40180468559265137,
    0.40454530715942383,
    0.39641329646110535,
    0.39935433864593506,
    0.4024393856525421,
    0.39440467953681946,
    0.39769867062568665,
    0.38968661427497864,
    0.3931938707828522,
    0.3968636393547058,
    0.3889169692993164,
    0.39281338453292847,
    0.38486072421073914,
    0.3889912962913513,
    0.3933095932006836,
    0.38539209961891174,
    0.3899644613265991,
    0.3947451412677765,
    0.3868493437767029,
    0.39190930128097534,
    0.3839626908302307,
    0.3893170952796936,
    0.3813038468360901,
    0.38697031140327454,
    0.3929060995578766,
    0.3929060995578766,
    0.38697031140327454,
    0.39492183923721313,
    0.389317125082016,
    0.397202730178833,
    0.39190927147865295,
    0.39974433183670044,
    0.3947450518608093,
    0.4025438725948334,
    0.39782407879829407,
    0.4056004583835602,
    0.4011472463607788,
    0.4089145362377167,
    0.4047167897224426,
    0.412487655878067,
    0.40853601694107056,
    0.41632285714149475,
    0.42407068610191345,
    0.42042434215545654,
    0.4282107949256897,
    0.4247971177101135,
    0.43263381719589233,
    0.4294477105140686,
    0.4373461902141571,
    0.434383362531662,
    0.45314449071884155,
    0.45033493638038635,
    0.45832860469818115,
    0.4557439684867859,
    0.46384134888648987,
    0.4614800214767456,
    0.47344979643821716,
    0.4779442846775055,
    0.4813852906227112,
    0.49458715319633484,
    0.4927254319190979,
    0.5040797591209412,
    0.5074465274810791,
    0.5165197253227234,
    0.5271538496017456,
    0.5258439779281616,
    0.5337881445884705,
    0.5445232391357422,
    0.5523032546043396,
    0.561664879322052,
    0.5711118578910828,
    0.5806559324264526,
    0.5903094410896301,
    0.6002489924430847,
    0.6100454926490784,
    0.6300459504127502,
    0.6402600407600403,
    0.6503559350967407,
    0.6712352633476257,
    0.6813873648643494,
    0.7030520439147949,
    0.7131409049034119,
    0.7358493208885193,
    0.745674192905426,
    0.7710075974464417,
    0.7938226461410522,
    0.8094009757041931,
    0.840762197971344,
    0.853543221950531,
    0.8999295830726624,
    0.9088521599769592,
    0.9614987969398499,
    1.021870732307434,
    1.0324909687042236,
    1.0884464979171753,
    1.1342182159423828,
    1.1754035949707031,
    1.2304879426956177,
    1.2648100852966309,
    1.3088258504867554,
    1.4812159538269043,
    1.5172029733657837,
    1.6073863506317139,
    1.6792140007019043,
    1.8426316976547241,
    2.0457990169525146,
    2.154874563217163,
    2.2682015895843506,
    2.6525609493255615,
    2.754699230194092,
    2.781344413757324,
    0.3928132653236389,
    0.3968876004219055,
    0.4011472463607788,
    0.3933095335960388,
    0.3978240489959717,
    0.4025438129901886,
    0.3947450518608093,
    0.3997442126274109,
    0.4049728512763977,
    0.39720261096954346,
    0.4027417004108429,
    0.3949216902256012,
    0.4007904827594757,
    0.3859243392944336,
    0.39988651871681213,
    0.40079084038734436,
    0.4085400104522705,
    0.4027419686317444,
    0.4104430079460144,
    0.4049731194972992,
    0.41263940930366516,
    0.407478928565979,
    0.4151235520839691,
    0.4102562367916107,
    0.41789156198501587,
    0.4133034348487854,
    0.4209415912628174,
    0.4166204333305359,
    0.42427322268486023,
    0.4202086329460144,
    0.42788761854171753,
    0.4240708649158478,
    0.4314171075820923,
    0.4394795298576355,
    0.43597611784935,
    0.4437270760536194,
    0.440459281206131,
    0.4482799768447876,
    0.44524306058883667,
    0.4639337956905365,
    0.4655492901802063,
    0.47397932410240173,
    0.47219517827033997,
    0.47791701555252075,
    0.48940378427505493,
    0.4879394471645355,
    0.4967411458492279,
    0.49550682306289673,
    0.5035187005996704,
    0.5128056406974792,
    0.5227222442626953,
    0.5219466686248779,
    0.531011700630188,
    0.5410386919975281,
    0.5504243969917297,
    0.5501527190208435,
    0.559990644454956,
    0.5700441002845764,
    0.5802433490753174,
    0.590600848197937,
    0.6006863117218018,
    0.611842155456543,
    0.6227525472640991,
    0.6338740587234497,
    0.6437131762504578,
    0.6668980717658997,
    0.6762965321540833,
    0.6909010410308838,
    0.7033286690711975,
    0.7113650441169739,
    0.7393495440483093,
    0.7459208369255066,
    0.7768896818161011,
    0.7814061641693115,
    0.826529860496521,
    0.8492041826248169,
    0.8650762438774109,
    0.8991773128509521,
    0.9215607643127441,
    0.9462710022926331,
    0.9920173287391663,
    1.0050604343414307,
    3.031980276107788,
    3.0135090351104736,
    2.9949772357940674,
    2.9917960166931152,
    2.97216796875,
    2.7745471000671387,
    2.724860906600952,
    2.7054572105407715,
    2.533147096633911,
    2.5117557048797607,
    null,
    2.3911476135253906,
    2.329403877258301,
    2.248034954071045,
    2.225391387939453,
    2.1517865657806396,
    2.091766834259033,
    2.014293670654297,
    1.9417680501937866,
    1.878677248954773,
    1.828575849533081,
    1.751516342163086,
