{
  "step": 185,
  "timestamp": 5.92,
  "robot_pose_odom": {
    "x": 3.7140342767273516e-09,
    "y": -1.580662946200103e-09,
    "yaw_fused": -1.8842501907710854,
    "yaw_imu": -1.8663317182318544
  },
  "lidar_pose_relative_to_robot": {
    "x_offset": 0.0,
    "y_offset": 0.0,
    "yaw_offset": 0.0
  },
  "lidar_meta": {
    "fov": 6.283184,
    "horizontal_resolution": 400,
    "angle_min": -3.141592,
    "angle_increment": 0.015747328320802004
  },
  "ranges": [
    2.422283887863159,
    2.436492443084717,
    2.41749906539917,
    2.4109456539154053,
    2.4078550338745117,
    2.393362283706665,
    2.399822473526001,
    2.395493268966675,
    2.3919754028320312,
    2.387765645980835,
    2.3832814693450928,
    2.3785200119018555,
    2.392482042312622,
    null,
    null,
    null,
    null,
    2.469804286956787,
    2.0820066928863525,
    1.7895348072052002,
    1.5649243593215942,
    1.449596881866455,
    null,
    null,
    null,
    null,
    0.7522364854812622,
    0.7112932801246643,
    0.6632059216499329,
    0.6267470121383667,
    0.5912361741065979,
    0.5775735974311829,
    null,
    null,
    0.495613694190979,
    0.46789589524269104,
    0.4517640471458435,
    0.4361262917518616,
    0.42095300555229187,
    0.406216025352478,
    0.3924146592617035,
    0.37794655561447144,
    0.36436519026756287,
    0.35487908124923706,
    0.35326316952705383,
    0.33105728030204773,
    0.3297247588634491,
    0.3147857189178467,
    0.30687397718429565,
    0.30587735772132874,
    0.2967126667499542,
    0.28385210037231445,
    0.28314676880836487,
    0.2724246680736542,
    0.271884560585022,
    0.26136112213134766,
    0.26097333431243896,
    0.2606509029865265,
    0.250378280878067,
    0.25019291043281555,
    0.24006663262844086,
    0.2400074005126953,
    0.2400074005126953,
    0.23006384074687958,
    0.23017746210098267,
    0.23034800589084625,
    0.2205507755279541,
    0.22082360088825226,
    0.2211517095565796,
    0.2114657759666443,
    0.21188585460186005,
    0.21236006915569305,
    0.20275148749351501,
    0.2033080905675888,
    null,
    null,
    null,
    null,
    null,
    null,
    null,
    null,
    null,
    null,
    null,
    null,
    null,
    null,
    null,
    null,
    null,
    null,
    null,
    null,
    null,
    null,
    null,
    null,
    null,
    null,
    null,
    null,
    null,
    null,
    null,
    null,
    null,
    null,
    null,
    null,
    null,
    null,
    null,
    null,
    null,
    null,
    null,
    null,
    null,
    null,
    null,
    null,
    null,
    null,
    null,
    null,
    null,
    null,
    null,
    null,
    null,
    null,
    null,
    null,
    null,
    null,
    null,
    null,
    null,
    null,
    null,
    null,
    null,
    null,
    null,
    null,
    null,
    null,
    null,
    null,
    0.2005006968975067,
    0.2003026157617569,
    0.21016204357147217,
    0.2100583016872406,
    0.2100064754486084,
    0.2200067937374115,
    0.22006107866764069,
    0.22016975283622742,
    0.22033289074897766,
    0.2305757999420166,
    0.23086102306842804,
    0.2312040627002716,
    0.2316053807735443,
    0.2421552538871765,
    0.24269722402095795,
    0.25343936681747437,
    0.2541351318359375,
    0.2548977732658386,
    0.26595744490623474,
    0.2668929398059845,
    0.26790133118629456,
    0.2793295085430145,
    0.2909225523471832,
    0.2922533452510834,
    0.29366904497146606,
    0.30571359395980835,
    0.30736222863197327,
    0.3197641372680664,
    0.32166779041290283,
    0.33902373909950256,
    0.34750670194625854,
    0.3630619943141937,
    0.37439024448394775,
    0.3771679401397705,
    0.396614670753479,
    0.40567323565483093,
    0.4207933247089386,
    0.43944820761680603,
    0.4625808000564575,
    0.4668981730937958,
    0.48807865381240845,
    0.5216588377952576,
    0.5443786382675171,
    0.5680867433547974,
    0.5870751738548279,
    0.6368775367736816,
    0.6580778360366821,
    0.7136796712875366,
    0.783906877040863,
    0.8021703958511353,
    0.8861233592033386,
    0.9871272444725037,
    1.080204725265503,
    1.1332696676254272,
    1.1366207599639893,
    1.1576343774795532,
    1.1670888662338257,
    1.1665321588516235,
    1.197174310684204,
    1.2176066637039185,
    1.2332693338394165,
    1.2559164762496948,
    1.274553894996643,
    1.3000072240829468,
    1.3110500574111938,
    1.3339316844940186,
    1.3428272008895874,
    1.3887828588485718,
    1.4004237651824951,
    1.4593605995178223,
    1.4696381092071533,
    1.503127098083496,
    1.5355339050292969,
    1.5669591426849365,
    1.5802792310714722,
    1.649587631225586,
    1.6938968896865845,
    1.7179867029190063,
    1.7693226337432861,
    1.7744793891906738,
    1.8802064657211304,
    1.903410792350769,
    1.9403796195983887,
    1.1532710790634155,
    1.1152329444885254,
    1.123171091079712,
    1.131503939628601,
    1.140244960784912,
    1.1494078636169434,
    1.1476447582244873,
    1.1575984954833984,
    1.168017029762268,
    1.178918480873108,
    1.190321683883667,
    1.2022470235824585,
    1.2147166728973389,
    1.2155978679656982,
    1.2290924787521362,
    1.2432003021240234,
    1.2579498291015625,
    1.2733714580535889,
    1.2894978523254395,
    1.3063644170761108,
    1.3107690811157227,
    1.3290480375289917,
    1.3481813669204712,
    1.3682163953781128,
    1.3892035484313965,
    1.403165578842163,
    1.4296759366989136,
    1.448123812675476,
    1.4680426120758057,
    1.4951672554016113,
    1.5206704139709473,
    1.5447101593017578,
    1.5674301385879517,
    1.6015396118164062,
    1.6104698181152344,
    1.6628981828689575,
    1.696169376373291,
    1.7470682859420776,
    1.7140945196151733,
    1.1078239679336548,
    1.0972110033035278,
    1.0870652198791504,
    1.0773687362670898,
    1.0681051015853882,
    1.0479896068572998,
    1.0396350622177124,
    1.031665325164795,
    1.0240676403045654,
    1.0168299674987793,
    1.0099413394927979,
    1.0033913850784302,
    0.9971702098846436,
    0.9912689328193665,
    0.975080132484436,
    0.9698500633239746,
    0.48245635628700256,
    0.48013049364089966,
    0.4779442846775055,
    0.4758948087692261,
    0.47397932410240173,
    0.4584973156452179,
    0.47506478428840637,
    0.5042977929115295,
    0.5343488454818726,
    0.5615195035934448,
    0.6116766929626465,
    0.6606941819190979,
    0.7194805145263672,
    0.7881156802177429,
    0.8666720390319824,
    1.393479824066162,
    1.3921031951904297,
    1.3910725116729736,
    1.3903858661651611,
    1.3900429010391235,
    1.3800691366195679,
    2.060077667236328,
    2.0012521743774414,
    1.9827743768692017,
    1.9752469062805176,
    1.9869807958602905,
    1.9998419284820557,
    2.0411534309387207,
    2.3662476539611816,
    2.3196825981140137,
    2.2732245922088623,
    2.2459678649902344,
    2.1803770065307617,
    2.1367101669311523,
    2.104315996170044,
    2.099885940551758,
    2.1111257076263428,
    3.0827503204345703,
    3.0248191356658936,
    2.9545481204986572,
    2.910731077194214,
    1.0399872064590454,
    0.986543595790863,
    0.9654200077056885,
    0.8926089406013489,
    0.849203884601593,
    0.8023360967636108,
    0.7816702127456665,
    0.7491810917854309,
    0.7270969748497009,
    0.6929192543029785,
    0.6810306906700134,
    0.6569268703460693,
    0.6282527446746826,
    0.6186400651931763,
    0.6246239542961121,
    0.6189785003662109,
    0.6133717894554138,
    0.6199548244476318,
    0.6268370747566223,
    0.6216000914573669,
    0.6289747357368469,
    0.6366855502128601,
    0.6318537592887878,
    0.6401183605194092,
    0.6487643122673035,
    0.6443867683410645,
    0.6536635160446167,
    0.6633773446083069,
    0.6595206260681152,
    0.6665014624595642,
    0.6771982908248901,
    0.6809000372886658,
    0.6870344877243042,
    0.6884849667549133,
