{
  "step": 1490,
  "timestamp": 47.68,
  "robot_pose_odom": {
    "x": -1.451679614148182,
    "y": 1.2507833791078193,
    "yaw_fused": -1.6217605691995367,
    "yaw_imu": -1.6023369876217688
  },
  "lidar_pose_relative_to_robot": {
    "x_offset": 0.0,
    "y_offset": 0.0,
    "yaw_offset": 0.0
  },
  "lidar_meta": {
    "fov": 6.283184,
    "horizontal_resolution": 400,
    "angle_min": -3.141592,
    "angle_increment": 0.015747328320802004
  },
  "ranges": [
    0.6623579859733582,
    0.648283064365387,
    0.6443867683410645,
    0.6264275312423706,
    0.6280950903892517,
    0.6174235939979553,
    0.6174241304397583,
    0.6080964803695679,
    0.5991920232772827,
    0.5906882286071777,
    0.5825642347335815,
    0.5878641605377197,
    0.5802741646766663,
    0.5730172395706177,
    0.5660775899887085,
    0.5594403147697449,
    0.5530917644500732,
    0.5470192432403564,
    0.5532374978065491,
    0.5475582480430603,
    0.5421268939971924,
    null,
    null,
    null,
    null,
    0.5296291708946228,
    0.5254071354866028,
    0.5213793516159058,
    0.5175396800041199,
    0.5225646495819092,
    0.5147387385368347,
    null,
    null,
    null,
    0.5025299191474915,
    0.49954092502593994,
    0.4942655563354492,
    0.48455381393432617,
    0.47700655460357666,
    0.48069149255752563,
    0.47328561544418335,
    0.4662453234195709,
    0.45845481753349304,
    0.45101648569107056,
    0.4552259147167206,
    0.4478437900543213,
    0.44042715430259705,
    0.4449952244758606,
    0.42545923590660095,
    0.4301823675632477,
    0.4226880967617035,
    0.427702933549881,
    0.4202125668525696,
    0.4126392900943756,
    0.4180366098880768,
    0.41044288873672485,
    0.4161665737628937,
    0.4085398316383362,
    0.40079066157341003,
    0.40693843364715576,
    0.40693843364715576,
    0.40079066157341003,
    0.39492183923721313,
    0.40274184942245483,
    0.397202730178833,
    0.39190927147865295,
    0.3868493437767029,
    0.3947450518608093,
    0.38996437191963196,
    0.38539209961891174,
    0.3933095335960388,
    0.38899126648902893,
    0.38486072421073914,
    0.3928133249282837,
    0.38891690969467163,
    0.38519108295440674,
    0.3816292881965637,
    0.38968658447265625,
    0.3863358795642853,
    0.38313597440719604,
    0.3912605047225952,
    0.3882611393928528,
    0.38540178537368774,
    0.38267794251441956,
    0.38008546829223633,
    0.3884095549583435,
    0.3860013484954834,
    0.3943758010864258,
    0.3921518325805664,
    0.39004841446876526,
    0.3880627453327179,
    0.39662954211235046,
    0.3948235511779785,
    0.39313051104545593,
    0.4018520414829254,
    0.40033939480781555,
    0.3989361822605133,
    0.39764055609703064,
    0.4066161811351776,
    0.40550297498703003,
    0.4146077632904053,
    0.41368189454078674,
    0.41286176443099976,
    0.4121463894844055,
    0.4220038950443268,
    0.8922281265258789,
    0.8913466930389404,
    0.8806790113449097,
    0.8802443146705627,
    0.8700268864631653,
    0.8700268864631653,
    0.8702415227890015,
    0.8606635928153992,
    0.8613012433052063,
    0.8521279692649841,
    0.8531820774078369,
    0.8544497489929199,
    0.8458631038665771,
    0.8475434184074402,
    0.8494402766227722,
    0.8414186835289001,
    0.8437286019325256,
    0.8360646963119507,
    0.8387889266014099,
    0.841739296913147,
    0.8346157073974609,
    0.837988555431366,
    0.8312072157859802,
    0.8350095152854919,
    0.8285661935806274,
    0.8328059315681458,
    0.8372970819473267,
    0.8313868045806885,
    0.8363363146781921,
    0.8415539264678955,
    0.8405265808105469,
    0.8309577107429504,
    0.8368722796440125,
    0.8430812358856201,
    0.838415265083313,
    2.0763111114501953,
    2.079395294189453,
    2.0974302291870117,
    2.096946954727173,
    2.1006789207458496,
    2.109579086303711,
    2.1188108921051025,
    2.1407878398895264,
    2.1426963806152344,
    2.150911569595337,
    2.166013717651367,
    2.176252603530884,
    2.1896064281463623,
    1.4547146558761597,
    1.425337553024292,
    1.3755254745483398,
    1.3242993354797363,
    1.2708567380905151,
    1.2423698902130127,
    1.1787868738174438,
    1.1717383861541748,
    1.147091031074524,
    1.1166760921478271,
    1.0874032974243164,
    1.0989279747009277,
    1.1012351512908936,
    1.1140717267990112,
    1.121158242225647,
    1.1404160261154175,
    1.1409000158309937,
    1.1647484302520752,
    1.1637309789657593,
    1.1938321590423584,
    1.2064297199249268,
    1.2305583953857422,
    1.2365528345108032,
    1.2414339780807495,
    1.2758394479751587,
    1.294621467590332,
    1.3014310598373413,
    0.6930902600288391,
    0.6766838431358337,
    0.6717004179954529,
    0.6801376938819885,
    0.6884921193122864,
    0.707523763179779,
    0.729678213596344,
    0.7459784150123596,
    0.7527528405189514,
    0.7717096209526062,
    0.7905830144882202,
    0.8170642256736755,
    0.8281887769699097,
    0.8469734191894531,
    0.869665801525116,
    0.8947038650512695,
    0.9159159660339355,
    0.942224383354187,
    0.9733738899230957,
    1.0008482933044434,
    1.0312319993972778,
    1.070049524307251,
    1.100113868713379,
    1.139928936958313,
    1.1906596422195435,
    1.2303667068481445,
    1.2808291912078857,
    1.3414644002914429,
    1.4078298807144165,
    1.467643141746521,
    1.4701906442642212,
    1.4630212783813477,
    1.4662957191467285,
    1.4496731758117676,
    1.4536528587341309,
    1.4454705715179443,
    1.4394558668136597,
    1.4336835145950317,
    1.4281444549560547,
    1.4276841878890991,
    1.4281197786331177,
    1.4232733249664307,
    1.4131829738616943,
    1.4141677618026733,
    1.409889578819275,
    1.406962275505066,
    1.4153382778167725,
    1.4088190793991089,
    1.4008864164352417,
    1.4104413986206055,
    2.0920841693878174,
    2.082939386367798,
    2.085094451904297,
    2.0875799655914307,
    2.0903890132904053,
    2.0935139656066895,
    2.096946954727173,
    2.1006789207458496,
    2.1047000885009766,
    2.108999729156494,
    2.113565683364868,
    2.127295970916748,
    2.132107973098755,
    0.4255335330963135,
    0.4108056426048279,
    0.3947450518608093,
    0.38684922456741333,
    0.3919091820716858,
    0.3839625418186188,
    0.3758922815322876,
    0.3676857054233551,
    0.3731497526168823,
    0.35785961151123047,
    0.3648415207862854,
    0.3593297004699707,
    0.367686003446579,
    0.36246776580810547,
    0.3707227110862732,
    0.3657821714878082,
    0.3610594868659973,
    0.3692777752876282,
    0.3773850202560425,
    0.3729602098464966,
    0.3810187876224518,
    0.37683549523353577,
    0.3848608732223511,
    0.3928135335445404,
    0.39582234621047974,
    0.4081721305847168,
    0.4125554859638214,
    0.8062134981155396,
    0.784404993057251,
    0.7662720084190369,
    0.7489845752716064,
    0.7432428598403931,
    0.726806640625,
    0.7106877565383911,
    0.7058731317520142,
    0.6950667500495911,
    0.6890099048614502,
    0.6643673181533813,
    0.6559133529663086,
    0.6473367214202881,
    0.6386172771453857,
    0.6297332644462585,
    0.620662271976471,
    0.6197788119316101,
    0.6132224798202515,
    0.6035360097885132,
    0.5897907614707947,
    0.5952954292297363,
    0.5941476821899414,
    0.5713649392127991,
    0.5772910714149475,
    0.5591750144958496,
    0.5653825402259827,
    0.5441628694534302,
    0.5452364683151245,
    0.3207090497016907,
    null,
    null,
    null,
    null,
    null,
    null,
    null,
    null,
    null,
    null,
    null,
    null,
    null,
    null,
    null,
    null,
    null,
    null,
    null,
    1.1786359548568726,
    1.178439974784851,
    1.1736568212509155,
    1.1789182424545288,
    1.1680169105529785,
    1.1690597534179688,
    1.17037034034729,
    1.1606765985488892,
    1.173781394958496,
    1.1647833585739136,
    1.1671682596206665,
