{
  "step": 345,
  "timestamp": 11.040000000000001,
  "robot_pose_odom": {
    "x": -0.4721230965376309,
    "y": -0.8203242495811264,
    "yaw_fused": -2.2192666167293056,
    "yaw_imu": -2.2297195822114104
  },
  "lidar_pose_relative_to_robot": {
    "x_offset": 0.0,
    "y_offset": 0.0,
    "yaw_offset": 0.0
  },
  "lidar_meta": {
    "fov": 6.283184,
    "horizontal_resolution": 400,
    "angle_min": -3.141592,
    "angle_increment": 0.015747328320802004
  },
  "ranges": [
    null,
    null,
    3.3005313873291016,
    2.721301555633545,
    2.440131664276123,
    1.700702428817749,
    1.5004748106002808,
    0.9911820292472839,
    0.92208331823349,
    0.8535409569740295,
    0.8071609139442444,
    0.7599867582321167,
    0.7133230566978455,
    0.709153950214386,
    0.6365769505500793,
    0.6128527522087097,
    0.5881579518318176,
    0.5626335144042969,
    0.5365695953369141,
    0.5254617929458618,
    0.5020359754562378,
    0.4962711036205292,
    null,
    null,
    null,
    0.4233848750591278,
    0.40747886896133423,
    0.3946405351161957,
    0.3880212604999542,
    0.3839626908302307,
    0.37589237093925476,
    0.354067862033844,
    0.35932955145835876,
    0.3508090078830719,
    0.33677664399147034,
    0.3316888213157654,
    0.3268318772315979,
    0.3221935033798218,
    0.31776219606399536,
    0.3004637658596039,
    0.29658448696136475,
    0.29287534952163696,
    0.289328396320343,
    0.28593605756759644,
    0.28269124031066895,
    0.2795874774456024,
    0.276618629693985,
    0.2737790048122406,
    0.25927796959877014,
    0.2567940652370453,
    0.2544195353984833,
    0.25215014815330505,
    0.24998202919960022,
    0.2479115128517151,
    0.24593517184257507,
    0.24404986202716827,
    0.24225255846977234,
    0.24054041504859924,
    0.23891086876392365,
    0.22201208770275116,
    0.235889732837677,
    0.23449371755123138,
    0.23317134380340576,
    0.22137881815433502,
    0.22025182843208313,
    0.21919000148773193,
    0.2181919515132904,
    0.2172563374042511,
    0.21638187766075134,
    0.21556736528873444,
    0.2148117870092392,
    0.21411414444446564,
    0.21347349882125854,
    0.21288906037807465,
    0.21236006915569305,
    0.21188585460186005,
    0.20064184069633484,
    0.21167540550231934,
    0.20074871182441711,
    0.2005006968975067,
    0.2003026157617569,
    0.20015431940555573,
    0.20005550980567932,
    0.2000061571598053,
    0.2000061571598053,
    0.20005550980567932,
    0.20015431940555573,
    0.2003026157617569,
    null,
    null,
    null,
    null,
    null,
    null,
    null,
    null,
    null,
    null,
    null,
    null,
    null,
    null,
    null,
    null,
    null,
    null,
    null,
    null,
    null,
    null,
    null,
    null,
    null,
    null,
    null,
    null,
    null,
    null,
    null,
    null,
    null,
    null,
    null,
    null,
    null,
    null,
    null,
    null,
    null,
    null,
    null,
    null,
    null,
    null,
    null,
    null,
    null,
    null,
    null,
    null,
    null,
    null,
    0.2515900135040283,
    0.24864013493061066,
    0.2581094801425934,
    0.2552756369113922,
    0.252564936876297,
    0.24997225403785706,
    0.247492715716362,
    0.25679415464401245,
    0.2544196546077728,
    0.2521502375602722,
    0.2499821037054062,
    0.2591802477836609,
    0.25711411237716675,
    0.25514307618141174,
    0.25326409935951233,
    0.2514741122722626,
    0.2606301009654999,
    0.25893980264663696,
    0.25863850116729736,
    0.26805657148361206,
    0.2697288990020752,
    0.25629183650016785,
    0.27334141731262207,
    0.27528703212738037,
    0.2773294150829315,
    0.27947181463241577,
    0.2704489231109619,
    0.28370076417922974,
    0.2750729024410248,
    0.277548611164093,
    0.2801390290260315,
    0.2828487157821655,
    0.28568246960639954,
    0.28864553570747375,
    0.2917434871196747,
    0.2949821949005127,
    0.29836806654930115,
    0.3019079566001892,
    0.3056091368198395,
    0.3094794750213623,
    0.3135274648666382,
    0.31776222586631775,
    0.3221934735774994,
    0.3268318772315979,
    0.3316888213157654,
    0.33677664399147034,
    0.33677664399147034,
    0.34550920128822327,
    0.34044986963272095,
    0.34904295206069946,
    0.3574824631214142,
    0.3657819926738739,
    0.3739543557167053,
    0.3820112943649292,
    0.38996437191963196,
    0.38539209961891174,
    0.4056004583835602,
    0.4011472463607788,
    0.42094141244888306,
    0.4166202247142792,
    0.4311790466308594,
    0.4431900680065155,
    0.45478466153144836,
    0.46599963307380676,
    0.47686877846717834,
    0.4816846251487732,
    0.5084037780761719,
    0.5188016295433044,
    0.5285996198654175,
    0.5489340424537659,
    0.5495003461837769,
    0.5842832326889038,
    0.6055991053581238,
    0.6312323212623596,
    0.6470462083816528,
    0.6610165238380432,
    0.6840564012527466,
    0.7314664721488953,
    0.7340559959411621,
    0.8367180824279785,
    0.8388326168060303,
    0.9067959189414978,
    0.9325234293937683,
    0.9639135003089905,
    0.9898761510848999,
    1.0192564725875854,
    1.047987699508667,
    1.082522988319397,
    1.1147311925888062,
    1.1537162065505981,
    1.1961811780929565,
    1.2415285110473633,
    1.2908437252044678,
    1.3417627811431885,
    1.399893879890442,
    1.4602047204971313,
    1.5302330255508423,
    1.5998677015304565,
    1.6926144361495972,
    1.7806997299194336,
    1.885651707649231,
    1.9184446334838867,
    1.9513078927993774,
    1.9721726179122925,
    2.0208740234375,
    2.056513786315918,
    2.092978000640869,
    2.1188225746154785,
    2.1787750720977783,
    2.200936794281006,
    2.272054672241211,
    2.324462652206421,
    2.3782012462615967,
    2.4707705974578857,
    2.5004382133483887,
    2.5804896354675293,
    2.6276612281799316,
    2.701353073120117,
    2.765382766723633,
    2.866044759750366,
    2.9010605812072754,
    3.0992941856384277,
    3.1865196228027344,
    1.8278087377548218,
    1.8244353532791138,
    0.3800815939903259,
    0.3831358551979065,
    0.3749729096889496,
    0.3782251179218292,
    0.3700646460056305,
    0.37351855635643005,
    0.37713146209716797,
    0.3690064251422882,
    0.37283381819725037,
    0.40439146757125854,
    0.43307146430015564,
    0.4695706069469452,
    0.486282616853714,
    0.5487332344055176,
    0.5958554148674011,
    0.632343053817749,
    0.7296485900878906,
    0.8228363394737244,
    0.989963173866272,
    1.2041622400283813,
    1.3750324249267578,
    1.354087471961975,
    1.3543965816497803,
    1.3435661792755127,
    1.3424732685089111,
    1.3500076532363892,
    1.3586194515228271,
    1.3410780429840088,
    1.3503650426864624,
    1.362904667854309,
    1.3579336404800415,
    1.361403226852417,
    1.3647135496139526,
    1.3590400218963623,
    1.3549011945724487,
    1.3740078210830688,
    1.3769865036010742,
    1.3799465894699097,
    1.3907434940338135,
    1.3858942985534668,
    1.3889204263687134,
    1.4027142524719238,
    1.4062556028366089,
    1.4094208478927612,
    1.4081908464431763,
    0.9426292181015015,
    0.9324281811714172,
    1.402138352394104,
    1.4075363874435425,
    1.4131529331207275,
    1.4247016906738281,
    0.9278279542922974,
    0.9250518679618835,
    0.9326568245887756,
    0.9303393363952637,
    0.9373802542686462,
    0.9458070397377014,
    0.9543972611427307,
    0.9635939002037048,
    0.9624033570289612,
    0.971246063709259,
    0.9806103706359863,
    0.9903572797775269,
    1.0000041723251343,
    1.010057806968689,
    1.020365595817566,
    1.0307947397232056,
    1.0315585136413574,
    1.0429186820983887,
    1.0543622970581055,
    1.0661250352859497,
    1.0767145156860352,
    1.1007596254348755,
    1.1135954856872559,
    1.126816749572754,
    1.1404411792755127,
    1.1544866561889648,
    1.163269281387329,
    1.1428278684616089,
