{
  "step": 835,
  "timestamp": 26.72,
  "robot_pose_odom": {
    "x": -3.2561412156737033,
    "y": -0.6645810843265154,
    "yaw_fused": 2.348314623210352,
    "yaw_imu": 2.3540252964121504
  },
  "lidar_pose_relative_to_robot": {
    "x_offset": 0.0,
    "y_offset": 0.0,
    "yaw_offset": 0.0
  },
  "lidar_meta": {
    "fov": 6.283184,
    "horizontal_resolution": 400,
    "angle_min": -3.141592,
    "angle_increment": 0.015747328320802004
  },
  "ranges": [
    0.5132036209106445,
    0.48136091232299805,
    0.46170279383659363,
    0.44589364528656006,
    0.42348694801330566,
    0.4171864986419678,
    0.394535094499588,
    0.38979336619377136,
    0.36539679765701294,
    0.3558465838432312,
    0.3544299006462097,
    0.3365480601787567,
    0.3174154758453369,
    0.3168855607509613,
    0.30687856674194336,
    0.2936115860939026,
    0.2861648201942444,
    0.2877877354621887,
    0.27599406242370605,
    0.2697288393974304,
    0.2649686634540558,
    0.24922260642051697,
    null,
    null,
    null,
    null,
    0.2382500022649765,
    0.23314356803894043,
    null,
    null,
    null,
    null,
    null,
    null,
    null,
    null,
    null,
    null,
    null,
    null,
    null,
    null,
    null,
    null,
    null,
    null,
    null,
    null,
    null,
    null,
    null,
    null,
    null,
    null,
    null,
    null,
    null,
    null,
    null,
    null,
    null,
    null,
    null,
    null,
    null,
    null,
    null,
    null,
    null,
    null,
    null,
    null,
    null,
    null,
    null,
    null,
    null,
    null,
    null,
    null,
    null,
    null,
    null,
    null,
    null,
    null,
    null,
    null,
    null,
    null,
    null,
    null,
    null,
    null,
    null,
    null,
    null,
    null,
    null,
    null,
    null,
    null,
    null,
    null,
    null,
    null,
    null,
    null,
    null,
    null,
    null,
    null,
    null,
    null,
    null,
    null,
    null,
    null,
    null,
    null,
    null,
    null,
    null,
    null,
    null,
    null,
    null,
    null,
    0.21248482167720795,
    0.21919000148773193,
    0.2181919515132904,
    0.22760188579559326,
    0.2266857773065567,
    0.23609758913516998,
    0.23527005314826965,
    0.23450596630573273,
    0.24396972358226776,
    0.24330179393291473,
    0.2515762150287628,
    0.2623348534107208,
    0.26181477308273315,
    0.2714134454727173,
    0.27101075649261475,
    0.2803858518600464,
    0.29021719098091125,
    0.3002314865589142,
    0.3000832796096802,
    0.30998295545578003,
    0.3200364410877228,
    0.3300092816352844,
    0.34040796756744385,
    0.3507510721683502,
    0.3605861961841583,
    0.37181660532951355,
    0.3814133405685425,
    0.40354594588279724,
    0.4127107262611389,
    0.43236613273620605,
    0.4577367901802063,
    0.465692937374115,
    0.4917524755001068,
    0.4983755350112915,
    0.4927254319190979,
    0.49458709359169006,
    0.49658578634262085,
    0.4883342683315277,
    0.48013049364089966,
    0.4824562668800354,
    0.48492497205734253,
    0.487540066242218,
    0.479646235704422,
    0.48250171542167664,
    0.4747227430343628,
    0.4778217375278473,
    0.4810808002948761,
    0.4734935164451599,
    0.4770064651966095,
    0.48069140315055847,
    0.473285436630249,
    0.477238267660141,
    0.46991607546806335,
    0.4741453528404236,
    0.4785706400871277,
    0.4714142978191376,
    0.47613728046417236,
    0.48107588291168213,
    0.4740830957889557,
    0.47934600710868835,
    0.47241607308387756,
    0.4780207872390747,
    0.48388102650642395,
    0.47711408138275146,
    0.48335471749305725,
    0.48988327383995056,
    0.48329004645347595,
    0.49024760723114014,
    0.48371267318725586,
    0.4911324083805084,
    0.49113282561302185,
    0.4975334405899048,
    0.5038660168647766,
    0.49671512842178345,
    0.5031236410140991,
    0.5094822645187378,
    0.5029042959213257,
    0.5093486309051514,
    0.5157595872879028,
    0.5221443176269531,
    0.5285099148750305,
    0.5227072834968567,
    0.5291836857795715,
    0.5377458930015564,
    0.5421268939971924,
    0.548605740070343,
    0.5435329079627991,
    0.5616073608398438,
    0.5567783117294312,
    0.5663047432899475,
    0.5813014507293701,
    0.5768452286720276,
    0.5835596919059753,
    0.5881665945053101,
    0.6016154289245605,
    0.6104214191436768,
    0.6414234638214111,
    0.6111689805984497,
    0.6149818897247314,
    0.6298559904098511,
    0.6341520547866821,
    0.6496773958206177,
    0.6544973850250244,
    0.6595534682273865,
    0.67612224817276,
    0.6817691326141357,
    0.699143648147583,
    0.7170006036758423,
    0.7236925363540649,
    0.7306925058364868,
    0.7499164938926697,
    0.7697214484214783,
    0.7901386022567749,
    0.7989100813865662,
    0.8205121755599976,
    0.8428263068199158,
    0.8531588315963745,
    0.889753520488739,
    0.9013914465904236,
    0.9268065094947815,
    0.9531556367874146,
    0.9804955720901489,
    1.022707223892212,
    1.0594080686569214,
    1.0804213285446167,
    1.0932731628417969,
    1.1531445980072021,
    1.1995478868484497,
    1.2431238889694214,
    1.2947007417678833,
    1.312870979309082,
    1.398932695388794,
    1.479688048362732,
    1.517755389213562,
    1.6643186807632446,
    1.6823713779449463,
    0.43296828866004944,
    0.44042709469795227,
    0.4360584020614624,
    0.431880921125412,
    0.4278874099254608,
    0.42407068610191345,
    0.4317871332168579,
    0.4282107949256897,
    0.4247971177101135,
    0.42154064774513245,
    0.4184362292289734,
    0.42641255259513855,
    0.42352378368377686,
    0.42077702283859253,
    0.41816815733909607,
    0.41569340229034424,
    0.42394787073135376,
    0.4216739535331726,
    0.4195272624492645,
    0.41750475764274597,
    0.42599382996559143,
    0.42416712641716003,
    0.4224598705768585,
    0.4208696484565735,
    0.4296235740184784,
    0.4282282888889313,
    0.4269469976425171,
    0.4257781207561493,
    0.43483251333236694,
    0.43386149406433105,
    0.4330013394355774,
    0.43225106596946716,
    0.43160974979400635,
    0.4411015510559082,
    0.4406657814979553,
    0.44033950567245483,
    0.44012215733528137,
    0.4500138759613037,
    0.4500138759613037,
    0.45012491941452026,
    0.4503472149372101,
    0.4506808817386627,
    0.4611515998840332,
    0.4617220461368561,
    0.4624081254005432,
    0.47328057885169983,
    0.47422072291374207,
    0.47528207302093506,
    0.47646600008010864,
    0.4879394471645355,
    0.48940372467041016,
    0.49099838733673096,
    0.4927254319190979,
    0.49458709359169006,
    0.5069313049316406,
    0.5091144442558289,
    0.5218809843063354,
    0.5244089961051941,
    0.5376342535018921,
    0.5405335426330566,
    0.5435990691184998,
    0.5468353033065796,
    0.5610359907150269,
    0.5646983981132507,
    0.5794836282730103,
    0.5836082696914673,
    0.5879381895065308,
    0.6036589741706848,
    0.6085098385810852,
    0.624954879283905,
    0.6303752064704895,
    0.6476131677627563,
    0.6536574959754944,
    0.659980058670044,
    0.6784956455230713,
    0.6975600719451904,
    0.7050466537475586,
    0.7251644730567932,
    0.7459200620651245,
    0.7547696232795715,
    0.7767564058303833,
    0.794384241104126,
    0.8230093717575073,
    0.8341255784034729,
    0.8591823577880859,
    0.8851693272590637,
    0.9121438264846802,
    0.9401676654815674,
    1.6662596464157104,
    2.3738579750061035,
    3.0005762577056885,
    2.982663631439209,
    2.965299367904663,
    2.948496103286743,
    2.922057628631592,
    2.8384366035461426,
    2.7293756008148193,
    2.667191982269287,
    2.586874485015869,
    2.534931182861328,
    2.447798728942871,
    2.3967738151550293,
    null,
    2.265185832977295,
    2.2128546237945557,
    2.1625728607177734,
    2.1127448081970215,
    2.028157949447632,
    1.9125256538391113,
