{
  "step": 1405,
  "timestamp": 44.96,
  "robot_pose_odom": {
    "x": -1.7225136405656503,
    "y": 1.6760281570056381,
    "yaw_fused": -0.8632698572201776,
    "yaw_imu": -0.8709893091675236
  },
  "lidar_pose_relative_to_robot": {
    "x_offset": 0.0,
    "y_offset": 0.0,
    "yaw_offset": 0.0
  },
  "lidar_meta": {
    "fov": 6.283184,
    "horizontal_resolution": 400,
    "angle_min": -3.141592,
    "angle_increment": 0.015747328320802004
  },
  "ranges": [
    0.38931724429130554,
    0.3839627802371979,
    0.37884581089019775,
    0.3739544749259949,
    0.3692777752876282,
    0.36480554938316345,
    0.36052820086479187,
    0.36872783303260803,
    0.3646794855594635,
    0.36080706119537354,
    0.3571031987667084,
    0.35356101393699646,
    0.35017383098602295,
    0.346935898065567,
    0.34384122490882874,
    0.3408846855163574,
    0.3380611836910248,
    0.33536621928215027,
    0.33279532194137573,
    0.33034446835517883,
    0.3280097246170044,
    0.32578760385513306,
    null,
    null,
    null,
    0.32578757405281067,
    0.328009694814682,
    0.31933295726776123,
    0.32170212268829346,
    0.324187308549881,
    0.31552374362945557,
    0.31815895438194275,
    null,
    0.32757487893104553,
    0.31515640020370483,
    0.318204790353775,
    0.3213927447795868,
    0.3126993179321289,
    0.31605544686317444,
    0.3195640444755554,
    0.31080007553100586,
    0.3144874572753906,
    0.3183428645133972,
    0.32237446308135986,
    0.3135274648666382,
    0.31776222586631775,
    0.3221934735774994,
    0.31321385502815247,
    0.3178684413433075,
    0.3227442800998688,
    0.31569287180900574,
    0.3178684413433075,
    0.31321385502815247,
    0.3221935033798218,
    0.31776219606399536,
    0.3265910744667053,
    0.32237446308135986,
    0.3310764729976654,
    0.3270668685436249,
    0.3232320547103882,
    0.331854909658432,
    0.32821136713027954,
    0.33675312995910645,
    0.33329617977142334,
    0.34177547693252563,
    0.3385012447834015,
    0.335371196269989,
    0.3438410758972168,
    0.34088456630706787,
    0.3493298590183258,
    0.34654501080513,
    0.35498160123825073,
    0.3523673415184021,
    0.36081060767173767,
    0.3583662807941437,
    0.3668312728404999,
    0.36455684900283813,
    0.37305817008018494,
    0.3709544241428375,
    0.37950655817985535,
    0.37757453322410583,
    0.37575429677963257,
    0.374043345451355,
    0.3724394142627716,
    0.3812442719936371,
    0.3798092007637024,
    0.37847793102264404,
    0.37724876403808594,
    0.376120001077652,
    0.37509027123451233,
    0.37415823340415955,
    0.3733226954936981,
    0.3725825846195221,
    0.37193697690963745,
    0.3713851571083069,
    0.37092629075050354,
    0.3805749714374542,
    0.38029322028160095,
    0.38010549545288086,
    0.38001173734664917,
    0.38001173734664917,
    0.38010549545288086,
    0.38029322028160095,
    0.3805749714374542,
    0.3809513449668884,
    0.38142257928848267,
    0.38198933005332947,
    0.3826523721218109,
    0.38341251015663147,
    0.3842706084251404,
    0.38522782921791077,
    0.39645078778266907,
    0.39764052629470825,
    0.3989361822605133,
    0.40033939480781555,
    0.401852011680603,
    0.40347594022750854,
    0.40521353483200073,
    0.4070671498775482,
    0.4090389907360077,
    0.4111320674419403,
    0.42394787073135376,
    0.42635220289230347,
    0.4288904070854187,
    0.43156611919403076,
    0.434383362531662,
    0.4373461604118347,
    0.44045907258987427,
    0.44372695684432983,
    0.44715479016304016,
    0.4507480263710022,
    0.46587544679641724,
    0.46991607546806335,
    0.4741453528404236,
    0.4785706400871277,
    0.48319968581199646,
    0.4880407452583313,
    0.4931027889251709,
    0.5137952566146851,
    0.5068169832229614,
    0.522144079208374,
    0.5283387899398804,
    0.5348158478736877,
    0.5415889024734497,
    0.5486729145050049,
    0.5428436398506165,
    0.5504136681556702,
    0.5447195768356323,
    0.5528144240379333,
    0.5612941384315491,
    0.5612946152687073,
    0.5666353106498718,
    0.5719560384750366,
    0.5772634744644165,
    0.5825642347335815,
    0.5878641605377197,
    0.5802741646766663,
    0.5984846949577332,
    0.6038160920143127,
    0.5967363715171814,
    0.6145464181900024,
    0.6077991724014282,
    0.622230052947998,
    0.6308823227882385,
    0.6412899494171143,
    0.6416213512420654,
    0.651381254196167,
    0.6608424782752991,
    0.6700363159179688,
    0.6732528805732727,
    0.6877353191375732,
    0.6962922215461731,
    0.7046860456466675,
    0.7129386067390442,
    0.7210708856582642,
    0.7398912906646729,
    0.7600795030593872,
    0.7505583763122559,
    0.7552409172058105,
    0.7818901538848877,
    0.787223219871521,
    0.8037894368171692,
    0.8208950757980347,
    0.8272365927696228,
    1.2846323251724243,
    1.2839986085891724,
    1.2951349020004272,
    1.295226812362671,
    1.2956430912017822,
    1.3081753253936768,
    1.3093780279159546,
    1.310931921005249,
    1.3160897493362427,
    1.3151289224624634,
    1.3302242755889893,
    2.6039559841156006,
    2.623736619949341,
    2.6356794834136963,
    2.648031711578369,
    2.6612586975097656,
    2.687319278717041,
    2.691746234893799,
    1.9439576864242554,
    1.8734254837036133,
    1.8452905416488647,
    1.790469765663147,
    1.738486886024475,
    1.6891423463821411,
    1.6422529220581055,
    1.589876651763916,
    1.6040812730789185,
    1.6038557291030884,
    1.6266984939575195,
    1.6467148065567017,
    1.6657873392105103,
    1.6840133666992188,
    1.7014830112457275,
    1.7099108695983887,
    1.7657777070999146,
    1.1909539699554443,
    1.1680169105529785,
    1.1726878881454468,
    1.192356824874878,
    1.2000120878219604,
    1.2350304126739502,
    1.2483735084533691,
    1.2662230730056763,
    1.2837401628494263,
    1.2836135625839233,
    1.346975564956665,
    0.37527909874916077,
    0.37305817008018494,
    0.3709544241428375,
    0.36896470189094543,
    0.36708638072013855,
    0.3653166890144348,
    0.3636532723903656,
    0.36209389567375183,
    0.37094035744667053,
    0.36954405903816223,
    0.3682487905025482,
    0.36705282330513,
    0.36595457792282104,
    0.3649526834487915,
    0.3640458285808563,
    0.36323288083076477,
    0.3625127673149109,
    0.36188462376594543,
    0.3613477051258087,
    0.37092629075050354,
    0.3705598711967468,
    0.3702855110168457,
    0.37010273337364197,
    0.37001141905784607,
    0.37001141905784607,
    0.37010273337364197,
    0.38029322028160095,
    0.3805749714374542,
    0.3809513449668884,
    0.38142257928848267,
    0.38198933005332947,
    0.3826523721218109,
    0.38341251015663147,
    0.3842706084251404,
    0.38522782921791077,
    0.3862853944301605,
    0.39764052629470825,
    0.3989361822605133,
    0.40033939480781555,
    0.401852011680603,
    0.40347594022750854,
    0.40521353483200073,
    0.4070671498775482,
    0.422248512506485,
    0.40957191586494446,
    0.42394787073135376,
    0.42635220289230347,
    0.4288904070854187,
    0.43156611919403076,
    0.434383362531662,
    0.4373461604118347,
    0.45147058367729187,
    0.4548201262950897,
    0.45833367109298706,
    0.462016761302948,
    0.46587544679641724,
    0.46991607546806335,
    0.4857098460197449,
    0.4902431070804596,
    0.49498501420021057,
    0.49994415044784546,
    0.5051296949386597,
    0.5227069854736328,
    0.5285096764564514,
    0.5345760583877563,
    0.540918231010437,
    0.5602833032608032,
    2.1840858459472656,
    2.083807945251465,
    2.014418363571167,
    1.929232120513916,
    1.8522802591323853,
    1.7875428199768066,
    1.6910024881362915,
    1.6769036054611206,
    1.624626636505127,
    1.5750720500946045,
    1.5280463695526123,
    1.4833730459213257,
    1.4370014667510986,
    1.4184480905532837,
    1.374650239944458,
    1.3377456665039062,
