{
  "step": 425,
  "timestamp": 13.6,
  "robot_pose_odom": {
    "x": -0.8312346278917376,
    "y": -1.0376339090438766,
    "yaw_fused": -2.9181423903106003,
    "yaw_imu": -2.900598760714827
  },
  "lidar_pose_relative_to_robot": {
    "x_offset": 0.0,
    "y_offset": 0.0,
    "yaw_offset": 0.0
  },
  "lidar_meta": {
    "fov": 6.283184,
    "horizontal_resolution": 400,
    "angle_min": -3.141592,
    "angle_increment": 0.015747328320802004
  },
  "ranges": [
    0.5631744861602783,
    0.5642977356910706,
    0.5408976674079895,
    0.5454151630401611,
    0.5426005125045776,
    0.5204033851623535,
    0.5252604484558105,
    0.518555760383606,
    0.5139397978782654,
    0.5051296949386597,
    0.49839508533477783,
    0.5039278864860535,
    0.4848480522632599,
    0.4906002879142761,
    0.48388102650642395,
    0.47711408138275146,
    0.47029104828834534,
    0.4766431450843811,
    0.4540664851665497,
    0.4403928518295288,
    0.4207896888256073,
    null,
    null,
    null,
    null,
    0.3600946366786957,
    0.34424248337745667,
    0.3396548628807068,
    0.322374552488327,
    0.318342924118042,
    0.3144875466823578,
    0.3012128472328186,
    null,
    null,
    0.27661874890327454,
    0.27377912402153015,
    0.2710634469985962,
    0.26846662163734436,
    0.2544196546077728,
    0.2521502375602722,
    0.2499821037054062,
    0.24791154265403748,
    0.23475636541843414,
    0.23295672237873077,
    0.2312411218881607,
    0.22960680723190308,
    0.2280513197183609,
    0.21578314900398254,
    0.2172563374042511,
    0.21723036468029022,
    null,
    null,
    null,
    null,
    null,
    null,
    null,
    null,
    null,
    null,
    null,
    null,
    null,
    null,
    null,
    null,
    null,
    null,
    null,
    null,
    null,
    null,
    null,
    null,
    null,
    null,
    null,
    null,
    null,
    null,
    null,
    null,
    null,
    null,
    null,
    null,
    null,
    null,
    null,
    null,
    null,
    null,
    null,
    null,
    null,
    null,
    null,
    null,
    null,
    null,
    null,
    null,
    null,
    null,
    null,
    null,
    null,
    null,
    null,
    null,
    null,
    null,
    null,
    null,
    null,
    null,
    null,
    null,
    null,
    null,
    null,
    null,
    null,
    null,
    null,
    null,
    null,
    null,
    null,
    null,
    null,
    null,
    null,
    null,
    null,
    null,
    null,
    null,
    null,
    null,
    0.20530225336551666,
    0.2060779482126236,
    0.20691074430942535,
    0.21819190680980682,
    0.21919000148773193,
    0.22025176882743835,
    0.22137880325317383,
    0.23317134380340576,
    0.23449371755123138,
    0.235889732837677,
    0.2373613715171814,
    0.24977043271064758,
    0.2514740228652954,
    0.2532639801502228,
    0.2551429867744446,
    0.2571139931678772,
    0.27044883370399475,
    0.27270758152008057,
    0.2750728130340576,
    0.28911301493644714,
    0.29181137681007385,
    0.306419312953949,
    0.30948925018310547,
    0.3247262239456177,
    0.32821136713027954,
    0.331854909658432,
    0.3480960428714752,
    0.36480534076690674,
    0.36927759647369385,
    0.38684922456741333,
    0.4049728512763977,
    0.4104427397251129,
    0.42959117889404297,
    0.4493936598300934,
    0.46989232301712036,
    0.4981139898300171,
    0.512145459651947,
    0.531351625919342,
    0.5447199940681458,
    0.552787184715271,
    0.5698062777519226,
    0.5917528867721558,
    0.6111673712730408,
    0.6233609914779663,
    0.6498154401779175,
    0.656051754951477,
    0.6948032379150391,
    0.7204464673995972,
    0.7520056962966919,
    0.7779057621955872,
    0.8229506611824036,
    0.8415094017982483,
    0.8786424994468689,
    0.9241637587547302,
    0.9786834120750427,
    1.0027058124542236,
    1.1446622610092163,
    1.1913444995880127,
    1.233579158782959,
    1.2853487730026245,
    1.4247322082519531,
    1.4860111474990845,
    1.5353596210479736,
    1.5435954332351685,
    1.5911256074905396,
    1.6076463460922241,
    1.648589015007019,
    1.6696281433105469,
    1.7194347381591797,
    1.7546212673187256,
    1.799870491027832,
    1.846543788909912,
    1.8869616985321045,
    1.9393830299377441,
    1.9930909872055054,
    2.051772117614746,
    2.1125025749206543,
    2.180028200149536,
    2.250255823135376,
    2.330284357070923,
    2.41001033782959,
    2.5006186962127686,
    2.6017189025878906,
    2.703608989715576,
    2.8157734870910645,
    2.944762706756592,
    2.9411351680755615,
    2.924100399017334,
    2.909900188446045,
    2.902438163757324,
    1.492398738861084,
    1.488602876663208,
    1.4934533834457397,
    1.5670337677001953,
    1.6756799221038818,
    1.7990858554840088,
    2.2718236446380615,
    2.50042462348938,
    2.816274881362915,
    2.8056914806365967,
    2.808391571044922,
    2.800903081893921,
    2.795725107192993,
    2.809739828109741,
    2.7843923568725586,
    2.78583025932312,
    2.785855531692505,
    2.7980573177337646,
    2.789363384246826,
    2.7917678356170654,
    2.7945146560668945,
    2.7926573753356934,
    2.802382230758667,
    2.8134243488311768,
    2.811821460723877,
    2.819021224975586,
    2.823152542114258,
    2.8290984630584717,
    1.476476788520813,
    1.0432379245758057,
    0.9765093922615051,
    0.9058689475059509,
    0.8534859418869019,
    0.8021703958511353,
    0.7537225484848022,
    0.716258704662323,
    0.6762823462486267,
    0.6419154405593872,
    0.6104419827461243,
    0.5964114665985107,
    0.5804556608200073,
    0.5447199940681458,
    0.5369892716407776,
    0.5163637399673462,
    0.49641865491867065,
    0.47711434960365295,
    0.4584137797355652,
    0.45286205410957336,
    0.43512025475502014,
    0.43018248677253723,
    0.4133034348487854,
    0.39688774943351746,
    0.3928135335445404,
    0.37713176012039185,
    0.37351879477500916,
    0.37006494402885437,
    0.355302631855011,
    0.35224753618240356,
    0.3380611836910248,
    0.33536621928215027,
    0.33279532194137573,
    0.3193329870700836,
    0.31707605719566345,
    0.3149280250072479,
    0.302096426486969,
    0.30300846695899963,
    0.2913071811199188,
    0.28234922885894775,
    0.2842750549316406,
    0.2862985134124756,
    0.2773294150829315,
    0.27947181463241577,
    0.2704489231109619,
    0.27270767092704773,
    0.2636115252971649,
    0.25441956520080566,
    0.25679412484169006,
    0.25927796959877014,
    0.2499721497297287,
    0.25256484746932983,
    0.2398754060268402,
    0.2581094205379486,
    0.2610720694065094,
    0.26416945457458496,
    0.2801417112350464,
    0.2836895287036896,
    0.28740015625953674,
    1.2573270797729492,
    1.2461259365081787,
    1.2302360534667969,
    1.2223706245422363,
    1.1998018026351929,
    1.2137638330459595,
    1.2023720741271973,
    1.1983835697174072,
    1.194800853729248,
    1.191608190536499,
    1.1757278442382812,
    1.1734429597854614,
    1.1715013980865479,
    1.1698931455612183,
    1.1561763286590576,
    1.1553468704223633,
    1.154817819595337,
    1.154582142829895,
    1.1427297592163086,
    1.7519654035568237,
    1.7760299444198608,
    1.8045854568481445,
    1.9719321727752686,
    2.008631944656372,
    2.053354024887085,
    2.0904488563537598,
    2.0744237899780273,
    2.0812668800354004,
    3.697826623916626,
    3.677060604095459,
    3.6915597915649414,
    3.704749345779419,
    3.696242570877075,
    3.6984198093414307,
    null,
    null,
    null,
    3.493621349334717,
    3.07661771774292,
    2.753249168395996,
    2.7784461975097656,
    2.18804931640625,
    2.02658748626709,
    1.891509771347046,
    1.7677160501480103,
    1.6695318222045898,
    1.571690559387207,
    1.4742274284362793,
    null,
    null,
    1.2847802639007568,
    1.230752944946289,
    1.181639313697815,
    1.130643606185913,
    1.0899271965026855,
    1.049952745437622,
