{
  "step": 810,
  "timestamp": 25.92,
  "robot_pose_odom": {
    "x": -3.221530596886959,
    "y": -0.6997980465779629,
    "yaw_fused": 2.6245215384184384,
    "yaw_imu": 2.6453841925457664
  },
  "lidar_pose_relative_to_robot": {
    "x_offset": 0.0,
    "y_offset": 0.0,
    "yaw_offset": 0.0
  },
  "lidar_meta": {
    "fov": 6.283184,
    "horizontal_resolution": 400,
    "angle_min": -3.141592,
    "angle_increment": 0.015747328320802004
  },
  "ranges": [
    1.4684498310089111,
    1.4293701648712158,
    1.3714165687561035,
    1.349949598312378,
    1.3127557039260864,
    1.2868103981018066,
    1.2593973875045776,
    1.2322921752929688,
    1.1995482444763184,
    1.1307569742202759,
    0.9783182144165039,
    0.8280497193336487,
    0.7999149560928345,
    0.7201232314109802,
    0.6855162382125854,
    0.6151639819145203,
    0.5698055028915405,
    0.5317214727401733,
    0.4978002607822418,
    0.47173917293548584,
    0.44460031390190125,
    0.42553335428237915,
    null,
    null,
    null,
    null,
    0.34177547693252563,
    0.3264654874801636,
    0.3122421205043793,
    0.29799559712409973,
    0.29543331265449524,
    0.2817176282405853,
    null,
    null,
    0.2643240690231323,
    0.2514740526676178,
    0.24977043271064758,
    0.23736140131950378,
    0.235889732837677,
    0.23449371755123138,
    0.22257263958454132,
    0.22137881815433502,
    0.20976363122463226,
    0.20875237882137299,
    null,
    null,
    null,
    null,
    null,
    null,
    null,
    null,
    null,
    null,
    null,
    null,
    null,
    null,
    null,
    null,
    null,
    null,
    null,
    null,
    null,
    null,
    null,
    null,
    null,
    null,
    null,
    null,
    null,
    null,
    null,
    null,
    null,
    null,
    null,
    null,
    null,
    null,
    null,
    null,
    null,
    null,
    null,
    null,
    null,
    null,
    null,
    null,
    null,
    null,
    null,
    null,
    null,
    null,
    null,
    null,
    null,
    null,
    null,
    null,
    null,
    null,
    null,
    null,
    null,
    null,
    null,
    null,
    null,
    null,
    null,
    null,
    null,
    null,
    null,
    null,
    null,
    null,
    null,
    null,
    null,
    null,
    null,
    null,
    null,
    null,
    null,
    null,
    null,
    null,
    null,
    null,
    null,
    null,
    null,
    null,
    null,
    null,
    null,
    null,
    null,
    null,
    null,
    null,
    null,
    null,
    null,
    null,
    null,
    null,
    null,
    null,
    null,
    null,
    null,
    null,
    0.20118016004562378,
    0.21109935641288757,
    0.2114657759666443,
    0.2219756543636322,
    0.22247245907783508,
    0.22302664816379547,
    0.23380431532859802,
    0.23450593650341034,
    0.24549919366836548,
    0.24636271595954895,
    0.2616948187351227,
    0.26898396015167236,
    0.28053244948387146,
    0.28181570768356323,
    0.29094770550727844,
    0.3041534423828125,
    0.31822386384010315,
    0.330422967672348,
    0.33239006996154785,
    0.34981289505958557,
    0.3735645115375519,
    0.3913601040840149,
    0.4074728786945343,
    0.4241179823875427,
    0.4306217133998871,
    0.4761555790901184,
    0.5007021427154541,
    0.523306667804718,
    0.5204033851623535,
    0.513588011264801,
    0.518555760383606,
    0.5118475556373596,
    0.5171566009521484,
    0.5105510354042053,
    0.5162187814712524,
    0.5097121000289917,
    0.515759289264679,
    0.5093483924865723,
    0.5029039978981018,
    0.5094819664955139,
    0.5031233429908752,
    0.510139524936676,
    0.503865659236908,
    0.5113534331321716,
    0.5051647424697876,
    0.505165159702301,
    0.5113538503646851,
    0.5038660168647766,
    0.5101398229598999,
    0.5031236410140991,
    0.5094822645187378,
    0.5029042959213257,
    0.5093486309051514,
    0.5157595872879028,
    0.5097123384475708,
    0.5162189602851868,
    0.5105512738227844,
    0.5171567797660828,
    0.5237513780593872,
    0.5303415060043335,
    0.5252608060836792,
    0.531968355178833,
    0.538684606552124,
    0.5340526700019836,
    0.5408979058265686,
    0.5365859866142273,
    0.546143651008606,
    0.5505741238594055,
    0.5466828942298889,
    0.5538389086723328,
    0.5564755797386169,
    0.5682799220085144,
    0.5718252062797546,
    0.5755580067634583,
    0.5794837474822998,
    0.5836084485054016,
    0.5879383087158203,
    0.5924802422523499,
    0.6085100173950195,
    0.6135922074317932,
    0.618914008140564,
    0.6244843006134033,
    0.6303128004074097,
    0.63640958070755,
    0.6427854895591736,
    0.6494524478912354,
    0.6564227938652039,
    0.6731114983558655,
    0.6837601661682129,
    0.6918724179267883,
    0.7003543376922607,
    0.7092238068580627,
    0.7185004353523254,
    0.728205144405365,
    0.7383600473403931,
    0.7626076936721802,
    0.7739406228065491,
    0.7858121991157532,
    0.7997741103172302,
    0.8215797543525696,
    0.8353142142295837,
    0.8481314778327942,
    0.8733644485473633,
    0.8975034952163696,
    0.8975445628166199,
    0.9289689660072327,
    0.9599852561950684,
    0.9849734306335449,
    1.0136340856552124,
    1.0397465229034424,
    1.0767303705215454,
    1.099299669265747,
    1.157818078994751,
    1.1661559343338013,
    1.1798412799835205,
    1.2725003957748413,
    1.293882966041565,
    1.3182284832000732,
    1.4041228294372559,
    1.4882802963256836,
    1.5308871269226074,
    0.4810808300971985,
    0.4778217375278473,
    0.47472280263900757,
    0.471779465675354,
    0.46898743510246277,
    0.4663426876068115,
    0.46384134888648987,
    0.4614800214767456,
    0.45925527811050415,
    0.45716410875320435,
    0.4552037715911865,
    0.46367543935775757,
    0.4619300663471222,
    0.46031099557876587,
    0.4588160216808319,
    0.4574432373046875,
    0.4561908543109894,
    0.455057293176651,
    0.45404112339019775,
    0.4531409740447998,
    0.4523557722568512,
    0.4516846239566803,
    0.4511265754699707,
    0.4506808817386627,
    0.4503472149372101,
    0.45012491941452026,
    0.4500138759613037,
    0.4600141942501068,
    0.46012768149375916,
    0.46035492420196533,
    0.4606960117816925,
    0.4611515998840332,
    0.4617220461368561,
    0.4624081254005432,
    0.4632107615470886,
    0.4641309082508087,
    0.46516966819763184,
    0.4663284122943878,
    0.46760863065719604,
    0.4690118730068207,
    0.4705401062965393,
    0.4824603199958801,
    0.4842832088470459,
    0.4807493984699249,
    0.4883342683315277,
    0.4905681312084198,
    0.4929444491863251,
    0.49546685814857483,
    0.49813878536224365,
    0.5009638667106628,
    0.5039462447166443,
    0.5070902109146118,
    0.5104004740715027,
    0.5138817429542542,
    0.528550922870636,
    0.5324723720550537,
    0.5365857481956482,
    0.5408976674079895,
    0.5454151630401611,
    0.5501456260681152,
    0.5550969839096069,
    0.5602778196334839,
    0.565697193145752,
    0.569272518157959,
    0.5893179774284363,
    0.5956428647041321,
    0.6022552251815796,
    0.6091680526733398,
    0.6163952350616455,
    0.62395179271698,
    0.6498529314994812,
    0.6440060138702393,
    0.6620044112205505,
    0.6712362170219421,
    0.6808995008468628,
    0.6910181045532227,
    0.7016177177429199,
    0.7226309776306152,
    0.7186594009399414,
    0.735372006893158,
    0.767582893371582,
    0.7806834578514099,
    0.8007712960243225,
    0.8174871206283569,
    0.8410163521766663,
    0.8636670112609863,
    0.8673958778381348,
    0.9037490487098694,
    0.9303416609764099,
    2.209132432937622,
    2.2511982917785645,
    2.4099252223968506,
    3.0114951133728027,
    2.9836487770080566,
    2.9570345878601074,
    2.9429712295532227,
    2.9185948371887207,
    2.8734397888183594,
    2.8194637298583984,
    2.7306034564971924,
    2.6456241607666016,
    2.5628910064697266,
    2.45247483253479,
