{
  "step": 1045,
  "timestamp": 33.44,
  "robot_pose_odom": {
    "x": -3.215632725475617,
    "y": 0.08615501015545907,
    "yaw_fused": 1.0595713071877184,
    "yaw_imu": 1.0608495251861851
  },
  "lidar_pose_relative_to_robot": {
    "x_offset": 0.0,
    "y_offset": 0.0,
    "yaw_offset": 0.0
  },
  "lidar_meta": {
    "fov": 6.283184,
    "horizontal_resolution": 400,
    "angle_min": -3.141592,
    "angle_increment": 0.015747328320802004
  },
  "ranges": [
    0.8312558531761169,
    0.8406481742858887,
    0.8402332067489624,
    0.8400259017944336,
    0.8400259017944336,
    0.8402332067489624,
    0.8406481742858887,
    0.8412709832191467,
    0.8421029448509216,
    0.8527505993843079,
    0.7906798720359802,
    0.7313254475593567,
    0.6909624338150024,
    0.633380651473999,
    0.6128922700881958,
    0.5635155439376831,
    0.5333369970321655,
    0.5057527422904968,
    0.485860675573349,
    0.46578457951545715,
    0.4649129807949066,
    null,
    null,
    null,
    null,
    0.3606186807155609,
    0.3505592346191406,
    0.3403276205062866,
    0.33902373909950256,
    0.31926658749580383,
    0.30614233016967773,
    0.30832138657569885,
    null,
    null,
    0.28171753883361816,
    0.27270758152008057,
    0.2750728130340576,
    0.2544194459915161,
    0.2567940056324005,
    0.259277880191803,
    0.23806864023208618,
    0.24053794145584106,
    null,
    null,
    null,
    null,
    null,
    null,
    null,
    null,
    null,
    null,
    null,
    null,
    null,
    null,
    null,
    null,
    null,
    null,
    null,
    null,
    null,
    null,
    null,
    null,
    null,
    null,
    null,
    null,
    null,
    null,
    null,
    null,
    null,
    null,
    null,
    null,
    null,
    null,
    null,
    null,
    null,
    null,
    null,
    null,
    null,
    null,
    null,
    null,
    null,
    null,
    null,
    null,
    null,
    null,
    null,
    null,
    null,
    null,
    null,
    null,
    null,
    null,
    null,
    null,
    null,
    null,
    null,
    null,
    null,
    null,
    null,
    null,
    null,
    null,
    null,
    null,
    null,
    null,
    null,
    null,
    null,
    null,
    null,
    null,
    null,
    null,
    null,
    null,
    null,
    null,
    null,
    null,
    null,
    null,
    null,
    null,
    null,
    null,
    null,
    null,
    null,
    null,
    null,
    0.2039182335138321,
    0.2033080905675888,
    0.21288906037807465,
    0.21236006915569305,
    0.21188585460186005,
    0.2215355932712555,
    0.2211517095565796,
    0.23086102306842804,
    0.2305757999420166,
    0.24036315083503723,
    0.2401851862668991,
    0.25006940960884094,
    0.2500077188014984,
    0.2600080072879791,
    0.26007217168807983,
    0.27020832896232605,
    0.2704085111618042,
    0.2810160517692566,
    0.2910856604576111,
    0.2915181517601013,
    0.3013399839401245,
    0.313755065202713,
    0.3235962986946106,
    0.324402391910553,
    0.33354267477989197,
    0.3490097224712372,
    0.3551676869392395,
    0.38324156403541565,
    0.39564546942710876,
    0.40833061933517456,
    0.4306710660457611,
    0.4450606405735016,
    0.46420127153396606,
    0.48804527521133423,
    0.5082115530967712,
    0.5353029370307922,
    0.5519881248474121,
    0.6025233864784241,
    0.6645908951759338,
    0.6955745220184326,
    0.7375760674476624,
    0.7979247570037842,
    0.8169983625411987,
    0.9518874883651733,
    1.0431642532348633,
    1.114806890487671,
    1.4291976690292358,
    1.5477176904678345,
    1.6848610639572144,
    2.071197271347046,
    2.0926802158355713,
    2.1029841899871826,
    2.1263298988342285,
    2.1383042335510254,
    2.163672924041748,
    2.1901981830596924,
    2.205040693283081,
    2.233882427215576,
    2.250814914703369,
    2.282202959060669,
    2.3014402389526367,
    2.3218207359313965,
    2.357435464859009,
    2.385430335998535,
    2.4232773780822754,
    2.4283902645111084,
    2.4654042720794678,
    2.514171838760376,
    2.5890934467315674,
    1.6118727922439575,
    1.59171462059021,
    1.6313929557800293,
    1.6353356838226318,
    1.5522782802581787,
    1.4886990785598755,
    1.4286810159683228,
    1.364713430404663,
    1.3061507940292358,
    1.2613539695739746,
    1.2220726013183594,
    1.2342015504837036,
    0.7836645841598511,
    0.7888094186782837,
    0.7825212478637695,
    0.7876155972480774,
    0.781815230846405,
    1.5657639503479004,
    1.5681185722351074,
    1.5951274633407593,
    1.6643612384796143,
    2.4832394123077393,
    2.4738922119140625,
    2.5437092781066895,
    3.9144303798675537,
    3.858436346054077,
    3.8070895671844482,
    3.765507459640503,
    3.7202229499816895,
    2.8729090690612793,
    2.82240629196167,
    2.7720587253570557,
    2.7255489826202393,
    2.683168411254883,
    2.6324665546417236,
    2.6004743576049805,
    2.549945592880249,
    1.989981770515442,
    1.9602969884872437,
    1.931198000907898,
    1.9133330583572388,
    1.885651707649231,
    1.856062650680542,
    1.8384281396865845,
    1.8241416215896606,
    1.7940425872802734,
    1.777313232421875,
    1.767029881477356,
    1.7522809505462646,
    1.7184114456176758,
    1.702561378479004,
    1.690311312675476,
    1.6939365863800049,
    1.6607768535614014,
    1.6509889364242554,
    1.620754599571228,
    1.093492031097412,
    1.08737051486969,
    1.0808042287826538,
    1.0966756343841553,
    1.128205418586731,
    1.1896977424621582,
    1.2423572540283203,
    1.3052841424942017,
    1.3542671203613281,
    1.3985235691070557,
    1.4970276355743408,
    1.512876033782959,
    1.5116236209869385,
    1.5319069623947144,
    1.5765434503555298,
    1.6553106307983398,
    1.8019565343856812,
    1.9571397304534912,
    2.07619309425354,
    2.4458141326904297,
    3.0915346145629883,
    3.0774455070495605,
    3.086667537689209,
    2.9900546073913574,
    2.9346811771392822,
    2.884577512741089,
    2.831935167312622,
    2.7860403060913086,
    2.7374496459960938,
    2.6996867656707764,
    2.617137908935547,
    2.6240525245666504,
    2.5844099521636963,
    2.5465662479400635,
    2.510425090789795,
    2.475898027420044,
    2.455965995788574,
    2.4242565631866455,
    2.3690624237060547,
    1.187168002128601,
    1.0950700044631958,
    1.0042346715927124,
    0.9384363889694214,
    0.8754435181617737,
    0.8171553015708923,
    0.7640238404273987,
    0.7229645848274231,
    0.6863366365432739,
    0.6493811011314392,
    0.6242149472236633,
    0.5943719744682312,
    0.564298689365387,
    0.546143651008606,
    0.5286000370979309,
    0.5161328315734863,
    0.4843432903289795,
    0.4684944450855255,
    0.47456467151641846,
    0.4485841393470764,
    0.438721626996994,
    0.42866361141204834,
    0.41838765144348145,
    0.4130253195762634,
    0.3970847725868225,
    0.38026633858680725,
    0.3746033012866974,
    0.3628472089767456,
    0.35850030183792114,
    0.34981024265289307,
    0.341775506734848,
    0.3332962095737457,
    0.33675312995910645,
    0.31605544686317444,
    0.3195640444755554,
    0.31080007553100586,
    0.3144874572753906,
    0.29287540912628174,
    0.29658448696136475,
    0.28740015625953674,
    0.291282057762146,
    0.2953440248966217,
    0.28597787022590637,
    0.304048091173172,
    0.3156929910182953,
    0.3087119162082672,
    0.3178684413433075,
    0.32221534848213196,
    1.0471287965774536,
    1.0327271223068237,
    1.018964171409607,
    1.0058082342147827,
    0.9932294487953186,
    0.9937801361083984,
    0.9821282029151917,
    0.9709829092025757,
    null,
    0.9501248598098755,
    0.9403713345527649,
    0.9310435056686401,
    0.9337965250015259,
    0.9251618981361389,
    0.9169095158576965,
    0.9090254902839661,
    0.9014963507652283,
    0.8943096399307251,
    0.8874539732933044,
    0.8919298648834229,
    0.8856260776519775,
