{
  "step": 400,
  "timestamp": 12.8,
  "robot_pose_odom": {
    "x": -0.7608162098111109,
    "y": -0.9950325555733912,
    "yaw_fused": -2.59751319665248,
    "yaw_imu": -2.597566240566541
  },
  "lidar_pose_relative_to_robot": {
    "x_offset": 0.0,
    "y_offset": 0.0,
    "yaw_offset": 0.0
  },
  "lidar_meta": {
    "fov": 6.283184,
    "horizontal_resolution": 400,
    "angle_min": -3.141592,
    "angle_increment": 0.015747328320802004
  },
  "ranges": [
    0.7106386423110962,
    0.690459668636322,
    0.6727177500724792,
    0.6734874844551086,
    0.6363768577575684,
    0.6254696846008301,
    0.6165944933891296,
    0.612701952457428,
    0.587125837802887,
    0.5775738954544067,
    0.5685099363327026,
    0.5576907396316528,
    0.5397638082504272,
    0.5365698933601379,
    0.5254620909690857,
    0.5237510204315186,
    0.5139883160591125,
    0.49839508533477783,
    0.5039278864860535,
    0.4848480522632599,
    0.4906002879142761,
    0.47055545449256897,
    null,
    null,
    null,
    null,
    0.4493936598300934,
    0.4422515630722046,
    0.43500298261642456,
    0.4350033700466156,
    0.42843160033226013,
    0.42215803265571594,
    0.4161667227745056,
    0.4236830770969391,
    0.4180367588996887,
    0.41263940930366516,
    0.407478928565979,
    0.4025440514087677,
    0.397824227809906,
    0.39330971240997314,
    0.40114742517471313,
    0.39688774943351746,
    0.3928135335445404,
    0.38891711831092834,
    0.3851912319660187,
    0.38162946701049805,
    0.3782253563404083,
    0.3749731481075287,
    0.371867299079895,
    0.35772398114204407,
    0.343888521194458,
    0.34135594964027405,
    0.3280097246170044,
    0.32578760385513306,
    0.312885582447052,
    0.30022335052490234,
    0.3020963668823242,
    0.28234922885894775,
    0.2842750549316406,
    0.27528703212738037,
    0.2773294150829315,
    0.26829293370246887,
    0.2591802179813385,
    0.261344850063324,
    0.25215017795562744,
    0.25441956520080566,
    0.24512164294719696,
    0.24749261140823364,
    0.23597703874111176,
    null,
    null,
    null,
    null,
    null,
    null,
    null,
    null,
    null,
    null,
    null,
    null,
    null,
    null,
    null,
    null,
    null,
    null,
    null,
    null,
    null,
    null,
    null,
    null,
    null,
    null,
    null,
    null,
    null,
    null,
    null,
    null,
    null,
    null,
    null,
    null,
    null,
    null,
    null,
    null,
    null,
    null,
    null,
    null,
    null,
    null,
    null,
    null,
    null,
    null,
    null,
    null,
    null,
    null,
    null,
    null,
    null,
    null,
    null,
    null,
    null,
    null,
    null,
    null,
    null,
    null,
    null,
    null,
    null,
    null,
    null,
    null,
    null,
    null,
    null,
    null,
    null,
    null,
    null,
    null,
    null,
    0.20875237882137299,
    0.20976358652114868,
    0.21083694696426392,
    0.21197393536567688,
    0.21317610144615173,
    0.21444520354270935,
    0.2265722155570984,
    0.22805127501487732,
    0.2296067327260971,
    0.23124101758003235,
    0.2329566478729248,
    0.2347562611103058,
    0.24791143834590912,
    0.24998195469379425,
    0.2521500885486603,
    0.2544194459915161,
    0.2567940056324005,
    0.259277880191803,
    0.2618755102157593,
    0.2645917534828186,
    0.26743149757385254,
    0.28269124031066895,
    0.28593602776527405,
    0.28932836651802063,
    0.29287534952163696,
    0.30947938561439514,
    0.313527375459671,
    0.3177621066570282,
    0.3221933841705322,
    0.32683175802230835,
    0.34550905227661133,
    0.35080885887145996,
    0.3648415207862854,
    0.3731500804424286,
    0.3813040256500244,
    0.39169037342071533,
    0.4104430079460144,
    0.41414809226989746,
    0.42043113708496094,
    0.4462711811065674,
    0.47370249032974243,
    0.4876929223537445,
    0.5068178772926331,
    0.5162203907966614,
    0.5564063787460327,
    0.5755473375320435,
    0.6030787825584412,
    0.6299488544464111,
    0.6322816014289856,
    0.6686769723892212,
    0.6825096607208252,
    0.7043986320495605,
    0.7485155463218689,
    0.7491801381111145,
    0.7709015011787415,
    0.8026588559150696,
    0.8057927489280701,
    0.887603759765625,
    0.91167813539505,
    0.8950998187065125,
    0.9523377418518066,
    0.9969268441200256,
    1.0428780317306519,
    1.0899907350540161,
    1.152908205986023,
    1.1747207641601562,
    1.2928217649459839,
    1.3730523586273193,
    1.47909414768219,
    1.5727754831314087,
    1.5874545574188232,
    1.619474172592163,
    1.652485966682434,
    1.686933994293213,
    1.7229048013687134,
    1.7604914903640747,
    1.7997950315475464,
    1.8409247398376465,
    1.8839982748031616,
    1.929142951965332,
    1.9764982461929321,
    2.0262157917022705,
    2.0784590244293213,
    2.147026538848877,
    2.2174370288848877,
    2.301236867904663,
    2.3432631492614746,
    2.366211175918579,
    2.4600088596343994,
    2.5656802654266357,
    2.698570728302002,
    2.84896183013916,
    2.9113075733184814,
    3.0184810161590576,
    3.0021815299987793,
    2.986525774002075,
    2.97729229927063,
    1.5559650659561157,
    1.5546380281448364,
    1.5944125652313232,
    1.8068389892578125,
    1.8591903448104858,
    1.9089258909225464,
    2.251497983932495,
    2.3459150791168213,
    2.464137077331543,
    2.878324270248413,
    2.8705546855926514,
    2.86293625831604,
    2.8559350967407227,
    2.8495497703552246,
    2.8545656204223633,
    2.8493361473083496,
    2.844719409942627,
    2.8401880264282227,
    2.846299409866333,
    2.8318092823028564,
    2.8427894115448,
    2.841172456741333,
    2.8505139350891113,
    2.8500823974609375,
    2.8571341037750244,
    2.869861602783203,
    1.106606364250183,
    0.9829569458961487,
    0.88265460729599,
    0.8075122833251953,
    0.7313227653503418,
    0.6784471273422241,
    0.6255499124526978,
    0.5834659934043884,
    0.5504314303398132,
    0.5214517116546631,
    0.49081534147262573,
    0.46029260754585266,
    0.4399603307247162,
    0.4199598431587219,
    0.40002870559692383,
    0.3904465436935425,
    0.3703383505344391,
    0.36121630668640137,
    0.3408413827419281,
    0.3311515748500824,
    0.32147958874702454,
    0.313755065202713,
    0.3021383285522461,
    0.29244372248649597,
    0.2865470349788666,
    0.27294081449508667,
    0.26595744490623474,
    0.2668929398059845,
    0.2616948187351227,
    0.24829289317131042,
    0.2436494082212448,
    0.22962763905525208,
    0.23073995113372803,
    0.21981865167617798,
    0.23317134380340576,
    0.23449371755123138,
    0.235889732837677,
    0.2373613715171814,
    0.23891086876392365,
    0.24054040014743805,
    0.24225251376628876,
    0.2551429867744446,
    0.2571139931678772,
    0.9887756109237671,
    1.0116597414016724,
    1.0315231084823608,
    1.0523713827133179,
    1.0621933937072754,
    1.084252953529358,
    1.1049269437789917,
    1.1305283308029175,
    1.1515735387802124,
    1.1799286603927612,
    1.2030587196350098,
    1.232790470123291,
    1.261229157447815,
    1.2457083463668823,
    1.237158179283142,
    1.2318094968795776,
    1.2105993032455444,
    1.2030003070831299,
    1.1947299242019653,
    1.1717361211776733,
    1.1787186861038208,
    1.1609113216400146,
    1.1575300693511963,
    1.154526948928833,
    1.151888370513916,
    1.1365374326705933,
    1.1218634843826294,
    1.1205670833587646,
    1.1195756196975708,
    1.1064486503601074,
    1.1061835289001465,
    1.094038486480713,
    1.0944480895996094,
    1.0832130908966064,
    1.0842537879943848,
    1.0859030485153198,
    1.5762819051742554,
    1.6347688436508179,
    1.6831785440444946,
    1.709764838218689,
    1.8601101636886597,
    1.8814654350280762,
    1.949325442314148,
    1.9960365295410156,
    2.0764212608337402,
    2.0159049034118652,
    3.6008832454681396,
