{
  "step": 1090,
  "timestamp": 34.88,
  "robot_pose_odom": {
    "x": -3.0346836043335252,
    "y": 0.4093118407927571,
    "yaw_fused": 1.0607041883330246,
    "yaw_imu": 1.0608286319959426
  },
  "lidar_pose_relative_to_robot": {
    "x_offset": 0.0,
    "y_offset": 0.0,
    "yaw_offset": 0.0
  },
  "lidar_meta": {
    "fov": 6.283184,
    "horizontal_resolution": 400,
    "angle_min": -3.141592,
    "angle_increment": 0.015747328320802004
  },
  "ranges": [
    1.20268976688385,
    1.1912857294082642,
    1.2045104503631592,
    1.193472146987915,
    1.2076314687728882,
    1.1969687938690186,
    1.1941285133361816,
    1.1965665817260742,
    1.0435607433319092,
    0.9334284067153931,
    0.8581669926643372,
    0.7554037570953369,
    0.7016868591308594,
    0.6876577734947205,
    0.6557349562644958,
    0.6081941723823547,
    0.5748903751373291,
    0.5423617959022522,
    0.5133709907531738,
    0.4900093078613281,
    0.47173863649368286,
    0.45286205410957336,
    null,
    null,
    null,
    null,
    0.3690066635608673,
    0.35356101393699646,
    0.35017383098602295,
    0.33537137508392334,
    0.3209185004234314,
    0.3181590437889099,
    0.31552377343177795,
    null,
    0.3020937442779541,
    0.286298543214798,
    0.284275084733963,
    0.271489679813385,
    0.26972895860671997,
    0.25733429193496704,
    0.2589397430419922,
    0.24977046251296997,
    0.24054044485092163,
    0.24225258827209473,
    0.23295670747756958,
    0.23475632071495056,
    0.22250448167324066,
    null,
    null,
    null,
    null,
    null,
    null,
    null,
    null,
    null,
    null,
    null,
    null,
    null,
    null,
    null,
    null,
    null,
    null,
    null,
    null,
    null,
    null,
    null,
    null,
    null,
    null,
    null,
    null,
    null,
    null,
    null,
    null,
    null,
    null,
    null,
    null,
    null,
    null,
    null,
    null,
    null,
    null,
    null,
    null,
    null,
    null,
    null,
    null,
    null,
    null,
    null,
    null,
    null,
    null,
    null,
    null,
    null,
    null,
    null,
    null,
    null,
    null,
    null,
    null,
    null,
    null,
    null,
    null,
    null,
    null,
    null,
    null,
    null,
    null,
    null,
    null,
    null,
    null,
    null,
    null,
    null,
    null,
    null,
    null,
    null,
    null,
    null,
    null,
    null,
    null,
    null,
    null,
    null,
    null,
    null,
    null,
    null,
    null,
    null,
    null,
    null,
    null,
    null,
    null,
    null,
    null,
    0.24053794145584106,
    0.24311953783035278,
    0.24581845104694366,
    0.261072039604187,
    0.2641693949699402,
    0.26740792393684387,
    0.27079445123672485,
    0.27433645725250244,
    0.29128193855285645,
    0.29534393548965454,
    0.29959577322006226,
    0.30404797196388245,
    0.32274413108825684,
    0.32972466945648193,
    0.3316889703273773,
    0.3404500186443329,
    0.3490430414676666,
    0.3702405095100403,
    0.3919094502925873,
    0.38684943318367004,
    0.40807002782821655,
    0.4320216774940491,
    0.45039689540863037,
    0.46994510293006897,
    0.4894827604293823,
    0.5234944820404053,
    0.5398370027542114,
    0.5872433185577393,
    0.606239914894104,
    0.6169494390487671,
    0.6994341611862183,
    0.7257400155067444,
    0.7547942399978638,
    0.851001501083374,
    0.9583878517150879,
    1.0244587659835815,
    1.0949747562408447,
    1.179413914680481,
    1.4852290153503418,
    1.7179949283599854,
    1.7048397064208984,
    1.7154756784439087,
    1.7266740798950195,
    1.7493849992752075,
    1.7618368864059448,
    1.774908185005188,
    1.7886195182800293,
    1.814261555671692,
    1.8294140100479126,
    1.8452807664871216,
    1.8618886470794678,
    1.8792660236358643,
    1.909228801727295,
    1.928356647491455,
    1.9483574628829956,
    1.9814245700836182,
    2.003420829772949,
    2.026416540145874,
    2.063037633895874,
    2.0883290767669678,
    2.114776372909546,
    2.155501365661621,
    2.18461537361145,
    2.204029083251953,
    2.201498508453369,
    1.263831615447998,
    1.2208856344223022,
    1.2418286800384521,
    1.2452971935272217,
    1.2800915241241455,
    1.250873327255249,
    1.2043668031692505,
    1.1534885168075562,
    1.1269670724868774,
    1.0817735195159912,
    1.048416018486023,
    1.016579031944275,
    0.9861629605293274,
    0.9570779204368591,
    0.9260711073875427,
    0.9165644645690918,
    0.8790228366851807,
    0.886743426322937,
    0.8942365050315857,
    0.9093647599220276,
    1.2495405673980713,
    1.24795663356781,
    0.8481848835945129,
    0.7561307549476624,
    0.6829059720039368,
    0.6273981928825378,
    0.6102926731109619,
    0.519548237323761,
    0.49879369139671326,
    0.46780601143836975,
    0.47694137692451477,
    0.4743832051753998,
    0.4719682037830353,
    0.48013049364089966,
    0.4779442846775055,
    2.4305663108825684,
    2.3946022987365723,
    2.3678083419799805,
    2.3367671966552734,
    2.3066251277923584,
    2.2853002548217773,
    2.3393731117248535,
    2.393923044204712,
    1.7465072870254517,
    1.7312513589859009,
    1.7094756364822388,
    1.6967582702636719,
    1.683890700340271,
    1.6627333164215088,
    1.651418924331665,
    1.6405378580093384,
    1.630023717880249,
    1.6100231409072876,
    1.600361704826355,
    1.5910812616348267,
    1.5821691751480103,
    1.5742454528808594,
    1.5553711652755737,
    1.5474860668182373,
    1.5399253368377686,
    1.5326788425445557,
    1.5257368087768555,
    1.5190902948379517,
    1.5127296447753906,
    1.5113435983657837,
    1.5008305311203003,
    1.4952740669250488,
    1.4899678230285645,
    1.4849026203155518,
    1.4800702333450317,
    1.4754613637924194,
    1.4710665941238403,
    1.4668769836425781,
    1.4626202583312988,
    1.4709150791168213,
    0.9836632609367371,
    0.9818129539489746,
    0.9730240106582642,
    1.2718361616134644,
    1.4535149335861206,
    1.464298963546753,
    1.4697861671447754,
    3.0230937004089355,
    2.975581169128418,
    2.9726977348327637,
    2.8946404457092285,
    2.86120343208313,
    2.8207552433013916,
    2.7797763347625732,
    2.775691032409668,
    2.720515727996826,
    2.7126708030700684,
    2.65655255317688,
    2.6287407875061035,
    2.609226942062378,
    2.5507874488830566,
    2.5526981353759766,
    2.5278942584991455,
    2.5056753158569336,
    2.474090337753296,
    2.450920343399048,
    2.3855693340301514,
    2.3855020999908447,
    2.34946346282959,
    2.3150601387023926,
    2.2956292629241943,
    2.264056444168091,
    2.233883857727051,
    2.2050418853759766,
    2.190199136734009,
    1.3000072240829468,
    1.2709095478057861,
    1.2196916341781616,
    1.1880428791046143,
    1.157751441001892,
    1.1287357807159424,
    1.0911591053009033,
    1.0742305517196655,
    1.0486046075820923,
    1.0239795446395874,
    1.0002986192703247,
    0.9832468628883362,
    0.9502043128013611,
    0.9429200887680054,
    0.9250133037567139,
    0.9052426815032959,
    0.8861479759216309,
    0.873921811580658,
    0.83249831199646,
    0.8140079975128174,
    0.8109439015388489,
    0.8007246255874634,
    0.7874342203140259,
    0.7744867205619812,
    0.7618642449378967,
    0.7470830678939819,
    0.7375269532203674,
    0.7250255346298218,
    0.7237692475318909,
    0.7130895256996155,
    0.7017524242401123,
    0.7010591626167297,
    0.6906782388687134,
    0.680188775062561,
    0.6800209879875183,
    0.6699941158294678,
    0.6601831912994385,
    0.6605092287063599,
    null,
    0.6416022181510925,
    0.6423959136009216,
    0.6332980990409851,
    0.6343973875045776,
    0.6245966553688049,
    0.6168555021286011,
    0.6183920502662659,
    0.6099242568016052,
    0.6117545962333679,
    0.6035188436508179,
    0.6056416630744934,
    0.6017234325408936,
    0.6165137887001038,
