{
  "step": 1420,
  "timestamp": 45.44,
  "robot_pose_odom": {
    "x": -1.6425027758728017,
    "y": 1.5820086148740768,
    "yaw_fused": -0.8673708587635768,
    "yaw_imu": -0.8708928772006692
  },
  "lidar_pose_relative_to_robot": {
    "x_offset": 0.0,
    "y_offset": 0.0,
    "yaw_offset": 0.0
  },
  "lidar_meta": {
    "fov": 6.283184,
    "horizontal_resolution": 400,
    "angle_min": -3.141592,
    "angle_increment": 0.015747328320802004
  },
  "ranges": [
    0.5207868218421936,
    0.510393500328064,
    0.5101416110992432,
    0.5000154376029968,
    0.5000154376029968,
    0.4901360273361206,
    0.49037808179855347,
    0.48072630167007446,
    0.4812016785144806,
    0.47175952792167664,
    0.47246047854423523,
    0.4632107615470886,
    0.4641309082508087,
    0.455057293176651,
    0.4561908543109894,
    0.44727784395217896,
    0.448620080947876,
    0.45008185505867004,
    0.44139984250068665,
    0.4430675804615021,
    0.43451255559921265,
    null,
    null,
    null,
    null,
    0.42394787073135376,
    0.42635220289230347,
    0.41816815733909607,
    0.42077696323394775,
    0.42352378368377686,
    0.4154788553714752,
    0.4184361398220062,
    null,
    null,
    0.41694197058677673,
    0.40906137228012085,
    0.4126092195510864,
    0.4163227379322052,
    0.4085359275341034,
    0.41248753666877747,
    0.416620135307312,
    0.4089145362377167,
    0.4133032262325287,
    0.4056004583835602,
    0.410256028175354,
    0.41512331366539,
    0.4074787497520447,
    0.41263920068740845,
    0.41803649067878723,
    0.4104427397251129,
    0.4161664545536041,
    0.40853968262672424,
    0.4146108329296112,
    0.420970618724823,
    0.42097097635269165,
    0.41461119055747986,
    0.42215803265571594,
    0.42959144711494446,
    0.4236830770969391,
    0.43110039830207825,
    0.4255343973636627,
    0.4329463839530945,
    0.44028255343437195,
    0.43512025475502014,
    0.43018248677253723,
    0.4254594147205353,
    0.4209415912628174,
    0.4166204333305359,
    0.41248786449432373,
    0.4205726683139801,
    0.40852612257003784,
    0.4126094877719879,
    0.40906161069869995,
    0.40567341446876526,
    0.4024394750595093,
    0.39935439825057983,
    0.3964133560657501,
    0.3936116695404053,
    0.3909451365470886,
    0.39919885993003845,
    0.39313051104545593,
    0.3967237174510956,
    0.3991987705230713,
    0.39094507694244385,
    0.3936116099357605,
    0.39641329646110535,
    0.38826116919517517,
    0.3912605345249176,
    0.39440467953681946,
    0.3863358795642853,
    0.38968661427497864,
    0.3816293179988861,
    0.3851911425590515,
    0.3889169692993164,
    0.39281338453292847,
    0.38486072421073914,
    0.3889912962913513,
    0.3933095932006836,
    0.38539209961891174,
    0.3899644613265991,
    0.3947451412677765,
    0.3868493437767029,
    0.39190930128097534,
    0.3972027599811554,
    0.3893170952796936,
    0.39492183923721313,
    0.40079066157341003,
    0.3859250545501709,
    0.3998870551586151,
    0.40079066157341003,
    0.4085398316383362,
    0.40274184942245483,
    0.41044285893440247,
    0.4180365800857544,
    0.4126392900943756,
    0.42021244764328003,
    0.4151233434677124,
    0.4226880967617035,
    0.4301823079586029,
    0.42545920610427856,
    0.43296828866004944,
    0.42852362990379333,
    0.4360584020614624,
    0.4435533881187439,
    0.4394519031047821,
    0.4469934105873108,
    0.45451274514198303,
    0.45074817538261414,
    0.46951258182525635,
    0.4659133553504944,
    0.4734936058521271,
    0.47014716267585754,
    0.46696212887763977,
    0.4639336168766022,
    0.471779465675354,
    0.46898743510246277,
    0.47694137692451477,
    0.4743832051753998,
    0.4719682037830353,
    0.48013049364089966,
    0.4779442846775055,
    0.4862403869628906,
    0.4842832684516907,
    0.4824603199958801,
    0.49099838733673096,
    0.48940378427505493,
    0.4879394471645355,
    0.4967411458492279,
    0.49550682306289673,
    0.5044901371002197,
    0.5034899711608887,
    0.5026175379753113,
    0.5119092464447021,
    0.5112767815589905,
    0.5207868218421936,
    0.5204012393951416,
    0.530147135257721,
    0.5300163626670837,
    0.5400166511535645,
    0.5401498675346375,
    0.5404166579246521,
    0.550832211971283,
    0.5513769388198853,
    0.5620964169502258,
    0.5629316568374634,
    0.5739785432815552,
    0.5751187205314636,
    0.5877515077590942,
    0.5981168746948242,
    0.5997588634490967,
    0.6117545962333679,
    0.6137479543685913,
    0.6296043395996094,
    0.6388416886329651,
    0.6414233446121216,
    0.6545757055282593,
    0.6642506718635559,
    0.6790103316307068,
    0.6957619190216064,
    0.6995140314102173,
    0.712958574295044,
    1.1659417152404785,
    1.1652284860610962,
    1.1619755029678345,
    1.169900894165039,
    1.1672165393829346,
    1.1758763790130615,
    1.184960126876831,
    1.1832135915756226,
    1.1817327737808228,
    1.1919821500778198,
    1.1911455392837524,
    1.1905903816223145,
    1.2021064758300781,
    1.2022466659545898,
    2.4863994121551514,
    2.4919753074645996,
    2.519639253616333,
    2.5265417098999023,
    2.541057825088501,
    2.560067653656006,
    2.5609958171844482,
    1.8656136989593506,
    1.7992082834243774,
    1.7380915880203247,
    1.661161184310913,
    1.6184449195861816,
    1.5506788492202759,
    1.550612449645996,
    1.5064208507537842,
    1.470744013786316,
    1.4790937900543213,
    1.4833730459213257,
    1.511494517326355,
    1.5036096572875977,
    1.5413707494735718,
    1.5512210130691528,
    1.5721222162246704,
    1.592041015625,
    1.6110767126083374,
    1.6571922302246094,
    1.0811219215393066,
    1.0440175533294678,
    1.0501575469970703,
    1.0486046075820923,
    1.0809961557388306,
    1.1018235683441162,
    1.101463794708252,
    1.140714168548584,
    1.1596276760101318,
    1.1783262491226196,
    1.1872668266296387,
    1.2249500751495361,
    1.260663628578186,
    1.2889727354049683,
    1.341496229171753,
    1.354961633682251,
    1.3826054334640503,
    1.424278974533081,
    1.4459891319274902,
    1.4964081048965454,
    1.5319037437438965,
    0.2825144827365875,
    0.2819543778896332,
    0.2814658284187317,
    0.2810482084751129,
    0.2807009816169739,
    0.28042367100715637,
    0.2802160680294037,
    0.28007772564888,
    0.2800086438655853,
    0.2800086438655853,
    0.2899981737136841,
    0.2802160680294037,
    0.28042367100715637,
    0.2907260060310364,
    0.2910856604576111,
    0.2915181517601013,
    0.292024165391922,
    0.2926042675971985,
    0.2932591438293457,
    0.2939896583557129,
    0.29479673504829407,
    0.2956814169883728,
    0.2966448664665222,
    0.2976882755756378,
    0.29881301522254944,
    0.3055114448070526,
    0.3013126254081726,
    0.3131285607814789,
    0.314645379781723,
    0.3162554204463959,
    0.3179609179496765,
    0.3197641372680664,
    0.32166779041290283,
    0.32367458939552307,
    0.3257875144481659,
    0.32800960540771484,
    0.3303443193435669,
    0.3327952027320862,
    0.3353661000728607,
    0.34932973980903625,
    0.35224729776382446,
    0.3553023934364319,
    0.3585001528263092,
    0.36184611916542053,
    0.36534610390663147,
    0.3690064251422882,
    0.37283381819725037,
    0.37683531641960144,
    0.38101863861083984,
    0.3978240489959717,
    0.38996434211730957,
    0.4080705940723419,
    0.41263920068740845,
    0.41803649067878723,
    0.4236828088760376,
    0.42959117889404297,
    0.43577566742897034,
    0.4560719132423401,
    0.4630676805973053,
    0.46306806802749634,
    0.4760701358318329,
    0.4902479946613312,
    0.49908822774887085,
    0.5163637399673462,
    0.526434600353241,
    0.5337975025177002,
    0.5469586849212646,
    0.5703961253166199,
    1.6104716062545776,
    1.5638376474380493,
    1.52841055393219,
    1.494504690170288,
    1.4620321989059448,
