{
  "step": 520,
  "timestamp": 16.64,
  "robot_pose_odom": {
    "x": -1.48047754933161,
    "y": -1.0725889188873374,
    "yaw_fused": -3.082311344187079,
    "yaw_imu": -3.0818750683788254
  },
  "lidar_pose_relative_to_robot": {
    "x_offset": 0.0,
    "y_offset": 0.0,
    "yaw_offset": 0.0
  },
  "lidar_meta": {
    "fov": 6.283184,
    "horizontal_resolution": 400,
    "angle_min": -3.141592,
    "angle_increment": 0.015747328320802004
  },
  "ranges": [
    1.1252708435058594,
    1.113595724105835,
    1.0988171100616455,
    1.0759601593017578,
    1.0224595069885254,
    0.9753575921058655,
    0.9310676455497742,
    0.8922331929206848,
    0.8510931730270386,
    0.819980263710022,
    0.7901042103767395,
    0.7599703669548035,
    0.7403701543807983,
    0.7102566361427307,
    0.6914870738983154,
    0.6710472106933594,
    0.6515704393386841,
    0.6321461200714111,
    0.6157657504081726,
    0.5943272113800049,
    0.5877515077590942,
    0.5707960724830627,
    null,
    null,
    null,
    null,
    0.5070001482963562,
    0.4917311370372772,
    0.4826214909553528,
    0.47344985604286194,
    0.45875856280326843,
    0.45173928141593933,
    null,
    null,
    0.43682795763015747,
    0.4270061254501343,
    0.42352378368377686,
    0.41773027181625366,
    0.4074246883392334,
    0.41044744849205017,
    0.3970851004123688,
    0.3944045603275299,
    0.3863357603549957,
    0.3896864950656891,
    0.38162916898727417,
    0.37351855635643005,
    0.37713146209716797,
    0.3690064251422882,
    0.37283381819725037,
    0.3646793067455292,
    0.35643675923347473,
    0.3480960428714752,
    0.3522258400917053,
    0.34381017088890076,
    0.34816429018974304,
    0.3396546542644501,
    0.34424227476119995,
    0.33561810851097107,
    0.3404497504234314,
    0.33168867230415344,
    0.3157625198364258,
    0.3227443993091583,
    0.3316889703273773,
    0.32683199644088745,
    0.32219356298446655,
    0.3177623152732849,
    0.31352755427360535,
    0.30947956442832947,
    0.30560919642448425,
    0.30190804600715637,
    0.2983681857585907,
    0.29498228430747986,
    0.29174360632896423,
    0.3006725609302521,
    0.29758602380752563,
    0.2946341931819916,
    0.2918115556240082,
    0.28911325335502625,
    0.2865343689918518,
    0.28407058119773865,
    0.2817176580429077,
    0.27947187423706055,
    0.2773294448852539,
    0.27528706192970276,
    0.27334144711494446,
    0.271489679813385,
    0.26972895860671997,
    0.26805657148361206,
    0.2697288990020752,
    0.2714896500110626,
    0.27334141731262207,
    0.26427555084228516,
    0.26623624563217163,
    0.26829293370246887,
    0.2704489231109619,
    0.261344850063324,
    0.2636115252971649,
    0.26598405838012695,
    0.2684665620326996,
    0.27106332778930664,
    0.26187559962272644,
    0.2645917534828186,
    0.2674315273761749,
    0.27040034532546997,
    0.2610720694065094,
    0.26416945457458496,
    0.26740798354148865,
    0.270794540643692,
    0.2612728774547577,
    0.26480183005332947,
    null,
    null,
    null,
    null,
    null,
    null,
    null,
    0.268494576215744,
    0.27804192900657654,
    0.27433648705482483,
    0.270794540643692,
    0.2801416516304016,
    0.2767488956451416,
    0.28593605756759644,
    0.28269124031066895,
    0.2795874774456024,
    0.28864553570747375,
    0.28568243980407715,
    0.29463404417037964,
    0.29181143641471863,
    0.300677627325058,
    0.29799559712409973,
    0.3067961037158966,
    0.30425500869750977,
    0.3130083978176117,
    0.3106089234352112,
    0.30832144618034363,
    0.3170759975910187,
    0.31492793560028076,
    0.32367461919784546,
    0.32166779041290283,
    0.330422967672348,
    0.32855963706970215,
    0.3373391628265381,
    0.33562183380126953,
    0.3444414436817169,
    0.34287306666374207,
    0.35174837708473206,
    0.35653871297836304,
    0.36954405903816223,
    0.3682487905025482,
    0.374899685382843,
    0.38436946272850037,
    0.3953653872013092,
    0.3943829834461212,
    0.4045634865760803,
    0.4121076464653015,
    0.42162269353866577,
    0.43160974979400635,
    0.4310764968395233,
    0.4506808817386627,
    0.4503472149372101,
    0.4602101445198059,
    0.4700411260128021,
    0.49004167318344116,
    0.5002211332321167,
    0.5105391144752502,
    0.5205652713775635,
    0.5416668653488159,
    0.551627516746521,
    0.5735599398612976,
    0.5832943916320801,
    0.6034457683563232,
    0.6294342279434204,
    0.6518966555595398,
    0.6670853495597839,
    0.6886244416236877,
    0.7319723963737488,
    0.742488443851471,
    0.7953882813453674,
    0.8027334213256836,
    0.8623775243759155,
    0.86632239818573,
    0.8782857656478882,
    0.8944969177246094,
    0.9117509126663208,
    0.9284974336624146,
    0.943558931350708,
    0.9494454860687256,
    0.9773626327514648,
    0.992711067199707,
    1.013007640838623,
    1.0342426300048828,
    1.0561679601669312,
    1.0789252519607544,
    1.1025621891021729,
    1.127130150794983,
    1.1526833772659302,
    1.1792809963226318,
    1.1972274780273438,
    1.2477681636810303,
    1.2780193090438843,
    1.3160897493362427,
    1.3548907041549683,
    1.395229697227478,
    1.4383800029754639,
    1.4892523288726807,
    1.542292833328247,
    1.576812744140625,
    1.6559735536575317,
    1.7207387685775757,
    1.7883402109146118,
    1.8672115802764893,
    1.9784928560256958,
    2.048581838607788,
    2.083630084991455,
    2.2102725505828857,
    2.3248519897460938,
    2.3165347576141357,
    2.3083770275115967,
    2.300410032272339,
    2.2926599979400635,
    2.2851507663726807,
    2.277902126312256,
    2.2767114639282227,
    2.2577693462371826,
    2.269915819168091,
    2.263744831085205,
    2.2579104900360107,
    2.2524211406707764,
    2.239751100540161,
    0.9054485559463501,
    0.8976629972457886,
    0.9014964699745178,
    2.2527778148651123,
    2.2493371963500977,
    2.246293544769287,
    2.2391488552093506,
    2.252272605895996,
    2.261162281036377,
    2.2711637020111084,
    2.248889923095703,
    2.2549335956573486,
    2.263132095336914,
    2.2655177116394043,
    2.2683165073394775,
    2.2741012573242188,
    2.2916688919067383,
    2.290416717529297,
    2.2952895164489746,
    2.315196990966797,
    2.3129050731658936,
    2.3344919681549072,
    2.3501667976379395,
    2.3449769020080566,
    2.3692986965179443,
    2.370415687561035,
    2.3967301845550537,
    2.402221918106079,
    2.4152636528015137,
    2.4327309131622314,
    2.4500458240509033,
    2.4651408195495605,
    2.4891374111175537,
    2.5104241371154785,
    2.514712333679199,
    1.928673267364502,
    1.9154523611068726,
    1.2418991327285767,
    1.216192364692688,
    1.1847655773162842,
    1.1545265913009644,
    1.1254078149795532,
    1.0973459482192993,
    1.083178162574768,
    1.0441642999649048,
    1.0315186977386475,
    1.006992220878601,
    0.9832738041877747,
    0.9724781513214111,
    0.9501248598098755,
    0.9403713345527649,
    0.8318813443183899,
    0.7940904498100281,
    0.7748230695724487,
    0.7679117321968079,
    0.7499460577964783,
    0.7437344789505005,
    0.7266266345977783,
    0.7210564017295837,
    0.7157461643218994,
    0.6997539401054382,
    0.6950134038925171,
    0.6797167658805847,
    0.6755024194717407,
    0.6715047359466553,
    0.6571192741394043,
    0.6535946726799011,
    0.6502673029899597,
    0.647132396697998,
    0.6337956786155701,
    0.6310779452323914,
    0.6285378336906433,
    0.6159067749977112,
    0.6137479543685913,
    0.6117547154426575,
    0.6099242568016052,
    0.5981168746948242,
    0.5966306328773499,
    0.5952983498573303,
    0.584048330783844,
    0.5830363035202026,
    0.5821713209152222,
    0.5814520120620728,
    0.5708624720573425,
    0.5704398155212402,
    0.5701582431793213,
    0.5700175762176514,
    0.5700175762176514,
    0.56015545129776,
