{
  "step": 1265,
  "timestamp": 40.480000000000004,
  "robot_pose_odom": {
    "x": -2.289735604722302,
    "y": 1.5009683695705776,
    "yaw_fused": 0.9686350527958306,
    "yaw_imu": 0.9685444577730286
  },
  "lidar_pose_relative_to_robot": {
    "x_offset": 0.0,
    "y_offset": 0.0,
    "yaw_offset": 0.0
  },
  "lidar_meta": {
    "fov": 6.283184,
    "horizontal_resolution": 400,
    "angle_min": -3.141592,
    "angle_increment": 0.015747328320802004
  },
  "ranges": [
    2.47005558013916,
    2.189481258392334,
    1.960532784461975,
    1.7846752405166626,
    1.6261210441589355,
    1.5048106908798218,
    1.4388610124588013,
    1.2970658540725708,
    1.2205878496170044,
    1.1647106409072876,
    1.0758219957351685,
    1.0267716646194458,
    0.9678413271903992,
    0.9361896514892578,
    0.8741422891616821,
    0.8528177738189697,
    0.8173140287399292,
    0.7832907438278198,
    0.7609388828277588,
    0.7295964360237122,
    0.6989141702651978,
    0.6715279221534729,
    null,
    null,
    null,
    0.608753502368927,
    0.5842053890228271,
    0.5626167058944702,
    0.5577488541603088,
    0.5449963212013245,
    0.5325364470481873,
    0.5165197253227234,
    null,
    null,
    0.484310507774353,
    0.48335036635398865,
    0.47188445925712585,
    0.4621536135673523,
    0.4514417052268982,
    0.44044414162635803,
    0.4303317964076996,
    0.4301193654537201,
    0.4200129508972168,
    0.4200129508972168,
    0.4101961553096771,
    0.40030863881111145,
    0.4006052315235138,
    0.3906612992286682,
    0.38142257928848267,
    0.38198933005332947,
    0.3826523721218109,
    0.37429386377334595,
    0.3640458285808563,
    0.3649526834487915,
    0.36595457792282104,
    0.35450810194015503,
    0.34779053926467896,
    0.3490138351917267,
    0.3503325283527374,
    0.34140273928642273,
    0.3324829041957855,
    0.33400383591651917,
    0.33562174439430237,
    0.3267972767353058,
    0.32855963706970215,
    0.330422967672348,
    0.32166779041290283,
    0.32367458939552307,
    0.31492793560028076,
    0.3170759677886963,
    0.3193328380584717,
    0.3106088936328888,
    0.3130083680152893,
    0.3042549192905426,
    0.30679601430892944,
    0.3094569146633148,
    0.3006775379180908,
    0.3034838140010834,
    0.306419312953949,
    0.2975858151912689,
    0.3006724417209625,
    0.3038994371891022,
    0.2949821650981903,
    0.29836803674697876,
    0.30190786719322205,
    0.29287534952163696,
    0.2965843975543976,
    0.3004637062549591,
    0.29128193855285645,
    0.29534393548965454,
    0.29959577322006226,
    0.29022759199142456,
    0.2946794331073761,
    0.2946796715259552,
    0.29022783041000366,
    0.29959601163864136,
    0.29534411430358887,
    0.29128211736679077,
    0.3004639148712158,
    0.2965845763683319,
    0.2928754687309265,
    0.30190804600715637,
    0.2983681857585907,
    0.29498228430747986,
    0.3038995862007141,
    0.3006725609302521,
    0.3094894587993622,
    0.3064195513725281,
    0.3034839928150177,
    0.3006777763366699,
    0.30945709347724915,
    0.30679619312286377,
    0.30425503849983215,
    0.31300848722457886,
    0.31060898303985596,
    0.3193329870700836,
    0.31707605719566345,
    0.3149280250072479,
    0.323674738407135,
    0.32166787981987,
    0.32367464900016785,
    0.32578757405281067,
    0.328009694814682,
    0.34135591983795166,
    0.3438884913921356,
    0.3465450406074524,
    0.3493298590183258,
    0.352247416973114,
    0.35530251264572144,
    0.35850030183792114,
    0.36184626817703247,
    0.3653462529182434,
    0.36900651454925537,
    0.37283381819725037,
    0.37683534622192383,
    0.38101866841316223,
    0.38539209961891174,
    0.3899644613265991,
    0.3947451412677765,
    0.39974433183670044,
    0.40497297048568726,
    0.41044288873672485,
    0.4161665737628937,
    0.4221578538417816,
    0.4284314215183258,
    0.4280221164226532,
    0.44903552532196045,
    0.4560721218585968,
    0.4676283597946167,
    0.4832902252674103,
    0.47664329409599304,
    0.4833548069000244,
    0.477114200592041,
    0.4711472988128662,
    0.4780208468437195,
    0.47241610288619995,
    0.47934600710868835,
    0.4740830957889557,
    0.48107588291168213,
    0.4761373698711395,
    0.4714144468307495,
    0.47857075929641724,
    0.4741455018520355,
    0.481377512216568,
    0.47723841667175293,
    0.47328561544418335,
    0.48069143295288086,
    0.4770065248012543,
    0.4845051169395447,
    0.4810808300971985,
    0.4778217375278473,
    0.4855119585990906,
    0.48250171542167664,
    0.4903050363063812,
    0.487540066242218,
    0.4954669177532196,
    0.4929445683956146,
    0.4905681312084198,
    0.49872446060180664,
    0.4965859055519104,
    0.504891037940979,
    0.5029905438423157,
    0.5114566683769226,
    0.509795606136322,
    0.5184356570243835,
    0.5170162916183472,
    0.5258439779281616,
    0.5246697068214417,
    0.5336993336677551,
    0.5327745676040649,
    0.5420215129852295,
    0.541351854801178,
    0.550832211971283,
    0.5504243969917297,
    0.56015545129776,
    0.5600172877311707,
    0.5700441002845764,
    0.5801610350608826,
    0.5804475545883179,
    0.5908927321434021,
    0.5914770364761353,
    0.6018146872520447,
    0.6137694120407104,
    0.624327540397644,
    0.6255677938461304,
    0.6383134126663208,
    0.648804783821106,
    0.650585949420929,
    0.6650829315185547,
    0.6779747009277344,
    0.6877625584602356,
    0.6903610825538635,
    0.7083512544631958,
    0.7226290702819824,
    0.737313985824585,
    0.7524275779724121,
    0.7711149454116821,
    0.784040629863739,
    0.800591766834259,
    0.8176764845848083,
    0.835324764251709,
    0.8535685539245605,
    0.8769437074661255,
    0.8918814659118652,
    0.9233108162879944,
    0.9336708188056946,
    0.935302197933197,
    0.9431137442588806,
    0.9398321509361267,
    0.9482907056808472,
    0.9571412801742554,
    0.9546140432357788,
    0.9641780257225037,
    0.9741787314414978,
    0.9724781513214111,
    0.9832738041877747,
    0.9945600628852844,
    0.9937800168991089,
    1.0059630870819092,
    1.0187029838562012,
    1.0189639329910278,
    1.0327268838882446,
    1.047128438949585,
    1.0485851764678955,
    1.064167857170105,
    1.0594773292541504,
    1.0804921388626099,
    1.0979869365692139,
    1.1076738834381104,
    1.1166259050369263,
    1.138166069984436,
    1.1365374326705933,
    1.1398617029190063,
    1.1460344791412354,
    1.1404160261154175,
    1.1409000158309937,
    1.1524574756622314,
    1.1580618619918823,
    1.1634405851364136,
    1.1686283349990845,
    1.1736565828323364,
    1.178554654121399,
    1.183349609375,
    1.188065767288208,
    1.1927261352539062,
    1.1916133165359497,
    1.2131425142288208,
    1.222827434539795,
    1.2332372665405273,
    1.2377543449401855,
    1.2423310279846191,
    1.2577708959579468,
    1.2779918909072876,
    1.26522696018219,
    1.273120403289795,
    1.2814310789108276,
    1.3033560514450073,
    1.7617396116256714,
    1.7501440048217773,
    1.7604374885559082,
    0.6705928444862366,
    0.6469412446022034,
    0.63820880651474,
    0.5822545289993286,
    0.5715869665145874,
    0.5705769062042236,
    0.5258428454399109,
    0.5139882564544678,
    0.4894832670688629,
    0.47645673155784607,
    0.4571388363838196,
    0.44854387640953064,
    0.44567999243736267,
    0.43063807487487793,
    0.4180366098880768,
    0.41092464327812195,
    0.40274181962013245,
    0.3813038468360901,
    0.37314990162849426,
    0.3578602969646454,
    0.3648413419723511,
    0.35932955145835876,
    0.354067862033844,
    0.34904295206069946,
    0.34472396969795227,
    0.3265910744667053,
    0.32237446308135986,
    0.31834277510643005,
    0.31448739767074585,
    0.31080007553100586,
    0.30727308988571167,
    0.3038994371891022,
    0.28547734022140503,
    0.295494019985199,
