{
  "step": 265,
  "timestamp": 8.48,
  "robot_pose_odom": {
    "x": -0.2296335114768623,
    "y": -0.39961797692032447,
    "yaw_fused": -2.093499687973887,
    "yaw_imu": -2.0937452744895357
  },
  "lidar_pose_relative_to_robot": {
    "x_offset": 0.0,
    "y_offset": 0.0,
    "yaw_offset": 0.0
  },
  "lidar_meta": {
    "fov": 6.283184,
    "horizontal_resolution": 400,
    "angle_min": -3.141592,
    "angle_increment": 0.015747328320802004
  },
  "ranges": [
    null,
    null,
    null,
    2.472454786300659,
    2.0972392559051514,
    1.8733880519866943,
    1.8724607229232788,
    1.2194812297821045,
    1.077142357826233,
    1.0204780101776123,
    0.9304891228675842,
    0.8655004501342773,
    0.8001132607460022,
    0.7576380372047424,
    0.7168823480606079,
    0.6777308583259583,
    0.6551488637924194,
    0.599908709526062,
    0.5798741579055786,
    0.5663047432899475,
    0.5200521945953369,
    0.49403709173202515,
    null,
    null,
    null,
    0.4361269772052765,
    0.4193120300769806,
    0.4162536859512329,
    0.40377217531204224,
    0.39155933260917664,
    0.374899685382843,
    0.3640386462211609,
    null,
    null,
    0.3440247178077698,
    0.3330574929714203,
    0.32167521119117737,
    0.3211979568004608,
    0.3104609549045563,
    0.30045393109321594,
    0.3002314865589142,
    0.2900805175304413,
    0.29000893235206604,
    0.2800086438655853,
    0.28007772564888,
    0.27020832896232605,
    0.2704085111618042,
    0.2606509029865265,
    0.26097333431243896,
    0.25130876898765564,
    0.25174498558044434,
    0.2421552538871765,
    0.24269722402095795,
    0.24330179393291473,
    0.23380431532859802,
    0.23450593650341034,
    0.23527005314826965,
    0.2258324921131134,
    0.22668574750423431,
    0.2276018261909485,
    0.21819190680980682,
    0.21919000148773193,
    0.22025176882743835,
    0.21083694696426392,
    0.21197393536567688,
    null,
    null,
    null,
    null,
    null,
    null,
    null,
    null,
    null,
    null,
    null,
    null,
    null,
    null,
    null,
    null,
    null,
    null,
    null,
    null,
    null,
    null,
    null,
    null,
    null,
    null,
    null,
    null,
    null,
    null,
    null,
    null,
    null,
    null,
    null,
    null,
    null,
    null,
    null,
    null,
    null,
    null,
    null,
    null,
    null,
    null,
    null,
    null,
    null,
    null,
    null,
    null,
    null,
    null,
    null,
    null,
    null,
    null,
    null,
    null,
    null,
    null,
    null,
    null,
    null,
    null,
    null,
    null,
    null,
    null,
    null,
    null,
    null,
    null,
    null,
    null,
    null,
    null,
    null,
    null,
    null,
    null,
    null,
    null,
    0.268494576215744,
    0.27804192900657654,
    0.27433648705482483,
    0.2836895287036896,
    0.29287534952163696,
    0.30190789699554443,
    0.29836806654930115,
    0.30727308988571167,
    0.31605541706085205,
    0.3247262239456177,
    0.3213927149772644,
    0.34177547693252563,
    0.3385012447834015,
    0.3431674838066101,
    0.36284729838371277,
    0.3753426671028137,
    0.3860056400299072,
    0.40779390931129456,
    0.4078698754310608,
    0.41838768124580383,
    0.42416128516197205,
    0.44958147406578064,
    0.47016265988349915,
    0.48528656363487244,
    0.4986010193824768,
    0.5188104510307312,
    0.534514307975769,
    0.5718041658401489,
    0.5769928693771362,
    0.5989847779273987,
    0.6779505014419556,
    0.6944589018821716,
    0.6945949196815491,
    0.7029579281806946,
    0.7137138247489929,
    0.711578369140625,
    0.7182216048240662,
    0.7268582582473755,
    0.7375269532203674,
    0.744411051273346,
    0.7533502578735352,
    0.7624136209487915,
    0.7716125249862671,
    0.7809585332870483,
    0.7907553315162659,
    0.810142457485199,
    0.8199986815452576,
    0.8300521373748779,
    0.8401508331298828,
    0.8608091473579407,
    0.8710948824882507,
    0.8925431370735168,
    0.9029377698898315,
    0.925392210483551,
    0.9372453093528748,
    0.9474703073501587,
    0.9732552766799927,
    0.990390419960022,
    1.020371913909912,
    1.0446803569793701,
    1.0666817426681519,
    1.0744044780731201,
    1.0943222045898438,
    1.1179542541503906,
    1.175115704536438,
    1.2182778120040894,
    1.2562572956085205,
    1.2829852104187012,
    1.3147644996643066,
    1.3572123050689697,
    1.399463176727295,
    1.4332880973815918,
    1.4703826904296875,
    1.4956591129302979,
    1.519535779953003,
    1.5556217432022095,
    1.5708664655685425,
    1.6310914754867554,
    1.658601999282837,
    1.7041149139404297,
    1.765344500541687,
    0.7463111281394958,
    0.7258132696151733,
    0.7023025155067444,
    0.7095869183540344,
    0.7172026634216309,
    0.7251644730567932,
    0.7334880828857422,
    0.7421901822090149,
    0.751288890838623,
    0.7608034610748291,
    0.7707547545433044,
    0.7811651825904846,
    0.7920587062835693,
    0.8034613728523254,
    0.8154013156890869,
    0.8279088735580444,
    0.8348898887634277,
    0.8492202758789062,
    0.862549901008606,
    0.8749807476997375,
    0.8998444080352783,
    0.9105667471885681,
    0.9104404449462891,
    0.9428861737251282,
    0.9599844813346863,
    0.9849731922149658,
    1.0020763874053955,
    1.0275895595550537,
    1.0495094060897827,
    1.055224061012268,
    1.0980643033981323,
    1.1212844848632812,
    1.152423620223999,
    1.1802312135696411,
    1.2169324159622192,
    1.2481660842895508,
    1.2918635606765747,
    1.3389151096343994,
    1.3652284145355225,
    1.3905044794082642,
    1.4616775512695312,
    1.4889038801193237,
    1.4794121980667114,
    1.4824572801589966,
    1.462764859199524,
    1.4486631155014038,
    1.4454935789108276,
    1.4425526857376099,
    1.4284420013427734,
    1.4255410432815552,
    1.4114577770233154,
    1.4086198806762695,
    1.405832052230835,
    1.395539402961731,
    0.910088300704956,
    0.9025934338569641,
    0.9046611189842224,
    0.8988490104675293,
    0.8995424509048462,
    0.89434814453125,
    0.8826721906661987,
    0.8931443691253662,
    0.8913599848747253,
    0.889753520488739,
    0.8883278369903564,
    0.8866044878959656,
    0.886031985282898,
    0.8851696252822876,
    0.8845035433769226,
    0.8840386867523193,
    0.8910196423530579,
    0.8845035433769226,
    0.8897861242294312,
    0.8860321044921875,
    0.8870860934257507,
    0.9013913869857788,
    0.889753520488739,
    0.8913597464561462,
    0.9057236909866333,
    0.895104169845581,
    0.909528374671936,
    0.8995423316955566,
    0.9108759760856628,
    0.9165644645690918,
    0.9143788814544678,
    0.9217607975006104,
    0.9213936924934387,
    0.913281261920929,
    0.8756763339042664,
    0.850892186164856,
    0.7878755331039429,
    0.7628514766693115,
    0.7378662824630737,
    0.7084363102912903,
    0.6993519067764282,
    0.6519094109535217,
    0.6353982090950012,
    0.6193920969963074,
    0.6038628816604614,
    0.591903567314148,
    0.5636405944824219,
    0.5494368672370911,
    0.5356079339981079,
    0.5172770023345947,
    0.5151949524879456,
    0.5235207676887512,
    0.521685779094696,
    0.5278383493423462,
    0.5406823754310608,
    1.2094635963439941,
    1.1856157779693604,
    1.1622700691223145,
    1.1386414766311646,
    1.1252872943878174,
    1.1032549142837524,
    1.0830188989639282,
    1.0713974237442017,
    1.051101803779602,
    1.030368447303772,
    1.0200048685073853,
    1.0000042915344238,
    0.9901924729347229,
    0.9809017777442932,
    0.9612310528755188,
    0.9526933431625366,
    0.9330500960350037,
    0.924240231513977,
    0.9163517355918884,
    0.9181720018386841,
    0.9202269315719604,
    0.9311108589172363,
    0.9472984075546265,
    0.9607643485069275,
    0.9746196269989014,
    0.9888832569122314,
    0.995380699634552,
    null,
    1.0296543836593628,
