{
  "step": 340,
  "timestamp": 10.88,
  "robot_pose_odom": {
    "x": -0.4721232976125668,
    "y": -0.8203245430443156,
    "yaw_fused": -2.0937409095250223,
    "yaw_imu": -2.093747187029383
  },
  "lidar_pose_relative_to_robot": {
    "x_offset": 0.0,
    "y_offset": 0.0,
    "yaw_offset": 0.0
  },
  "lidar_meta": {
    "fov": 6.283184,
    "horizontal_resolution": 400,
    "angle_min": -3.141592,
    "angle_increment": 0.015747328320802004
  },
  "ranges": [
    5.138007640838623,
    5.139554977416992,
    5.158564567565918,
    2.6981842517852783,
    2.3814685344696045,
    1.7000937461853027,
    1.497965693473816,
    1.3444687128067017,
    1.215200662612915,
    1.0913307666778564,
    1.0079647302627563,
    0.944500744342804,
    0.8350288271903992,
    0.8209292888641357,
    0.7939387559890747,
    0.7307561039924622,
    0.6957129240036011,
    0.661522626876831,
    0.6309438347816467,
    0.6111673712730408,
    0.5724261403083801,
    0.5365999341011047,
    null,
    null,
    null,
    null,
    0.46214309334754944,
    0.4478439688682556,
    0.4315170645713806,
    0.41632306575775146,
    0.40114811062812805,
    0.3976988196372986,
    0.3860054612159729,
    null,
    0.3686528205871582,
    0.35236743092536926,
    0.3498770296573639,
    0.3475067913532257,
    0.3344639241695404,
    0.32166787981987,
    0.32367464900016785,
    0.3040684163570404,
    0.3061423897743225,
    0.2973099648952484,
    0.2995157539844513,
    0.2906506657600403,
    0.2817176282405853,
    0.2840704917907715,
    0.2750729024410248,
    0.26598405838012695,
    0.2684665620326996,
    0.25927796959877014,
    0.26187559962272644,
    0.25256484746932983,
    0.25527554750442505,
    0.24581848084926605,
    null,
    null,
    null,
    null,
    null,
    null,
    null,
    null,
    null,
    null,
    null,
    null,
    null,
    null,
    null,
    null,
    null,
    null,
    null,
    null,
    null,
    null,
    null,
    null,
    null,
    null,
    null,
    null,
    null,
    null,
    null,
    null,
    null,
    null,
    null,
    null,
    null,
    null,
    null,
    null,
    null,
    null,
    null,
    null,
    null,
    null,
    null,
    null,
    null,
    null,
    null,
    null,
    null,
    0.20104700326919556,
    0.20074871182441711,
    0.2005006968975067,
    0.2003026157617569,
    0.20015431940555573,
    0.2100583016872406,
    0.2100064754486084,
    0.2100064754486084,
    0.2100583016872406,
    0.21016204357147217,
    0.21031774580478668,
    0.2105257362127304,
    0.21078616380691528,
    0.21109935641288757,
    0.2114657759666443,
    0.21188585460186005,
    0.22247245907783508,
    0.22302664816379547,
    0.22363892197608948,
    0.224310040473938,
    0.22504092752933502,
    0.2258324921131134,
    0.23698963224887848,
    0.23794735968112946,
    0.23897208273410797,
    0.24006524682044983,
    0.2412281334400177,
    0.24246248602867126,
    0.243770033121109,
    0.2451525181531906,
    0.24661198258399963,
    0.2543796896934509,
    0.24977043271064758,
    0.2514740228652954,
    0.2532639801502228,
    0.2551429867744446,
    0.2571139931678772,
    0.24791143834590912,
    0.24998195469379425,
    0.2521500885486603,
    0.2544194459915161,
    0.2567940056324005,
    0.24749250710010529,
    0.24997207522392273,
    0.25256484746932983,
    0.25527551770210266,
    0.2581093907356262,
    0.261072039604187,
    0.2515898644924164,
    0.25467419624328613,
    null,
    null,
    null,
    null,
    null,
    null,
    null,
    null,
    null,
    null,
    null,
    0.26480191946029663,
    0.2743366062641144,
    0.2707946300506592,
    0.28014177083969116,
    0.27674904465675354,
    0.2735041677951813,
    0.2826913297176361,
    0.27958759665489197,
    0.2886456549167633,
    0.2856825888156891,
    0.2946341931819916,
    0.2918115556240082,
    0.28911325335502625,
    0.29799574613571167,
    0.2954334020614624,
    0.30425503849983215,
    0.31300848722457886,
    0.31060898303985596,
    0.3193329870700836,
    0.31707605719566345,
    0.3149280250072479,
    0.323674738407135,
    0.33105728030204773,
    0.332390159368515,
    0.33446383476257324,
    0.34750673174858093,
    0.3498769998550415,
    0.3523674011230469,
    0.3549816310405731,
    0.3577239215373993,
    0.37186723947525024,
    0.37497302889823914,
    0.3782252371311188,
    0.3931938707828522,
    0.3968636393547058,
    0.4007023572921753,
    0.41662025451660156,
    0.42094141244888306,
    0.43761521577835083,
    0.44247326254844666,
    0.4599841237068176,
    0.46544143557548523,
    0.47114744782447815,
    0.4900091886520386,
    0.49641847610473633,
    0.5163636207580566,
    0.5369890928268433,
    0.5447197556495667,
    0.5666350722312927,
    0.5963401794433594,
    0.6033210158348083,
    0.6280946731567383,
    0.6354292631149292,
    0.6736100316047668,
    0.7026880383491516,
    0.7368518710136414,
    0.7659075856208801,
    0.8034074902534485,
    0.8467698097229004,
    0.8645496964454651,
    0.9406227469444275,
    0.9538337588310242,
    0.9918960332870483,
    1.00760817527771,
    1.0704412460327148,
    1.0844486951828003,
    1.121498942375183,
    1.1808093786239624,
    1.2059372663497925,
    1.251036286354065,
    1.3405250310897827,
    1.3515725135803223,
    1.4092265367507935,
    1.4429197311401367,
    1.483451247215271,
    1.6296086311340332,
    1.7457780838012695,
    1.8143857717514038,
    1.8876194953918457,
    1.923296332359314,
    1.93215012550354,
    1.987737774848938,
    2.0239956378936768,
    2.098874092102051,
    2.1062121391296387,
    2.1694047451019287,
    2.21352481842041,
    2.2548460960388184,
    2.28780198097229,
    2.349510669708252,
    2.3892345428466797,
    2.4576501846313477,
    2.5121710300445557,
    2.5794217586517334,
    2.6529042720794678,
    2.7189905643463135,
    2.795994520187378,
    2.8835339546203613,
    2.971566677093506,
    3.069828510284424,
    3.1698319911956787,
    1.820422887802124,
    1.8115421533584595,
    0.3805749714374542,
    0.3809513449668884,
    0.38142257928848267,
    0.38198933005332947,
    0.3725825846195221,
    0.3733226954936981,
    0.37415823340415955,
    0.37509027123451233,
    0.38436970114707947,
    0.4031389355659485,
    0.4239196479320526,
    0.47222721576690674,
    0.5068791508674622,
    0.5130583643913269,
    0.6421146988868713,
    0.7114248275756836,
    0.7846865653991699,
    0.8784728050231934,
    0.9885714650154114,
    1.1334308385849,
    1.3510048389434814,
    1.3594332933425903,
    1.3465884923934937,
    1.3557730913162231,
    1.3543635606765747,
    1.3559446334838867,
    1.3526432514190674,
    1.355114221572876,
    1.352174997329712,
    1.3639026880264282,
    1.3568174839019775,
    1.3540047407150269,
    1.3671015501022339,
    1.3569912910461426,
    1.3710663318634033,
    1.37362539768219,
    1.3736944198608398,
    1.3799521923065186,
    1.3794268369674683,
    1.387974500656128,
    1.3926571607589722,
    1.3978095054626465,
    1.403449296951294,
    1.4095959663391113,
    1.4116536378860474,
    0.9121438264846802,
    0.9261353611946106,
    0.9331164360046387,
    0.9259650111198425,
    0.944257915019989,
    0.9397312998771667,
    0.9528047442436218,
    0.962821364402771,
    0.9722269177436829,
    0.9810872673988342,
    0.9937806129455566,
    0.9821285605430603,
    1.0049662590026855,
    1.0121901035308838,
    1.019117832183838,
    1.0216047763824463,
    1.0440175533294678,
    1.0501575469970703,
    1.0486046075820923,
    1.0812864303588867,
    1.0904607772827148,
    1.0901950597763062,
    1.1232424974441528,
    1.1263481378555298,
    1.145145297050476,
    1.1457830667495728,
    1.1576377153396606,
    1.1374222040176392,
    1.1118277311325073,
    1.096311092376709,
    1.0812695026397705,
    1.066681981086731,
    1.0525280237197876,
    1.034955382347107,
    1.015303611755371,
