{
  "step": 325,
  "timestamp": 10.4,
  "robot_pose_odom": {
    "x": -0.4310176744658398,
    "y": -0.7490191597889686,
    "yaw_fused": -2.093733607243853,
    "yaw_imu": -2.0937465897585503
  },
  "lidar_pose_relative_to_robot": {
    "x_offset": 0.0,
    "y_offset": 0.0,
    "yaw_offset": 0.0
  },
  "lidar_meta": {
    "fov": 6.283184,
    "horizontal_resolution": 400,
    "angle_min": -3.141592,
    "angle_increment": 0.015747328320802004
  },
  "ranges": [
    null,
    null,
    3.144313335418701,
    2.5996243953704834,
    2.2561256885528564,
    1.6368961334228516,
    1.4400118589401245,
    1.2988848686218262,
    1.174460530281067,
    1.064909815788269,
    0.9903497099876404,
    0.912122368812561,
    0.8505059480667114,
    0.7990777492523193,
    0.7586571574211121,
    0.6876545548439026,
    0.6806056499481201,
    0.6557349562644958,
    0.6128100156784058,
    0.5930613875389099,
    0.5560840368270874,
    0.5317209362983704,
    null,
    null,
    null,
    null,
    0.4424734115600586,
    0.43761539459228516,
    0.4209415912628174,
    0.40471699833869934,
    0.40070250630378723,
    0.384827196598053,
    null,
    0.36676397919654846,
    0.36361032724380493,
    0.3493298888206482,
    0.33536621928215027,
    0.33279532194137573,
    0.33034446835517883,
    0.31707605719566345,
    0.3149280250072479,
    0.312885582447052,
    0.30002066493034363,
    0.2988130748271942,
    0.28742316365242004,
    0.2864157259464264,
    0.28548553586006165,
    0.2744659185409546,
    0.27371448278427124,
    0.27303436398506165,
    0.2623348534107208,
    0.26181477308273315,
    0.26136112213134766,
    0.2509359121322632,
    0.250625878572464,
    0.250378280878067,
    0.25019291043281555,
    0.24006663262844086,
    0.2400074005126953,
    0.2400074005126953,
    0.24006663262844086,
    0.23017746210098267,
    0.23034800589084625,
    0.2305757999420166,
    0.23086102306842804,
    0.2211517095565796,
    0.2215355932712555,
    0.2219756543636322,
    0.22247245907783508,
    0.21288906037807465,
    0.21347349882125854,
    0.21411412954330444,
    0.2148117870092392,
    0.21556736528873444,
    0.2060779482126236,
    0.20691074430942535,
    null,
    null,
    null,
    null,
    null,
    null,
    null,
    null,
    null,
    null,
    null,
    null,
    null,
    null,
    null,
    null,
    null,
    null,
    null,
    null,
    null,
    null,
    null,
    null,
    null,
    null,
    null,
    null,
    null,
    null,
    null,
    null,
    null,
    null,
    null,
    null,
    null,
    null,
    null,
    null,
    null,
    null,
    null,
    null,
    null,
    null,
    null,
    null,
    null,
    null,
    null,
    null,
    null,
    null,
    0.2218635380268097,
    0.2202296406030655,
    0.22960680723190308,
    0.2280513197183609,
    0.23736147582530975,
    0.23588977754116058,
    0.23736143112182617,
    0.23891088366508484,
    0.24054044485092163,
    0.25326406955718994,
    0.25514304637908936,
    0.25128984451293945,
    0.2591802179813385,
    0.261344850063324,
    0.2636115252971649,
    0.26598405838012695,
    0.2684665620326996,
    0.27106332778930664,
    0.28568246960639954,
    0.28864553570747375,
    0.2917434871196747,
    0.2949821949005127,
    0.29836806654930115,
    0.3019079566001892,
    0.3183428645133972,
    0.32237446308135986,
    0.3265911042690277,
    0.31776222586631775,
    0.3221934735774994,
    0.3268318772315979,
    0.3178684413433075,
    0.3227442800998688,
    0.3227442800998688,
    0.3316888213157654,
    0.3268318772315979,
    0.3356182277202606,
    0.33100229501724243,
    0.33965471386909485,
    0.33526942133903503,
    0.34381017088890076,
    0.3396463692188263,
    0.3356640636920929,
    0.34414586424827576,
    0.3403673768043518,
    0.3487800359725952,
    0.3451996147632599,
    0.35356083512306213,
    0.3618461787700653,
    0.35850024223327637,
    0.3667638301849365,
    0.3636102080345154,
    0.37186723947525024,
    0.3800816237926483,
    0.3771679699420929,
    0.38540178537368774,
    0.38267794251441956,
    0.39094504714012146,
    0.3991987407207489,
    0.3967236280441284,
    0.403853178024292,
    0.4133491814136505,
    0.4111320972442627,
    0.4195272624492645,
    0.41750475764274597,
    0.43067073822021484,
    0.4345126748085022,
    0.4471653699874878,
    0.4482322037220001,
    0.4574587345123291,
    0.4713610112667084,
    0.4758581221103668,
    0.48505738377571106,
    0.4967402517795563,
    0.5035187005996704,
    0.5128056406974792,
    0.5221461653709412,
    0.5315525531768799,
    0.5416669845581055,
    0.5510538816452026,
    0.5702940225601196,
    0.5800785422325134,
    0.5900448560714722,
    0.6100719571113586,
    0.630257248878479,
    0.6403482556343079,
    0.6605556607246399,
    0.6823325157165527,
    0.7034834623336792,
    0.7226172685623169,
    0.7466731071472168,
    0.7648826837539673,
    0.7951787710189819,
    0.8359189629554749,
    0.8583122491836548,
    0.9042863845825195,
    0.9222952127456665,
    0.9854828715324402,
    0.9974899291992188,
    1.054608702659607,
    1.0816048383712769,
    1.12433922290802,
    1.1486544609069824,
    1.1775667667388916,
    1.2087775468826294,
    1.250624179840088,
    1.2922406196594238,
    1.3071566820144653,
    1.4030427932739258,
    1.4364880323410034,
    1.4866942167282104,
    1.5231258869171143,
    1.608816385269165,
    1.7017858028411865,
    1.7627129554748535,
    1.8066924810409546,
    1.9544038772583008,
    1.9726448059082031,
    2.008389711380005,
    2.0473902225494385,
    2.0686264038085938,
    2.111895799636841,
    2.150911569595337,
    2.1851868629455566,
    2.2308881282806396,
    2.279334306716919,
    2.3159914016723633,
    2.3684065341949463,
    2.423417329788208,
    2.470149278640747,
    0.4403928518295288,
    0.4284312427043915,
    0.41398897767066956,
    0.42097097635269165,
    0.41461119055747986,
    0.41754209995269775,
    0.4161667227745056,
    0.4236830770969391,
    0.4349890649318695,
    0.44353264570236206,
    0.45782268047332764,
    0.47370249032974243,
    0.4876929223537445,
    0.5133291482925415,
    0.5194637775421143,
    0.5564063787460327,
    0.5755473375320435,
    0.6030787825584412,
    0.6310409903526306,
    0.6667133569717407,
    0.6988535523414612,
    0.7396939992904663,
    0.7890185117721558,
    0.8821930885314941,
    0.9225303530693054,
    0.9687173366546631,
    1.0142582654953003,
    1.0729727745056152,
    1.2735635042190552,
    1.36561119556427,
    1.3696645498275757,
    1.3656624555587769,
    1.3617864847183228,
    1.3580243587493896,
    1.3544121980667114,
    1.3644607067108154,
    1.3691771030426025,
    1.355114221572876,
    1.3518056869506836,
    1.3524417877197266,
    1.3568174839019775,
    1.3536418676376343,
    1.3553167581558228,
    1.3590832948684692,
    1.3558710813522339,
    1.3614696264266968,
    1.3642926216125488,
    1.3703656196594238,
    1.3754833936691284,
    1.3752410411834717,
    1.3668676614761353,
    1.3847461938858032,
    1.390209674835205,
    0.9018304347991943,
    0.8987876176834106,
    0.8983238935470581,
    0.9121034145355225,
    0.9121034145355225,
    0.9183223247528076,
    0.9260236620903015,
    0.928679883480072,
    0.9268063902854919,
    0.9366943836212158,
    0.9362294673919678,
    0.9556201696395874,
    0.956041693687439,
    0.9601094722747803,
    0.968093752861023,
    0.9692338705062866,
    0.9830373525619507,
    0.9900768995285034,
    1.0086616277694702,
    1.0151405334472656,
    1.0214463472366333,
    1.0390681028366089,
    1.0457489490509033,
    1.0451198816299438,
    1.0678170919418335,
    1.078615665435791,
    1.090087890625,
    1.0911142826080322,
    1.1033391952514648,
    1.0743553638458252,
    1.053566336631775,
    1.0350855588912964,
    1.0172120332717896,
    0.9999156594276428,
    0.9831679463386536,
    0.9744555354118347,
