{
  "step": 300,
  "timestamp": 9.6,
  "robot_pose_odom": {
    "x": -0.37347506914141526,
    "y": -0.6491972760620406,
    "yaw_fused": -2.0937045269494057,
    "yaw_imu": -2.0937452824153984
  },
  "lidar_pose_relative_to_robot": {
    "x_offset": 0.0,
    "y_offset": 0.0,
    "yaw_offset": 0.0
  },
  "lidar_meta": {
    "fov": 6.283184,
    "horizontal_resolution": 400,
    "angle_min": -3.141592,
    "angle_increment": 0.015747328320802004
  },
  "ranges": [
    null,
    null,
    2.8442776203155518,
    2.3894331455230713,
    2.1622822284698486,
    1.5217139720916748,
    1.3620474338531494,
    1.222001552581787,
    1.1076691150665283,
    1.0184720754623413,
    0.9368312358856201,
    0.8762791156768799,
    0.8166164755821228,
    0.7928817272186279,
    0.7270052433013916,
    0.6936420202255249,
    0.6740208864212036,
    0.6232466101646423,
    0.5883136987686157,
    0.5537204146385193,
    0.545172929763794,
    null,
    null,
    null,
    null,
    0.45406779646873474,
    0.43692317605018616,
    0.4180367588996887,
    0.41263940930366516,
    0.39474523067474365,
    0.3899645507335663,
    0.3853922486305237,
    null,
    null,
    0.34878015518188477,
    0.3451997637748718,
    0.32999029755592346,
    0.3268289566040039,
    0.32380685210227966,
    0.30945709347724915,
    0.30679619312286377,
    0.30425503849983215,
    0.29065072536468506,
    0.2884226143360138,
    0.286298543214798,
    0.284275084733963,
    0.271489679813385,
    0.26972895860671997,
    0.26898401975631714,
    0.26805657148361206,
    0.2589397430419922,
    0.24977046251296997,
    0.2514740824699402,
    0.25326406955718994,
    0.24404987692832947,
    0.24593520164489746,
    0.23664280772209167,
    0.23861920833587646,
    0.24068878591060638,
    0.23129048943519592,
    null,
    null,
    null,
    null,
    null,
    null,
    null,
    null,
    null,
    null,
    null,
    null,
    null,
    null,
    null,
    null,
    null,
    null,
    null,
    null,
    null,
    null,
    null,
    null,
    null,
    null,
    null,
    null,
    null,
    null,
    null,
    null,
    null,
    null,
    null,
    null,
    null,
    null,
    null,
    null,
    null,
    null,
    null,
    null,
    null,
    null,
    null,
    null,
    null,
    null,
    null,
    null,
    null,
    null,
    null,
    null,
    null,
    0.2017960399389267,
    0.20139597356319427,
    0.20104700326919556,
    0.20074871182441711,
    0.2005006968975067,
    0.21031774580478668,
    0.21016204357147217,
    0.2100583016872406,
    0.2100064754486084,
    0.2100064754486084,
    0.2100583016872406,
    0.22016975283622742,
    0.22033289074897766,
    0.2205507755279541,
    0.22082360088825226,
    0.2211517095565796,
    0.2316053807735443,
    0.23206545412540436,
    0.23258483409881592,
    0.2331642061471939,
    0.23380431532859802,
    0.23450593650341034,
    0.24549919366836548,
    0.24636271595954895,
    0.24729354679584503,
    0.24829289317131042,
    0.2597522735595703,
    0.2609404921531677,
    0.26220449805259705,
    0.2635461986064911,
    0.27556613087654114,
    0.2771289348602295,
    0.2787787616252899,
    0.2805179953575134,
    0.2932087779045105,
    0.2952086329460144,
    0.29730987548828125,
    0.3106088936328888,
    0.3130083680152893,
    0.3155236542224884,
    0.3181588649749756,
    0.33237963914871216,
    0.33537107706069946,
    0.35017362236976624,
    0.3535607159137726,
    0.3690064251422882,
    0.37283381819725037,
    0.38899126648902893,
    0.3933095335960388,
    0.410256028175354,
    0.41512331366539,
    0.42021244764328003,
    0.41263920068740845,
    0.41803649067878723,
    0.4236828088760376,
    0.42959117889404297,
    0.4221577048301697,
    0.4284312427043915,
    0.43500298261642456,
    0.4350033700466156,
    0.44225195050239563,
    0.435776025056839,
    0.4430161416530609,
    0.4501632750034332,
    0.4572277069091797,
    0.45132437348365784,
    0.4711475372314453,
    0.46544158458709717,
    0.4724162817001343,
    0.47645634412765503,
    0.48623931407928467,
    0.4931029975414276,
    0.48804107308387756,
    0.5067707896232605,
    0.5019158720970154,
    0.5126069188117981,
    0.5272232294082642,
    0.5226898193359375,
    0.5324985980987549,
    0.5531197786331177,
    0.5520809292793274,
    0.5615367889404297,
    0.5708010792732239,
    0.5798962116241455,
    0.5888431072235107,
    0.625587522983551,
    0.6326356530189514,
    0.6432693600654602,
    0.6575167775154114,
    0.6705811023712158,
    0.6829980611801147,
    0.6979464888572693,
    0.7091003060340881,
    0.7284085750579834,
    0.7436569333076477,
    0.7628265619277954,
    0.7820568680763245,
    0.8026330471038818,
    0.8308126330375671,
    0.850947380065918,
    0.8800793886184692,
    0.9000809788703918,
    0.930108368396759,
    0.9600195288658142,
    1.0012084245681763,
    1.0308939218521118,
    1.0714185237884521,
    1.1158812046051025,
    1.1571723222732544,
    1.1766585111618042,
    1.2127186059951782,
    1.2312445640563965,
    1.2718346118927002,
    1.30500328540802,
    1.3207708597183228,
    1.379259705543518,
    1.4166176319122314,
    1.4302536249160767,
    1.5043213367462158,
    1.5501943826675415,
    1.6328589916229248,
    1.6917154788970947,
    1.7331643104553223,
    1.7922316789627075,
    1.8711975812911987,
    1.9160833358764648,
    2.025022506713867,
    2.0698421001434326,
    2.101513147354126,
    2.136274814605713,
    2.1605916023254395,
    0.5088737607002258,
    0.49295273423194885,
    0.48860105872154236,
    0.4928387701511383,
    0.4857098460197449,
    0.5019155144691467,
    0.5067703723907471,
    0.5118475556373596,
    0.5291835069656372,
    0.5348629951477051,
    0.5530915260314941,
    0.5594400763511658,
    0.5786567330360413,
    0.5857506990432739,
    0.6060638427734375,
    0.6139910817146301,
    0.6355242133140564,
    0.6578114628791809,
    0.6672815084457397,
    0.6910181045532227,
    0.7156500816345215,
    0.7366633415222168,
    0.7662980556488037,
    0.7716101408004761,
    0.8212818503379822,
    0.8464018106460571,
    0.8805508017539978,
    0.8924422264099121,
    0.9689446687698364,
    1.0059839487075806,
    1.035754680633545,
    1.1271438598632812,
    1.1799482107162476,
    1.278668999671936,
    1.2989230155944824,
    1.3857932090759277,
    1.388658881187439,
    1.387743592262268,
    1.3868262767791748,
    1.374901533126831,
    1.3747822046279907,
    1.3750016689300537,
    1.3644609451293945,
    1.36537504196167,
    1.3667072057724,
    1.3574483394622803,
    1.359433889389038,
    1.3589422702789307,
    1.3548732995986938,
    1.3574482202529907,
    1.3580243587493896,
    1.3544121980667114,
    1.3644607067108154,
    1.3691771030426025,
    1.3635132312774658,
    0.8859301805496216,
    0.8825255632400513,
    0.8789039254188538,
    0.8871069550514221,
    0.8956875801086426,
    0.8927577137947083,
    0.8899904489517212,
    0.8995424509048462,
    0.8972374796867371,
    0.9075361490249634,
    0.9057238101959229,
    0.9040936827659607,
    0.9155434370040894,
    0.9275187253952026,
    0.9268065094947815,
    0.9263062477111816,
    0.9260236620903015,
    0.9397850632667542,
    0.933186948299408,
    0.9471490383148193,
    0.9597834944725037,
    0.9532596468925476,
    0.9689540266990662,
    0.9792852401733398,
    0.9928368330001831,
    0.9800183773040771,
    1.0065549612045288,
    1.0146212577819824,
    1.0222694873809814,
    1.0295484066009521,
    1.033258080482483,
    1.0102593898773193,
    0.9998884797096252,
    0.971278965473175,
    0.945469081401825,
    0.936726450920105,
    0.9093647599220276,
    0.8862999081611633,
    0.8789589405059814,
    0.8607730865478516,
    0.8456589579582214,
    0.8258609771728516,
    0.8200241327285767,
    0.8079477548599243,
    0.78760826587677,
    0.7720026969909668,
    0.7674339413642883,
