{
  "step": 840,
  "timestamp": 26.88,
  "robot_pose_odom": {
    "x": -3.285033951717709,
    "y": -0.6352764221772993,
    "yaw_fused": 2.3496072066546794,
    "yaw_imu": 2.3540304934991503
  },
  "lidar_pose_relative_to_robot": {
    "x_offset": 0.0,
    "y_offset": 0.0,
    "yaw_offset": 0.0
  },
  "lidar_meta": {
    "fov": 6.283184,
    "horizontal_resolution": 400,
    "angle_min": -3.141592,
    "angle_increment": 0.015747328320802004
  },
  "ranges": [
    0.5469008684158325,
    0.5194627642631531,
    0.5010387301445007,
    0.47526150941848755,
    0.4697589874267578,
    0.43294617533683777,
    0.4306383430957794,
    0.41414886713027954,
    0.39672139286994934,
    0.3758922815322876,
    0.3723028600215912,
    0.3593294024467468,
    0.35080885887145996,
    0.3367767930030823,
    0.3316889703273773,
    0.3132140040397644,
    0.3087688386440277,
    0.30452221632003784,
    0.3004639148712158,
    0.2965845763683319,
    0.28014177083969116,
    0.27674904465675354,
    null,
    null,
    null,
    null,
    0.24997225403785706,
    0.247492715716362,
    0.24512170255184174,
    0.24285513162612915,
    0.2292274832725525,
    0.22725644707679749,
    0.22537411749362946,
    null,
    null,
    null,
    null,
    null,
    null,
    null,
    null,
    null,
    null,
    null,
    null,
    null,
    null,
    null,
    null,
    null,
    null,
    null,
    null,
    null,
    null,
    null,
    null,
    null,
    null,
    null,
    null,
    null,
    null,
    null,
    null,
    null,
    null,
    null,
    null,
    null,
    null,
    null,
    null,
    null,
    null,
    null,
    null,
    null,
    null,
    null,
    null,
    null,
    null,
    null,
    null,
    null,
    null,
    null,
    null,
    null,
    null,
    null,
    null,
    null,
    null,
    null,
    null,
    null,
    null,
    null,
    null,
    null,
    null,
    null,
    null,
    null,
    null,
    null,
    null,
    null,
    null,
    null,
    null,
    null,
    null,
    null,
    null,
    null,
    0.20015431940555573,
    0.2003026157617569,
    0.2105257362127304,
    0.21078616380691528,
    0.21109935641288757,
    0.2114657759666443,
    0.21188585460186005,
    0.22247245907783508,
    0.22302664816379547,
    0.22363892197608948,
    0.224310040473938,
    0.22504092752933502,
    0.23609758913516998,
    0.23698963224887848,
    0.23794735968112946,
    0.24936217069625854,
    0.2505028545856476,
    0.2517163157463074,
    0.2635461986064911,
    0.2649674415588379,
    0.26647013425827026,
    0.2787787616252899,
    0.2805179953575134,
    0.2932087779045105,
    0.2952086329460144,
    0.29730987548828125,
    0.3106088936328888,
    0.3130083680152893,
    0.32679232954978943,
    0.32952165603637695,
    0.343841016292572,
    0.3585001528263092,
    0.36184611916542053,
    0.37713146209716797,
    0.3928132653236389,
    0.3968876004219055,
    0.4133032262325287,
    0.43307146430015564,
    0.44755205512046814,
    0.4654413163661957,
    0.45841357111930847,
    0.4642190635204315,
    0.4572274088859558,
    0.4634030759334564,
    0.45644062757492065,
    0.4493936598300934,
    0.4422515630722046,
    0.44903531670570374,
    0.4490357041358948,
    0.44225195050239563,
    0.44939398765563965,
    0.4430161416530609,
    0.43692317605018616,
    0.44416406750679016,
    0.4384293854236603,
    0.4329463839530945,
    0.44028255343437195,
    0.43512025475502014,
    0.4424734115600586,
    0.43761539459228516,
    0.43296846747398376,
    0.42852386832237244,
    0.4360586106777191,
    0.4318810999393463,
    0.4394521415233612,
    0.43553224205970764,
    0.4431501030921936,
    0.4394795298576355,
    0.43597611784935,
    0.4326339066028595,
    0.440459281206131,
    0.43734627962112427,
    0.43438345193862915,
    0.4423554837703705,
    0.4655492901802063,
    0.4396127760410309,
    0.4423553943634033,
    0.43438342213630676,
    0.4373462498188019,
    0.4404592216014862,
    0.443727046251297,
    0.4471548795700073,
    0.45074817538261414,
    0.45451274514198303,
    0.45845481753349304,
    0.45101648569107056,
    0.4552259147167206,
    0.4596291482448578,
    0.46423399448394775,
    0.46904900670051575,
    0.47408315539360046,
    0.47934603691101074,
    0.4876933693885803,
    0.47802093625068665,
    0.4838811457157135,
    0.4900091886520386,
    0.49641847610473633,
    0.5031235218048096,
    0.5101396441459656,
    0.5038658380508423,
    0.511353611946106,
    0.5191973447799683,
    0.5261783003807068,
    0.5251739621162415,
    0.5311017632484436,
    0.536989152431488,
    0.5560838580131531,
    0.5656245350837708,
    0.5673790574073792,
    0.5736088156700134,
    0.578656792640686,
    0.5871493816375732,
    0.6051443815231323,
    0.6110431551933289,
    0.6222304105758667,
    0.632973849773407,
    0.6433156132698059,
    0.6532943248748779,
    0.6629460453987122,
    0.6837655901908875,
    0.6927624344825745,
    0.6957901120185852,
    0.7319811582565308,
    0.740665078163147,
    0.7488292455673218,
    0.7698583602905273,
    0.7732130885124207,
    0.8108554482460022,
    0.8307665586471558,
    0.855067253112793,
    0.8802175521850586,
    0.892937183380127,
    0.9284024238586426,
    0.9318718910217285,
    0.9522479772567749,
    1.0491193532943726,
    1.055214524269104,
    1.1223632097244263,
    1.1444830894470215,
    1.2023179531097412,
    1.2497591972351074,
    1.2883325815200806,
    1.3624598979949951,
    1.42946195602417,
    1.4943671226501465,
    1.5828273296356201,
    1.671936273574829,
    1.7775827646255493,
    1.8955192565917969,
    2.033607006072998,
    2.191927433013916,
    0.4200129508972168,
    0.4200129508972168,
    0.4101138412952423,
    0.4103163778781891,
    0.41062039136886597,
    0.4110264480113983,
    0.4115349054336548,
    0.4121463894844055,
    0.41286176443099976,
    0.41368189454078674,
    0.4146077632904053,
    0.41564056277275085,
    0.4066161811351776,
    0.4078364074230194,
    0.40916532278060913,
    0.4106045067310333,
    0.4121558964252472,
    0.4138214886188507,
    0.4156036078929901,
    0.4070671498775482,
    0.4090389907360077,
    0.4111320674419403,
    0.4133491814136505,
    0.41569340229034424,
    0.41816815733909607,
    0.42077696323394775,
    0.42352378368377686,
    0.4264124929904938,
    0.4184361398220062,
    0.42154061794281006,
    0.42479705810546875,
    0.42821064591407776,
    0.43178701400756836,
    0.43553197383880615,
    0.43945178389549255,
    0.44355329871177673,
    0.44784361124038696,
    0.4404270052909851,
    0.4449952244758606,
    0.4497711658477783,
    0.454764187335968,
    0.45998406410217285,
    0.4654413163661957,
    0.4711472988128662,
    0.48221826553344727,
    0.47029104828834534,
    0.4766431450843811,
    0.48329004645347595,
    0.49024760723114014,
    0.49753302335739136,
    0.48415079712867737,
    0.505165159702301,
    0.5113538503646851,
    0.5174840092658997,
    0.5235645771026611,
    0.5296038389205933,
    0.5317209362983704,
    0.5466924905776978,
    0.5475497841835022,
    0.5660775899887085,
    0.5594403147697449,
    0.5747838020324707,
    0.5867306590080261,
    0.5981762409210205,
    0.6091665625572205,
    0.6197443008422852,
    0.6306769847869873,
    0.6398167610168457,
    0.6493811011314392,
    0.6594139337539673,
    0.6789917945861816,
    0.698445200920105,
    0.7048074007034302,
    0.7267089486122131,
    0.7303041219711304,
    0.7579877376556396,
    0.7813799977302551,
    0.8166623115539551,
    0.8264203667640686,
    0.8588699102401733,
    0.8740009069442749,
    0.9019383788108826,
    0.930799663066864,
    0.9575705528259277,
    0.9959473013877869,
    3.027912139892578,
    3.0116240978240967,
    2.9950244426727295,
    2.971512794494629,
    2.9570701122283936,
    2.9032797813415527,
    2.8133342266082764,
    2.730098247528076,
    2.650268077850342,
