{
  "step": 175,
  "timestamp": 5.6000000000000005,
  "robot_pose_odom": {
    "x": 4.071629873347302e-09,
    "y": -8.500510005326829e-10,
    "yaw_fused": -2.1401792523064618,
    "yaw_imu": -2.1410895271140595
  },
  "lidar_pose_relative_to_robot": {
    "x_offset": 0.0,
    "y_offset": 0.0,
    "yaw_offset": 0.0
  },
  "lidar_meta": {
    "fov": 6.283184,
    "horizontal_resolution": 400,
    "angle_min": -3.141592,
    "angle_increment": 0.015747328320802004
  },
  "ranges": [
    2.1874802112579346,
    1.8827545642852783,
    1.637467384338379,
    1.4643267393112183,
    1.4326709508895874,
    1.4377692937850952,
    1.43607497215271,
    0.8526005744934082,
    0.7939953207969666,
    0.7361629605293274,
    0.6872232556343079,
    0.6694881319999695,
    0.6148589849472046,
    0.5998715758323669,
    0.5596914291381836,
    0.5235897898674011,
    0.5055943131446838,
    0.49036452174186707,
    0.47223949432373047,
    0.45401081442832947,
    0.4222523868083954,
    null,
    null,
    null,
    null,
    0.3735193908214569,
    0.35748258233070374,
    0.3527185022830963,
    0.3352695107460022,
    0.33107662200927734,
    0.3270670473575592,
    0.3136448264122009,
    null,
    null,
    0.2886456549167633,
    0.2856825888156891,
    0.2828488051891327,
    0.28013908863067627,
    0.2659841775894165,
    0.2636116147041321,
    0.26134490966796875,
    0.2591802477836609,
    0.25711411237716675,
    0.24404990673065186,
    0.24225261807441711,
    0.24054047465324402,
    0.23891091346740723,
    0.23736147582530975,
    0.22760188579559326,
    0.22516751289367676,
    0.22657227516174316,
    0.2280513048171997,
    0.21642211079597473,
    null,
    null,
    null,
    null,
    null,
    null,
    null,
    null,
    null,
    null,
    null,
    null,
    null,
    null,
    null,
    null,
    null,
    null,
    null,
    null,
    null,
    null,
    null,
    null,
    null,
    null,
    null,
    null,
    null,
    null,
    null,
    null,
    null,
    null,
    null,
    null,
    null,
    null,
    null,
    null,
    null,
    null,
    null,
    null,
    null,
    null,
    null,
    null,
    null,
    null,
    null,
    null,
    null,
    null,
    null,
    null,
    null,
    null,
    null,
    null,
    null,
    null,
    null,
    null,
    null,
    null,
    null,
    null,
    null,
    null,
    null,
    null,
    null,
    null,
    null,
    0.20015431940555573,
    0.2003026157617569,
    0.2005006968975067,
    0.21078616380691528,
    0.21109935641288757,
    0.2114657759666443,
    0.21188585460186005,
    0.21236006915569305,
    0.22302664816379547,
    0.22363892197608948,
    0.224310040473938,
    0.22504092752933502,
    0.2258324921131134,
    0.23698963224887848,
    0.23794735968112946,
    0.23897208273410797,
    0.24006524682044983,
    0.2517163157463074,
    0.2530043423175812,
    0.25436875224113464,
    0.25581133365631104,
    0.2680565118789673,
    0.2697288393974304,
    0.28234919905662537,
    0.28427499532699585,
    0.2862984240055084,
    0.28842252492904663,
    0.3018294870853424,
    0.3042549192905426,
    0.3181588649749756,
    0.3209182918071747,
    0.33537107706069946,
    0.3385011851787567,
    0.34177538752555847,
    0.3571029603481293,
    0.3608069121837616,
    0.37683531641960144,
    0.3933095335960388,
    0.410256028175354,
    0.41512331366539,
    0.43294617533683777,
    0.45132410526275635,
    0.4572274088859558,
    0.4766431450843811,
    0.510139524936676,
    0.5264844298362732,
    0.5528144240379333,
    0.5963404774665833,
    0.610372006893158,
    0.6233823299407959,
    0.6626661419868469,
    0.7296817898750305,
    0.7802013158798218,
    0.837471067905426,
    0.8615489602088928,
    0.9828606843948364,
    1.081460952758789,
    1.1245700120925903,
    1.1459462642669678,
    1.1580618619918823,
    1.1754674911499023,
    1.1763495206832886,
    1.209012746810913,
    1.2143000364303589,
    1.2333753108978271,
    1.252916693687439,
    1.2718957662582397,
    1.2903714179992676,
    1.3298170566558838,
    1.3371185064315796,
    1.3545100688934326,
    1.3843936920166016,
    1.4139010906219482,
    1.4548683166503906,
    1.4648468494415283,
    1.5166624784469604,
    1.5398002862930298,
    1.5536483526229858,
    1.610154390335083,
    1.6289665699005127,
    1.6665151119232178,
    1.7139266729354858,
    1.7507686614990234,
    1.7994775772094727,
    1.8418842554092407,
    1.8757059574127197,
    1.9057021141052246,
    1.943821907043457,
    1.151470422744751,
    1.1102256774902344,
    1.1200079917907715,
    1.1300615072250366,
    1.1403164863586426,
    1.1408796310424805,
    1.1519615650177002,
    1.1632190942764282,
    1.1743800640106201,
    1.1761250495910645,
    1.1889902353286743,
    1.2006864547729492,
    1.203373670578003,
    1.2180547714233398,
    1.2280981540679932,
    1.2462499141693115,
    1.2610353231430054,
    1.276306390762329,
    1.287987232208252,
    1.2931921482086182,
    1.3148642778396606,
    1.3322582244873047,
    1.3502538204193115,
    1.368880033493042,
    1.3881664276123047,
    1.406962275505066,
    1.4153382778167725,
    1.4503064155578613,
    1.4660439491271973,
    1.4979106187820435,
    1.5085724592208862,
    1.544528603553772,
    1.570396065711975,
    1.5972853899002075,
    1.6252517700195312,
    1.654353141784668,
    1.6921886205673218,
    1.7267974615097046,
    1.7109042406082153,
    1.097208023071289,
    1.09127938747406,
    1.0729702711105347,
    1.0721994638442993,
    1.059565544128418,
    1.0523598194122314,
    1.032022476196289,
    1.023807168006897,
    1.0150762796401978,
    1.0062466859817505,
    1.0092284679412842,
    0.9987303614616394,
    0.9874244928359985,
    0.9822648167610168,
    0.9752135872840881,
    0.9674261808395386,
    0.4766300320625305,
    0.4698656499385834,
    0.4634033739566803,
    0.4702913463115692,
    0.464219331741333,
    0.4584137797355652,
    0.4697601795196533,
    0.47915899753570557,
    0.534289538860321,
    0.5405323505401611,
    0.6076828837394714,
    0.649058997631073,
    0.7384280562400818,
    0.772202730178833,
    0.8022437691688538,
    1.3982877731323242,
    1.386264443397522,
    1.3860509395599365,
    1.3808256387710571,
    1.3866472244262695,
    1.3764352798461914,
    2.291891098022461,
    2.004685401916504,
    1.985205054283142,
    1.9728962182998657,
    1.9852045774459839,
    2.043757200241089,
    2.368422746658325,
    2.3455913066864014,
    2.294491767883301,
    2.296084403991699,
    2.1976072788238525,
    2.157456874847412,
    2.147481679916382,
    2.0816144943237305,
    2.1010427474975586,
    3.091817617416382,
    3.0437428951263428,
    3.0314245223999023,
    2.928769826889038,
    2.9273955821990967,
    0.9984564781188965,
    0.9682466983795166,
    0.9186020493507385,
    0.8741711378097534,
    0.8569129705429077,
    0.8081274032592773,
    0.7699570059776306,
    0.730755090713501,
    0.7110169529914856,
    0.6595911383628845,
    0.6665723323822021,
    0.6495572924613953,
    0.6264277100563049,
    0.6175374984741211,
    0.6090441942214966,
    0.6139912009239197,
    0.606063961982727,
    0.62395179271698,
    0.6289747953414917,
    0.6216001510620117,
    0.6268370747566223,
    0.6321108341217041,
    0.6342573165893555,
    0.6427854299545288,
    0.6481949090957642,
    0.6419851779937744,
    0.6513815522193909,
    0.6532980799674988,
    0.6586739420890808,
    0.6677231788635254,
    0.6819111704826355,
    0.6766837239265442,
    0.6826632022857666,
    0.6910715699195862,
    0.6993519067764282,
    0.7075240015983582,
    0.7183914184570312,
    0.7141399383544922,
    0.7315729856491089,
    0.7394894361495972,
    0.7473821043968201,
    0.7552655339241028,
    0.7537999153137207,
    0.7710603475570679,
    0.7871940732002258,
    0.7972460389137268,
    0.8052492141723633,
    0.8180219531059265,
