{
  "step": 1540,
  "timestamp": 49.28,
  "robot_pose_odom": {
    "x": -1.5391032251460384,
    "y": 1.1248000409919727,
    "yaw_fused": -2.736279034538042,
    "yaw_imu": -2.730212404010734
  },
  "lidar_pose_relative_to_robot": {
    "x_offset": 0.0,
    "y_offset": 0.0,
    "yaw_offset": 0.0
  },
  "lidar_meta": {
    "fov": 6.283184,
    "horizontal_resolution": 400,
    "angle_min": -3.141592,
    "angle_increment": 0.015747328320802004
  },
  "ranges": [
    0.4949851930141449,
    0.49024319648742676,
    0.4972745180130005,
    0.49283888936042786,
    0.4886012077331543,
    0.4958230257034302,
    0.49187034368515015,
    0.48809972405433655,
    0.4955165982246399,
    0.49201449751853943,
    0.4886813163757324,
    0.4963010847568512,
    0.49322396516799927,
    0.4903050363063812,
    0.49813878536224365,
    0.4954669177532196,
    1.7173407077789307,
    1.7013319730758667,
    1.6935851573944092,
    1.6863230466842651,
    1.6795355081558228,
    null,
    null,
    null,
    null,
    0.9529320001602173,
    0.9505641460418701,
    0.9373802542686462,
    0.9264215230941772,
    0.9248162508010864,
    0.9234440922737122,
    0.9119630455970764,
    null,
    0.9008402228355408,
    0.890247106552124,
    0.8900274634361267,
    0.8900274634361267,
    0.8802443146705627,
    0.8806790113449097,
    0.8713164329528809,
    0.8721780776977539,
    0.8632194995880127,
    0.8645021319389343,
    0.855932891368866,
    0.8576331734657288,
    0.8595526218414307,
    0.8515562415122986,
    0.8538939952850342,
    0.8462606072425842,
    0.8490180373191833,
    0.85200434923172,
    0.8449196219444275,
    0.8483340740203857,
    0.8312072157859802,
    0.8350095152854919,
    0.8390543460845947,
    0.8312458395957947,
    2.056410312652588,
    2.0559680461883545,
    2.055889368057251,
    2.0561683177948,
    2.056800127029419,
    2.0577785968780518,
    2.059098243713379,
    2.0633304119110107,
    2.0792698860168457,
    2.0763111114501953,
    2.079026222229004,
    2.0859687328338623,
    2.096946954727173,
    2.1006789207458496,
    2.1047000885009766,
    2.1188108921051025,
    2.1255927085876465,
    1.4992504119873047,
    1.4235923290252686,
    1.354037880897522,
    1.290996789932251,
    1.236945390701294,
    1.1887552738189697,
    1.1612632274627686,
    1.0847247838974,
    1.0518767833709717,
    1.0213491916656494,
    1.0227068662643433,
    1.0173802375793457,
    1.0453754663467407,
    1.0503484010696411,
    1.0622040033340454,
    1.062927007675171,
    1.0729299783706665,
    1.093457818031311,
    1.1011767387390137,
    1.108424425125122,
    1.1278365850448608,
    1.1341572999954224,
    0.6174362301826477,
    0.595643162727356,
    0.5772913098335266,
    0.5713651776313782,
    0.5892683863639832,
    0.5836231112480164,
    0.5935586094856262,
    0.6035355925559998,
    0.6139625906944275,
    0.622648298740387,
    0.6318408846855164,
    0.6408263444900513,
    0.6497262716293335,
    0.66920405626297,
    0.6776325702667236,
    0.6950667500495911,
    0.6882960200309753,
    0.7183915376663208,
    0.7228733897209167,
    0.7449732422828674,
    0.7631049156188965,
    0.7818151712417603,
    0.7876155376434326,
    0.8102334141731262,
    0.8310145735740662,
    0.8525812029838562,
    0.8749808669090271,
    0.8982648253440857,
    0.9224877953529358,
    0.9379494786262512,
    0.9781734347343445,
    1.0134276151657104,
    1.0486582517623901,
    1.0664211511611938,
    1.116034984588623,
    1.1404162645339966,
    1.1975606679916382,
    1.255916714668274,
    1.285524606704712,
    1.324491024017334,
    1.3132495880126953,
    1.2937095165252686,
    1.3052927255630493,
    1.2839959859848022,
    1.290977120399475,
    1.2852942943572998,
    1.2800915241241455,
    1.2753492593765259,
    1.2710487842559814,
    1.2632853984832764,
    1.2637078762054443,
    1.2606372833251953,
    1.2536317110061646,
    1.2556322813034058,
    1.250784993171692,
    1.252065658569336,
    1.2476290464401245,
    1.2498606443405151,
    1.2443690299987793,
    1.248952865600586,
    1.2374039888381958,
    1.2532060146331787,
    1.9199467897415161,
    1.9185494184494019,
    1.9281202554702759,
    1.927634835243225,
    1.9269604682922363,
    1.9265745878219604,
    1.9178080558776855,
    1.9374877214431763,
    1.9435138702392578,
    1.9493799209594727,
    1.9504231214523315,
    1.9486820697784424,
    1.9640111923217773,
    1.966029405593872,
    1.9590506553649902,
    1.991834044456482,
    1.9948585033416748,
    2.005129814147949,
    2.020843744277954,
    0.28783461451530457,
    0.27638185024261475,
    0.2651230990886688,
    0.2528096139431,
    0.25224506855010986,
    0.24167518317699432,
    0.24125641584396362,
    0.2408984750509262,
    0.2305757999420166,
    0.23034800589084625,
    0.23017746210098267,
    0.23006384074687958,
    0.2300070971250534,
    0.2300070971250534,
    0.22006107866764069,
    0.22016975283622742,
    0.22033289074897766,
    0.2205507755279541,
    0.22082360088825226,
    0.2211517095565796,
    0.2215355932712555,
    0.2219756543636322,
    0.22247245907783508,
    0.22302664816379547,
    0.22363892197608948,
    0.224310040473938,
    0.22504092752933502,
    0.2258324921131134,
    0.22668574750423431,
    0.2276018261909485,
    0.2285819947719574,
    0.22962763905525208,
    0.23073995113372803,
    0.24246248602867126,
    0.243770033121109,
    0.2451525181531906,
    0.24661198258399963,
    0.2589396834373474,
    0.2606300413608551,
    0.27108991146087646,
    0.28625020384788513,
    0.5853608250617981,
    0.5759469866752625,
    0.5634350776672363,
    0.5681408047676086,
    0.5576907396316528,
    0.5550969839096069,
    0.5489683747291565,
    0.542126476764679,
    0.5356544256210327,
    0.5412103533744812,
    0.5227069854736328,
    0.5285096764564514,
    0.522144079208374,
    0.5283387899398804,
    0.5220821499824524,
    0.5157989859580994,
    0.5094819664955139,
    0.5031233429908752,
    0.4967148005962372,
    0.503865659236908,
    0.49753302335739136,
    0.48415079712867737,
    0.49113282561302185,
    0.4975334405899048,
    0.4902479946613312,
    0.48329034447669983,
    0.476643443107605,
    0.44416406750679016,
    0.4384293854236603,
    0.407478928565979,
    0.3899645507335663,
    0.3853922486305237,
    0.36872783303260803,
    0.3525235056877136,
    0.34878015518188477,
    0.33329635858535767,
    0.3182049095630646,
    0.3151564598083496,
    0.3006777763366699,
    0.29799574613571167,
    0.28407058119773865,
    0.2817176580429077,
    0.26829299330711365,
    0.266236275434494,
    0.26427558064460754,
    0.2514741122722626,
    0.24977049231529236,
    0.24815063178539276,
    0.22760188579559326,
    0.2266857773065567,
    0.2258324921131134,
    0.2148117870092392,
    0.21411414444446564,
    0.21347349882125854,
    0.20275148749351501,
    0.20224767923355103,
    null,
    null,
    null,
    null,
    null,
    null,
    null,
    null,
    null,
    null,
    null,
    null,
    0.20052412152290344,
    0.2105257362127304,
    0.21078616380691528,
    0.2211517095565796,
    0.2215355932712555,
    1.0080090761184692,
    0.9998928308486938,
    0.9919363260269165,
    0.9841285943984985,
    0.9764586687088013,
    0.9689157009124756,
    0.9614882469177246,
    0.9623599052429199,
    0.946934700012207,
    0.9351081848144531,
    0.9393857717514038,
    0.9361693263053894,
    0.929242730140686,
    0.9218237400054932,
    0.9166572093963623,
    0.922114372253418,
    0.9125180244445801,
    0.9056841135025024,
    0.8965596556663513,
    0.9029411673545837,
    0.9011244773864746,
    0.8943095803260803,
    0.893097460269928,
    0.8862996101379395,
    0.8939866423606873,
    0.8789035677909851,
    0.8871065974235535,
    0.883901834487915,
    0.8787617683410645,
    0.8779634833335876,
    0.8752303123474121,
    0.8849464654922485,
    0.882672131061554,
