{
  "step": 790,
  "timestamp": 25.28,
  "robot_pose_odom": {
    "x": -3.1292068748985558,
    "y": -0.7348831593667935,
    "yaw_fused": 2.778325872584448,
    "yaw_imu": 2.7787043311981727
  },
  "lidar_pose_relative_to_robot": {
    "x_offset": 0.0,
    "y_offset": 0.0,
    "yaw_offset": 0.0
  },
  "lidar_meta": {
    "fov": 6.283184,
    "horizontal_resolution": 400,
    "angle_min": -3.141592,
    "angle_increment": 0.015747328320802004
  },
  "ranges": [
    1.6007826328277588,
    1.5517101287841797,
    1.495851755142212,
    1.4519658088684082,
    1.4097288846969604,
    1.380521297454834,
    1.3298158645629883,
    1.2919635772705078,
    1.2554059028625488,
    1.222318172454834,
    1.2097524404525757,
    1.1589995622634888,
    1.133774757385254,
    1.1096971035003662,
    1.0919286012649536,
    1.0678467750549316,
    1.0127044916152954,
    0.8713368773460388,
    0.7927559614181519,
    0.6792212128639221,
    0.6286568641662598,
    null,
    null,
    null,
    null,
    0.4795583486557007,
    0.4575241208076477,
    0.4358042776584625,
    0.4136159121990204,
    0.40151795744895935,
    0.3818541467189789,
    0.37061116099357605,
    null,
    0.3404081165790558,
    0.330174058675766,
    0.32003650069236755,
    0.3100361227989197,
    0.300000935792923,
    0.29007816314697266,
    0.2806451618671417,
    0.27036088705062866,
    0.26097333431243896,
    0.26136112213134766,
    0.25249895453453064,
    0.2421552538871765,
    0.24269722402095795,
    0.2331642061471939,
    0.23380431532859802,
    0.224310040473938,
    0.22504092752933502,
    0.21556736528873444,
    0.21638184785842896,
    0.21176542341709137,
    null,
    null,
    null,
    null,
    null,
    null,
    null,
    null,
    null,
    null,
    null,
    null,
    null,
    null,
    null,
    null,
    null,
    null,
    null,
    null,
    null,
    null,
    null,
    null,
    null,
    null,
    null,
    null,
    null,
    null,
    null,
    null,
    null,
    null,
    null,
    null,
    null,
    null,
    null,
    null,
    null,
    null,
    null,
    null,
    null,
    null,
    null,
    null,
    null,
    null,
    null,
    null,
    null,
    null,
    null,
    null,
    null,
    null,
    null,
    null,
    null,
    null,
    null,
    null,
    null,
    null,
    null,
    null,
    null,
    null,
    null,
    null,
    null,
    null,
    null,
    null,
    null,
    null,
    null,
    null,
    null,
    null,
    null,
    null,
    null,
    null,
    null,
    null,
    null,
    null,
    null,
    null,
    null,
    null,
    null,
    null,
    null,
    null,
    null,
    null,
    null,
    null,
    null,
    null,
    null,
    null,
    null,
    null,
    null,
    null,
    null,
    null,
    0.21122293174266815,
    0.22516746819019318,
    0.22383490204811096,
    0.22257263958454132,
    0.23348064720630646,
    0.24122817814350128,
    0.24006524682044983,
    0.25403913855552673,
    0.25863850116729736,
    0.263803631067276,
    0.28059080243110657,
    0.283563494682312,
    0.2956814467906952,
    0.29479673504829407,
    0.30567339062690735,
    0.3147173523902893,
    0.3319920599460602,
    0.3416190445423126,
    0.3524083197116852,
    0.37095358967781067,
    0.3812664747238159,
    0.401048481464386,
    0.4200325608253479,
    0.43995726108551025,
    0.4600674510002136,
    0.49009478092193604,
    0.5198973417282104,
    0.5499876141548157,
    0.5900066494941711,
    0.63157719373703,
    0.6323584914207458,
    0.6332980990409851,
    0.624327540397644,
    0.6255677938461304,
    0.6269678473472595,
    0.6285296082496643,
    0.6200897097587585,
    0.6219505667686462,
    0.6239771246910095,
    0.6159067749977112,
    0.618233859539032,
    0.6207322478294373,
    0.613015353679657,
    0.61581951379776,
    0.6188026070594788,
    0.6219689846038818,
    0.6147244572639465,
    0.6182106733322144,
    0.6218910813331604,
    0.6257708668708801,
    0.6189963221549988,
    0.623218297958374,
    0.6276541948318481,
    0.6212177872657776,
    0.6260167360305786,
    0.6310473084449768,
    0.6363177299499512,
    0.6418365836143494,
    0.6360486745834351,
    0.6419850587844849,
    0.6364092826843262,
    0.6427853107452393,
    0.6494524478912354,
    0.6442667841911316,
    0.651418924331665,
    0.6588960886001587,
    0.6667131781578064,
    0.6621529459953308,
    0.6705386638641357,
    0.6793093085289001,
    0.6752445101737976,
    0.6846609115600586,
    0.6945174932479858,
    0.6910181045532227,
    0.7016177177429199,
    0.7085986137390137,
    0.7048390507698059,
    0.7217540144920349,
    0.7225623726844788,
    0.7414454221725464,
    0.7407392859458923,
    0.7530122399330139,
    0.7634318470954895,
    0.7673496603965759,
    0.7736291289329529,
    0.783729612827301,
    0.7933823466300964,
    0.8089712858200073,
    0.8073428869247437,
    0.8318809270858765,
    0.8407813310623169,
    0.8595427870750427,
    0.874981701374054,
    0.8859300017356873,
    0.8873583078384399,
    0.9220227003097534,
    0.9266709685325623,
    0.9470851421356201,
    0.9644128084182739,
    0.962165117263794,
    0.9942704439163208,
    1.0455348491668701,
    1.0798009634017944,
    1.0915014743804932,
    1.1206800937652588,
    1.1348949670791626,
    1.174769401550293,
    0.5286999940872192,
    0.5157315731048584,
    0.5145799517631531,
    0.5135597586631775,
    0.5026175379753113,
    0.5018718242645264,
    0.501251757144928,
    0.49074140191078186,
    0.49037808179855347,
    0.4901360273361206,
    0.4800148010253906,
    0.4800148010253906,
    0.4801332652568817,
    0.47036266326904297,
    0.4707111716270447,
    0.4711766541004181,
    0.4617220461368561,
    0.4624081254005432,
    0.4632107615470886,
    0.45404112339019775,
    0.455057293176651,
    0.4561908543109894,
    0.4574432373046875,
    0.4588159918785095,
    0.45008185505867004,
    0.4516649842262268,
    0.45337149500846863,
    0.4448581039905548,
    0.446773886680603,
    0.4488176107406616,
    0.4405035376548767,
    0.44275760650634766,
    0.44514527916908264,
    0.4476698040962219,
    0.4396126866340637,
    0.44235530495643616,
    0.4452429711818695,
    0.44827982783317566,
    0.44045907258987427,
    0.44372695684432983,
    0.44715479016304016,
    0.43947935104370117,
    0.4431498050689697,
    0.44699332118034363,
    0.45101627707481384,
    0.45522573590278625,
    0.44784361124038696,
    0.45233044028282166,
    0.457022100687027,
    0.4497711658477783,
    0.454764187335968,
    0.45998406410217285,
    0.4654413163661957,
    0.45841357111930847,
    0.4642190635204315,
    0.47029104828834534,
    0.4634030759334564,
    0.4698653519153595,
    0.4766296446323395,
    0.46989232301712036,
    0.47710004448890686,
    0.4771004617214203,
    0.4837130904197693,
    0.4902479946613312,
    0.48329034447669983,
    0.48988357186317444,
    0.49641865491867065,
    0.5029042959213257,
    0.5093486309051514,
    0.5157595872879028,
    0.5097123384475708,
    0.5285099148750305,
    0.5227072834968567,
    0.5291836857795715,
    0.5377458930015564,
    0.5421268939971924,
    0.5482416749000549,
    0.5588650107383728,
    0.5616073608398438,
    0.5677710175514221,
    0.5775734186172485,
    0.5871253609657288,
    0.6016095280647278,
    0.6055827140808105,
    0.6145357489585876,
    0.6233345866203308,
    0.631999671459198,
    0.64333575963974,
    0.6581385135650635,
    0.6732943654060364,
    0.6778867244720459,
    0.6937719583511353,
    0.7073855400085449,
    null,
    0.7437344789505005,
    0.7499460577964783,
    0.7639951705932617,
    0.7863877415657043,
    0.8057632446289062,
    0.8298549056053162,
    1.9836903810501099,
    2.038882255554199,
    2.096496105194092,
    2.1566903591156006,
    2.2157418727874756,
    2.263934850692749,
    2.8893699645996094,
    2.8651018142700195,
    2.8400981426239014,
