{
  "step": 545,
  "timestamp": 17.44,
  "robot_pose_odom": {
    "x": -1.6858729029577513,
    "y": -1.0848198464768861,
    "yaw_fused": -3.081996076080758,
    "yaw_imu": -3.0818750082477933
  },
  "lidar_pose_relative_to_robot": {
    "x_offset": 0.0,
    "y_offset": 0.0,
    "yaw_offset": 0.0
  },
  "lidar_meta": {
    "fov": 6.283184,
    "horizontal_resolution": 400,
    "angle_min": -3.141592,
    "angle_increment": 0.015747328320802004
  },
  "ranges": [
    1.3322339057922363,
    1.3208726644515991,
    1.2800254821777344,
    1.2101969718933105,
    1.1499027013778687,
    1.1007171869277954,
    1.0502277612686157,
    1.0124142169952393,
    0.9614582061767578,
    0.9347759485244751,
    0.892931342124939,
    0.8637407422065735,
    0.8403670787811279,
    0.8065243363380432,
    0.7938226461410522,
    0.7585739493370056,
    0.7396039366722107,
    0.7205644845962524,
    0.7151575684547424,
    0.6821663975715637,
    0.6627506017684937,
    null,
    null,
    null,
    null,
    0.5937900543212891,
    0.5874156951904297,
    0.5654950737953186,
    0.5564759969711304,
    0.5386406183242798,
    0.5380004644393921,
    0.5285991430282593,
    null,
    null,
    0.49582287669181824,
    0.4999639093875885,
    0.4889225363731384,
    0.4703766703605652,
    0.46653518080711365,
    0.4547499716281891,
    0.4404270052909851,
    0.4449952244758606,
    0.4287034273147583,
    0.41789141297340393,
    0.4131014943122864,
    0.4025438129901886,
    0.3941531777381897,
    0.38684922456741333,
    0.3919091820716858,
    0.3707224726676941,
    0.3758922815322876,
    0.3676857054233551,
    0.3593294024467468,
    0.35080885887145996,
    0.35080915689468384,
    0.3455093502998352,
    0.3404500186443329,
    0.3356183171272278,
    0.331002414226532,
    0.32659122347831726,
    0.322374552488327,
    0.318342924118042,
    0.3144875466823578,
    0.3108001947402954,
    0.3072732090950012,
    0.3038995862007141,
    0.3006725609302521,
    0.29758602380752563,
    0.2946341931819916,
    0.2918115556240082,
    0.28911325335502625,
    0.2865343689918518,
    0.28407058119773865,
    0.2817176580429077,
    0.27947187423706055,
    0.2773294448852539,
    0.27528706192970276,
    0.27334144711494446,
    0.271489679813385,
    0.26972895860671997,
    0.26898401975631714,
    0.26805657148361206,
    0.2697288990020752,
    0.2714896500110626,
    0.26240774989128113,
    0.26427555084228516,
    0.26623624563217163,
    0.26829293370246887,
    0.2591802179813385,
    0.261344850063324,
    0.2636115252971649,
    0.25441956520080566,
    0.25679412484169006,
    0.25927796959877014,
    0.26187559962272644,
    0.2645917534828186,
    0.25527554750442505,
    0.2581094205379486,
    0.2610720694065094,
    0.26416945457458496,
    0.2546742856502533,
    null,
    null,
    null,
    null,
    null,
    null,
    null,
    null,
    null,
    null,
    null,
    null,
    0.2612728476524353,
    0.25789955258369446,
    0.26740792393684387,
    0.2641693949699402,
    0.2610720694065094,
    0.2704003155231476,
    0.26743149757385254,
    0.2645917534828186,
    0.2737790048122406,
    0.27106329798698425,
    0.2801389694213867,
    0.27754858136177063,
    0.28653424978256226,
    0.2840704917907715,
    0.2817176282405853,
    0.2906506359577179,
    0.288422554731369,
    0.2862984836101532,
    0.28427502512931824,
    0.2932087779045105,
    0.29130715131759644,
    0.30022329092025757,
    0.29844656586647034,
    0.30736222863197327,
    0.30571362376213074,
    0.3041572868824005,
    0.3131285607814789,
    0.31170278787612915,
    0.32071173191070557,
    0.31942087411880493,
    0.32505083084106445,
    0.33756139874458313,
    0.33646509051322937,
    0.335458368062973,
    0.3431313633918762,
    0.3539334535598755,
    0.3531430959701538,
    0.3625127673149109,
    0.36188462376594543,
    0.37095358967781067,
    0.3809513449668884,
    0.3805749714374542,
    0.390155166387558,
    0.4001934826374054,
    0.4100126624107361,
    0.4100126624107361,
    0.420198917388916,
    0.4301861822605133,
    0.4408872723579407,
    0.45144161581993103,
    0.4612905979156494,
    0.4730364680290222,
    0.48410433530807495,
    0.49342915415763855,
    0.5068524479866028,
    0.5185622572898865,
    0.526685357093811,
    0.5529279708862305,
    0.5654543042182922,
    0.5714139342308044,
    0.6058207750320435,
    0.6255869269371033,
    0.6545757055282593,
    0.6575700640678406,
    0.6607553362846375,
    0.6746782660484314,
    0.6783166527748108,
    0.6928223371505737,
    0.696946918964386,
    0.7120841145515442,
    0.7275921106338501,
    0.7325547933578491,
    0.7487804889678955,
    0.754335880279541,
    0.7601631879806519,
    0.7888091206550598,
    0.7953971028327942,
    0.813757061958313,
    0.8326454758644104,
    0.8404167294502258,
    0.860331118106842,
    0.8808540105819702,
    0.8899904489517212,
    0.9238542914390564,
    0.934110164642334,
    0.9572641253471375,
    0.9855182766914368,
    1.0059630870819092,
    1.0444929599761963,
    1.0581549406051636,
    1.099408507347107,
    1.1276768445968628,
    1.1757642030715942,
    1.2161918878555298,
    1.2558611631393433,
    1.2909058332443237,
    1.3391107320785522,
    1.389265775680542,
    1.4293270111083984,
    1.5074422359466553,
    1.578210473060608,
    1.604354739189148,
    1.734740972518921,
    1.8750981092453003,
    1.8850293159484863,
    2.044646978378296,
    2.130540609359741,
    2.116734743118286,
    2.1089999675750732,
    2.1047005653381348,
    2.1006791591644287,
    2.093179941177368,
    2.0935142040252686,
    2.09075927734375,
    2.073441982269287,
    2.073915958404541,
    2.0718462467193604,
    2.0701098442077637,
    2.0687122344970703,
    2.067659616470337,
    2.066957712173462,
    2.079453468322754,
    2.0772898197174072,
    2.0872507095336914,
    1.2983094453811646,
    0.9097352623939514,
    0.7319091558456421,
    0.729905366897583,
    0.7382040023803711,
    0.7365555763244629,
    0.7350953221321106,
    2.100365161895752,
    2.1074299812316895,
    2.1152822971343994,
    2.113192558288574,
    2.121490001678467,
    2.1305086612701416,
    2.1400392055511475,
    2.150092601776123,
    2.16068172454834,
    2.1716742515563965,
    2.173283338546753,
    2.185772657394409,
    2.1986300945281982,
    2.2120931148529053,
    2.226179599761963,
    2.2409074306488037,
    2.2562949657440186,
    2.27236270904541,
    2.2891318798065186,
    2.3066246509552,
    2.3220131397247314,
    2.3301806449890137,
    2.36368989944458,
    2.3843283653259277,
    2.400110960006714,
    2.4252846240997314,
    2.459676742553711,
    1.8463835716247559,
    1.8444362878799438,
    1.8439733982086182,
    1.854951024055481,
    1.8511743545532227,
    1.8569889068603516,
    1.1744037866592407,
    1.1563016176223755,
    1.1263489723205566,
    1.1285954713821411,
    1.0875356197357178,
    1.0677355527877808,
    1.0698233842849731,
    1.0330109596252441,
    1.0275390148162842,
    1.0037827491760254,
    0.9900771379470825,
    0.9893738031387329,
    0.9635664224624634,
    0.9615811705589294,
    0.9352455735206604,
    0.9352003335952759,
    0.9174190163612366,
    0.9077524542808533,
    0.8975035548210144,
    0.8875671029090881,
    0.8078575134277344,
    0.7626074552536011,
    0.7539411187171936,
    0.7367331385612488,
    0.7437153458595276,
    0.7463001608848572,
    0.735372006893158,
    0.7249355316162109,
    0.7282053232192993,
    0.7185007333755493,
    0.7092240452766418,
    0.7130881547927856,
    0.7044520974159241,
    0.6961924433708191,
    0.6882919669151306,
    0.6928910613059998,
    0.6855334043502808,
    0.6784961223602295,
    0.6835513114929199,
    0.6770027875900269,
    0.6707427501678467,
    0.6647596955299377,
    0.6704065203666687,
    0.6648536324501038,
    0.659553587436676,
    0.6544974446296692,
    0.6606889367103577,
