{
  "step": 820,
  "timestamp": 26.240000000000002,
  "robot_pose_odom": {
    "x": -3.221530689278358,
    "y": -0.6997982238477451,
    "yaw_fused": 2.34163844715006,
    "yaw_imu": 2.354259996949356
  },
  "lidar_pose_relative_to_robot": {
    "x_offset": 0.0,
    "y_offset": 0.0,
    "yaw_offset": 0.0
  },
  "lidar_meta": {
    "fov": 6.283184,
    "horizontal_resolution": 400,
    "angle_min": -3.141592,
    "angle_increment": 0.015747328320802004
  },
  "ranges": [
    0.48007917404174805,
    0.4602530002593994,
    0.44173163175582886,
    0.42070943117141724,
    0.4009420871734619,
    0.3818984031677246,
    0.37429386377334595,
    0.36527901887893677,
    0.3431316018104553,
    0.33354267477989197,
    0.3239203691482544,
    0.31995511054992676,
    0.30452099442481995,
    0.29471567273139954,
    0.2896750569343567,
    0.2852097749710083,
    0.2751350998878479,
    0.26220449805259705,
    0.2635461986064911,
    0.2546316981315613,
    0.2451525181531906,
    0.24661198258399963,
    null,
    null,
    null,
    null,
    0.22186347842216492,
    null,
    null,
    null,
    null,
    null,
    null,
    null,
    null,
    null,
    null,
    null,
    null,
    null,
    null,
    null,
    null,
    null,
    null,
    null,
    null,
    null,
    null,
    null,
    null,
    null,
    null,
    null,
    null,
    null,
    null,
    null,
    null,
    null,
    null,
    null,
    null,
    null,
    null,
    null,
    null,
    null,
    null,
    null,
    null,
    null,
    null,
    null,
    null,
    null,
    null,
    null,
    null,
    null,
    null,
    null,
    null,
    null,
    null,
    null,
    null,
    null,
    null,
    null,
    null,
    null,
    null,
    null,
    null,
    null,
    null,
    null,
    null,
    null,
    null,
    null,
    null,
    null,
    null,
    null,
    null,
    null,
    null,
    null,
    null,
    null,
    null,
    null,
    null,
    null,
    null,
    null,
    null,
    null,
    null,
    null,
    null,
    null,
    null,
    null,
    null,
    null,
    null,
    null,
    null,
    null,
    null,
    null,
    null,
    null,
    null,
    null,
    null,
    null,
    null,
    null,
    null,
    null,
    null,
    0.26480191946029663,
    0.2874002754688263,
    0.28368961811065674,
    0.2928754687309265,
    0.30190804600715637,
    0.3136448264122009,
    0.3195641338825226,
    0.3249680697917938,
    0.3456112742424011,
    0.35501211881637573,
    0.37225160002708435,
    0.3855552673339844,
    0.39696159958839417,
    0.4201536476612091,
    0.4321574568748474,
    0.44500932097435,
    0.48604652285575867,
    0.5051302313804626,
    0.5285511612892151,
    0.524815559387207,
    0.5212602019309998,
    0.5178796052932739,
    0.5146685838699341,
    0.5178794860839844,
    0.5104005336761475,
    0.5138818621635437,
    0.5065281391143799,
    0.5102860927581787,
    0.514228105545044,
    0.5070917010307312,
    0.5113268494606018,
    0.51576167345047,
    0.5088391304016113,
    0.5019157528877258,
    0.5067705512046814,
    0.511847734451294,
    0.5051296949386597,
    0.5105510950088501,
    0.5039278864860535,
    0.5097121000289917,
    0.5157594084739685,
    0.5093485713005066,
    0.5157991051673889,
    0.5094820857048035,
    0.5163636207580566,
    0.5101396441459656,
    0.5174837708473206,
    0.511353611946106,
    0.5191973447799683,
    0.5191973447799683,
    0.5251739621162415,
    0.5174837708473206,
    0.5235643982887268,
    0.5296036601066589,
    0.5356093645095825,
    0.5286940932273865,
    0.5348158478736877,
    0.5409182906150818,
    0.5345761179924011,
    0.5408006310462952,
    0.5502631664276123,
    0.55323725938797,
    0.5594614148139954,
    0.5656973719596863,
    0.5602779388427734,
    0.5628934502601624,
    0.5730684995651245,
    0.5791342258453369,
    0.5859726667404175,
    0.5871255993843079,
    0.6016090512275696,
    0.605631411075592,
    0.6013510823249817,
    0.6124752163887024,
    0.6212108135223389,
    0.6298284530639648,
    0.6395282745361328,
    0.635921835899353,
    0.6446127891540527,
    0.6529884934425354,
    0.6613269448280334,
    0.6696428060531616,
    0.6882960200309753,
    0.6965674161911011,
    0.7048600316047668,
    0.7188915610313416,
    0.7317566275596619,
    0.7439904808998108,
    0.7517267465591431,
    0.7673078179359436,
    0.777886152267456,
    0.7970224022865295,
    0.8136643767356873,
    0.8235013484954834,
    0.8414726257324219,
    0.8617444634437561,
    0.880387544631958,
    0.900084912776947,
    0.920081615447998,
    0.9400821328163147,
    0.960101842880249,
    0.9903270602226257,
    1.0222078561782837,
    1.0532586574554443,
    1.073142647743225,
    1.104030728340149,
    1.1502190828323364,
    1.1775933504104614,
    1.2186657190322876,
    1.2733805179595947,
    1.319000005722046,
    1.34666109085083,
    1.4258803129196167,
    1.4507492780685425,
    0.4595780074596405,
    0.455203652381897,
    0.446773886680603,
    0.4488176107406616,
    0.4509917199611664,
    0.44275760650634766,
    0.44514527916908264,
    0.4476698040962219,
    0.4396126866340637,
    0.44235530495643616,
    0.434383362531662,
    0.4373461604118347,
    0.44045907258987427,
    0.43263378739356995,
    0.43597590923309326,
    0.43947935104370117,
    0.43178701400756836,
    0.43553197383880615,
    0.4278872609138489,
    0.4318808317184448,
    0.43605825304985046,
    0.42852357029914856,
    0.43296828866004944,
    0.43761515617370605,
    0.4301823079586029,
    0.4351200461387634,
    0.44028231501579285,
    0.43294617533683777,
    0.4384291470050812,
    0.44416379928588867,
    0.4369228780269623,
    0.4430158734321594,
    0.43577566742897034,
    0.4422515630722046,
    0.44903531670570374,
    0.4490357041358948,
    0.44225195050239563,
    0.44939398765563965,
    0.4430161416530609,
    0.4501632750034332,
    0.4572277069091797,
    0.45132437348365784,
    0.4584137797355652,
    0.46544158458709717,
    0.45998430252075195,
    0.4670552611351013,
    0.4740833342075348,
    0.4690491855144501,
    0.47613760828971863,
    0.4832000732421875,
    0.47857093811035156,
    0.4857102632522583,
    0.49283909797668457,
    0.4886013865470886,
    0.49869251251220703,
    0.503049373626709,
    0.5128641128540039,
    0.5175396800041199,
    0.5138819217681885,
    0.5255982875823975,
    0.5286687612533569,
    0.5227674245834351,
    0.5361131429672241,
    0.5502469539642334,
    0.553838849067688,
    0.5576164722442627,
    0.561585545539856,
    0.5768451690673828,
    0.5813013315200806,
    0.5859726667404175,
    0.6022294163703918,
    0.6074526309967041,
    0.6244843006134033,
    0.6303128004074097,
    0.63640958070755,
    0.6546890139579773,
    0.6614794135093689,
    0.6807348132133484,
    0.6882917881011963,
    0.6961921453475952,
    0.7170314192771912,
    0.7385554313659668,
    0.7479087114334106,
    0.7576913237571716,
    0.7811654806137085,
    0.8054836392402649,
    0.8170796632766724,
    0.8430424928665161,
    0.8769873976707458,
    0.8910196423530579,
    0.8921458125114441,
    0.921407163143158,
    2.3051228523254395,
    2.385624408721924,
    2.991574287414551,
    2.9529500007629395,
    2.9420788288116455,
    2.9310224056243896,
    2.8966565132141113,
    2.8478708267211914,
    2.7812955379486084,
    2.6674492359161377,
    2.601224660873413,
    2.513134479522705,
    2.4406332969665527,
    2.374755382537842,
    null,
    null,
    2.2029268741607666,
    2.145873546600342,
    2.0914547443389893,
    2.026355028152466,
    1.945867896080017,
    1.8722137212753296,
    1.7727590799331665,
    1.7346385717391968,
    1.6805468797683716,
    1.631148099899292,
    1.5765974521636963,
    1.5499262809753418,
    1.4813088178634644,
    1.4405823945999146,
    1.396012544631958,
    1.351919174194336,
    1.331065058708191,
    1.2933954000473022,
