{
  "step": 5,
  "timestamp": 0.16,
  "robot_pose_odom": {
    "x": -2.4689922994980405e-11,
    "y": 2.621861853184079e-19,
    "yaw_fused": -2.3314067741250663e-08,
    "yaw_imu": -2.172382465026601e-07
  },
  "lidar_pose_relative_to_robot": {
    "x_offset": 0.0,
    "y_offset": 0.0,
    "yaw_offset": 0.0
  },
  "lidar_meta": {
    "fov": 6.283184,
    "horizontal_resolution": 400,
    "angle_min": -3.141592,
    "angle_increment": 0.015747328320802004
  },
  "ranges": [
    1.0331424474716187,
    1.019591212272644,
    1.01654052734375,
    1.0036197900772095,
    1.0011260509490967,
    0.4944003224372864,
    0.49342015385627747,
    0.4925651550292969,
    0.4918343722820282,
    0.4912267029285431,
    0.4805046617984772,
    0.5000942945480347,
    0.5203092694282532,
    0.5499371290206909,
    0.5799382328987122,
    0.6205014586448669,
    0.6599268317222595,
    0.7001731395721436,
    0.7637929320335388,
    0.8204811215400696,
    0.890627384185791,
    1.3713191747665405,
    null,
    null,
    null,
    null,
    1.6223196983337402,
    2.2892727851867676,
    2.035860538482666,
    2.001065254211426,
    1.991834044456482,
    1.9948973655700684,
    null,
    1.960833191871643,
    2.3871381282806396,
    2.3627207279205322,
    2.307054042816162,
    2.259195566177368,
    2.210554838180542,
    2.132843255996704,
    2.1169495582580566,
    2.092228889465332,
    2.1162188053131104,
    3.114020824432373,
    3.068169116973877,
    3.020663261413574,
    3.010998010635376,
    0.9910386800765991,
    0.9673618078231812,
    0.9115273952484131,
    0.8633237481117249,
    0.8235194683074951,
    0.7844709753990173,
    0.7678155303001404,
    0.7267469763755798,
    0.7130870223045349,
    0.6627448201179504,
    0.6369579434394836,
    0.623167097568512,
    0.6222841739654541,
    0.6175373196601868,
    0.6128095388412476,
    0.6219162940979004,
    0.6174235939979553,
    0.6244043707847595,
    0.6219168305397034,
    0.6264280080795288,
    0.6309624314308167,
    0.6355246305465698,
    0.6401187777519226,
    0.644749104976654,
    0.6494195461273193,
    0.6541340947151184,
    0.6464644074440002,
    0.6665998697280884,
    0.6685791015625,
    0.6735065579414368,
    0.6665927171707153,
    0.6786711812019348,
    0.6883111596107483,
    0.693871796131134,
    0.6952266097068787,
    0.7041248679161072,
    0.7127979397773743,
    0.7212718725204468,
    0.7295717000961304,
    0.7378181219100952,
    0.7457396388053894,
    0.7536496520042419,
    0.7614696025848389,
    0.7710603475570679,
    0.7789985537528992,
    0.786980926990509,
    0.7950201034545898,
    0.807826042175293,
    0.8214818835258484,
    0.8328272700309753,
    0.8482068777084351,
    0.8586045503616333,
    2.1224653720855713,
    2.1500508785247803,
    2.1689493656158447,
    0.8120278716087341,
    0.8112256526947021,
    0.8106250166893005,
    0.820310115814209,
    0.9202946424484253,
    1.0397133827209473,
    1.2089359760284424,
    1.4377621412277222,
    1.7751619815826416,
    2.4467387199401855,
    2.468777894973755,
    2.4634017944335938,
    2.446207284927368,
    2.4427032470703125,
    2.425739049911499,
    2.4213342666625977,
    2.4212820529937744,
    2.403886079788208,
    2.400994300842285,
    2.4054689407348633,
    2.386406898498535,
    2.3849644660949707,
    2.3736181259155273,
    2.373096466064453,
    2.367607355117798,
    2.362934112548828,
    2.3637726306915283,
    2.3650734424591064,
    2.366834878921509,
    2.378173828125,
    null,
    null,
    null,
    null,
    null,
    1.94767427444458,
    1.6875226497650146,
    1.488828420639038,
    1.3993068933486938,
    1.4123669862747192,
    1.4191218614578247,
    0.8010646104812622,
    0.7570486068725586,
    0.6831579804420471,
    0.6579315662384033,
    0.6148589849472046,
    0.5998715758323669,
    0.5487332344055176,
    0.5209031701087952,
    0.5133695602416992,
    0.476161926984787,
    0.4540664851665497,
    0.4221577048301697,
    0.4207896888256073,
    0.3859243392944336,
    0.3929062485694885,
    0.3731500804424286,
    0.367686003446579,
    0.3490430414676666,
    0.34424248337745667,
    0.32659122347831726,
    0.322374552488327,
    0.318342924118042,
    0.30190804600715637,
    0.2983681857585907,
    0.29498228430747986,
    0.27958759665489197,
    0.27661874890327454,
    0.27377912402153015,
    0.2592780888080597,
    0.25679415464401245,
    0.2544196546077728,
    0.2521502375602722,
    0.23861928284168243,
    0.23664282262325287,
    0.23475636541843414,
    0.23295672237873077,
    0.2312411218881607,
    0.21867313981056213,
    0.21719172596931458,
    null,
    null,
    null,
    null,
    null,
    null,
    null,
    null,
    null,
    null,
    null,
    null,
    null,
    null,
    null,
    null,
    null,
    null,
    null,
    null,
    null,
    null,
    null,
    null,
    null,
    null,
    null,
    null,
    null,
    null,
    null,
    null,
    null,
    null,
    null,
    null,
    null,
    null,
    null,
    null,
    null,
    null,
    null,
    null,
    null,
    null,
    null,
    null,
    null,
    null,
    null,
    null,
    null,
    null,
    null,
    null,
    null,
    null,
    null,
    null,
    null,
    null,
    null,
    null,
    null,
    null,
    null,
    null,
    null,
    null,
    null,
    null,
    null,
    null,
    null,
    null,
    null,
    null,
    null,
    null,
    null,
    null,
    null,
    null,
    null,
    null,
    null,
    null,
    null,
    null,
    null,
    null,
    null,
    null,
    null,
    0.20780180394649506,
    0.20875237882137299,
    0.22025176882743835,
    0.22137880325317383,
    0.22257263958454132,
    0.22383490204811096,
    0.22516746819019318,
    0.2373613715171814,
    0.23891086876392365,
    0.24054040014743805,
    0.24225251376628876,
    0.2551429867744446,
    0.2571139931678772,
    0.25918012857437134,
    0.2613447606563568,
    0.2750728130340576,
    0.27754849195480347,
    0.29181137681007385,
    0.2946339547634125,
    0.2975858151912689,
    0.3126993179321289,
    0.31605541706085205,
    0.331854909658432,
    0.3356640338897705,
    0.3522258400917053,
    0.3565438985824585,
    0.37395426630973816,
    0.37884557247161865,
    0.39720261096954346,
    0.4161664545536041,
    0.43577566742897034,
    0.4560719132423401,
    0.47710004448890686,
    0.49811306595802307,
    0.5175312757492065,
    0.5493358969688416,
    0.5725172162055969,
    0.6213201880455017,
    0.6584687232971191,
    0.6732275485992432,
    0.749515950679779,
    0.8475214242935181,
    0.8588618636131287,
    0.9977233409881592,
    1.025953769683838,
    1.1514136791229248,
    1.1525425910949707,
    1.1834169626235962,
    1.1898629665374756,
    1.2064787149429321,
    1.2299938201904297,
    1.2495403289794922,
    1.2479568719863892,
    1.2962805032730103,
    1.3038389682769775,
    1.3214755058288574,
    1.3493417501449585,
    1.3661247491836548,
    1.3889086246490479,
    1.4131191968917847,
    1.4232758283615112,
    1.4656567573547363,
    1.5029610395431519,
    1.52846097946167,
    1.552570104598999,
    1.591479778289795,
    1.631645679473877,
    1.6732977628707886,
    1.7161555290222168,
    1.738211750984192,
    1.8080941438674927,
    1.856284499168396,
    1.8807785511016846,
    1.916453242301941,
    1.9515258073806763,
    1.9968246221542358,
    1.1712608337402344,
    1.1437442302703857,
    1.1573138236999512,
    1.1587679386138916,
    1.1734429597854614,
    1.1757279634475708,
    1.1916083097457886,
    1.1948007345199585,
    1.1983835697174072,
    1.216192364692688,
    1.2208153009414673,
    1.2418286800384521,
    1.2500112056732178,
    1.2482389211654663,
    1.2777228355407715,
    1.2847703695297241,
    1.302476406097412,
    1.2972888946533203,
    1.323714017868042,
    1.3503239154815674,
    1.36077880859375,
    1.3794726133346558,
