{
  "step": 360,
  "timestamp": 11.52,
  "robot_pose_odom": {
    "x": -0.4791660455550975,
    "y": -0.8245891265878026,
    "yaw_fused": -2.5970910847445383,
    "yaw_imu": -2.5975897300965385
  },
  "lidar_pose_relative_to_robot": {
    "x_offset": 0.0,
    "y_offset": 0.0,
    "yaw_offset": 0.0
  },
  "lidar_meta": {
    "fov": 6.283184,
    "horizontal_resolution": 400,
    "angle_min": -3.141592,
    "angle_increment": 0.015747328320802004
  },
  "ranges": [
    0.3952917456626892,
    0.3858550786972046,
    0.38324156403541565,
    0.36684292554855347,
    0.35723915696144104,
    0.3428729772567749,
    0.3444414436817169,
    0.33834308385849,
    0.3252371549606323,
    0.3179609179496765,
    0.3197641372680664,
    0.3109455406665802,
    0.31288543343544006,
    0.2932087779045105,
    0.2952086329460144,
    0.29730987548828125,
    0.28842252492904663,
    0.2906506061553955,
    0.28171753883361816,
    0.27270758152008057,
    0.2750728130340576,
    null,
    null,
    null,
    null,
    0.25256484746932983,
    0.25527551770210266,
    0.2581093907356262,
    null,
    null,
    null,
    null,
    null,
    null,
    null,
    null,
    null,
    null,
    null,
    null,
    null,
    null,
    null,
    null,
    null,
    null,
    null,
    null,
    null,
    null,
    null,
    null,
    null,
    null,
    null,
    null,
    null,
    null,
    null,
    null,
    null,
    null,
    null,
    null,
    0.20691078901290894,
    null,
    null,
    null,
    null,
    null,
    null,
    null,
    null,
    null,
    null,
    null,
    null,
    null,
    null,
    null,
    null,
    null,
    null,
    null,
    null,
    null,
    null,
    null,
    null,
    null,
    null,
    null,
    null,
    null,
    null,
    null,
    null,
    null,
    null,
    null,
    null,
    null,
    0.24581845104694366,
    0.24311953783035278,
    0.25256484746932983,
    0.2499721199274063,
    0.25927796959877014,
    0.2567940652370453,
    0.2544195353984833,
    0.26361149549484253,
    0.261344850063324,
    0.2591802179813385,
    0.2571140229701996,
    0.25514301657676697,
    0.25326403975486755,
    0.26240772008895874,
    0.2606300413608551,
    0.2589397132396698,
    0.25733423233032227,
    0.25581133365631104,
    0.25436875224113464,
    0.2635462284088135,
    0.2622045576572418,
    0.2609404921531677,
    0.2597523331642151,
    0.25863850116729736,
    0.26790136098861694,
    0.2668929398059845,
    0.26595744490623474,
    0.26509371399879456,
    0.26430052518844604,
    0.2635769248008728,
    0.27303436398506165,
    0.2724246680736542,
    0.271884560585022,
    0.2714134454727173,
    0.27101075649261475,
    0.270675927400589,
    0.2704085111618042,
    0.2802160680294037,
    0.28007772564888,
    0.2800086438655853,
    0.2800086438655853,
    0.2900805175304413,
    0.29022377729415894,
    0.29043880105018616,
    0.2907260060310364,
    0.2910856604576111,
    0.30157050490379333,
    0.3020939528942108,
    0.30269405245780945,
    0.30337151885032654,
    0.30412721633911133,
    0.31512755155563354,
    0.3160732388496399,
    0.31710314750671387,
    0.31821849942207336,
    0.3297247290611267,
    0.33105719089508057,
    0.3324829041957855,
    0.3444414436817169,
    0.34610992670059204,
    0.3478809595108032,
    0.34975701570510864,
    0.3623993992805481,
    0.36455684900283813,
    0.3668312132358551,
    0.38008546829223633,
    0.3826778829097748,
    0.38540172576904297,
    0.3993542492389679,
    0.40243929624557495,
    0.41694197058677673,
    0.4204241931438446,
    0.4240705966949463,
    0.43945178389549255,
    0.44355329871177673,
    0.4596289396286011,
    0.4642338454723358,
    0.48107588291168213,
    0.49839508533477783,
    0.5039278864860535,
    0.522144079208374,
    0.5283387899398804,
    0.5475495457649231,
    0.5673788785934448,
    0.5878638029098511,
    0.6090440154075623,
    0.6309620141983032,
    0.6536635160446167,
    0.6771976947784424,
    0.708599328994751,
    0.7226309776306152,
    0.7524775862693787,
    0.7854577898979187,
    0.8236549496650696,
    0.8728819489479065,
    0.919741690158844,
    0.93112713098526,
    0.9810872673988342,
    1.0103025436401367,
    1.037545919418335,
    1.0750904083251953,
    1.08430814743042,
    1.1488934755325317,
    1.1602638959884644,
    1.2521040439605713,
    1.271206259727478,
    1.2839246988296509,
    1.4064124822616577,
    1.4298648834228516,
    1.461853265762329,
    1.6307086944580078,
    1.6820224523544312,
    1.740204930305481,
    1.830743670463562,
    1.8960610628128052,
    1.9557303190231323,
    1.9802179336547852,
    1.9825654029846191,
    2.0462234020233154,
    2.0651049613952637,
    2.1199498176574707,
    2.147402048110962,
    2.1959004402160645,
    2.24100399017334,
    2.2855284214019775,
    2.3399641513824463,
    2.3959155082702637,
    2.446545124053955,
    2.5081496238708496,
    2.5723373889923096,
    2.643057346343994,
    2.711329460144043,
    2.7902989387512207,
    2.8803012371063232,
    2.960163116455078,
    3.063817024230957,
    3.1625661849975586,
    1.8570619821548462,
    0.38142257928848267,
    0.38198933005332947,
    0.3725825846195221,
    0.3733226954936981,
    0.3640458285808563,
    0.3649526834487915,
    0.36595457792282104,
    0.36705276370048523,
    0.36087164282798767,
    0.3866739571094513,
    0.39365729689598083,
    0.44422194361686707,
    0.4743022918701172,
    0.5331519246101379,
    0.5772470831871033,
    0.6176677346229553,
    0.6767388582229614,
    0.7390283346176147,
    0.8061211705207825,
    0.886827290058136,
    1.1989450454711914,
    1.3470909595489502,
    1.343448519706726,
    1.3422739505767822,
    1.3526432514190674,
    1.3438456058502197,
    1.3404431343078613,
    1.3409799337387085,
    1.3452529907226562,
    1.342332363128662,
    1.355316162109375,
    1.3471800088882446,
    1.3470125198364258,
    1.3525577783584595,
    1.352001667022705,
    1.3522428274154663,
    1.3585853576660156,
    1.3625069856643677,
    1.3719713687896729,
    1.3716821670532227,
    1.3769690990447998,
    1.3851207494735718,
    1.3890349864959717,
    1.395856499671936,
    1.4032354354858398,
    1.4102168083190918,
    0.9336079955101013,
    0.9124059677124023,
    0.9128818511962891,
    0.9263245463371277,
    0.9275190234184265,
    0.9335419535636902,
    0.9428861737251282,
    0.9517235159873962,
    0.9601092338562012,
    0.9680935144424438,
    0.9692351818084717,
    0.9830371141433716,
    0.9900766611099243,
    0.996876060962677,
    1.0041958093643188,
    1.0214462280273438,
    1.02760648727417,
    1.0343871116638184,
    1.0508590936660767,
    1.067816972732544,
    1.0734602212905884,
    1.0791740417480469,
    1.0978676080703735,
    1.112015962600708,
    1.123740315437317,
    1.1472820043563843,
    1.1544395685195923,
    1.127213716506958,
    1.099797248840332,
    1.0900393724441528,
    1.0708825588226318,
    1.051283597946167,
    1.033851146697998,
    1.0222840309143066,
    1.0239787101745605,
    0.9907809495925903,
    0.9801231026649475,
    0.9733055830001831,
    0.9543665051460266,
    0.9469565749168396,
    0.9392544627189636,
    0.9312210083007812,
    0.917123019695282,
    0.9139852523803711,
    0.9046852588653564,
    0.8948573470115662,
    0.8922158479690552,
    0.8733643889427185,
    0.8726072907447815,
    0.9170221090316772,
    1.3605742454528809,
    1.340125560760498,
    1.3471065759658813,
    1.3405756950378418,
    1.3391799926757812,
    1.3400993347167969,
    1.3892464637756348,
    1.416161298751831,
    1.4211348295211792,
    1.4759267568588257,
    1.5260627269744873,
    1.5358779430389404,
    1.6014434099197388,
    1.6191682815551758,
    1.6951464414596558,
    1.7295340299606323,
    2.2246570587158203,
    1.7753034830093384,
    1.730650544166565,
    3.3732712268829346,
    3.3743879795074463,
    3.3609437942504883,
