{
  "step": 1650,
  "timestamp": 52.800000000000004,
  "robot_pose_odom": {
    "x": -1.652460880524603,
    "y": 1.07589742921429,
    "yaw_fused": -2.730113952640654,
    "yaw_imu": -2.7300918780661205
  },
  "lidar_pose_relative_to_robot": {
    "x_offset": 0.0,
    "y_offset": 0.0,
    "yaw_offset": 0.0
  },
  "lidar_meta": {
    "fov": 6.283184,
    "horizontal_resolution": 400,
    "angle_min": -3.141592,
    "angle_increment": 0.015747328320802004
  },
  "ranges": [
    0.635921835899353,
    0.6395282745361328,
    0.6326133608818054,
    0.6365600228309631,
    0.6298558712005615,
    0.6341519355773926,
    0.6276541948318481,
    0.6323109269142151,
    0.6371955871582031,
    0.6310473084449768,
    0.6363177299499512,
    0.6303752064704895,
    1.8925541639328003,
    1.8799911737442017,
    1.8641139268875122,
    1.8471242189407349,
    1.8553104400634766,
    1.8298851251602173,
    1.8161674737930298,
    1.1217255592346191,
    1.1238926649093628,
    1.0945072174072266,
    null,
    null,
    null,
    null,
    1.0532023906707764,
    1.04270601272583,
    1.0173802375793457,
    1.0243626832962036,
    1.0227077007293701,
    1.0077320337295532,
    1.0068550109863281,
    0.993007242679596,
    0.9928373098373413,
    0.9800186157226562,
    0.9804961681365967,
    0.9812011122703552,
    0.969696581363678,
    0.9709832668304443,
    0.9603226184844971,
    0.9621521234512329,
    0.9522752165794373,
    0.9546148180961609,
    0.9454694390296936,
    0.9367269277572632,
    0.9398327469825745,
    0.9317514896392822,
    0.9353026151657104,
    0.9278466105461121,
    1.043773889541626,
    1.1679010391235352,
    1.3065741062164307,
    2.1436767578125,
    2.142481803894043,
    2.141667604446411,
    2.1516025066375732,
    2.132817029953003,
    2.1343138217926025,
    2.136178493499756,
    2.1384053230285645,
    2.140988826751709,
    2.14392352104187,
    2.147203207015991,
    2.1508212089538574,
    2.147233724594116,
    2.159041404724121,
    2.1636271476745605,
    2.1685168743133545,
    2.180036783218384,
    1.4174023866653442,
    1.3252642154693604,
    1.2449945211410522,
    1.1652005910873413,
    1.0968741178512573,
    1.0702831745147705,
    1.0712188482284546,
    1.0724475383758545,
    1.0739781856536865,
    1.0758215188980103,
    1.0918090343475342,
    1.08754301071167,
    0.6244752407073975,
    0.608096182346344,
    0.5855737328529358,
    0.5906880497932434,
    0.5958040952682495,
    0.6009275317192078,
    0.6111679077148438,
    0.6112180948257446,
    0.6289747953414917,
    0.6216001510620117,
    0.6391280293464661,
    0.6321108341217041,
    0.6526206731796265,
    0.6567807793617249,
    0.6599802374839783,
    0.6649667620658875,
    0.6745105981826782,
    0.6915987133979797,
    0.6927624344825745,
    0.7015293836593628,
    0.7100932002067566,
    0.7184787392616272,
    0.7268062233924866,
    0.7457398772239685,
    0.7536498308181763,
    0.7722589373588562,
    0.7855098247528076,
    0.7899330258369446,
    0.8060266971588135,
    0.8238241672515869,
    0.8258451819419861,
    0.8529610633850098,
    0.8717315196990967,
    0.8903517723083496,
    0.9088515043258667,
    0.9409908056259155,
    0.9570139050483704,
    0.974109411239624,
    1.0000414848327637,
    1.0192564725875854,
    1.047987699508667,
    1.0776660442352295,
    1.0991164445877075,
    1.1336114406585693,
    1.173085331916809,
    1.2039495706558228,
    1.2416547536849976,
    1.251110315322876,
    1.2403442859649658,
    1.240038275718689,
    1.2300114631652832,
    1.2204211950302124,
    1.2109335660934448,
    1.2118308544158936,
    1.2026891708374023,
    1.1940233707427979,
    1.186177372932434,
    1.1882362365722656,
    1.1795357465744019,
    1.17180335521698,
    1.1658210754394531,
    1.1690216064453125,
    1.159985065460205,
    1.155892014503479,
    1.159957766532898,
    1.1499392986297607,
    1.1483546495437622,
    1.1429100036621094,
    1.148138165473938,
    1.1404902935028076,
    1.1369593143463135,
    1.155521035194397,
    1.821474313735962,
    1.8199995756149292,
    1.8188068866729736,
    1.8178892135620117,
    1.8172380924224854,
    1.8169419765472412,
    null,
    null,
    null,
    null,
    null,
    null,
    null,
    null,
    null,
    null,
    null,
    null,
    null,
    null,
    null,
    null,
    null,
    null,
    null,
    null,
    null,
    null,
    null,
    null,
    null,
    null,
    null,
    null,
    null,
    null,
    null,
    null,
    null,
    null,
    null,
    null,
    null,
    null,
    null,
    null,
    null,
    null,
    null,
    null,
    null,
    null,
    null,
    null,
    null,
    null,
    null,
    null,
    null,
    null,
    null,
    null,
    null,
    null,
    null,
    null,
    null,
    null,
    null,
    null,
    null,
    null,
    null,
    null,
    null,
    null,
    null,
    null,
    0.4295912981033325,
    0.4221578538417816,
    0.41461101174354553,
    0.4209707975387573,
    0.4209707975387573,
    0.41461101174354553,
    0.4085398316383362,
    0.41616660356521606,
    0.41044285893440247,
    0.40497294068336487,
    0.4126392900943756,
    0.4074787497520447,
    0.4025438725948334,
    0.39782407879829407,
    0.4056004583835602,
    0.4011472463607788,
    0.3968876004219055,
    0.4047167897224426,
    0.4007022976875305,
    0.39686354994773865,
    0.3931938111782074,
    0.4011479318141937,
    0.39769867062568665,
    0.39440467953681946,
    0.40779390931129456,
    0.3882611393928528,
    0.38540178537368774,
    0.371744304895401,
    0.3692258894443512,
    0.3560420870780945,
    0.3431123197078705,
    0.34108176827430725,
    0.32855963706970215,
    0.32679733633995056,
    0.32513365149497986,
    0.3131285607814789,
    0.31170278787612915,
    0.30002066493034363,
    0.2988130748271942,
    0.28742316365242004,
    0.2864157259464264,
    0.2752895951271057,
    0.2744659185409546,
    0.27371448278427124,
    0.27303436398506165,
    0.2623348534107208,
    0.26181477308273315,
    0.26136112213134766,
    0.26097333431243896,
    0.250625878572464,
    0.250378280878067,
    0.25019291043281555,
    0.24006663262844086,
    0.2400074005126953,
    0.2400074005126953,
    0.24006663262844086,
    0.23017746210098267,
    0.23034800589084625,
    0.2305757999420166,
    0.23086102306842804,
    0.2211517095565796,
    0.2215355932712555,
    0.2219756543636322,
    0.22247245907783508,
    0.21443501114845276,
    0.22172321379184723,
    0.21411412954330444,
    0.2148117870092392,
    0.21556736528873444,
    0.21638184785842896,
    0.20691074430942535,
    0.20780180394649506,
    null,
    null,
    null,
    null,
    null,
    null,
    null,
    null,
    null,
    null,
    null,
    null,
    null,
    null,
    null,
    null,
    null,
    null,
    null,
    null,
    null,
    null,
    null,
    null,
    null,
    null,
    null,
    null,
    0.939730703830719,
    0.9396412968635559,
    0.9397846460342407,
    0.9331860542297363,
    0.9401684999465942,
    0.9259650111198425,
    0.9124059677124023,
    0.9128818511962891,
    0.9003265500068665,
    0.8883281350135803,
    0.8897537589073181,
    0.8786264657974243,
    0.8679856061935425,
    0.857808530330658,
    0.8603649735450745,
    0.8509188294410706,
    0.8418831825256348,
    0.8451442718505859,
    0.8367610573768616,
    0.8287447690963745,
    0.8210816383361816,
    0.8252189755439758,
    0.8181232213973999,
    0.8113468289375305,
    0.8048789501190186,
    0.8098019361495972,
    0.8038381934165955,
    0.7981569766998291,
    0.79274982213974,
    0.7983977198600769,
    0.7966065406799316,
    0.793400228023529,
    0.7904136776924133,
    null,
    null,
    0.7846521139144897,
    0.7704556584358215,
    0.7685412168502808,
    0.7577065825462341,
    0.7451651692390442,
    0.7438739538192749,
    0.733164370059967,
    0.7218024730682373,
