{
  "step": 1425,
  "timestamp": 45.6,
  "robot_pose_odom": {
    "x": -1.6158998759105931,
    "y": 1.5506117860817243,
    "yaw_fused": -0.8681672244499681,
    "yaw_imu": -0.8708905653317739
  },
  "lidar_pose_relative_to_robot": {
    "x_offset": 0.0,
    "y_offset": 0.0,
    "yaw_offset": 0.0
  },
  "lidar_meta": {
    "fov": 6.283184,
    "horizontal_resolution": 400,
    "angle_min": -3.141592,
    "angle_increment": 0.015747328320802004
  },
  "ranges": [
    0.565751850605011,
    0.5642977356910706,
    0.5408976674079895,
    0.5454151630401611,
    0.5426005125045776,
    0.5319679379463196,
    0.5248974561691284,
    0.518555760383606,
    0.5139397978782654,
    0.5051296949386597,
    0.49839508533477783,
    0.5039278864860535,
    0.4972800314426422,
    0.4906002879142761,
    0.4966147243976593,
    0.49000903964042664,
    0.48335471749305725,
    0.4766431450843811,
    0.4698653519153595,
    0.4766296446323395,
    0.46989232301712036,
    null,
    null,
    null,
    null,
    0.45881402492523193,
    0.4496811032295227,
    0.4572277069091797,
    0.45132437348365784,
    0.4584137797355652,
    0.45286205410957336,
    0.44755226373672485,
    null,
    null,
    0.4449954032897949,
    0.44042733311653137,
    0.4478439688682556,
    0.4435535669326782,
    0.4394521415233612,
    0.4469935894012451,
    0.4431501030921936,
    0.4394795298576355,
    0.4471549689769745,
    0.4437270760536194,
    0.440459281206131,
    0.4482799768447876,
    0.44524306058883667,
    0.4531446397304535,
    0.4345126748085022,
    0.4503350257873535,
    0.45314455032348633,
    0.4561026096343994,
    0.4592135548591614,
    0.462482213973999,
    0.4548202455043793,
    0.4583337604999542,
    0.46201691031455994,
    0.4658755958080292,
    0.45453813672065735,
    0.45101648569107056,
    0.4552259147167206,
    0.4429642856121063,
    0.44042715430259705,
    0.4449952244758606,
    0.43761521577835083,
    0.4301823675632477,
    0.4226880967617035,
    0.427702933549881,
    0.4202125668525696,
    0.42553427815437317,
    0.4180366098880768,
    0.42368295788764954,
    0.4161665737628937,
    0.4085398316383362,
    0.41461101174354553,
    0.40693843364715576,
    0.40693843364715576,
    0.40079066157341003,
    0.4085398316383362,
    0.40274184942245483,
    0.397202730178833,
    0.40497294068336487,
    0.39974433183670044,
    0.3947450518608093,
    0.4025438725948334,
    0.39782407879829407,
    0.3933095335960388,
    0.4011472463607788,
    0.3968876004219055,
    0.3928133249282837,
    0.4007022976875305,
    0.39686354994773865,
    0.3931938111782074,
    0.38968658447265625,
    0.39769867062568665,
    0.39440467953681946,
    0.3912605047225952,
    0.39935430884361267,
    0.39641326665878296,
    0.3936115801334381,
    0.401804655790329,
    0.3991987407207489,
    0.3967236280441284,
    0.405034601688385,
    0.40275049209594727,
    0.40059027075767517,
    0.39855092763900757,
    0.4070671498775482,
    0.4052136242389679,
    0.41382157802581787,
    0.4121559262275696,
    0.4106045067310333,
    0.41939446330070496,
    0.4180324077606201,
    0.41678160429000854,
    0.4257781207561493,
    0.4247201383113861,
    0.4237717092037201,
    0.4330013394355774,
    0.43225106596946716,
    0.43160974979400635,
    0.4411015510559082,
    0.4406657814979553,
    0.4503472149372101,
    0.45012491941452026,
    0.4500138759613037,
    0.4500138759613037,
    0.45012491941452026,
    0.4503472149372101,
    0.4506808817386627,
    0.4511265754699707,
    0.4516846239566803,
    0.4523557722568512,
    0.4531409740447998,
    0.45404112339019775,
    0.455057293176651,
    0.4561908543109894,
    0.4574432373046875,
    0.4588159918785095,
    0.46031099557876587,
    0.4619300663471222,
    0.4636753797531128,
    0.46554917097091675,
    0.46755409240722656,
    0.4696928858757019,
    0.4719680845737457,
    0.474383145570755,
    0.47694137692451477,
    0.479646235704422,
    0.48250171542167664,
    0.4855118989944458,
    0.4886813163757324,
    0.49201443791389465,
    0.49551647901535034,
    0.49919283390045166,
    0.5030491352081299,
    0.5070915818214417,
    0.5113267302513123,
    0.5157615542411804,
    0.5204033851623535,
    0.5252604484558105,
    0.5303410887718201,
    0.5356544256210327,
    0.5412103533744812,
    0.5470189452171326,
    0.5530915260314941,
    0.5594400763511658,
    0.5660772323608398,
    0.5730170011520386,
    0.5802738666534424,
    0.5878638029098511,
    0.59580397605896,
    0.6041125655174255,
    0.6128095388412476,
    0.6219162940979004,
    0.6314559578895569,
    0.6454887986183167,
    0.6557349562644958,
    0.6626661419868469,
    1.1166259050369263,
    1.124925971031189,
    1.1234737634658813,
    1.1269667148590088,
    1.1205670833587646,
    1.1278365850448608,
    1.1341572999954224,
    1.1307653188705444,
    1.1337499618530273,
    1.1393868923187256,
    1.1448214054107666,
    1.1500858068466187,
    1.1559377908706665,
    1.156453013420105,
    1.1615160703659058,
    2.430903673171997,
    2.4283013343811035,
    2.4598217010498047,
    2.4789345264434814,
    2.488497257232666,
    2.4883720874786377,
    2.5172407627105713,
    2.5599231719970703,
    1.8554362058639526,
    1.7886614799499512,
    1.7382700443267822,
    1.6661688089370728,
    1.63054621219635,
    1.5833015441894531,
    1.535412311553955,
    1.492932677268982,
    1.452931523323059,
    1.4500510692596436,
    1.4581668376922607,
    1.4763661623001099,
    1.493415117263794,
    1.5024912357330322,
    1.5208812952041626,
    1.5402625799179077,
    1.5599948167800903,
    1.580101728439331,
    1.600279450416565,
    1.6209588050842285,
    1.0511456727981567,
    1.0322635173797607,
    1.0242500305175781,
    1.0460203886032104,
    1.0565749406814575,
    1.0805799961090088,
    1.0909042358398438,
    1.1182252168655396,
    1.1404411792755127,
    1.1497892141342163,
    1.1820541620254517,
    1.2044504880905151,
    1.211762547492981,
    1.231755018234253,
    1.2790166139602661,
    1.3076261281967163,
    1.34792959690094,
    1.377861738204956,
    1.4101526737213135,
    1.4519603252410889,
    1.4852412939071655,
    1.5013614892959595,
    1.598515272140503,
    1.6223602294921875,
    1.6738892793655396,
    1.7117098569869995,
    0.25758445262908936,
    0.24791143834590912,
    0.24998195469379425,
    0.2521500885486603,
    0.2544194459915161,
    0.2567940056324005,
    0.259277880191803,
    0.24997207522392273,
    0.25256484746932983,
    0.25527551770210266,
    0.2581093907356262,
    0.261072039604187,
    0.2641693949699402,
    0.26740792393684387,
    0.2578994929790497,
    0.2612727880477905,
    null,
    null,
    null,
    null,
    null,
    null,
    null,
    0.2723599970340729,
    0.28191938996315,
    0.2780420184135437,
    0.2874002754688263,
    0.28368961811065674,
    0.2928754687309265,
    0.28932851552963257,
    0.2983681857585907,
    0.29498228430747986,
    0.3038995862007141,
    0.3006725609302521,
    0.3094894587993622,
    0.3182049095630646,
    0.3151564598083496,
    0.3122422993183136,
    0.3209185004234314,
    0.32952186465263367,
    0.32679247856140137,
    0.33536621928215027,
    0.3413105309009552,
    0.35236743092536926,
    0.3498770296573639,
    0.35836637020111084,
    0.3622707426548004,
    0.3645569384098053,
    0.36683130264282227,
    0.3800854980945587,
    0.38267797231674194,
    0.39641329646110535,
    0.39935433864593506,
    0.4024393856525421,
    0.4169420897960663,
    0.4317871332168579,
    0.4355320930480957,
    0.45101648569107056,
    0.4552259147167206,
    0.4714144766330719,
    0.48804086446762085,
    0.4931027889251709,
    0.5105510950088501,
    0.5285097360610962,
    0.5470081567764282,
    0.5534979104995728,
    0.5863423943519592,
    1.472714900970459,
    1.4553520679473877,
    1.4289665222167969,
    1.4009190797805786,
