{
  "step": 1195,
  "timestamp": 38.24,
  "robot_pose_odom": {
    "x": -2.6023145423692275,
    "y": 1.067255546766659,
    "yaw_fused": 0.8875500484838332,
    "yaw_imu": 0.8867236486709817
  },
  "lidar_pose_relative_to_robot": {
    "x_offset": 0.0,
    "y_offset": 0.0,
    "yaw_offset": 0.0
  },
  "lidar_meta": {
    "fov": 6.283184,
    "horizontal_resolution": 400,
    "angle_min": -3.141592,
    "angle_increment": 0.015747328320802004
  },
  "ranges": [
    1.1397148370742798,
    1.0600532293319702,
    0.9905881881713867,
    0.931324303150177,
    0.8817270398139954,
    0.8327774405479431,
    0.8009790778160095,
    0.7446168661117554,
    0.7151299715042114,
    0.6969947218894958,
    0.6556879281997681,
    0.6285023093223572,
    0.6227715015411377,
    0.5791274309158325,
    0.5787138938903809,
    0.5345719456672668,
    0.518123984336853,
    0.5061540007591248,
    0.493906706571579,
    0.4772043526172638,
    0.4701687693595886,
    0.46384188532829285,
    null,
    null,
    null,
    null,
    0.39677688479423523,
    0.39126044511795044,
    0.3802657127380371,
    0.3749729096889496,
    0.3782251179218292,
    0.3547314703464508,
    null,
    null,
    0.3451995253562927,
    0.33675312995910645,
    0.32821136713027954,
    0.331854909658432,
    0.3232320249080658,
    0.31448736786842346,
    0.3056090474128723,
    0.30947938561439514,
    0.3004637062549591,
    0.30452200770378113,
    0.29534393548965454,
    0.2859777808189392,
    0.29022759199142456,
    0.28064706921577454,
    0.28064730763435364,
    0.2764074504375458,
    0.2723599970340729,
    0.2684946358203888,
    0.26480191946029663,
    0.2743366062641144,
    0.2707946300506592,
    0.2674080431461334,
    0.2641695439815521,
    0.26107215881347656,
    0.2581094801425934,
    0.2552756369113922,
    0.252564936876297,
    0.24997225403785706,
    0.247492715716362,
    0.24512170255184174,
    0.24285513162612915,
    0.24068886041641235,
    0.23861928284168243,
    0.23664282262325287,
    0.24593524634838104,
    0.24404990673065186,
    0.24225261807441711,
    0.24054047465324402,
    0.23891091346740723,
    0.23736147582530975,
    0.22760188579559326,
    0.2266857773065567,
    0.2258324921131134,
    0.23527005314826965,
    0.23450596630573273,
    0.23380431532859802,
    0.2331642061471939,
    0.22123904526233673,
    0.23206545412540436,
    0.2316053807735443,
    0.2312040627002716,
    0.23086102306842804,
    0.2305757999420166,
    0.23034800589084625,
    0.23017746210098267,
    0.23006384074687958,
    0.2300070971250534,
    0.2300070971250534,
    0.23006384074687958,
    0.23017746210098267,
    0.23034800589084625,
    0.2305757999420166,
    0.23086102306842804,
    0.2312040627002716,
    0.2316053807735443,
    0.23206545412540436,
    0.23258483409881592,
    0.2331642061471939,
    0.23380431532859802,
    0.23450593650341034,
    0.23527005314826965,
    0.23609758913516998,
    0.23698963224887848,
    0.23794735968112946,
    0.23897208273410797,
    0.24006524682044983,
    0.2412281334400177,
    0.24246248602867126,
    0.243770033121109,
    0.2451525181531906,
    0.24661198258399963,
    0.2481505274772644,
    0.24977043271064758,
    0.2514740228652954,
    0.2532639801502228,
    0.2551429867744446,
    0.2571139931678772,
    0.25918012857437134,
    0.2613447606563568,
    0.26361143589019775,
    0.2659839689731598,
    0.26846644282341003,
    0.2779695987701416,
    0.2737789452075958,
    0.28864553570747375,
    0.2917434573173523,
    0.2949821650981903,
    0.29836803674697876,
    0.30190786719322205,
    0.3056090474128723,
    0.30947938561439514,
    0.313527375459671,
    0.3177621066570282,
    0.3221933841705322,
    0.32683175802230835,
    0.33168867230415344,
    0.3367764949798584,
    0.3437570631504059,
    0.3455093502998352,
    0.35406801104545593,
    0.36246776580810547,
    0.3707227110862732,
    0.37884581089019775,
    0.3739544749259949,
    0.39474523067474365,
    0.39822548627853394,
    0.4074116051197052,
    0.41789156198501587,
    0.42870286107063293,
    0.4418265223503113,
    0.4544218182563782,
    0.4762948155403137,
    0.47820690274238586,
    0.48194268345832825,
    0.519679069519043,
    0.5336825251579285,
    0.5380284786224365,
    0.5754775404930115,
    0.5930943489074707,
    0.6057292819023132,
    0.6386539936065674,
    0.6428989768028259,
    0.7104165554046631,
    0.734265923500061,
    0.7631380558013916,
    0.860062301158905,
    0.8923792839050293,
    0.9359758496284485,
    0.9429199695587158,
    0.9502041339874268,
    0.9465712308883667,
    0.9544768333435059,
    0.9627551436424255,
    0.9714201092720032,
    0.9804865717887878,
    0.9781851172447205,
    0.9879851937294006,
    0.9982324838638306,
    0.9967902302742004,
    1.007855772972107,
    1.0194242000579834,
    1.031518816947937,
    1.0314308404922485,
    1.044493317604065,
    1.0581551790237427,
    1.0592073202133179,
    1.0739781856536865,
    1.0894395112991333,
    1.0918090343475342,
    1.1085563898086548,
    1.1295697689056396,
    1.1394482851028442,
    1.1485280990600586,
    1.1703250408172607,
    1.178849697113037,
    1.2057429552078247,
    1.1941291093826294,
    1.2357617616653442,
    1.2536317110061646,
    1.2527871131896973,
    1.2847685813903809,
    1.2942010164260864,
    1.3286491632461548,
    1.3409044742584229,
    1.3809139728546143,
    1.4014214277267456,
    1.4337410926818848,
    1.4441325664520264,
    1.4427083730697632,
    1.4395246505737305,
    1.4532532691955566,
    1.461721420288086,
    1.4644782543182373,
    1.4628585577011108,
    1.4703824520111084,
    1.4826743602752686,
    1.4876093864440918,
    1.4910513162612915,
    1.4941534996032715,
    1.5090442895889282,
    1.513019323348999,
    1.5096979141235352,
    1.5320205688476562,
    0.5276225209236145,
    0.5254988670349121,
    0.5235207676887512,
    0.521685779094696,
    0.5199915170669556,
    0.5184356570243835,
    0.5286999940872192,
    0.552480936050415,
    0.5861799120903015,
    0.5747326612472534,
    0.5629316568374634,
    0.5620964169502258,
    0.5510618090629578,
    0.5410386919975281,
    0.5304089188575745,
    0.530147135257721,
    0.5200426578521729,
    0.5100157260894775,
    0.5101416110992432,
    0.5005314350128174,
    0.49074140191078186,
    0.4912267029285431,
    0.4817969501018524,
    0.48251283168792725,
    0.47328057885169983,
    0.47422072291374207,
    0.46516966819763184,
    0.4663284122943878,
    0.4574432373046875,
    0.4588159918785095,
    0.45008185505867004,
    0.4516649842262268,
    0.4430675804615021,
    0.4448581039905548,
    0.43638381361961365,
    0.43838000297546387,
    0.4300153851509094,
    0.43221575021743774,
    0.42394787073135376,
    0.42635220289230347,
    0.41816815733909607,
    0.42077696323394775,
    0.4126642048358917,
    0.4154788553714752,
    0.4184361398220062,
    0.41044744849205017,
    0.41361820697784424,
    0.40567323565483093,
    0.40906137228012085,
    0.4126092195510864,
    0.4047582149505615,
    0.4085359275341034,
    0.41248753666877747,
    0.40471670031547546,
    0.4089145362377167,
    0.4011472463607788,
    0.4056004583835602,
    0.3978240489959717,
    0.4025438129901886,
    0.3947450518608093,
    0.3997442126274109,
    0.4049728512763977,
    0.39720261096954346,
    0.4027417004108429,
    0.3949216902256012,
    0.4007904827594757,
    0.5120080709457397,
    0.4771004617214203,
    0.4837130904197693,
    0.4766300320625305,
    0.4698656499385834,
    0.4634033739566803,
    0.4702913463115692,
    0.464219331741333,
    0.4584137797355652,
    0.45286205410957336,
    0.45998430252075195,
    0.45476436614990234,
    0.4497714042663574,
    0.4570222795009613,
    0.45233073830604553,
    0.4478439688682556,
    0.4435535669326782,
    0.4510166645050049,
    0.4469935894012451,
    0.4431501030921936,
    0.4394795298576355,
