{
  "step": 1565,
  "timestamp": 50.08,
  "robot_pose_odom": {
    "x": -1.6524608805069958,
    "y": 1.0758974292219454,
    "yaw_fused": -2.7318191950266395,
    "yaw_imu": -2.7300921624344094
  },
  "lidar_pose_relative_to_robot": {
    "x_offset": 0.0,
    "y_offset": 0.0,
    "yaw_offset": 0.0
  },
  "lidar_meta": {
    "fov": 6.283184,
    "horizontal_resolution": 400,
    "angle_min": -3.141592,
    "angle_increment": 0.015747328320802004
  },
  "ranges": [
    0.6371956467628479,
    0.6323109865188599,
    0.6386658549308777,
    0.6341519951820374,
    0.6298558712005615,
    0.6365600824356079,
    0.6326133608818054,
    0.6288694739341736,
    0.635921835899353,
    0.6325109004974365,
    0.6292908787727356,
    0.6262571215629578,
    0.629118800163269,
    1.8725427389144897,
    1.865005612373352,
    1.8477202653884888,
    1.8412439823150635,
    1.8250682353973389,
    1.8196074962615967,
    1.1166794300079346,
    1.1022499799728394,
    1.0997885465621948,
    null,
    null,
    null,
    null,
    1.0518102645874023,
    1.0409482717514038,
    1.030368447303772,
    1.020031452178955,
    1.020031452178955,
    1.0103627443313599,
    null,
    null,
    0.9921634197235107,
    0.9832372665405273,
    0.9750779867172241,
    0.9767705202102661,
    0.9676498770713806,
    0.9606764912605286,
    0.9630695581436157,
    0.955548107624054,
    0.9584156274795532,
    0.9541613459587097,
    0.9443903565406799,
    0.9479585289955139,
    0.9365891814231873,
    0.9247180819511414,
    0.928948163986206,
    0.9202384948730469,
    1.0608043670654297,
    1.2013343572616577,
    1.3939942121505737,
    2.141667366027832,
    2.151601552963257,
    2.132817029953003,
    2.1343140602111816,
    2.136178493499756,
    2.1384050846099854,
    2.140988826751709,
    2.14392352104187,
    2.1479413509368896,
    2.139359474182129,
    2.143204927444458,
    2.1473686695098877,
    2.151841402053833,
    2.156613349914551,
    2.1616733074188232,
    2.1670081615448,
    2.178382635116577,
    1.4591848850250244,
    1.3621560335159302,
    1.2704118490219116,
    1.1938594579696655,
    1.1248738765716553,
    1.0719659328460693,
    1.0739778280258179,
    1.0758211612701416,
    1.0779881477355957,
    1.080491304397583,
    1.0874724388122559,
    1.0979869365692139,
    1.0984421968460083,
    0.6175376772880554,
    0.5958043336868286,
    0.6009278297424316,
    0.5931691527366638,
    0.5984846949577332,
    0.6038160920143127,
    0.6063237190246582,
    0.6145464181900024,
    0.6231986284255981,
    0.6374257802963257,
    0.6308823227882385,
    0.6433150768280029,
    0.653293788433075,
    0.6591781973838806,
    0.6608424782752991,
    0.6700363159179688,
    0.6732528805732727,
    0.6877353191375732,
    0.6962922215461731,
    0.7046860456466675,
    0.7084368467330933,
    0.7319304347038269,
    0.7398912906646729,
    0.7503692507743835,
    0.7583907842636108,
    0.7733162641525269,
    0.7819387316703796,
    0.8031280040740967,
    0.8151482939720154,
    0.8297349810600281,
    0.8405612707138062,
    0.8595760464668274,
    0.8745642900466919,
    0.8935071229934692,
    0.9142698049545288,
    0.9316979646682739,
    0.951880693435669,
    0.9804646372795105,
    1.0004425048828125,
    1.0299785137176514,
    1.049979329109192,
    1.0800527334213257,
    1.1112933158874512,
    1.141060471534729,
    1.183899164199829,
    1.2132353782653809,
    1.2559679746627808,
    1.247901201248169,
    1.240074634552002,
    1.2349441051483154,
    1.2251005172729492,
    1.2179328203201294,
    1.210964560508728,
    1.2041857242584229,
    1.1975858211517334,
    1.1911548376083374,
    1.1848821640014648,
    1.1787575483322144,
    1.1690133810043335,
    1.1746761798858643,
    1.1717053651809692,
    1.1661196947097778,
    1.1629911661148071,
    1.1552194356918335,
    1.1544393301010132,
    1.1554545164108276,
    1.1502851247787476,
    1.1451454162597656,
    1.142596960067749,
    1.1514235734939575,
    1.1352686882019043,
    1.8176813125610352,
    1.8184411525726318,
    1.819398283958435,
    1.8205398321151733,
    1.8218514919281006,
    1.8093217611312866,
    1.828088402748108,
    null,
    null,
    null,
    null,
    null,
    null,
    null,
    null,
    null,
    null,
    null,
    null,
    null,
    null,
    null,
    null,
    null,
    null,
    null,
    null,
    null,
    null,
    null,
    null,
    null,
    null,
    null,
    null,
    null,
    null,
    null,
    null,
    null,
    null,
    null,
    null,
    null,
    null,
    null,
    null,
    null,
    null,
    null,
    null,
    null,
    null,
    null,
    null,
    null,
    null,
    null,
    null,
    null,
    null,
    null,
    null,
    null,
    null,
    null,
    null,
    null,
    null,
    null,
    null,
    null,
    null,
    null,
    null,
    null,
    null,
    0.43110018968582153,
    0.42553427815437317,
    0.42021244764328003,
    0.4277028739452362,
    0.4226880967617035,
    0.41789141297340393,
    0.4133032262325287,
    0.4089145362377167,
    0.4166202247142792,
    0.412487655878067,
    0.40853601694107056,
    0.4047583341598511,
    0.4011479318141937,
    0.4090614914894104,
    0.4056733548641205,
    0.4024393558502197,
    0.39935430884361267,
    0.39641326665878296,
    0.40454524755477905,
    0.401804655790329,
    0.3991987407207489,
    0.3967236280441284,
    0.3943758010864258,
    0.40275049209594727,
    0.40059027075767517,
    0.39855092763900757,
    0.39662954211235046,
    0.38911035656929016,
    0.3724394142627716,
    0.3647342026233673,
    0.3490138351917267,
    0.34779053926467896,
    0.3388141393661499,
    0.3252929747104645,
    0.324402391910553,
    0.31348392367362976,
    0.3127838969230652,
    0.3020939528942108,
    0.30157050490379333,
    0.2910856604576111,
    0.2907260060310364,
    0.29043880105018616,
    0.2802160680294037,
    0.28007772564888,
    0.2700083255767822,
    0.2700083255767822,
    0.26007217168807983,
    0.2602006196975708,
    0.2603934109210968,
    0.250625878572464,
    0.2509359121322632,
    0.25130876898765564,
    0.24167518317699432,
    0.2421552538871765,
    0.24269722402095795,
    0.24330179393291473,
    0.23380431532859802,
    0.23450593650341034,
    0.23527005314826965,
    0.2258324921131134,
    0.22668574750423431,
    0.2276018261909485,
    0.21819190680980682,
    0.21919000148773193,
    0.22025176882743835,
    0.22137880325317383,
    0.21197393536567688,
    0.21317610144615173,
    null,
    null,
    null,
    null,
    null,
    null,
    null,
    null,
    null,
    null,
    null,
    null,
    null,
    null,
    null,
    null,
    null,
    null,
    null,
    null,
    null,
    null,
    null,
    null,
    null,
    null,
    null,
    null,
    null,
    null,
    null,
    null,
    0.9366940259933472,
    0.9362303614616394,
    0.9422950744628906,
    0.9560421109199524,
    0.9448325634002686,
    0.9341105222702026,
    0.9238547086715698,
    0.9140445590019226,
    0.9046614766120911,
    0.8956879377365112,
    0.8871071338653564,
    0.8789042830467224,
    0.8710644841194153,
    0.8635745644569397,
    0.8564216494560242,
    0.8495944738388062,
    0.8430814743041992,
    0.8479329347610474,
    0.8332088589668274,
    0.8361881971359253,
    0.8307651877403259,
    0.817297637462616,
    0.8148919939994812,
    0.8199758529663086,
    0.8036093711853027,
    0.8090906143188477,
    0.8037894368171692,
    0.7987086772918701,
    0.8048787713050842,
    0.8000780344009399,
    0.7950276136398315,
    0.7908346056938171,
    0.7826195955276489,
    0.7820547819137573,
    0.7896192669868469,
    null,
    0.7785800099372864,
    0.7690707445144653,
    0.7591480612754822,
    0.7459201216697693,
    0.7547698616981506,
    0.7391470074653625,
    0.7221187949180603,
    0.7315641045570374,
    0.7149649858474731,
    0.7138842344284058,
