{
  "step": 1250,
  "timestamp": 40.0,
  "robot_pose_odom": {
    "x": -2.359659585991367,
    "y": 1.3992240688170796,
    "yaw_fused": 0.9687398752336924,
    "yaw_imu": 0.9685446047825539
  },
  "lidar_pose_relative_to_robot": {
    "x_offset": 0.0,
    "y_offset": 0.0,
    "yaw_offset": 0.0
  },
  "lidar_meta": {
    "fov": 6.283184,
    "horizontal_resolution": 400,
    "angle_min": -3.141592,
    "angle_increment": 0.015747328320802004
  },
  "ranges": [
    2.3548099994659424,
    2.08209490776062,
    1.9621829986572266,
    1.7027661800384521,
    1.5562883615493774,
    1.44031822681427,
    1.3158628940582275,
    1.2423330545425415,
    1.1640868186950684,
    1.1132949590682983,
    1.0106885433197021,
    0.9812130331993103,
    0.9558274149894714,
    0.890358567237854,
    0.8514721989631653,
    0.8168761134147644,
    0.7606329917907715,
    0.7458203434944153,
    0.7267090678215027,
    0.6975026726722717,
    0.6884922981262207,
    0.6427890658378601,
    null,
    null,
    null,
    null,
    0.5636405944824219,
    0.5494368672370911,
    0.5356079339981079,
    0.5124219059944153,
    0.5089887976646423,
    0.4892926514148712,
    null,
    null,
    0.4695245623588562,
    0.4577370285987854,
    0.44494491815567017,
    0.4439513087272644,
    0.433755487203598,
    0.42219871282577515,
    0.42157232761383057,
    0.41071128845214844,
    0.4006052315235138,
    0.40030863881111145,
    0.39010825753211975,
    0.3900120258331299,
    0.38001173734664917,
    0.38010549545288086,
    0.3702855110168457,
    0.3705598711967468,
    0.36090123653411865,
    0.3613477051258087,
    0.3518322706222534,
    0.35244297981262207,
    0.34305331110954285,
    0.34382107853889465,
    0.3345399498939514,
    0.335458368062973,
    0.3364650309085846,
    0.3273322582244873,
    0.32848361134529114,
    0.31942084431648254,
    0.3207116723060608,
    0.311702698469162,
    0.3131285607814789,
    0.314645379781723,
    0.30571359395980835,
    0.30736222863197327,
    0.3091053366661072,
    0.30022329092025757,
    0.30209630727767944,
    0.304068386554718,
    0.2952086329460144,
    0.29730987548828125,
    0.2995156943798065,
    0.3018294870853424,
    0.2929862439632416,
    0.2954331934452057,
    0.29799553751945496,
    0.28911301493644714,
    0.29181137681007385,
    0.2946339547634125,
    0.2856823801994324,
    0.28864553570747375,
    0.2917434573173523,
    0.28269124031066895,
    0.28593602776527405,
    0.28932836651802063,
    0.2801416516304016,
    0.2836894392967224,
    0.28740009665489197,
    0.29128193855285645,
    0.2819192111492157,
    0.2859777808189392,
    0.29022759199142456,
    0.28064706921577454,
    0.28064730763435364,
    0.29022783041000366,
    0.2859780192375183,
    0.28191938996315,
    0.29128211736679077,
    0.2874002754688263,
    0.28368961811065674,
    0.2928754687309265,
    0.28932851552963257,
    0.285936176776886,
    0.29498228430747986,
    0.29174360632896423,
    0.2886456549167633,
    0.29758602380752563,
    0.2946341931819916,
    0.3034839928150177,
    0.3006777763366699,
    0.29799574613571167,
    0.30679619312286377,
    0.30425503849983215,
    0.31300848722457886,
    0.31060898303985596,
    0.3083215057849884,
    0.3061424195766449,
    0.3149280250072479,
    0.323674738407135,
    0.32071173191070557,
    0.31942087411880493,
    0.31821849942207336,
    0.3273322582244873,
    0.3262691795825958,
    0.335458368062973,
    0.3345399498939514,
    0.33370867371559143,
    0.34305331110954285,
    0.34237319231033325,
    0.3518322706222534,
    0.35131028294563293,
    0.36090123653411865,
    0.36054471135139465,
    0.36027777194976807,
    0.37010273337364197,
    0.37001141905784607,
    0.3800382912158966,
    0.39010825753211975,
    0.3903009295463562,
    0.4006052315235138,
    0.4010013937950134,
    0.4115349054336548,
    0.4121463894844055,
    0.42368555068969727,
    0.43386149406433105,
    0.43483251333236694,
    0.44759923219680786,
    0.45935893058776855,
    0.4690118730068207,
    0.4705401062965393,
    0.4858926832675934,
    0.49868446588516235,
    0.5020766258239746,
    0.5252172946929932,
    0.5389991998672485,
    0.5531522035598755,
    0.5708198547363281,
    0.5831913948059082,
    0.5755754709243774,
    0.5790020227432251,
    0.5826142430305481,
    0.586417555809021,
    0.5794836282730103,
    0.5836082696914673,
    0.5879381895065308,
    0.5924800634384155,
    0.5859724879264832,
    0.5908663868904114,
    0.5959910750389099,
    0.5897905230522156,
    0.5952951908111572,
    0.6010532379150391,
    0.5951716303825378,
    0.601344883441925,
    0.6077988743782043,
    0.6022552251815796,
    0.6091680526733398,
    0.6163952350616455,
    0.62395179271698,
    0.6189587712287903,
    0.627054750919342,
    0.6222841739654541,
    0.6309620141983032,
    0.6400455236434937,
    0.6357366442680359,
    0.6454882621765137,
    0.6524690985679626,
    0.6495575904846191,
    0.6536639928817749,
    0.6712366342544556,
    0.6747627258300781,
    0.6793097257614136,
    0.6885372996330261,
    0.7003544569015503,
    0.7001335024833679,
    0.7114690542221069,
    0.7251647114753723,
    0.7172030210494995,
    0.730472207069397,
    0.7401044368743896,
    0.7493833899497986,
    0.7590740919113159,
    0.7785910367965698,
    0.7869176268577576,
    0.7950274348258972,
    0.7972086668014526,
    0.8218818306922913,
    0.8345662951469421,
    0.8478353023529053,
    0.8505743741989136,
    0.8600906729698181,
    0.900060772895813,
    0.900670051574707,
    0.9125178456306458,
    0.9513053297996521,
    0.9730954170227051,
    0.9800218343734741,
    1.012056827545166,
    1.023101568222046,
    1.0479896068572998,
    1.0567421913146973,
    1.0544461011886597,
    1.0639362335205078,
    1.062193751335144,
    1.0724680423736572,
    1.071309208869934,
    1.0824207067489624,
    1.081882119178772,
    1.0938923358917236,
    1.0940163135528564,
    1.1069958209991455,
    1.1078331470489502,
    1.1218631267547607,
    1.1234732866287231,
    1.1386479139328003,
    1.1411018371582031,
    1.1575294733047485,
    1.1609108448028564,
    1.1787182092666626,
    1.185699224472046,
    1.1823735237121582,
    1.2030000686645508,
    1.2058520317077637,
    1.2313284873962402,
    1.2240945100784302,
    1.2301268577575684,
    1.2351698875427246,
    1.2284725904464722,
    1.227923035621643,
    1.2384940385818481,
    1.2431539297103882,
    1.2476290464401245,
    1.2519525289535522,
    1.2561542987823486,
    1.2609885931015015,
    1.2643014192581177,
    1.2682955265045166,
    1.272266149520874,
    1.2762333154678345,
    1.291394591331482,
    1.2953238487243652,
    1.299306035041809,
    1.2988537549972534,
    1.3183482885360718,
    1.3316261768341064,
    1.345852255821228,
    0.6880705952644348,
    0.6242717504501343,
    0.5751217603683472,
    0.5372219085693359,
    0.5001726150512695,
    0.46859049797058105,
    0.42902228236198425,
    0.40805816650390625,
    0.3832087516784668,
    0.371101051568985,
    0.3545078635215759,
    0.3373742997646332,
    0.325948566198349,
    0.3122504949569702,
    0.30366548895835876,
    0.2927783131599426,
    0.2808897793292999,
    0.27144232392311096,
    0.2606509029865265,
    0.2603934109210968,
    0.2602006196975708,
    0.26007217168807983,
    0.2700083255767822,
    0.2700083255767822,
    0.2700749337673187,
    0.27020832896232605,
    0.28042367100715637,
    0.2807009816169739,
    0.2810482084751129,
    0.3518322706222534,
    0.35244297981262207,
    0.3531430959701538,
    0.3539334535598755,
    0.3548150956630707,
    0.3557891845703125,
    0.3568568825721741,
    0.3580196499824524,
    0.35927894711494446,
    0.3606364130973816,
    0.36209380626678467,
    0.34858575463294983,
    0.3653166890144348,
    0.3670862913131714,
    0.36896467208862305,
    0.3709544241428375,
    0.37305817008018494,
