{
  "step": 315,
  "timestamp": 10.08,
  "robot_pose_odom": {
    "x": -0.4022472654791147,
    "y": -0.6991109021032305,
    "yaw_fused": -2.0937260970223974,
    "yaw_imu": -2.093744217926459
  },
  "lidar_pose_relative_to_robot": {
    "x_offset": 0.0,
    "y_offset": 0.0,
    "yaw_offset": 0.0
  },
  "lidar_meta": {
    "fov": 6.283184,
    "horizontal_resolution": 400,
    "angle_min": -3.141592,
    "angle_increment": 0.015747328320802004
  },
  "ranges": [
    null,
    null,
    3.129251003265381,
    2.5870890617370605,
    2.2805392742156982,
    1.6129202842712402,
    1.4352495670318604,
    1.2908707857131958,
    1.1637539863586426,
    1.0643486976623535,
    0.9800501465797424,
    0.9101635813713074,
    0.854060173034668,
    0.7904808521270752,
    0.7295874357223511,
    0.7083260416984558,
    0.6734503507614136,
    0.6250994205474854,
    0.603590726852417,
    0.5809341073036194,
    0.5537143349647522,
    0.5328167080879211,
    null,
    null,
    null,
    null,
    0.4511241614818573,
    0.4304775297641754,
    0.42019903659820557,
    0.40998604893684387,
    0.39998576045036316,
    0.39019060134887695,
    null,
    null,
    0.3605861961841583,
    0.35087883472442627,
    0.3423559069633484,
    0.33154937624931335,
    0.32287368178367615,
    0.3235962986946106,
    0.3158107399940491,
    0.3049621284008026,
    0.30587729811668396,
    0.2966448664665222,
    0.2976882755756378,
    0.29260650277137756,
    0.2793295085430145,
    0.2701423466205597,
    0.2713780999183655,
    0.26220449805259705,
    0.2635461986064911,
    0.2649674415588379,
    0.25581133365631104,
    0.25733423233032227,
    0.2481505274772644,
    0.24977043271064758,
    0.24054040014743805,
    0.24225251376628876,
    0.2440498322248459,
    0.2347562611103058,
    0.2366427183151245,
    0.22725631296634674,
    0.22922733426094055,
    null,
    null,
    null,
    null,
    null,
    null,
    null,
    null,
    null,
    null,
    null,
    null,
    null,
    null,
    null,
    null,
    null,
    null,
    null,
    null,
    null,
    null,
    null,
    null,
    null,
    null,
    null,
    null,
    null,
    null,
    null,
    null,
    null,
    null,
    null,
    null,
    null,
    null,
    null,
    null,
    null,
    null,
    null,
    null,
    null,
    null,
    null,
    null,
    null,
    null,
    null,
    null,
    0.20139597356319427,
    0.20104700326919556,
    0.20074871182441711,
    0.2005006968975067,
    0.2003026157617569,
    0.21016204357147217,
    0.2100583016872406,
    0.2100064754486084,
    0.2100064754486084,
    0.2100583016872406,
    0.21016204357147217,
    0.22033289074897766,
    0.2205507755279541,
    0.22082360088825226,
    0.2211517095565796,
    0.2215355932712555,
    0.2219756543636322,
    0.22247245907783508,
    0.2331642061471939,
    0.23380431532859802,
    0.23450593650341034,
    0.23527005314826965,
    0.23609758913516998,
    0.23698963224887848,
    0.24829289317131042,
    0.24936217069625854,
    0.2505028545856476,
    0.2517163157463074,
    0.2530043423175812,
    0.2649674415588379,
    0.26647013425827026,
    0.2680565118789673,
    0.2697288393974304,
    0.27148962020874023,
    0.28427499532699585,
    0.2862984240055084,
    0.28842252492904663,
    0.2906506061553955,
    0.3042549192905426,
    0.30679601430892944,
    0.3094569146633148,
    0.3238065838813782,
    0.3268287479877472,
    0.329990029335022,
    0.3451995253562927,
    0.3487800359725952,
    0.3525233268737793,
    0.35643675923347473,
    0.36052805185317993,
    0.36480534076690674,
    0.3565438985824585,
    0.361059308052063,
    0.3657819330692291,
    0.3707224726676941,
    0.36246752738952637,
    0.3676857054233551,
    0.3731497526168823,
    0.3788735270500183,
    0.3788738548755646,
    0.3731500804424286,
    0.3813040256500244,
    0.38931724429130554,
    0.3839627802371979,
    0.3919094502925873,
    0.38684943318367004,
    0.39474523067474365,
    0.4025440514087677,
    0.4102562367916107,
    0.4056006073951721,
    0.4133034348487854,
    0.4209415912628174,
    0.4166204333305359,
    0.42427322268486023,
    0.4315170645713806,
    0.4394521415233612,
    0.4469935894012451,
    0.4431501030921936,
    0.44787880778312683,
    0.4695127308368683,
    0.46591344475746155,
    0.47354257106781006,
    0.4833318591117859,
    0.4886814057826996,
    0.5008619427680969,
    0.5039463639259338,
    0.5178794860839844,
    0.5321196913719177,
    0.5357491374015808,
    0.5505740642547607,
    0.554658830165863,
    0.570122480392456,
    0.5859726667404175,
    0.5908666253089905,
    0.6074526309967041,
    0.6244843006134033,
    0.6303128004074097,
    0.6481949687004089,
    0.6645007729530334,
    0.6855331659317017,
    0.7018026113510132,
    0.725164532661438,
    0.7487653493881226,
    0.7673494219779968,
    0.788898766040802,
    0.8201748132705688,
    0.8530248999595642,
    0.8738461136817932,
    0.9105077981948853,
    0.9486430883407593,
    0.9888882637023926,
    1.0453758239746094,
    1.0734403133392334,
    1.097987174987793,
    1.125908613204956,
    1.1497795581817627,
    1.1906450986862183,
    1.220206618309021,
    1.2277101278305054,
    1.2849210500717163,
    1.3589599132537842,
    1.3760559558868408,
    1.4344146251678467,
    1.4457403421401978,
    1.526769995689392,
    1.5628858804702759,
    1.6491246223449707,
    1.717667579650879,
    1.7919814586639404,
    1.8751715421676636,
    1.9642893075942993,
    2.0060393810272217,
    2.0729758739471436,
    2.077784299850464,
    2.1033384799957275,
    2.1230578422546387,
    2.1784112453460693,
    2.2151143550872803,
    2.273536205291748,
    2.30820894241333,
    2.3409979343414307,
    0.45329949259757996,
    0.45099180936813354,
    0.4488176107406616,
    0.4363839030265808,
    0.4345126748085022,
    0.4471653699874878,
    0.4482322037220001,
    0.4574587345123291,
    0.4713610112667084,
    0.48602351546287537,
    0.4982873201370239,
    0.5068526268005371,
    0.5227268934249878,
    0.5452774167060852,
    0.5617795586585999,
    0.5813081860542297,
    0.6021323800086975,
    0.621381402015686,
    0.6502100229263306,
    0.6703509092330933,
    0.6999417543411255,
    0.7299428582191467,
    0.770543098449707,
    0.8112074732780457,
    0.8504000902175903,
    0.9038283824920654,
    0.9513992071151733,
    1.0118316411972046,
    1.0822603702545166,
    1.1626477241516113,
    1.2529493570327759,
    1.3685725927352905,
    1.3723297119140625,
    1.3662519454956055,
    1.3707038164138794,
    1.3652600049972534,
    1.3704183101654053,
    1.3607561588287354,
    1.3507118225097656,
    1.3568905591964722,
    1.3529751300811768,
    1.359898328781128,
    1.356896162033081,
    1.353668212890625,
    1.3617271184921265,
    1.3548734188079834,
    1.3574481010437012,
    1.3557730913162231,
    1.3654232025146484,
    1.3644604682922363,
    1.375001072883606,
    1.3635127544403076,
    1.3749006986618042,
    0.9127058386802673,
    0.8904680609703064,
    0.898779034614563,
    0.8956872224807739,
    0.9046608805656433,
    0.90201735496521,
    0.9116983413696289,
    0.909528374671936,
    0.9199681282043457,
    0.9183030724525452,
    0.9295608401298523,
    0.928438127040863,
    0.9405820965766907,
    0.9400462508201599,
    0.939730703830719,
    0.953259289264679,
    0.9536049962043762,
    0.9682324528694153,
    0.9752135872840881,
    0.9874239563941956,
    0.9804959893226624,
    0.9958034157752991,
    1.0057651996612549,
    1.015075922012329,
    1.0238068103790283,
    1.0308399200439453,
    1.0523594617843628,
    1.0595653057098389,
    1.0664210319519043,
    1.069726586341858,
    1.0463404655456543,
    1.0355993509292603,
    1.001756191253662,
    0.9921592473983765,
    0.9714205265045166,
    0.9512940645217896,
    0.9431143403053284,
    0.9240339398384094,
    0.9054888486862183,
    0.8985474109649658,
