{
  "step": 925,
  "timestamp": 29.6,
  "robot_pose_odom": {
    "x": -3.4535838085468837,
    "y": -0.3895459127504756,
    "yaw_fused": 1.2587443100965032,
    "yaw_imu": 1.275023370265651
  },
  "lidar_pose_relative_to_robot": {
    "x_offset": 0.0,
    "y_offset": 0.0,
    "yaw_offset": 0.0
  },
  "lidar_meta": {
    "fov": 6.283184,
    "horizontal_resolution": 400,
    "angle_min": -3.141592,
    "angle_increment": 0.015747328320802004
  },
  "ranges": [
    0.3217020332813263,
    0.3241872191429138,
    0.32679232954978943,
    0.3181588649749756,
    0.3209182918071747,
    0.3238065838813782,
    0.3151562511920929,
    0.3182046413421631,
    0.32139265537261963,
    0.3126993179321289,
    0.31605541706085205,
    0.31956401467323303,
    0.31080004572868347,
    0.31448736786842346,
    0.31834277510643005,
    0.30947938561439514,
    0.313527375459671,
    0.3177621066570282,
    0.3063944876194,
    0.3132137656211853,
    0.31786832213401794,
    null,
    null,
    null,
    null,
    0.32219356298446655,
    0.3177623152732849,
    0.31352755427360535,
    0.322374552488327,
    0.318342924118042,
    0.3270670473575592,
    0.3232322037220001,
    null,
    null,
    0.3247263431549072,
    0.32139289379119873,
    0.32999029755592346,
    0.3268289566040039,
    0.33537137508392334,
    0.33237984776496887,
    0.3408846855163574,
    0.3380611836910248,
    0.34654513001441956,
    0.343888521194458,
    0.34135594964027405,
    0.3498770296573639,
    0.3475067913532257,
    0.35604220628738403,
    0.3414027988910675,
    0.3188827335834503,
    0.3128855228424072,
    0.29973021149635315,
    0.2974597215652466,
    0.2862985134124756,
    0.2884225845336914,
    0.27947181463241577,
    0.2704489231109619,
    0.27270767092704773,
    0.2636115252971649,
    0.25441956520080566,
    0.25679412484169006,
    0.24749261140823364,
    0.23806871473789215,
    0.24053794145584106,
    null,
    null,
    null,
    null,
    null,
    null,
    null,
    null,
    null,
    null,
    null,
    null,
    null,
    null,
    null,
    null,
    null,
    null,
    null,
    null,
    null,
    null,
    null,
    null,
    null,
    null,
    null,
    null,
    null,
    null,
    null,
    null,
    null,
    null,
    null,
    null,
    null,
    null,
    null,
    null,
    null,
    null,
    null,
    null,
    null,
    null,
    null,
    null,
    null,
    null,
    null,
    null,
    null,
    null,
    null,
    null,
    null,
    null,
    null,
    null,
    null,
    null,
    null,
    null,
    null,
    null,
    null,
    null,
    null,
    null,
    null,
    null,
    null,
    null,
    null,
    null,
    null,
    null,
    null,
    null,
    null,
    null,
    null,
    null,
    null,
    null,
    null,
    null,
    null,
    null,
    null,
    null,
    null,
    null,
    null,
    null,
    null,
    null,
    null,
    null,
    null,
    null,
    null,
    null,
    null,
    null,
    null,
    null,
    null,
    0.27235978841781616,
    0.2764072120189667,
    0.28064706921577454,
    0.28762757778167725,
    0.29022783041000366,
    0.29959601163864136,
    0.3087688386440277,
    0.3177623152732849,
    0.32659122347831726,
    0.340372771024704,
    0.3438103199005127,
    0.3604869842529297,
    0.3729602098464966,
    0.37812894582748413,
    0.3922349214553833,
    0.40574580430984497,
    0.41452935338020325,
    0.4429638087749481,
    0.45559003949165344,
    0.4779133200645447,
    0.4964660108089447,
    0.5234301686286926,
    0.5466367602348328,
    0.6085451245307922,
    0.6160620450973511,
    0.6387636661529541,
    0.6868904829025269,
    0.6993802189826965,
    0.7863836288452148,
    0.6146066188812256,
    0.6408311128616333,
    0.6809634566307068,
    0.7017781138420105,
    0.7529481053352356,
    0.822812020778656,
    0.8927922248840332,
    0.9705438613891602,
    1.0580819845199585,
    1.1663223505020142,
    1.3154462575912476,
    1.4933087825775146,
    1.7318696975708008,
    2.0808889865875244,
    2.5713999271392822,
    2.6105594635009766,
    2.630134344100952,
    2.66013503074646,
    2.68057918548584,
    2.7017924785614014,
    2.7345738410949707,
    2.7562546730041504,
    2.7912702560424805,
    2.8135063648223877,
    2.8512611389160156,
    2.8736515045166016,
    2.9160661697387695,
    2.9531259536743164,
    2.9746320247650146,
    3.0109434127807617,
    2.1219558715820312,
    2.1214778423309326,
    2.1350159645080566,
    2.107944965362549,
    1.2826584577560425,
    1.2696325778961182,
    1.2663483619689941,
    1.3239716291427612,
    1.411730408668518,
    1.493440866470337,
    1.5912142992019653,
    1.6976829767227173,
    2.035080909729004,
    2.0336596965789795,
    2.0481348037719727,
    2.0633304119110107,
    2.0967438220977783,
    2.9353907108306885,
    2.9304990768432617,
    2.9108998775482178,
    2.9295921325683594,
    4.995810508728027,
    5.044133186340332,
    0.3571029603481293,
    0.3456117808818817,
    0.32821136713027954,
    0.331854909658432,
    0.3232320249080658,
    0.3270668387413025,
    0.3310764729976654,
    0.33526933193206787,
    0.3396546542644501,
    0.34424227476119995,
    0.3490428328514099,
    0.35406771302223206,
    0.3593294024467468,
    0.36484119296073914,
    0.3648415207862854,
    0.3731500804424286,
    0.3813040256500244,
    0.38931724429130554,
    0.39720287919044495,
    0.4049731194972992,
    0.39974445104599,
    0.407478928565979,
    0.4277030825614929,
    0.4226882755756378,
    0.44536325335502625,
    0.4530148506164551,
    0.4570222795009613,
    0.4663252532482147,
    0.47831991314888,
    0.4898793697357178,
    0.4935072064399719,
    0.5233059525489807,
    0.5336825251579285,
    0.5380284786224365,
    0.5754775404930115,
    0.5853604078292847,
    0.5946688652038574,
    0.6167867183685303,
    0.638532280921936,
    0.670595645904541,
    0.7882953882217407,
    0.8000658750534058,
    0.877443253993988,
    0.9142465591430664,
    0.9581447839736938,
    0.9906525015830994,
    1.0722326040267944,
    1.1750247478485107,
    2.8839375972747803,
    2.865920305252075,
    2.721951723098755,
    2.6945207118988037,
    2.639094352722168,
    2.5816004276275635,
    2.5250020027160645,
    2.480640172958374,
    2.457451343536377,
    2.3478541374206543,
    2.305616855621338,
    2.2307662963867188,
    2.1738765239715576,
    2.1449263095855713,
    2.0502872467041016,
    1.979738473892212,
    1.9476048946380615,
    1.8610354661941528,
    1.8242770433425903,
    1.8101744651794434,
    1.7690070867538452,
    1.743103265762329,
    1.7049405574798584,
    1.6682515144348145,
    1.6329553127288818,
    1.5989773273468018,
    1.5789802074432373,
    1.496585488319397,
    1.4307314157485962,
    1.3389763832092285,
    1.2544889450073242,
    1.1691312789916992,
    1.114739179611206,
    1.0342592000961304,
    1.0045579671859741,
    0.9638835191726685,
    0.9247426390647888,
    0.8870391249656677,
    0.850682258605957,
    0.8102332353591919,
    0.7850378155708313,
    0.7598406672477722,
    0.7457398772239685,
    0.712394118309021,
    0.6842769384384155,
    0.6675649881362915,
    0.6490057110786438,
    0.6356589794158936,
    0.6235290765762329,
    0.5951051712036133,
    0.5807498097419739,
    0.5761319994926453,
    0.5586591362953186,
    0.5358027219772339,
    0.533785879611969,
    0.5245380401611328,
    0.5074465274810791,
    0.49810484051704407,
    0.4967411458492279,
    0.48662787675857544,
    0.47324931621551514,
    0.462456613779068,
    null,
    null,
    0.4411015510559082,
    0.4406657814979553,
    0.4304775297641754,
    0.4201166033744812,
    0.4200129508972168,
    0.4100126624107361,
    0.4101138412952423,
    0.40030863881111145,
    0.4006052315235138,
    0.3909763693809509,
    0.39146000146865845,
    0.38198933005332947,
    0.3826523721218109,
    0.3733226954936981,
