{
  "step": 1185,
  "timestamp": 37.92,
  "robot_pose_odom": {
    "x": -2.6542595859246263,
    "y": 1.0034150500114245,
    "yaw_fused": 0.8881038363660235,
    "yaw_imu": 0.8867236693060618
  },
  "lidar_pose_relative_to_robot": {
    "x_offset": 0.0,
    "y_offset": 0.0,
    "yaw_offset": 0.0
  },
  "lidar_meta": {
    "fov": 6.283184,
    "horizontal_resolution": 400,
    "angle_min": -3.141592,
    "angle_increment": 0.015747328320802004
  },
  "ranges": [
    1.0583906173706055,
    1.0194129943847656,
    0.9114324450492859,
    0.8676106929779053,
    0.8167324066162109,
    0.7710113525390625,
    0.7368516325950623,
    0.7007613778114319,
    0.6601853966712952,
    0.6310442686080933,
    0.6004539728164673,
    0.5683457255363464,
    0.5612943768501282,
    0.5528146624565125,
    0.5311017632484436,
    0.5101397037506104,
    0.4898833930492401,
    0.4702911376953125,
    0.46421921253204346,
    0.4456798732280731,
    0.4277028739452362,
    0.4226880967617035,
    null,
    null,
    null,
    null,
    0.3771315813064575,
    0.3618461787700653,
    0.35850024223327637,
    0.35530248284339905,
    0.34088456630706787,
    0.33806112408638,
    null,
    null,
    0.31933292746543884,
    0.3170759975910187,
    0.31492793560028076,
    0.30209633708000183,
    0.30022329092025757,
    0.29844656586647034,
    0.29676353931427,
    0.2846299111843109,
    0.2831808924674988,
    0.28181570768356323,
    0.28053250908851624,
    0.26898401975631714,
    0.26790136098861694,
    0.2668929398059845,
    0.26595744490623474,
    0.254897803068161,
    0.2541351318359375,
    0.25343936681747437,
    0.2528096139431,
    0.25224506855010986,
    0.25174498558044434,
    0.24125641584396362,
    0.2408984750509262,
    0.2406008392572403,
    0.24036315083503723,
    0.2401851862668991,
    0.24006663262844086,
    0.2300070971250534,
    0.2300070971250534,
    0.23006384074687958,
    0.23017746210098267,
    0.23034800589084625,
    0.2305757999420166,
    0.22082360088825226,
    0.2211517095565796,
    0.2215355932712555,
    0.2219756543636322,
    0.22247245907783508,
    0.22302664816379547,
    0.22363892197608948,
    0.224310040473938,
    0.2148117870092392,
    0.21556736528873444,
    0.21638184785842896,
    0.21725627779960632,
    0.21819190680980682,
    0.21919000148773193,
    0.20976358652114868,
    0.21083694696426392,
    0.21197393536567688,
    0.21317610144615173,
    0.21444520354270935,
    null,
    null,
    null,
    null,
    null,
    null,
    null,
    null,
    null,
    null,
    null,
    null,
    null,
    null,
    null,
    null,
    null,
    null,
    null,
    null,
    null,
    null,
    null,
    null,
    null,
    null,
    null,
    null,
    null,
    null,
    null,
    null,
    null,
    null,
    null,
    null,
    0.2581094801425934,
    0.2552756369113922,
    0.252564936876297,
    0.2618756890296936,
    0.2592780888080597,
    0.26846662163734436,
    0.2659841775894165,
    0.27507299184799194,
    0.2727077603340149,
    0.2817176580429077,
    0.27947187423706055,
    0.2884226143360138,
    0.286298543214798,
    0.29520875215530396,
    0.2932088375091553,
    0.302096426486969,
    0.30002066493034363,
    0.3132146894931793,
    0.31821849942207336,
    0.31710314750671387,
    0.3239201009273529,
    0.335458368062973,
    0.3345399498939514,
    0.3425876498222351,
    0.3531430959701538,
    0.35244297981262207,
    0.3624606430530548,
    0.37095358967781067,
    0.38063618540763855,
    0.3903684914112091,
    0.40045440196990967,
    0.41003137826919556,
    0.4199863374233246,
    0.4299866855144501,
    0.45020726323127747,
    0.46020933985710144,
    0.4809477925300598,
    0.49091166257858276,
    0.5123407244682312,
    0.5221462249755859,
    0.5422611832618713,
    0.5669713020324707,
    0.5889846682548523,
    0.6051625609397888,
    0.6461676359176636,
    0.6658838391304016,
    0.7143661379814148,
    0.7287909388542175,
    0.7605002522468567,
    0.7978787422180176,
    0.890941321849823,
    0.9556707143783569,
    1.0173534154891968,
    1.0225591659545898,
    1.0280736684799194,
    1.0339040756225586,
    1.040059208869934,
    1.0465478897094727,
    1.0533796548843384,
    1.060564398765564,
    1.0681133270263672,
    1.076037883758545,
    1.0955291986465454,
    1.104332685470581,
    1.1021931171417236,
    1.1117526292800903,
    1.1179897785186768,
    1.1439005136489868,
    1.1549650430679321,
    1.1686285734176636,
    1.169777274131775,
    1.1912857294082642,
    1.2045104503631592,
    1.2183361053466797,
    1.232790470123291,
    1.24790358543396,
    1.2637075185775757,
    1.2802367210388184,
    1.297528624534607,
    1.3156229257583618,
    1.3345630168914795,
    1.3543953895568848,
    1.3751707077026367,
    1.3961844444274902,
    1.4220330715179443,
    1.4252740144729614,
    1.468042254447937,
    1.495166540145874,
    1.5206694602966309,
    1.5345027446746826,
    1.5413707494735718,
    1.5429601669311523,
    1.544413685798645,
    1.5457671880722046,
    1.5405664443969727,
    1.560328483581543,
    1.5614417791366577,
    1.5743590593338013,
    1.575418472290039,
    1.5765436887741089,
    1.5892138481140137,
    1.5911654233932495,
    0.6085100769996643,
    0.6036592125892639,
    0.5990315675735474,
    0.5946199893951416,
    0.5904175043106079,
    0.5929391384124756,
    0.6427887678146362,
    0.6512729525566101,
    0.6427889466285706,
    0.6233345866203308,
    0.6145358085632324,
    0.6056801080703735,
    0.5964537262916565,
    0.5871255993843079,
    0.5775735974311829,
    0.5685107111930847,
    0.5616071820259094,
    0.5588653087615967,
    0.5489691495895386,
    0.5372471809387207,
    0.535654604434967,
    0.5323517918586731,
    0.5227070450782776,
    0.5133295059204102,
    0.5097121000289917,
    0.5031799077987671,
    0.4972064197063446,
    0.4900091886520386,
    0.4833548367023468,
    0.47664332389831543,
    0.4832901954650879,
    0.4766298234462738,
    0.4698925316333771,
    0.45608678460121155,
    0.4630678594112396,
    0.4560721218585968,
    0.4583953022956848,
    0.456440806388855,
    0.4501631259918213,
    0.44416385889053345,
    0.4384292662143707,
    0.4456798732280731,
    0.44028234481811523,
    0.4351201057434082,
    0.44247323274612427,
    0.43761515617370605,
    0.43296828866004944,
    0.42852362990379333,
    0.4242730140686035,
    0.431880921125412,
    0.4278874099254608,
    0.42407068610191345,
    0.42042434215545654,
    0.4282107949256897,
    0.4247971177101135,
    0.42154064774513245,
    0.4184362292289734,
    0.4682185649871826,
    0.49954086542129517,
    0.4963010847568512,
    0.49322396516799927,
    0.4903050363063812,
    0.47694137692451477,
    0.4743832051753998,
    0.4719682037830353,
    0.4696928858757019,
    0.4675541818141937,
    0.4552037715911865,
    0.4533715546131134,
    0.4516649842262268,
    0.45008185505867004,
    0.44862014055252075,
    0.44727784395217896,
    0.44605329632759094,
    0.43483251333236694,
    0.43386149406433105,
    0.4330013394355774,
    0.43225106596946716,
    0.43160974979400635,
    0.4310764968395233,
    0.43065062165260315,
    0.42032408714294434,
    0.4201166033744812,
    0.4200129508972168,
    0.4200129508972168,
    0.4201166033744812,
    0.42032408714294434,
    0.42063549160957336,
    0.4210514724254608,
    0.4115349054336548,
    0.4121463894844055,
    0.41286176443099976,
    0.41368189454078674,
    0.4146077632904053,
    0.41564056277275085,
    0.41678160429000854,
    0.41803234815597534,
    0.41939446330070496,
    0.4106045067310333,
    0.4121558964252472,
    0.4138214886188507,
    0.4156036078929901,
    0.41750475764274597,
    0.4090389907360077,
    0.4111320674419403,
    0.4133491814136505,
    0.41569340229034424,
    0.41816815733909607,
    0.42077696323394775,
    0.42352378368377686,
    0.4264124929904938,
