{
  "step": 1165,
  "timestamp": 37.28,
  "robot_pose_odom": {
    "x": -2.7579846465434126,
    "y": 0.8755990786587764,
    "yaw_fused": 0.890581681510276,
    "yaw_imu": 0.8866788064195947
  },
  "lidar_pose_relative_to_robot": {
    "x_offset": 0.0,
    "y_offset": 0.0,
    "yaw_offset": 0.0
  },
  "lidar_meta": {
    "fov": 6.283184,
    "horizontal_resolution": 400,
    "angle_min": -3.141592,
    "angle_increment": 0.015747328320802004
  },
  "ranges": [
    0.8749693632125854,
    0.8159821629524231,
    0.7635183930397034,
    0.7027718424797058,
    0.6825084090232849,
    0.6593242287635803,
    0.5983044505119324,
    0.5820003151893616,
    0.5506225824356079,
    0.5380003452301025,
    0.5060619711875916,
    0.490072101354599,
    0.4689945876598358,
    0.44885122776031494,
    0.43480944633483887,
    0.4201139509677887,
    0.40631788969039917,
    0.3928726315498352,
    0.38443344831466675,
    0.37729454040527344,
    0.35653871297836304,
    null,
    null,
    null,
    null,
    0.325948566198349,
    0.3122504949569702,
    0.30269405245780945,
    0.3020939528942108,
    0.2915181517601013,
    0.2910856604576111,
    0.2803858518600464,
    null,
    0.27020832896232605,
    0.2700749337673187,
    0.2600080072879791,
    0.2600080072879791,
    0.26007217168807983,
    0.25019291043281555,
    0.250378280878067,
    0.250625878572464,
    0.2408984750509262,
    0.24125641584396362,
    0.2316053807735443,
    0.23206545412540436,
    0.23258483409881592,
    0.2331642061471939,
    0.22363892197608948,
    0.224310040473938,
    0.2148117870092392,
    0.21556736528873444,
    0.21638184785842896,
    0.21725627779960632,
    0.20780180394649506,
    null,
    null,
    null,
    null,
    null,
    null,
    null,
    null,
    null,
    null,
    null,
    null,
    null,
    null,
    null,
    null,
    null,
    null,
    null,
    null,
    null,
    null,
    null,
    null,
    null,
    null,
    null,
    null,
    null,
    null,
    null,
    null,
    null,
    null,
    null,
    null,
    null,
    null,
    null,
    null,
    null,
    null,
    null,
    null,
    null,
    null,
    null,
    null,
    null,
    null,
    null,
    null,
    null,
    null,
    null,
    null,
    null,
    null,
    null,
    null,
    null,
    null,
    null,
    null,
    null,
    null,
    null,
    null,
    null,
    null,
    null,
    null,
    null,
    null,
    null,
    null,
    null,
    null,
    null,
    null,
    null,
    null,
    null,
    null,
    null,
    null,
    null,
    null,
    0.28597787022590637,
    0.28191930055618286,
    0.2912820279598236,
    0.3004637658596039,
    0.29658448696136475,
    0.31834277510643005,
    0.3270668685436249,
    0.3232320547103882,
    0.331854909658432,
    0.34361159801483154,
    0.3487800359725952,
    0.3550111651420593,
    0.3722522258758545,
    0.38555440306663513,
    0.39696204662323,
    0.41652584075927734,
    0.42005470395088196,
    0.4310804605484009,
    0.4525093734264374,
    0.4633357524871826,
    0.473542183637619,
    0.49651703238487244,
    0.519077479839325,
    0.5411266088485718,
    0.5738494992256165,
    0.5933488607406616,
    0.6245346069335938,
    0.6582745909690857,
    0.6735682487487793,
    0.7352234125137329,
    0.7397692203521729,
    0.8829554319381714,
    0.8986666202545166,
    1.0197453498840332,
    1.0614701509475708,
    1.159984827041626,
    1.1671055555343628,
    1.174412488937378,
    1.181915521621704,
    1.1896252632141113,
    1.197551965713501,
    1.205706000328064,
    1.214961290359497,
    1.2233694791793823,
    1.2416547536849976,
    1.2508187294006348,
    1.2602672576904297,
    1.2700657844543457,
    1.2900663614273071,
    1.3004432916641235,
    1.3111563920974731,
    1.3217757940292358,
    1.3436696529388428,
    1.355485439300537,
    1.3665437698364258,
    1.3911402225494385,
    1.413543462753296,
    1.4246129989624023,
    1.451219081878662,
    1.4619024991989136,
    1.490951657295227,
    1.5008305311203003,
    1.5363667011260986,
    1.5640833377838135,
    1.5877219438552856,
    1.611499547958374,
    1.6416298151016235,
    1.6808301210403442,
    1.6761537790298462,
    1.6851928234100342,
    1.6840912103652954,
    1.6941170692443848,
    1.693897008895874,
    1.6940951347351074,
    1.705649971961975,
    1.7067790031433105,
    1.7194420099258423,
    0.7489842772483826,
    0.7466043829917908,
    0.7382138967514038,
    0.7335274815559387,
    0.7479251623153687,
    0.7707449793815613,
    0.789618968963623,
    0.7758153080940247,
    0.7728896737098694,
    0.7382704019546509,
    0.7403445243835449,
    0.7114695310592651,
    0.7001339793205261,
    0.6882122159004211,
    0.6756428480148315,
    0.6623579859733582,
    0.648283064365387,
    0.6443867683410645,
    0.6264275312423706,
    0.6280950903892517,
    0.6174235939979553,
    0.603391706943512,
    0.5942760705947876,
    0.5855740308761597,
    0.5772634744644165,
    0.5693241357803345,
    0.5617368817329407,
    0.5544841885566711,
    0.5475497841835022,
    0.5578166842460632,
    0.5345762968063354,
    0.5285099148750305,
    0.5227072834968567,
    0.5291836857795715,
    0.5237513780593872,
    0.5185561776161194,
    0.5135883092880249,
    0.5088393092155457,
    0.5043004751205444,
    0.4999642074108124,
    0.49582308530807495,
    0.4918704926967621,
    0.4966150224208832,
    0.5065770149230957,
    0.5203137397766113,
    0.5712199211120605,
    0.561036229133606,
    0.5379680395126343,
    0.5358027219772339,
    0.5269535183906555,
    0.5114566683769226,
    0.509795606136322,
    0.49810484051704407,
    0.4967411458492279,
    0.48662787675857544,
    0.47422072291374207,
    0.47328057885169983,
    0.4624081254005432,
    0.4617220461368561,
    0.4511265754699707,
    0.4506808817386627,
    0.44033950567245483,
    0.44012215733528137,
    0.4300132393836975,
    0.4300132393836975,
    0.4301193654537201,
    0.42032408714294434,
    0.42063549160957336,
    0.4110264480113983,
    0.4115349054336548,
    0.4020940065383911,
    0.40279194712638855,
    0.39350229501724243,
    0.3943829834461212,
    0.3953653872013092,
    0.3862853944301605,
    0.3874446153640747,
    0.38870707154273987,
    0.3798092007637024,
    0.3812442123889923,
    0.382784903049469,
    0.3740432560443878,
    0.37575429677963257,
    0.3670862913131714,
    0.36896467208862305,
    0.3709544241428375,
    0.37305817008018494,
    0.36455684900283813,
    0.3668312132358551,
    0.3583662807941437,
    0.3608105778694153,
    0.36337873339653015,
    0.36607474088668823,
    0.35772383213043213,
    0.36059844493865967,
    0.3636101186275482,
    0.3553023934364319,
    0.3585001528263092,
    0.36184611916542053,
    0.3535607159137726,
    0.3571029603481293,
    0.3608069121837616,
    0.3525233268737793,
    0.35643675923347473,
    2.5570967197418213,
    2.5324225425720215,
    2.5097246170043945,
    2.4785215854644775,
    2.474316358566284,
    2.4636189937591553,
    2.4480478763580322,
    2.433236598968506,
    2.392385244369507,
    2.37153697013855,
    2.3855020999908447,
    2.3694612979888916,
    2.360530138015747,
    1.6109678745269775,
    1.5888115167617798,
    1.5545741319656372,
    1.5345027446746826,
    1.5153121948242188,
    1.4969606399536133,
    1.4669768810272217,
    1.4503294229507446,
    1.434406042098999,
    1.4191744327545166,
    1.392702579498291,
    1.3788880109786987,
    1.365678071975708,
    1.3530499935150146,
    1.3409807682037354,
    1.3180874586105347,
    1.3071699142456055,
    1.296749472618103,
    1.2868086099624634,
    1.2773319482803345,
    1.2683042287826538,
    1.2597121000289917,
    1.240753173828125,
    1.2465674877166748,
    1.2254034280776978,
    1.220611810684204,
    1.211384892463684,
    1.2002028226852417,
    1.2006407976150513,
    null,
    1.1860836744308472,
    1.1813634634017944,
