{
  "step": 1640,
  "timestamp": 52.480000000000004,
  "robot_pose_odom": {
    "x": -1.652460880524603,
    "y": 1.07589742921429,
    "yaw_fused": -2.730128746623616,
    "yaw_imu": -2.73009187804475
  },
  "lidar_pose_relative_to_robot": {
    "x_offset": 0.0,
    "y_offset": 0.0,
    "yaw_offset": 0.0
  },
  "lidar_meta": {
    "fov": 6.283184,
    "horizontal_resolution": 400,
    "angle_min": -3.141592,
    "angle_increment": 0.015747328320802004
  },
  "ranges": [
    0.6314564943313599,
    0.6357371807098389,
    0.6264280080795288,
    0.6309624314308167,
    0.6355246305465698,
    0.6270551085472107,
    0.6318541169166565,
    0.636685848236084,
    0.6289750933647156,
    0.6340323686599731,
    0.6391282677650452,
    0.632111132144928,
    1.8850548267364502,
    1.8807436227798462,
    1.8620879650115967,
    1.8559213876724243,
    1.8387601375579834,
    1.82235848903656,
    1.8184218406677246,
    1.115601897239685,
    1.1067085266113281,
    1.0982245206832886,
    null,
    null,
    null,
    1.0573375225067139,
    1.044899582862854,
    1.040693759918213,
    1.026511311531067,
    1.0229133367538452,
    1.019591212272644,
    1.0044591426849365,
    null,
    null,
    0.9888006448745728,
    0.9868403077125549,
    0.9851303100585938,
    0.9736313223838806,
    0.9724283814430237,
    0.9614526033401489,
    0.9607407450675964,
    0.9602665305137634,
    0.9500293135643005,
    0.9500293135643005,
    0.9402610063552856,
    0.9407253265380859,
    0.9414223432540894,
    0.9323282837867737,
    0.9334815740585327,
    0.925392210483551,
    0.9823164343833923,
    1.1255801916122437,
    1.3291624784469604,
    2.1390280723571777,
    2.144900321960449,
    2.1387925148010254,
    2.1350369453430176,
    2.135143518447876,
    2.1432106494903564,
    2.136671543121338,
    2.1299686431884766,
    2.13971209526062,
    2.1395885944366455,
    2.1505370140075684,
    2.151798725128174,
    2.1518971920013428,
    2.1551742553710938,
    2.1686198711395264,
    2.161057472229004,
    2.1757972240448,
    1.486115574836731,
    1.3796982765197754,
    1.2928060293197632,
    1.2117030620574951,
    1.1348050832748413,
    1.0885425806045532,
    1.0639358758926392,
    1.0738657712936401,
    1.072467565536499,
    1.0832123756408691,
    1.0824207067489624,
    1.0940378904342651,
    1.1061830520629883,
    0.6120135188102722,
    0.5994980931282043,
    0.5984843969345093,
    0.5931687951087952,
    0.6009274125099182,
    0.6090440154075623,
    0.6175373196601868,
    0.6128095388412476,
    0.6219162940979004,
    0.6314559578895569,
    0.6384367346763611,
    0.6357371807098389,
    0.6400460600852966,
    0.6578118801116943,
    0.661522626876831,
    0.6793097257614136,
    0.6705390214920044,
    0.6870295405387878,
    0.7001335024833679,
    0.7086244225502014,
    0.7099840044975281,
    0.7204464673995972,
    0.742499053478241,
    0.7520079016685486,
    0.7611687183380127,
    0.7700183987617493,
    0.7710558772087097,
    0.7983789443969727,
    0.8071306347846985,
    0.8168766498565674,
    0.854949414730072,
    0.8601118922233582,
    0.8808696866035461,
    0.883375346660614,
    0.910021960735321,
    0.9477781057357788,
    0.9677887558937073,
    0.9772527813911438,
    1.025139331817627,
    1.047379970550537,
    1.0680650472640991,
    1.1008021831512451,
    1.112532615661621,
    1.1662060022354126,
    1.2051982879638672,
    1.2417447566986084,
    1.2527368068695068,
    1.2485896348953247,
    1.254127860069275,
    1.2281454801559448,
    1.2235751152038574,
    1.2123537063598633,
    1.2196907997131348,
    1.1963175535202026,
    1.1907342672348022,
    1.1842354536056519,
    1.1734429597854614,
    1.1887916326522827,
    1.1778866052627563,
    1.1655776500701904,
    1.1575294733047485,
    1.1670891046524048,
    1.1436724662780762,
    1.1576344966888428,
    1.1470905542373657,
    1.1439114809036255,
    1.1411019563674927,
    1.1518880128860474,
    1.149600625038147,
    1.1347581148147583,
    1.1454421281814575,
    1.8197089433670044,
    1.8179174661636353,
    1.8161674737930298,
    1.81448495388031,
    1.812893271446228,
    1.8072302341461182,
    null,
    null,
    null,
    null,
    null,
    null,
    null,
    null,
    null,
    null,
    null,
    null,
    null,
    null,
    null,
    null,
    null,
    null,
    null,
    null,
    null,
    null,
    null,
    null,
    null,
    null,
    null,
    null,
    null,
    null,
    null,
    null,
    null,
    null,
    null,
    null,
    null,
    null,
    null,
    null,
    null,
    null,
    null,
    null,
    null,
    null,
    null,
    null,
    null,
    null,
    null,
    null,
    null,
    null,
    null,
    null,
    null,
    null,
    null,
    null,
    null,
    null,
    null,
    null,
    null,
    null,
    null,
    null,
    null,
    null,
    null,
    0.4311792850494385,
    0.42852357029914856,
    0.42094141244888306,
    0.42545920610427856,
    0.41789141297340393,
    0.410256028175354,
    0.41512331366539,
    0.42021244764328003,
    0.41263920068740845,
    0.41803649067878723,
    0.4104427397251129,
    0.4027417004108429,
    0.40853968262672424,
    0.4007904827594757,
    0.40693825483322144,
    0.4069386124610901,
    0.40079084038734436,
    0.39492201805114746,
    0.4027419686317444,
    0.39720287919044495,
    0.4049731194972992,
    0.39974445104599,
    0.39474523067474365,
    0.4025440514087677,
    0.397824227809906,
    0.39330971240997314,
    0.38899147510528564,
    0.3728339672088623,
    0.3690066635608673,
    0.36534640192985535,
    0.35017383098602295,
    0.346935898065567,
    0.33237984776496887,
    0.32952186465263367,
    0.32679247856140137,
    0.31300848722457886,
    0.31060898303985596,
    0.3083215057849884,
    0.29520875215530396,
    0.2932088375091553,
    0.2913072407245636,
    0.28967511653900146,
    0.2787788212299347,
    0.2805180549621582,
    0.2714896500110626,
    0.27334141731262207,
    0.26427555084228516,
    0.26623624563217163,
    0.257114052772522,
    0.2591802179813385,
    0.24998202919960022,
    0.25215017795562744,
    0.2428550273180008,
    0.24512164294719696,
    0.24749261140823364,
    null,
    null,
    null,
    null,
    null,
    null,
    null,
    null,
    null,
    null,
    null,
    null,
    null,
    null,
    null,
    null,
    null,
    null,
    null,
    null,
    null,
    null,
    null,
    null,
    null,
    null,
    null,
    null,
    null,
    null,
    null,
    null,
    null,
    null,
    null,
    null,
    null,
    null,
    null,
    null,
    null,
    null,
    null,
    null,
    null,
    null,
    0.9454984664916992,
    0.9517896175384521,
    0.9479586482048035,
    0.9443903565406799,
    0.9308511018753052,
    0.9278279542922974,
    0.9168024063110352,
    0.9022441506385803,
    0.9000021815299988,
    0.8879026174545288,
    0.886142373085022,
    0.8739784955978394,
    0.8632194995880127,
    0.8621529936790466,
    0.8613012433052063,
    0.8508016467094421,
    0.8402332067489624,
    0.8400259017944336,
    0.8400259017944336,
    0.8301481008529663,
    0.8206327557563782,
    0.8212407827377319,
    0.8120278716087341,
    0.813032329082489,
    0.8041880130767822,
    0.8055838942527771,
    0.7970944046974182,
    0.7988783121109009,
    0.8008683323860168,
    0.7909858822822571,
    0.785085141658783,
    0.7876432538032532,
    0.7904136776924133,
    0.7871935963630676,
    null,
    0.7886114716529846,
    0.7657032012939453,
    0.7578702569007874,
    0.7500312924385071,
    0.7421718239784241,
    0.7342761754989624,
    0.7291136980056763,
    0.7336624264717102,
    0.721071183681488,
    0.7129389047622681,
    0.7046863436698914,
    0.6988699436187744,
    0.7042688131332397,
    0.6873908042907715,
    0.6931318044662476,
    0.6837657690048218,
    0.6707421541213989,
    0.6770023703575134,
