{
  "step": 220,
  "timestamp": 7.04,
  "robot_pose_odom": {
    "x": -0.0449598686034113,
    "y": -0.07857671229756169,
    "yaw_fused": -2.091274049788158,
    "yaw_imu": -2.093748537282434
  },
  "lidar_pose_relative_to_robot": {
    "x_offset": 0.0,
    "y_offset": 0.0,
    "yaw_offset": 0.0
  },
  "lidar_meta": {
    "fov": 6.283184,
    "horizontal_resolution": 400,
    "angle_min": -3.141592,
    "angle_increment": 0.015747328320802004
  },
  "ranges": [
    null,
    null,
    null,
    2.434905529022217,
    2.0606753826141357,
    1.7832410335540771,
    1.5104821920394897,
    1.5118390321731567,
    1.510481834411621,
    0.9273748993873596,
    0.8531466126441956,
    0.7926321029663086,
    0.7646471858024597,
    0.6993839740753174,
    0.6621937155723572,
    0.6260643601417542,
    0.5881579518318176,
    0.5626335144042969,
    0.536206066608429,
    0.5136764645576477,
    0.49013257026672363,
    0.484244167804718,
    null,
    null,
    null,
    0.4108053743839264,
    0.3941535949707031,
    0.3739543557167053,
    0.3788456618785858,
    0.3574824929237366,
    0.351416677236557,
    0.34044986963272095,
    0.3316888213157654,
    0.3227442800998688,
    0.3227442800998688,
    0.304048091173172,
    0.2995958924293518,
    0.2953440248966217,
    0.2912820279598236,
    0.28740015625953674,
    0.2836895287036896,
    0.26740792393684387,
    0.2641693949699402,
    0.2610720694065094,
    0.2581093907356262,
    0.25527551770210266,
    0.25256484746932983,
    0.2499721199274063,
    0.24749259650707245,
    0.23344913125038147,
    0.23129047453403473,
    0.22922737896442413,
    0.22725637257099152,
    0.22537408769130707,
    null,
    null,
    null,
    null,
    null,
    null,
    null,
    null,
    null,
    null,
    null,
    null,
    null,
    null,
    null,
    null,
    null,
    null,
    null,
    null,
    null,
    null,
    null,
    null,
    null,
    null,
    null,
    null,
    null,
    null,
    null,
    null,
    null,
    null,
    null,
    null,
    null,
    null,
    null,
    null,
    null,
    null,
    null,
    null,
    null,
    null,
    null,
    null,
    null,
    null,
    null,
    null,
    null,
    null,
    null,
    null,
    null,
    null,
    null,
    null,
    null,
    null,
    null,
    null,
    null,
    null,
    null,
    null,
    null,
    null,
    null,
    null,
    null,
    null,
    null,
    null,
    null,
    null,
    null,
    null,
    null,
    null,
    null,
    null,
    null,
    null,
    null,
    null,
    null,
    null,
    null,
    null,
    0.23736917972564697,
    0.24997225403785706,
    0.247492715716362,
    0.25679415464401245,
    0.2544196546077728,
    0.2636116147041321,
    0.2727077603340149,
    0.2704489529132843,
    0.27947187423706055,
    0.2884226143360138,
    0.286298543214798,
    0.2929578125476837,
    0.3040684461593628,
    0.308324933052063,
    0.3158566355705261,
    0.32166787981987,
    0.32367464900016785,
    0.3366471827030182,
    0.3476259708404541,
    0.3633788526058197,
    0.366074800491333,
    0.3800816833972931,
    0.39153504371643066,
    0.4090614914894104,
    0.412609338760376,
    0.4394519627094269,
    0.44355347752571106,
    0.46450865268707275,
    0.48594918847084045,
    0.5082979798316956,
    0.5316188931465149,
    0.555980920791626,
    0.5814588665962219,
    0.6081339716911316,
    0.648827850818634,
    0.691224992275238,
    0.7146123647689819,
    0.7802019715309143,
    0.841010332107544,
    0.9216387271881104,
    1.0074228048324585,
    1.0383946895599365,
    1.0594079494476318,
    1.070346474647522,
    1.0804380178451538,
    1.089776635169983,
    1.111686110496521,
    1.1273611783981323,
    1.1398619413375854,
    1.1593595743179321,
    1.178154706954956,
    1.1781949996948242,
    1.2225797176361084,
    1.230997920036316,
    1.2571337223052979,
    1.2778512239456177,
    1.2984166145324707,
    1.3182610273361206,
    1.3223838806152344,
    1.3789925575256348,
    1.3983659744262695,
    1.4284658432006836,
    1.491674542427063,
    1.500939130783081,
    1.5304499864578247,
    1.5458252429962158,
    1.5681452751159668,
    1.6797703504562378,
    1.7187635898590088,
    1.7444998025894165,
    1.7691938877105713,
    1.8073359727859497,
    1.8167800903320312,
    1.8729239702224731,
    1.8722892999649048,
    1.0296988487243652,
    1.0365959405899048,
    1.0436087846755981,
    1.0507484674453735,
    1.0627238750457764,
    1.0775328874588013,
    1.074582815170288,
    1.0832585096359253,
    1.0988171100616455,
    1.1069238185882568,
    1.1152348518371582,
    1.1237612962722778,
    1.1331441402435303,
    1.15151846408844,
    1.1607493162155151,
    1.1704072952270508,
    1.1900100708007812,
    1.2000635862350464,
    1.2102534770965576,
    1.2310947179794312,
    1.241654872894287,
    1.2634694576263428,
    1.2743229866027832,
    1.2973291873931885,
    1.3083199262619019,
    1.3337961435317993,
    1.3562926054000854,
    1.367026686668396,
    1.3964918851852417,
    1.421929121017456,
    1.4480116367340088,
    1.4747759103775024,
    1.5022598505020142,
    1.5110845565795898,
    1.55954909324646,
    1.6044697761535645,
    1.6307133436203003,
    1.6656118631362915,
    1.6745941638946533,
    1.6497520208358765,
    1.6460751295089722,
    1.0527770519256592,
    1.0381815433502197,
    1.0300148725509644,
    1.0241156816482544,
    1.0179946422576904,
    1.0119229555130005,
    1.000044345855713,
    0.9881958961486816,
    0.9817613363265991,
    0.9751883745193481,
    0.9684507846832275,
    0.9615204334259033,
    0.9543668031692505,
    0.9501248598098755,
    0.9514104723930359,
    0.943511962890625,
    0.932400107383728,
    0.9434621334075928,
    0.9301527142524719,
    0.928438127040863,
    0.9236307740211487,
    0.9135661125183105,
    0.9105071425437927,
    0.4493936598300934,
    0.4422515630722046,
    0.44903531670570374,
    0.4490357041358948,
    0.44225195050239563,
    0.435776025056839,
    0.4430161416530609,
    0.5182925462722778,
    0.6765145659446716,
    0.7148745656013489,
    1.375832438468933,
    1.3837451934814453,
    1.3675209283828735,
    2.018602132797241,
    1.9846687316894531,
    1.9724119901657104,
    1.9780621528625488,
    2.0014872550964355,
    2.020792245864868,
    2.3707287311553955,
    2.334493398666382,
    2.284297466278076,
    2.256610631942749,
    2.2017693519592285,
    2.1546542644500732,
    2.12516713142395,
    2.0928304195404053,
    2.093745470046997,
    3.0732421875,
    3.0147716999053955,
    2.9695122241973877,
    2.9255905151367188,
    2.8829431533813477,
    2.82741641998291,
    1.0648658275604248,
    1.0075727701187134,
    0.9757225513458252,
    0.9311760067939758,
    0.8939497470855713,
    0.8656541705131531,
    0.8422815203666687,
    0.8110823631286621,
    0.7816234230995178,
    0.7608779668807983,
    0.7400405406951904,
    0.7200754284858704,
    0.6999685168266296,
    0.6803534626960754,
    0.6603636145591736,
    0.6509835124015808,
    0.651627242565155,
    0.6423959136009216,
    0.6433504223823547,
    0.6545369625091553,
    0.6558371782302856,
    0.6674173474311829,
    0.6690798997879028,
    0.670916736125946,
    0.6729300618171692,
    0.6853519082069397,
    0.6877625584602356,
    0.6903610825538635,
    0.6931509971618652,
    0.7065262198448181,
    0.7097581624984741,
    0.7236844301223755,
    0.7273874878883362,
    0.7313101291656494,
    0.7461163401603699,
    0.7505581974983215,
    0.7552407383918762,
    0.7710304856300354,
    0.7762894034385681,
    0.7928263545036316,
    0.7987084984779358,
    0.8048785924911499,
    0.8226151466369629,
    0.8294855356216431,
    0.8481411933898926,
    0.8557745218276978,
    0.8750711679458618,
    null,
    0.9046608805656433,
    0.914044201374054,
    2.2366998195648193,
    2.2615299224853516,
    2.2874882221221924,
    2.314626932144165,
