{
  "step": 895,
  "timestamp": 28.64,
  "robot_pose_odom": {
    "x": -3.4472596516224265,
    "y": -0.4716007220875067,
    "yaw_fused": 1.6371574078420141,
    "yaw_imu": 1.6710197199040056
  },
  "lidar_pose_relative_to_robot": {
    "x_offset": 0.0,
    "y_offset": 0.0,
    "yaw_offset": 0.0
  },
  "lidar_meta": {
    "fov": 6.283184,
    "horizontal_resolution": 400,
    "angle_min": -3.141592,
    "angle_increment": 0.015747328320802004
  },
  "ranges": [
    0.2939896583557129,
    0.2932591438293457,
    0.2825144827365875,
    0.2819543778896332,
    0.2814658284187317,
    0.2810482084751129,
    0.2807009816169739,
    0.2704085111618042,
    0.27020832896232605,
    0.2700749337673187,
    0.2700083255767822,
    0.2700083255767822,
    0.2700749337673187,
    0.2602006196975708,
    0.2603934109210968,
    0.2606509029865265,
    0.26097333431243896,
    0.26136112213134766,
    0.25174498558044434,
    0.25224506855010986,
    0.2528096139431,
    0.25343936681747437,
    null,
    null,
    null,
    null,
    0.24729354679584503,
    0.24829289317131042,
    0.23897208273410797,
    0.24006524682044983,
    0.2412281334400177,
    0.24246248602867126,
    null,
    null,
    0.24661198258399963,
    0.2481505274772644,
    0.23891086876392365,
    0.24054040014743805,
    0.24225251376628876,
    0.2440498322248459,
    0.24593514204025269,
    0.23377259075641632,
    0.24961282312870026,
    0.24068871140480042,
    0.24285492300987244,
    0.2451215535402298,
    0.24749250710010529,
    0.24997207522392273,
    0.25256484746932983,
    0.24311953783035278,
    0.24581845104694366,
    0.2486400157213211,
    null,
    null,
    null,
    null,
    null,
    null,
    null,
    null,
    null,
    null,
    null,
    null,
    null,
    0.26480191946029663,
    0.2743366062641144,
    0.2707946300506592,
    0.28014177083969116,
    0.27674904465675354,
    0.2735041677951813,
    0.2826913297176361,
    0.27958759665489197,
    0.2886456549167633,
    0.2856825888156891,
    0.2946341931819916,
    0.2918115556240082,
    0.3006777763366699,
    0.30945709347724915,
    0.30679619312286377,
    0.31552377343177795,
    0.31300848722457886,
    0.32428011298179626,
    0.3083215057849884,
    0.3061424195766449,
    0.3040684461593628,
    0.302096426486969,
    0.2895010709762573,
    0.2913071811199188,
    0.28234922885894775,
    0.27334141731262207,
    0.27528703212738037,
    0.26623624563217163,
    0.26829293370246887,
    0.2591802179813385,
    0.261344850063324,
    0.2636115252971649,
    0.25441956520080566,
    0.25679412484169006,
    0.24749261140823364,
    0.2499721497297287,
    0.24053794145584106,
    null,
    null,
    null,
    null,
    null,
    null,
    null,
    null,
    null,
    null,
    null,
    null,
    null,
    null,
    null,
    null,
    null,
    null,
    null,
    null,
    null,
    null,
    null,
    null,
    null,
    null,
    null,
    null,
    null,
    null,
    null,
    null,
    null,
    null,
    null,
    null,
    null,
    null,
    null,
    null,
    null,
    null,
    null,
    null,
    0.20780184864997864,
    0.20691078901290894,
    0.2060779631137848,
    0.21556736528873444,
    0.2148117870092392,
    0.21411414444446564,
    0.21347349882125854,
    0.21288906037807465,
    0.21236006915569305,
    0.21188585460186005,
    0.2215355932712555,
    0.2211517095565796,
    0.22082360088825226,
    0.2205507755279541,
    0.22033289074897766,
    0.22016975283622742,
    0.23006384074687958,
    0.2300070971250534,
    0.2300070971250534,
    0.23006384074687958,
    0.23017746210098267,
    0.23034800589084625,
    0.2305757999420166,
    0.2408984750509262,
    0.24125641584396362,
    0.24167518317699432,
    0.2421552538871765,
    0.24269722402095795,
    0.24330179393291473,
    0.2541351318359375,
    0.2548977732658386,
    0.2557283341884613,
    0.2566278278827667,
    0.2575974464416504,
    0.26898396015167236,
    0.2701423466205597,
    0.2713780999183655,
    0.2726926803588867,
    0.2846298813819885,
    0.2861648201942444,
    0.2877877354621887,
    0.28950101137161255,
    0.30209630727767944,
    0.304068386554718,
    0.30614233016967773,
    0.3193328380584717,
    0.3217020332813263,
    0.3241872191429138,
    0.33806103467941284,
    0.3408844769001007,
    0.343841016292572,
    0.3585001528263092,
    0.36184611916542053,
    0.36534610390663147,
    0.38090983033180237,
    0.38486072421073914,
    0.4011472463607788,
    0.4056004583835602,
    0.4226880669593811,
    0.42770281434059143,
    0.4456798732280731,
    0.4642190635204315,
    0.47029104828834534,
    0.48988327383995056,
    0.510139524936676,
    0.5311015844345093,
    0.5528144240379333,
    0.5823081731796265,
    0.5963396430015564,
    0.6019189953804016,
    0.635430097579956,
    0.6688635349273682,
    0.7159295082092285,
    0.7629778981208801,
    0.7763873934745789,
    0.8513856530189514,
    0.9312593340873718,
    0.9458858966827393,
    1.0548616647720337,
    1.1021331548690796,
    1.2850067615509033,
    1.37581205368042,
    1.6495864391326904,
    1.7442935705184937,
    1.8556632995605469,
    2.385850429534912,
    2.6691529750823975,
    2.6905603408813477,
    2.7437102794647217,
    2.7433741092681885,
    2.76373553276062,
    2.7703962326049805,
    2.8147878646850586,
    2.8773694038391113,
    2.809767007827759,
    2.8870739936828613,
    2.917632579803467,
    2.9494690895080566,
    2.982637405395508,
    3.0171945095062256,
    3.05320143699646,
    3.0800139904022217,
    2.171990394592285,
    2.204017162322998,
    2.1706931591033936,
    1.333688497543335,
    1.3306604623794556,
    1.3435313701629639,
    1.4438525438308716,
    1.5027159452438354,
    1.669433832168579,
    1.7279753684997559,
    2.095317840576172,
    2.1011509895324707,
    0.3941535949707031,
    0.3739543557167053,
    0.3788456618785858,
    0.37072259187698364,
    0.36246761679649353,
    0.36768582463264465,
    0.37314990162849426,
    0.37887370586395264,
    0.37887370586395264,
    0.37314990162849426,
    0.3813038468360901,
    0.389317125082016,
    0.397202730178833,
    0.40497294068336487,
    0.39974433183670044,
    0.4074787497520447,
    0.4151233434677124,
    0.4102560877799988,
    0.41789141297340393,
    0.42545920610427856,
    0.43613651394844055,
    0.44042709469795227,
    0.4478437304496765,
    0.4435533881187439,
    0.45478466153144836,
    0.45845475792884827,
    0.465505987405777,
    0.47615525126457214,
    0.48069143295288086,
    0.4855221211910248,
    0.49546802043914795,
    0.5006968975067139,
    0.5147389769554138,
    0.5332286953926086,
    0.5333281755447388,
    0.5424176454544067,
    0.5508694052696228,
    0.5708197951316833,
    0.5741288661956787,
    0.5987012386322021,
    0.5979484915733337,
    0.6359331011772156,
    0.6409501433372498,
    0.6603667736053467,
    0.6910564303398132,
    0.6988198161125183,
    0.7179118990898132,
    0.7431352734565735,
    0.7660743594169617,
    0.7889474034309387,
    0.813391387462616,
    0.8461255431175232,
    0.8745516538619995,
    0.9135388135910034,
    0.95055091381073,
    0.9913468956947327,
    1.0306158065795898,
    1.0801664590835571,
    1.139875888824463,
    3.0601909160614014,
    2.983464479446411,
    2.902616024017334,
    2.8248543739318848,
    2.763315200805664,
    2.689998149871826,
    2.6236937046051025,
    2.567072629928589,
    2.5253827571868896,
    2.455700635910034,
    2.409787654876709,
    2.3873908519744873,
    2.324370861053467,
    2.203502893447876,
    2.135136842727661,
    2.0710158348083496,
    1.9564433097839355,
    1.9535014629364014,
    1.890990972518921,
    1.8405221700668335,
    1.8007266521453857,
    1.7539775371551514,
    1.7374228239059448,
    1.6756571531295776,
    1.6310940980911255,
    1.6030677556991577,
    1.5747859477996826,
    1.5342190265655518,
    1.5363889932632446,
