{
  "step": 855,
  "timestamp": 27.36,
  "robot_pose_odom": {
    "x": -3.3718779726724386,
    "y": -0.5475297194353396,
    "yaw_fused": 2.3519829992314008,
    "yaw_imu": 2.354034667839923
  },
  "lidar_pose_relative_to_robot": {
    "x_offset": 0.0,
    "y_offset": 0.0,
    "yaw_offset": 0.0
  },
  "lidar_meta": {
    "fov": 6.283184,
    "horizontal_resolution": 400,
    "angle_min": -3.141592,
    "angle_increment": 0.015747328320802004
  },
  "ranges": [
    0.6553130745887756,
    0.6442086696624756,
    0.6223692893981934,
    0.5641495585441589,
    0.5543020963668823,
    0.5269535183906555,
    0.5086044073104858,
    0.4941019117832184,
    0.4695245623588562,
    0.4577370285987854,
    0.4437114894390106,
    0.4328900873661041,
    0.4136159121990204,
    0.4020940065383911,
    0.40149742364883423,
    0.3912914991378784,
    0.3807966113090515,
    0.3701397478580475,
    0.36018240451812744,
    0.35003742575645447,
    0.34001049399375916,
    0.3400943875312805,
    null,
    null,
    null,
    0.31072908639907837,
    0.30157050490379333,
    0.3020939528942108,
    0.2926042675971985,
    0.2932591438293457,
    0.28385210037231445,
    0.2846313416957855,
    null,
    null,
    0.2668929398059845,
    0.26790133118629456,
    0.26898396015167236,
    0.2597522735595703,
    0.2505028545856476,
    0.2517163157463074,
    0.2530043423175812,
    0.25436875224113464,
    0.2451525181531906,
    0.24661198258399963,
    0.2373613715171814,
    0.23891086876392365,
    0.24054040014743805,
    0.23124101758003235,
    0.2329566478729248,
    0.2347562611103058,
    0.2253740131855011,
    null,
    null,
    null,
    null,
    null,
    null,
    null,
    null,
    null,
    null,
    null,
    null,
    null,
    null,
    null,
    null,
    null,
    null,
    null,
    null,
    null,
    null,
    null,
    null,
    null,
    null,
    null,
    null,
    null,
    null,
    null,
    null,
    null,
    null,
    null,
    null,
    null,
    null,
    null,
    null,
    null,
    null,
    null,
    null,
    null,
    null,
    null,
    null,
    null,
    null,
    null,
    null,
    null,
    null,
    null,
    null,
    null,
    null,
    null,
    null,
    null,
    null,
    null,
    null,
    null,
    null,
    null,
    null,
    null,
    null,
    null,
    null,
    null,
    null,
    null,
    null,
    0.268494576215744,
    0.27804192900657654,
    0.28740015625953674,
    0.2836895287036896,
    0.29287534952163696,
    0.30190789699554443,
    0.29836806654930115,
    0.30727308988571167,
    0.3038994371891022,
    0.3247262239456177,
    0.3213927149772644,
    0.32999011874198914,
    0.3385012447834015,
    0.335371196269989,
    0.3513859212398529,
    0.3636102080345154,
    0.3605985641479492,
    0.3689027428627014,
    0.3660747706890106,
    0.3633788228034973,
    0.36081060767173767,
    0.3583662807941437,
    0.3560420870780945,
    0.3538345694541931,
    0.34108176827430725,
    0.3391583263874054,
    0.3373391628265381,
    0.33562183380126953,
    0.33400383591651917,
    0.3324829936027527,
    0.33105728030204773,
    0.3297247588634491,
    0.32848361134529114,
    0.3273322582244873,
    0.3262691795825958,
    0.3252929747104645,
    0.324402391910553,
    0.3235962986946106,
    0.31181249022483826,
    0.32298770546913147,
    0.31162288784980774,
    0.31116053462028503,
    0.31077608466148376,
    0.3104690611362457,
    0.3102392256259918,
    0.31008607149124146,
    0.31000956892967224,
    0.31000956892967224,
    0.31008607149124146,
    0.3102392256259918,
    0.3104690611362457,
    0.31077608466148376,
    0.31116053462028503,
    0.31162288784980774,
    0.312163770198822,
    0.3127838969230652,
    0.31348392367362976,
    0.31426480412483215,
    0.3049621284008026,
    0.30587729811668396,
    0.30687397718429565,
    0.3079533874988556,
    0.309116929769516,
    0.31036612391471863,
    0.311702698469162,
    0.3131285607814789,
    0.314645379781723,
    0.3162554204463959,
    0.3179609179496765,
    0.3197641372680664,
    0.32166779041290283,
    0.32367458939552307,
    0.3257875144481659,
    0.32800960540771484,
    0.3303443193435669,
    0.3217020332813263,
    0.3241872191429138,
    0.34093114733695984,
    0.32952165603637695,
    0.33237963914871216,
    0.33537107706069946,
    0.3385011851787567,
    0.34177538752555847,
    0.3451995253562927,
    0.3487800359725952,
    0.3525233268737793,
    0.35643675923347473,
    0.36052805185317993,
    0.36480534076690674,
    0.36927759647369385,
    0.37395426630973816,
    0.3657819330692291,
    0.3707224726676941,
    0.3758922815322876,
    0.38130372762680054,
    0.3869701325893402,
    0.39290592074394226,
    0.39988651871681213,
    0.40079084038734436,
    0.4085400104522705,
    0.4161667227745056,
    0.4236830770969391,
    0.43110039830207825,
    0.4255343973636627,
    0.44568008184432983,
    0.45286205410957336,
    0.44755226373672485,
    0.46416544914245605,
    0.4740833342075348,
    0.4842449426651001,
    0.4901321530342102,
    0.5116509199142456,
    0.5132243037223816,
    0.5241714119911194,
    0.5347673892974854,
    0.5450453162193298,
    0.5492971539497375,
    0.5759465098381042,
    0.5853604078292847,
    0.5946688652038574,
    0.6145357489585876,
    0.6146582961082458,
    0.6490173935890198,
    0.704132080078125,
    0.7397722601890564,
    0.7527528405189514,
    0.7831186652183533,
    0.8125241994857788,
    0.8278154134750366,
    0.8663322925567627,
    0.8950685858726501,
    0.9344660639762878,
    0.9797870516777039,
    1.0175915956497192,
    1.0718477964401245,
    1.1243797540664673,
    1.1831152439117432,
    1.2519848346710205,
    1.3310288190841675,
    1.4202834367752075,
    1.519781470298767,
    1.6394671201705933,
    1.7694729566574097,
    1.9293761253356934,
    2.1290314197540283,
    2.3589115142822266,
    2.6773808002471924,
    2.739739418029785,
    2.753545045852661,
    2.7821390628814697,
    2.796424627304077,
    2.8278982639312744,
    2.8423104286193848,
    2.8772382736206055,
    2.8981943130493164,
    2.911905527114868,
    2.9533329010009766,
    0.4041781425476074,
    0.37575429677963257,
    0.37757447361946106,
    0.37950649857521057,
    0.38155311346054077,
    0.38371697068214417,
    0.3860013484954834,
    0.3884095251560211,
    0.38008546829223633,
    0.3826778829097748,
    0.38540172576904297,
    0.388261079788208,
    0.39126044511795044,
    0.3944045603275299,
    0.3976985514163971,
    0.3896864950656891,
    0.39319369196891785,
    0.39686349034309387,
    0.40070217847824097,
    0.40471670031547546,
    0.4089145362377167,
    0.4133032262325287,
    0.41789141297340393,
    0.410256028175354,
    0.41512331366539,
    0.42021244764328003,
    0.4255341589450836,
    0.43110013008117676,
    0.4369228780269623,
    0.42959117889404297,
    0.43577566742897034,
    0.4422515630722046,
    0.44903531670570374,
    0.4490357041358948,
    0.4560723304748535,
    0.46301203966140747,
    0.45644092559814453,
    0.476643443107605,
    0.48335501551628113,
    0.47711434960365295,
    0.48388123512268066,
    0.4906005561351776,
    0.4944356381893158,
    0.5039280652999878,
    0.5137947797775269,
    0.5291836857795715,
    0.5237513780593872,
    0.5470070242881775,
    0.5482416749000549,
    0.5588650107383728,
    0.5691515207290649,
    0.5791337490081787,
    0.5888421535491943,
    0.6090141534805298,
    0.6075468063354492,
    0.6166918277740479,
    0.6364030241966248,
    0.6363774538040161,
    0.673488438129425,
    0.6890099048614502,
    0.7012951374053955,
    0.7232540249824524,
    0.7412376403808594,
    0.7598408460617065,
    0.7791001200675964,
    0.7990545630455017,
    0.8310145735740662,
    0.8525812029838562,
    0.8671475648880005,
    0.9173656105995178,
    0.9458327889442444,
    0.961520254611969,
    1.027878761291504,
    1.0647035837173462,
