{
  "step": 955,
  "timestamp": 30.560000000000002,
  "robot_pose_odom": {
    "x": -3.4263944244614457,
    "y": -0.303197604208326,
    "yaw_fused": 1.145988166581402,
    "yaw_imu": 1.1472178586383204
  },
  "lidar_pose_relative_to_robot": {
    "x_offset": 0.0,
    "y_offset": 0.0,
    "yaw_offset": 0.0
  },
  "lidar_meta": {
    "fov": 6.283184,
    "horizontal_resolution": 400,
    "angle_min": -3.141592,
    "angle_increment": 0.015747328320802004
  },
  "ranges": [
    0.4047585427761078,
    0.40114811062812805,
    0.40906161069869995,
    0.40567341446876526,
    0.4024394750595093,
    0.4104475975036621,
    0.4074248671531677,
    0.4045453369617462,
    0.40180474519729614,
    0.40998801589012146,
    0.4034760594367981,
    0.4121559262275696,
    0.4106045067310333,
    0.40916532278060913,
    0.4078364670276642,
    0.41678160429000854,
    0.41564056277275085,
    0.4146077632904053,
    0.41368189454078674,
    0.4229315519332886,
    0.42219871282577515,
    0.42157232761383057,
    null,
    null,
    null,
    null,
    0.4300665259361267,
    0.40998610854148865,
    0.40019336342811584,
    0.3801476061344147,
    0.3707813620567322,
    0.36121630668640137,
    null,
    null,
    0.32147958874702454,
    0.313755065202713,
    0.3021383285522461,
    0.2939896583557129,
    0.29479673504829407,
    0.2878342568874359,
    0.2733345925807953,
    0.2668929398059845,
    0.26790133118629456,
    0.2634931206703186,
    0.24936217069625854,
    0.24006524682044983,
    0.2412281334400177,
    0.23192065954208374,
    0.23317134380340576,
    0.22383490204811096,
    0.22516746819019318,
    0.22034305334091187,
    null,
    null,
    null,
    null,
    null,
    null,
    null,
    null,
    null,
    null,
    null,
    null,
    null,
    null,
    null,
    null,
    null,
    null,
    null,
    null,
    null,
    null,
    null,
    null,
    null,
    null,
    null,
    null,
    null,
    null,
    null,
    null,
    null,
    null,
    null,
    null,
    null,
    null,
    null,
    null,
    null,
    null,
    null,
    null,
    null,
    null,
    null,
    null,
    null,
    null,
    null,
    null,
    null,
    null,
    null,
    null,
    null,
    null,
    null,
    null,
    null,
    null,
    null,
    null,
    null,
    null,
    null,
    null,
    null,
    null,
    null,
    null,
    null,
    null,
    null,
    null,
    null,
    null,
    null,
    null,
    null,
    null,
    null,
    null,
    null,
    null,
    null,
    null,
    null,
    null,
    null,
    null,
    null,
    null,
    null,
    null,
    null,
    null,
    null,
    null,
    null,
    null,
    null,
    null,
    0.21166034042835236,
    0.22383490204811096,
    0.22257263958454132,
    0.23192067444324493,
    0.2307400107383728,
    0.24006524682044983,
    0.23897214233875275,
    0.2482929527759552,
    0.2575974762439728,
    0.2566278278827667,
    0.26310521364212036,
    0.27763867378234863,
    0.2846313416957855,
    0.28385210037231445,
    0.29202571511268616,
    0.30366548895835876,
    0.3114096522331238,
    0.321099191904068,
    0.3316669464111328,
    0.34053605794906616,
    0.35075119137763977,
    0.3701397478580475,
    0.3800230324268341,
    0.3900386393070221,
    0.41006577014923096,
    0.4299546778202057,
    0.45063844323158264,
    0.47115418314933777,
    0.49059662222862244,
    0.5228095650672913,
    0.5416749715805054,
    0.5863102674484253,
    0.6125645041465759,
    0.6523722410202026,
    0.6933088302612305,
    0.7426614761352539,
    0.8015803098678589,
    0.8699708580970764,
    0.9545593857765198,
    1.0512394905090332,
    1.1625171899795532,
    1.6982979774475098,
    1.9906479120254517,
    2.271624803543091,
    2.507399559020996,
    2.532825469970703,
    2.5581130981445312,
    2.5733423233032227,
    2.6001858711242676,
    2.623680830001831,
    2.6568777561187744,
    2.6757888793945312,
    2.7067346572875977,
    2.727644443511963,
    2.7721006870269775,
    2.795252799987793,
    2.8309578895568848,
    2.8642325401306152,
    2.906804323196411,
    2.9463396072387695,
    2.0396714210510254,
    2.032545566558838,
    2.069760322570801,
    1.9709057807922363,
    1.8570090532302856,
    1.8121942281723022,
    1.1975606679916382,
    1.1914418935775757,
    1.1926789283752441,
    1.2823635339736938,
    1.4135240316390991,
    1.6073898077011108,
    1.974848985671997,
    1.943515658378601,
    1.9574791193008423,
    1.9748479127883911,
    1.9789962768554688,
    2.875265598297119,
    2.8593783378601074,
    2.843986988067627,
    2.8188979625701904,
    4.930903911590576,
    4.985048770904541,
    4.995875835418701,
    4.2157883644104,
    4.157346248626709,
    3.256770372390747,
    3.1740365028381348,
    3.109311819076538,
    3.0472404956817627,
    2.987678050994873,
    2.3076534271240234,
    2.2721943855285645,
    2.2283341884613037,
    0.30718451738357544,
    0.2884226143360138,
    0.286298543214798,
    0.284275084733963,
    0.28234925866127014,
    0.280518114566803,
    0.26898401975631714,
    0.26805657148361206,
    0.2697288990020752,
    0.2714896500110626,
    0.27334141731262207,
    0.27528703212738037,
    0.2884225845336914,
    0.2906506657600403,
    0.29298633337020874,
    0.3067961037158966,
    0.309457004070282,
    0.3238067030906677,
    0.32682886719703674,
    0.3299901783466339,
    0.3451996445655823,
    0.3487800359725952,
    0.36467933654785156,
    0.3687277138233185,
    0.38539209961891174,
    0.3899644613265991,
    0.40747886896133423,
    0.42553427815437317,
    0.4441639184951782,
    0.46340325474739075,
    0.4832901954650879,
    0.5038658380508423,
    0.5251739621162415,
    0.5542430877685547,
    0.5682753324508667,
    0.6004539132118225,
    0.6171947121620178,
    0.6759834885597229,
    0.7159280776977539,
    0.7824184894561768,
    0.8148003220558167,
    0.8809934258460999,
    0.9858930110931396,
    1.0051981210708618,
    1.1878619194030762,
    2.695382833480835,
    2.637058973312378,
    2.597040891647339,
    2.538731813430786,
    2.4975426197052,
    2.447910785675049,
    2.3875932693481445,
    2.3418495655059814,
    2.2789382934570312,
    2.2183010578155518,
    2.15980863571167,
    2.1033384799957275,
    2.0510246753692627,
    2.028559684753418,
    1.951168179512024,
    1.9141321182250977,
    1.873586893081665,
    1.833048939704895,
    1.799536108970642,
    1.767060399055481,
    1.735568642616272,
    1.7050116062164307,
    1.6559216976165771,
    1.6465153694152832,
    1.6047571897506714,
    1.5667297840118408,
    1.5050464868545532,
    1.4244868755340576,
    1.3575743436813354,
    1.2904398441314697,
    1.226098895072937,
    1.1819370985031128,
    1.1281673908233643,
    1.0857692956924438,
    1.0435490608215332,
    1.0108634233474731,
    0.9711857438087463,
    0.940013587474823,
    0.9101079106330872,
    0.8799740672111511,
    0.8604034185409546,
    0.8303492069244385,
    0.8116686344146729,
    0.7913476228713989,
    0.7720196843147278,
    0.7550782561302185,
    0.733587384223938,
    0.7154048085212708,
    0.7091001272201538,
    0.6924469470977783,
    0.669001042842865,
    0.6650829315185547,
    0.6415834426879883,
    0.6330046057701111,
    0.6326351761817932,
    0.6255869269371033,
    0.5969125032424927,
    0.5882636904716492,
    0.5741285681724548,
    0.5708198547363281,
    0.5619939565658569,
    0.5530765056610107,
    0.5440505743026733,
    0.5394576787948608,
    0.5364582538604736,
    0.5270668268203735,
    0.5175876617431641,
    0.5077086091041565,
    0.5030491352081299,
    0.49295273423194885,
    null,
    null,
    0.48947852849960327,
    0.4789336621761322,
    0.4714142978191376,
    0.4642338454723358,
    0.46904900670051575,
    0.4619271457195282,
    0.454764187335968,
    0.44755205512046814,
    0.4528617858886719,
    0.4456798732280731,
    0.4384291470050812,
