{
  "step": 830,
  "timestamp": 26.560000000000002,
  "robot_pose_odom": {
    "x": -3.2272974550399303,
    "y": -0.6939202203276522,
    "yaw_fused": 2.3466420315326615,
    "yaw_imu": 2.3540553637141386
  },
  "lidar_pose_relative_to_robot": {
    "x_offset": 0.0,
    "y_offset": 0.0,
    "yaw_offset": 0.0
  },
  "lidar_meta": {
    "fov": 6.283184,
    "horizontal_resolution": 400,
    "angle_min": -3.141592,
    "angle_increment": 0.015747328320802004
  },
  "ranges": [
    0.48194268345832825,
    0.4545377194881439,
    0.4321574568748474,
    0.41694214940071106,
    0.39126062393188477,
    0.38826122879981995,
    0.37434154748916626,
    0.3585597574710846,
    0.3431686758995056,
    0.3344639241695404,
    0.3158566355705261,
    0.3091169595718384,
    0.3079533874988556,
    0.299497127532959,
    0.28548553586006165,
    0.2846313416957855,
    0.27371448278427124,
    0.27303436398506165,
    0.26330626010894775,
    0.25174498558044434,
    0.25130876898765564,
    0.24046690762043,
    null,
    null,
    null,
    null,
    0.2200067937374115,
    0.2200067937374115,
    0.22006107866764069,
    0.2100164294242859,
    0.2003026157617569,
    0.2005006968975067,
    null,
    null,
    null,
    null,
    null,
    null,
    null,
    null,
    null,
    null,
    null,
    null,
    null,
    null,
    null,
    null,
    null,
    null,
    null,
    null,
    null,
    null,
    null,
    null,
    null,
    null,
    null,
    null,
    null,
    null,
    null,
    null,
    null,
    null,
    null,
    null,
    null,
    null,
    null,
    null,
    null,
    null,
    null,
    null,
    null,
    null,
    null,
    null,
    null,
    null,
    null,
    null,
    null,
    null,
    null,
    null,
    null,
    null,
    null,
    null,
    null,
    null,
    null,
    null,
    null,
    null,
    null,
    null,
    null,
    null,
    null,
    null,
    null,
    null,
    null,
    null,
    null,
    null,
    null,
    null,
    null,
    null,
    null,
    null,
    null,
    null,
    null,
    null,
    null,
    null,
    null,
    null,
    null,
    null,
    null,
    null,
    null,
    null,
    null,
    null,
    null,
    null,
    null,
    null,
    null,
    null,
    null,
    null,
    0.24292927980422974,
    0.25527551770210266,
    0.2645917534828186,
    0.26187556982040405,
    0.27106329798698425,
    0.2801389694213867,
    0.27754858136177063,
    0.29799559712409973,
    0.29543331265449524,
    0.3013853430747986,
    0.3188326954841614,
    0.33537283539772034,
    0.34130731225013733,
    0.35212820768356323,
    0.35402777791023254,
    0.3838493824005127,
    0.3939387798309326,
    0.406216025352478,
    0.4234221875667572,
    0.4458776116371155,
    0.466922402381897,
    0.47261667251586914,
    0.4893706440925598,
    0.5276225209236145,
    0.5254988670349121,
    0.5235207676887512,
    0.521685779094696,
    0.5199915170669556,
    0.5184356570243835,
    0.5170162916183472,
    0.5157315731048584,
    0.5145799517631531,
    0.5135597586631775,
    0.5126698613166809,
    0.5119092464447021,
    0.5112767815589905,
    0.5107716917991638,
    0.510393500328064,
    0.5101416110992432,
    0.5100157260894775,
    0.5100157260894775,
    0.5101416110992432,
    0.510393500328064,
    0.5107716917991638,
    0.5112767815589905,
    0.5119092464447021,
    0.5126698613166809,
    0.5135597586631775,
    0.5145799517631531,
    0.5157315731048584,
    0.5170162916183472,
    0.5184356570243835,
    0.5199914574623108,
    0.521685779094696,
    0.5235207676887512,
    0.5254988074302673,
    0.527622401714325,
    0.5298946499824524,
    0.518123984336853,
    0.5376184582710266,
    0.5270923972129822,
    0.5299348831176758,
    0.5329402685165405,
    0.5361130237579346,
    0.5394576787948608,
    0.5429792404174805,
    0.5466827154159546,
    0.5505738854408264,
    0.565751850605011,
    0.5701223611831665,
    0.5634350776672363,
    0.5681408047676086,
    0.573068380355835,
    0.593559205532074,
    0.5836227536201477,
    0.589267909526825,
    0.5951716303825378,
    0.601344883441925,
    0.6077988743782043,
    0.6145461797714233,
    0.6216000914573669,
    0.6289747357368469,
    0.6366855502128601,
    0.6447487473487854,
    0.6531820297241211,
    0.6620044112205505,
    0.6712362170219421,
    0.6808995008468628,
    0.6910181045532227,
    0.7016177177429199,
    0.7156506776809692,
    0.7248368859291077,
    0.7307561039924622,
    0.7541581988334656,
    0.7674434185028076,
    0.7877075672149658,
    0.7916972041130066,
    0.8016330599784851,
    0.8345656991004944,
    0.8482211828231812,
    0.8632547855377197,
    0.8687438368797302,
    0.9051865339279175,
    0.9207471013069153,
    0.9448544979095459,
    0.9680862426757812,
    0.9754498600959778,
    1.0236892700195312,
    1.046120047569275,
    1.0791354179382324,
    1.1130015850067139,
    1.1614242792129517,
    1.1890934705734253,
    1.2068833112716675,
    1.2315000295639038,
    1.3560982942581177,
    1.4105778932571411,
    1.4050345420837402,
    1.4275052547454834,
    0.4561026096343994,
    0.4592135548591614,
    0.4514707326889038,
    0.4548202455043793,
    0.4583337604999542,
    0.45074817538261414,
    0.44314995408058167,
    0.44699347019195557,
    0.4394519627094269,
    0.44355347752571106,
    0.4478437900543213,
    0.44042715430259705,
    0.43296828866004944,
    0.43761521577835083,
    0.44247326254844666,
    0.4351201057434082,
    0.4402824342250824,
    0.4329462945461273,
    0.4384292662143707,
    0.4311002492904663,
    0.4369230568408966,
    0.4295912981033325,
    0.4357758164405823,
    0.4284314215183258,
    0.4350031614303589,
    0.4350031614303589,
    0.4422517716884613,
    0.4357758164405823,
    0.44301605224609375,
    0.43692299723625183,
    0.44416385889053345,
    0.4384292662143707,
    0.43294617533683777,
    0.44028234481811523,
    0.4475520849227905,
    0.44247323274612427,
    0.43761515617370605,
    0.4449952244758606,
    0.4523305296897888,
    0.4478437304496765,
    0.4552258253097534,
    0.4510164260864258,
    0.45845475792884827,
    0.45451274514198303,
    0.46201691031455994,
    0.46951258182525635,
    0.4659133553504944,
    0.4734936058521271,
    0.47014716267585754,
    0.4778217375278473,
    0.4855119585990906,
    0.48250171542167664,
    0.4903050363063812,
    0.487540066242218,
    0.49702689051628113,
    0.5034327507019043,
    0.5010057091712952,
    0.5044376254081726,
    0.5172770023345947,
    0.5214011073112488,
    0.533785879611969,
    0.5319148898124695,
    0.5380342602729797,
    0.5508477687835693,
    0.5575666427612305,
    0.5561811923980713,
    0.5640575885772705,
    0.5732244849205017,
    0.5824602842330933,
    0.5917772054672241,
    0.6018171906471252,
    0.6107013821601868,
    0.620332658290863,
    0.630092442035675,
    0.6399931311607361,
    0.6500465869903564,
    0.6602655649185181,
    0.6703713536262512,
    0.6808074116706848,
    0.702067494392395,
    0.7122265100479126,
    0.7343975305557251,
    0.7459191679954529,
    0.7557640671730042,
    0.7811199426651001,
    0.8024142980575562,
    0.8113166689872742,
    0.840762197971344,
    0.8649511337280273,
    0.875934898853302,
    0.9149377346038818,
    0.9213890433311462,
    2.350767135620117,
    3.010624647140503,
    2.9763190746307373,
    2.956397771835327,
    2.9366281032562256,
    2.916968584060669,
    2.9140865802764893,
    2.905172824859619,
    2.7452666759490967,
    2.641117811203003,
    2.5873594284057617,
    2.513779401779175,
    2.5138344764709473,
    2.337937831878662,
    null,
    null,
    2.2045376300811768,
    2.1462795734405518,
    2.1018483638763428,
    2.024233341217041,
    1.9445431232452393,
    1.876085638999939,
    1.8335022926330566,
    1.7394300699234009,
    1.7155025005340576,
    1.6281393766403198,
    1.5756044387817383,
    1.5298466682434082,
