{
  "step": 655,
  "timestamp": 20.96,
  "robot_pose_odom": {
    "x": -2.346301197413203,
    "y": -1.0300812989497605,
    "yaw_fused": 2.869849061964257,
    "yaw_imu": 2.8815324976058783
  },
  "lidar_pose_relative_to_robot": {
    "x_offset": 0.0,
    "y_offset": 0.0,
    "yaw_offset": 0.0
  },
  "lidar_meta": {
    "fov": 6.283184,
    "horizontal_resolution": 400,
    "angle_min": -3.141592,
    "angle_increment": 0.015747328320802004
  },
  "ranges": [
    1.0897765159606934,
    1.0199695825576782,
    0.9758849740028381,
    0.9362303614616394,
    0.9046849608421326,
    0.8510875105857849,
    0.8300998210906982,
    0.8018001317977905,
    0.7747394442558289,
    0.7488368153572083,
    0.7282010316848755,
    0.7002168297767639,
    0.6773668527603149,
    0.6591781973838806,
    0.6457542181015015,
    0.6245850920677185,
    0.6056406497955322,
    0.5924803614616394,
    0.579423189163208,
    0.5615856051445007,
    0.5576165318489075,
    0.5473175048828125,
    null,
    null,
    null,
    0.49301958084106445,
    0.48108088970184326,
    0.48450517654418945,
    0.46591341495513916,
    0.4695126414299011,
    0.45074817538261414,
    0.45451274514198303,
    null,
    0.4278874397277832,
    0.43188101053237915,
    0.4242730438709259,
    0.41871193051338196,
    0.4089145362377167,
    0.4011472761631012,
    0.40560048818588257,
    0.39782407879829407,
    0.3899644613265991,
    0.38201141357421875,
    0.3868493437767029,
    0.3788456618785858,
    0.37072259187698364,
    0.37589237093925476,
    0.36768582463264465,
    0.35932955145835876,
    0.3648413419723511,
    0.3648413419723511,
    0.35932955145835876,
    0.354067862033844,
    0.34904295206069946,
    0.3442423641681671,
    0.352718323469162,
    0.3481644093990326,
    0.34381017088890076,
    0.3396463692188263,
    0.3356640636920929,
    0.331854909658432,
    0.3403673768043518,
    0.33675312995910645,
    0.33329617977142334,
    0.32999011874198914,
    0.32682880759239197,
    0.32380667328834534,
    0.3323797285556793,
    0.3295217752456665,
    0.326792448759079,
    0.3241872489452362,
    0.3106089234352112,
    0.30832144618034363,
    0.3061423599720001,
    0.304068386554718,
    0.30209633708000183,
    0.28950101137161255,
    0.2877877354621887,
    0.2861648201942444,
    0.2846299111843109,
    0.2831808924674988,
    0.28181570768356323,
    0.28053250908851624,
    0.2793295681476593,
    0.2782052457332611,
    0.2771580219268799,
    0.26595744490623474,
    0.26509371399879456,
    0.26430052518844604,
    0.2635769248008728,
    0.2629219889640808,
    0.2623348534107208,
    0.26181477308273315,
    0.26136112213134766,
    0.26097333431243896,
    0.250625878572464,
    0.250378280878067,
    0.25019291043281555,
    0.25006940960884094,
    0.2500077188014984,
    0.2500077188014984,
    0.25006940960884094,
    0.25019291043281555,
    0.250378280878067,
    0.250625878572464,
    0.2509359121322632,
    0.25130876898765564,
    0.25174498558044434,
    0.2421552538871765,
    0.24269722402095795,
    0.24330179393291473,
    0.24396972358226776,
    0.24470186233520508,
    0.24549919366836548,
    0.24636271595954895,
    0.24729354679584503,
    0.24829289317131042,
    0.23429474234580994,
    0.25425985455513,
    0.2412281334400177,
    0.24246248602867126,
    0.243770033121109,
    0.2451525181531906,
    0.24661198258399963,
    0.2481505274772644,
    0.24977043271064758,
    0.2514740228652954,
    0.2532639801502228,
    0.2551429867744446,
    0.2571139931678772,
    0.24791143834590912,
    0.24998195469379425,
    0.2596952021121979,
    0.2544194459915161,
    0.2567940056324005,
    0.259277880191803,
    0.2618755102157593,
    0.2645917534828186,
    0.26743149757385254,
    0.2704003155231476,
    0.2735040485858917,
    0.2767488956451416,
    0.26740792393684387,
    0.27079445123672485,
    0.27433645725250244,
    0.2780418395996094,
    0.2819192111492157,
    0.2859777808189392,
    0.29022759199142456,
    0.2736654579639435,
    0.2946796715259552,
    0.29022783041000366,
    0.29959601163864136,
    0.29534411430358887,
    0.30452221632003784,
    0.31352755427360535,
    0.30947956442832947,
    0.318342924118042,
    0.3270670473575592,
    0.3232322037220001,
    0.33185502886772156,
    0.3282115161418915,
    0.3367532789707184,
    0.3451997637748718,
    0.35356101393699646,
    0.35017383098602295,
    0.36226800084114075,
    0.36676397919654846,
    0.37534332275390625,
    0.38313600420951843,
    0.3859056830406189,
    0.40193235874176025,
    0.4074248671531677,
    0.4045453369617462,
    0.417002409696579,
    0.4361269772052765,
    0.4497132897377014,
    0.4423978924751282,
    0.45314455032348633,
    0.4713003933429718,
    0.48108088970184326,
    0.48450517654418945,
    0.5017707347869873,
    0.5088735222816467,
    0.5408978462219238,
    0.5454153418540955,
    0.5576905012130737,
    0.586022675037384,
    0.607331395149231,
    0.6295037269592285,
    0.6525973081588745,
    0.670337975025177,
    0.7139586210250854,
    0.7345661520957947,
    0.7860614061355591,
    0.8219854235649109,
    0.8647094964981079,
    0.9386460185050964,
    0.9744858145713806,
    1.0336906909942627,
    1.1095048189163208,
    1.184533953666687,
    1.317649245262146,
    1.459225058555603,
    1.466346263885498,
    1.4711369276046753,
    1.4571253061294556,
    1.4632954597473145,
    1.4559285640716553,
    1.4631279706954956,
    1.4442375898361206,
    1.4522348642349243,
    1.4549036026000977,
    1.4573894739151,
    1.4503289461135864,
    1.449805498123169,
    1.4584227800369263,
    1.4543110132217407,
    1.456505537033081,
    1.4586938619613647,
    1.4608982801437378,
    1.4631388187408447,
    1.4654340744018555,
    1.4678012132644653,
    1.4702564477920532,
    1.4728145599365234,
    1.4755867719650269,
    1.4737921953201294,
    1.4921015501022339,
    1.4951324462890625,
    1.4983316659927368,
    1.504072904586792,
    1.5158765316009521,
    1.5164662599563599,
    1.0903743505477905,
    1.0692272186279297,
    0.9938083291053772,
    0.9560094475746155,
    0.8944498300552368,
    0.8828328847885132,
    0.8444934487342834,
    0.8109747767448425,
    0.7865680456161499,
    0.757225751876831,
    0.7406708598136902,
    0.7183188199996948,
    0.6933078765869141,
    0.6740834712982178,
    0.6620392203330994,
    0.64191734790802,
    0.6307316422462463,
    0.6106165051460266,
    0.6002489924430847,
    0.589991569519043,
    0.5699910521507263,
    0.5600731372833252,
    0.550570011138916,
    0.540595531463623,
    0.5310118198394775,
    0.5215151906013489,
    0.5120939016342163,
    0.5042439699172974,
    0.49342915415763855,
    0.48416125774383545,
    0.47801193594932556,
    0.465692937374115,
    0.4588159918785095,
    0.46031099557876587,
    0.45509734749794006,
    0.4430675804615021,
    0.4448581039905548,
    0.42131638526916504,
    0.41750475764274597,
    0.41952717304229736,
    0.4111320674419403,
    0.4133491814136505,
    0.405034601688385,
    0.40744590759277344,
    0.3991986811161041,
    0.39094504714012146,
    0.3936115503311157,
    0.38540172576904297,
    0.388261079788208,
    0.3800815939903259,
    0.3718671202659607,
    0.3749729096889496,
    0.3782251179218292,
    0.3700646460056305,
    0.36184611916542053,
    0.36534610390663147,
    0.3571029603481293,
    0.3608069121837616,
    0.3525233268737793,
    0.35643675923347473,
    0.3480960428714752,
    0.3522258400917053,
    0.3686857521533966,
    0.4048484265804291,
    1.045091152191162,
    1.0454857349395752,
    1.036077857017517,
    1.0349671840667725,
    1.0227068662643433,
    1.0173802375793457,
    1.0243626832962036,
    1.0227077007293701,
    1.0213500261306763,
    1.0202796459197998,
    1.0194873809814453,
    1.0189645290374756,
    1.0058085918426514,
    1.0186972618103027,
    1.0189396142959595,
    1.0069925785064697,
