{
  "step": 1630,
  "timestamp": 52.160000000000004,
  "robot_pose_odom": {
    "x": -1.652460880524603,
    "y": 1.07589742921429,
    "yaw_fused": -2.7301534552784306,
    "yaw_imu": -2.7300918780018795
  },
  "lidar_pose_relative_to_robot": {
    "x_offset": 0.0,
    "y_offset": 0.0,
    "yaw_offset": 0.0
  },
  "lidar_meta": {
    "fov": 6.283184,
    "horizontal_resolution": 400,
    "angle_min": -3.141592,
    "angle_increment": 0.015747328320802004
  },
  "ranges": [
    0.6342062950134277,
    0.6321465373039246,
    0.6302551031112671,
    0.6285296082496643,
    0.6269678473472595,
    0.635657548904419,
    0.6343973875045776,
    0.6332980990409851,
    0.6323584914207458,
    0.63157719373703,
    0.6309532523155212,
    0.6304861307144165,
    1.890607237815857,
    1.8800314664840698,
    1.8600308895111084,
    1.8504310846328735,
    1.8412741422653198,
    1.8325474262237549,
    1.824871301651001,
    1.1233298778533936,
    1.1051826477050781,
    1.0983622074127197,
    null,
    null,
    null,
    null,
    1.0478301048278809,
    1.0405195951461792,
    1.033344030380249,
    1.0344871282577515,
    1.0193535089492798,
    1.0031614303588867,
    null,
    0.9990984201431274,
    0.9924938082695007,
    0.9854158759117126,
    0.9794287085533142,
    0.972940981388092,
    0.9664638042449951,
    0.9556434750556946,
    0.9621616005897522,
    0.9580467939376831,
    0.9514355659484863,
    0.9502039551734924,
    0.9494410157203674,
    0.9427446126937866,
    0.9359158873558044,
    0.925161600112915,
    0.9337963461875916,
    0.9359222054481506,
    1.0642398595809937,
    1.1380951404571533,
    2.1426963806152344,
    2.1538007259368896,
    2.1354587078094482,
    2.1341962814331055,
    2.139855146408081,
    2.132775068283081,
    2.138549327850342,
    2.1453754901885986,
    2.1369051933288574,
    2.142641544342041,
    2.1483349800109863,
    2.118954658508301,
    2.1539320945739746,
    2.1359806060791016,
    2.1470279693603516,
    2.163755178451538,
    2.1704113483428955,
    2.1855180263519287,
    1.4625099897384644,
    1.3601431846618652,
    1.2449944019317627,
    1.1973707675933838,
    1.1271438598632812,
    1.069726586341858,
    1.067225456237793,
    1.0734007358551025,
    1.0891339778900146,
    1.0851749181747437,
    1.0908334255218506,
    1.1042091846466064,
    0.6366882920265198,
    0.622648298740387,
    0.5924803614616394,
    0.5990315675735474,
    0.5946199893951416,
    0.6036021113395691,
    0.6081368923187256,
    0.6104214191436768,
    0.625587522983551,
    0.6244401335716248,
    0.6364369988441467,
    0.6342062950134277,
    0.63999342918396,
    0.6486700177192688,
    0.6573961973190308,
    0.6661839485168457,
    0.6769881248474121,
    0.6847463846206665,
    0.6835598349571228,
    0.6921516060829163,
    0.7014372944831848,
    0.7112959623336792,
    0.7304174900054932,
    0.7401230335235596,
    0.7499964833259583,
    0.7600499987602234,
    0.7702960968017578,
    0.7804562449455261,
    0.8014319539070129,
    0.8123428821563721,
    0.8226383328437805,
    0.8449734449386597,
    0.855178952217102,
    0.8787840008735657,
    0.8886566162109375,
    0.9139276742935181,
    0.9231361746788025,
    0.952917218208313,
    0.977471649646759,
    1.0025806427001953,
    1.0118911266326904,
    1.054608702659607,
    1.0816048383712769,
    1.12433922290802,
    1.1482571363449097,
    1.1838072538375854,
    1.2180613279342651,
    1.2565577030181885,
    1.2517197132110596,
    1.2561017274856567,
    1.2314716577529907,
    1.2268208265304565,
    1.2223222255706787,
    1.2091560363769531,
    1.2184969186782837,
    1.197352409362793,
    1.192726492881775,
    1.188066005706787,
    1.1833497285842896,
    1.178554892539978,
    1.1834148168563843,
    1.1686285734176636,
    1.1634408235549927,
    1.1580621004104614,
    1.1553468704223633,
    1.153330683708191,
    1.1529957056045532,
    1.1466258764266968,
    1.1476527452468872,
    1.1457127332687378,
    1.1386475563049316,
    1.1387274265289307,
    1.8158098459243774,
    1.8166462182998657,
    1.803192138671875,
    1.817155361175537,
    1.8166463375091553,
    1.815809965133667,
    1.80996572971344,
    null,
    null,
    null,
    null,
    null,
    null,
    null,
    null,
    null,
    null,
    null,
    null,
    null,
    null,
    null,
    null,
    null,
    null,
    null,
    null,
    null,
    null,
    null,
    null,
    null,
    null,
    null,
    null,
    null,
    null,
    null,
    null,
    null,
    null,
    null,
    null,
    null,
    null,
    null,
    null,
    null,
    null,
    null,
    null,
    null,
    null,
    null,
    null,
    null,
    null,
    null,
    null,
    null,
    null,
    null,
    null,
    null,
    null,
    null,
    null,
    null,
    null,
    null,
    null,
    null,
    null,
    null,
    null,
    null,
    null,
    0.43263381719589233,
    0.4294477105140686,
    0.42641255259513855,
    0.42352378368377686,
    0.42077702283859253,
    0.41816815733909607,
    0.41569340229034424,
    0.4133491814136505,
    0.4111320972442627,
    0.40903908014297485,
    0.4070671498775482,
    0.4052136242389679,
    0.4034760594367981,
    0.4018520414829254,
    0.40033939480781555,
    0.3989361822605133,
    0.39764055609703064,
    0.39645078778266907,
    0.3953653872013092,
    0.3943829834461212,
    0.39350229501724243,
    0.4035460948944092,
    0.3914656341075897,
    0.40149742364883423,
    0.4010013937950134,
    0.390590101480484,
    0.3903009295463562,
    0.3801879584789276,
    0.36998480558395386,
    0.35998454689979553,
    0.3500971794128418,
    0.3502700626850128,
    0.3407359719276428,
    0.33082613348960876,
    0.3312353789806366,
    0.32109925150871277,
    0.3129177689552307,
    0.30269405245780945,
    0.30337151885032654,
    0.2939896583557129,
    0.29479673504829407,
    0.28548550605773926,
    0.2864157259464264,
    0.2771580219268799,
    0.2782052159309387,
    0.26898396015167236,
    0.2597522735595703,
    0.2609404921531677,
    0.2517163157463074,
    0.2530043423175812,
    0.243770033121109,
    0.2451525181531906,
    0.24661198258399963,
    0.2481505274772644,
    0.23891086876392365,
    0.24054040014743805,
    0.24225251376628876,
    0.2329566478729248,
    0.2347562611103058,
    0.2225038856267929,
    null,
    null,
    null,
    null,
    null,
    null,
    null,
    null,
    null,
    null,
    null,
    null,
    null,
    null,
    null,
    null,
    null,
    null,
    null,
    null,
    null,
    null,
    null,
    null,
    null,
    null,
    null,
    null,
    null,
    null,
    null,
    null,
    null,
    null,
    null,
    null,
    null,
    null,
    null,
    null,
    0.940342128276825,
    0.9469874501228333,
    0.9402945041656494,
    0.9447841048240662,
    0.9386568069458008,
    0.9310985803604126,
    0.935621976852417,
    0.9324277639389038,
    0.9056838154792786,
    0.898810863494873,
    0.8919786214828491,
    0.8848763108253479,
    0.8777762651443481,
    0.8705599308013916,
    0.8632045388221741,
    0.8556861877441406,
    0.8442103266716003,
    0.852089524269104,
    0.8436665534973145,
    0.8353322148323059,
    0.8266876339912415,
    0.8266065716743469,
    0.8206025958061218,
    0.8080801963806152,
    0.8176673650741577,
    0.8149577379226685,
    0.7994886636734009,
    0.8099459409713745,
    0.7944055199623108,
    0.7920588850975037,
    0.7898436784744263,
    0.7939391732215881,
    0.7858121991157532,
    0.7858121991157532,
    0.7877609729766846,
    0.7762256860733032,
    0.778634250164032,
    0.7679253220558167,
    0.7576912641525269,
    0.7479087114334106,
    0.751288890838623,
    0.7421902418136597,
    0.733488142490387,
    0.7251644730567932,
    0.7172026634216309,
    0.7095869183540344,
    0.7023026347160339,
    0.7071216702461243,
    0.7003474235534668,
    0.6938714385032654,
