{
  "step": 1120,
  "timestamp": 35.84,
  "robot_pose_odom": {
    "x": -2.914140883121277,
    "y": 0.6247985279183076,
    "yaw_fused": 1.0608019872236578,
    "yaw_imu": 1.0608286699457
  },
  "lidar_pose_relative_to_robot": {
    "x_offset": 0.0,
    "y_offset": 0.0,
    "yaw_offset": 0.0
  },
  "lidar_meta": {
    "fov": 6.283184,
    "horizontal_resolution": 400,
    "angle_min": -3.141592,
    "angle_increment": 0.015747328320802004
  },
  "ranges": [
    1.4380300045013428,
    1.4689500331878662,
    1.462764859199524,
    1.4660441875457764,
    1.465109944343567,
    1.4755383729934692,
    1.3113408088684082,
    1.1649506092071533,
    1.0342707633972168,
    0.941265344619751,
    0.9135702848434448,
    0.7713151574134827,
    0.7455833554267883,
    0.6924831867218018,
    0.6490605473518372,
    0.6070351600646973,
    0.5648427605628967,
    0.5473129749298096,
    0.5192988514900208,
    0.4988618493080139,
    0.4717389941215515,
    0.44622042775154114,
    null,
    null,
    null,
    0.39953839778900146,
    0.3793281018733978,
    0.3648413419723511,
    0.3508090078830719,
    0.34550920128822327,
    0.34044986963272095,
    0.3221935033798218,
    0.31776219606399536,
    0.3135274350643158,
    0.29658448696136475,
    0.29287534952163696,
    0.289328396320343,
    0.28593605756759644,
    0.2704003155231476,
    0.26743149757385254,
    0.2645917534828186,
    0.26187556982040405,
    0.24749259650707245,
    0.24512159824371338,
    0.2428549975156784,
    0.240688756108284,
    0.23861920833587646,
    0.23664280772209167,
    0.22357740998268127,
    0.2218634933233261,
    null,
    null,
    null,
    null,
    null,
    null,
    null,
    null,
    null,
    null,
    null,
    null,
    null,
    null,
    null,
    null,
    null,
    null,
    null,
    null,
    null,
    null,
    null,
    null,
    null,
    null,
    null,
    null,
    null,
    null,
    null,
    null,
    null,
    null,
    null,
    null,
    null,
    null,
    null,
    null,
    null,
    null,
    null,
    null,
    null,
    null,
    null,
    null,
    null,
    null,
    null,
    null,
    null,
    null,
    null,
    null,
    null,
    null,
    null,
    null,
    null,
    null,
    null,
    null,
    null,
    null,
    null,
    null,
    null,
    null,
    null,
    null,
    null,
    null,
    null,
    null,
    null,
    null,
    null,
    null,
    null,
    null,
    null,
    null,
    null,
    null,
    null,
    null,
    null,
    null,
    null,
    null,
    null,
    null,
    null,
    null,
    null,
    null,
    0.21822254359722137,
    0.23295672237873077,
    0.2312411218881607,
    0.24054047465324402,
    0.23891091346740723,
    0.24815063178539276,
    0.2482929527759552,
    0.2575974762439728,
    0.2566278278827667,
    0.26310521364212036,
    0.2752895951271057,
    0.2744659185409546,
    0.28230592608451843,
    0.2932591438293457,
    0.2926042675971985,
    0.30284810066223145,
    0.311046838760376,
    0.3207663893699646,
    0.33114129304885864,
    0.3402928411960602,
    0.3501242995262146,
    0.36018240451812744,
    0.36998480558395386,
    0.37998518347740173,
    0.40019336342811584,
    0.4101707637310028,
    0.4308721125125885,
    0.4407864809036255,
    0.46085914969444275,
    0.48366475105285645,
    0.5019820332527161,
    0.5367018580436707,
    0.5537148118019104,
    0.5833414793014526,
    0.6143426299095154,
    0.6533392071723938,
    0.7172180414199829,
    0.7356237173080444,
    0.783217191696167,
    0.8398970365524292,
    1.066037654876709,
    1.1610757112503052,
    1.278028130531311,
    1.3927048444747925,
    1.4732189178466797,
    1.4815739393234253,
    1.4903942346572876,
    1.4996923208236694,
    1.5203418731689453,
    1.5307115316390991,
    1.5416069030761719,
    1.564137578010559,
    1.5762206315994263,
    1.5888868570327759,
    1.6021569967269897,
    1.6160527467727661,
    1.6421618461608887,
    1.6574885845184326,
    1.673520803451538,
    1.7021907567977905,
    1.719846248626709,
    1.7383047342300415,
    1.7576019763946533,
    1.7902082204818726,
    1.8114471435546875,
    1.8463879823684692,
    1.8697712421417236,
    1.8942277431488037,
    1.9198126792907715,
    1.9600096940994263,
    1.979225754737854,
    1.9824905395507812,
    1.9715803861618042,
    1.9855438470840454,
    1.9777789115905762,
    1.0349680185317993,
    1.0202796459197998,
    1.0322452783584595,
    1.0503782033920288,
    1.0702835321426392,
    1.0568984746932983,
    1.0189396142959595,
    0.9917159080505371,
    0.9615821838378906,
    0.9327672123908997,
    0.9140445590019226,
    0.8906669616699219,
    0.8652119636535645,
    0.8404172658920288,
    0.8326461315155029,
    0.8022962212562561,
    0.7953976392745972,
    0.7746713161468506,
    0.7601634860038757,
    0.7458208203315735,
    0.726757824420929,
    0.7216213941574097,
    0.7058731317520142,
    0.7012952566146851,
    0.6969470381736755,
    0.7120842337608337,
    1.1965690851211548,
    0.7830426096916199,
    0.7489266395568848,
    0.7133230566978455,
    0.6823807954788208,
    0.6480554342269897,
    0.6256945729255676,
    0.5996192693710327,
    0.574458122253418,
    0.5599145293235779,
    0.5587915778160095,
    0.5216594934463501,
    0.5203248858451843,
    0.4894832670688629,
    0.47645673155784607,
    0.4571388363838196,
    0.44854387640953064,
    0.44567999243736267,
    0.43063807487487793,
    0.4180366098880768,
    0.41092464327812195,
    0.40274181962013245,
    0.3813038468360901,
    0.37314990162849426,
    0.3578602969646454,
    0.3648413419723511,
    0.35932955145835876,
    0.354067862033844,
    0.34904295206069946,
    0.3442423641681671,
    0.33965471386909485,
    0.3481644093990326,
    0.3565438985824585,
    0.3648053705692291,
    0.3605280816555023,
    0.3687276840209961,
    1.4862735271453857,
    1.4793084859848022,
    1.476025938987732,
    1.46829092502594,
    1.470366358757019,
    1.4686945676803589,
    1.4631388187408447,
    1.4658037424087524,
    1.4536628723144531,
    1.4644321203231812,
    1.453205943107605,
    1.453466773033142,
    1.4564273357391357,
    1.4551842212677002,
    1.4519758224487305,
    1.4554426670074463,
    1.459074854850769,
    1.4626202583312988,
    1.4547752141952515,
    1.4551361799240112,
    1.3973833322525024,
    1.153804898262024,
    0.9883167147636414,
    0.9994781613349915,
    0.9957159161567688,
    1.0053073167800903,
    2.816420793533325,
    2.7935705184936523,
    2.7706501483917236,
    2.7429232597351074,
    2.712214231491089,
    2.6901445388793945,
    2.6644489765167236,
    2.649451732635498,
    2.6271893978118896,
    2.6041555404663086,
    2.5918526649475098,
    2.5705485343933105,
    2.540158271789551,
    2.509997844696045,
    2.4804415702819824,
    2.4523274898529053,
    2.4232187271118164,
    2.4066383838653564,
    2.377577781677246,
    2.35109806060791,
    2.3377013206481934,
    2.3086225986480713,
    2.2930448055267334,
    2.284046173095703,
    2.2528884410858154,
    2.247797966003418,
    1.4308998584747314,
    1.3960233926773071,
    1.3684301376342773,
    1.3407013416290283,
    1.312793254852295,
    1.2809035778045654,
    1.253138780593872,
    1.2365163564682007,
    1.2193762063980103,
    1.2020822763442993,
    1.1846015453338623,
    1.1851377487182617,
    1.1359177827835083,
    1.1306692361831665,
    1.1122556924819946,
    1.0930694341659546,
    1.078996181488037,
    1.0621280670166016,
    1.0571110248565674,
    1.0390682220458984,
    1.0214464664459229,
    1.0158665180206299,
    1.0086617469787598,
    0.9900771379470825,
    0.9830373525619507,
    0.9757223725318909,
    0.968093752861023,
    0.9601095914840698,
    0.9517238736152649,
    0.9417027831077576,
    0.9335423707962036,
    0.9236307740211487,
    0.913084864616394,
    0.9128812551498413,
    0.9034044742584229,
