{
  "step": 1155,
  "timestamp": 36.96,
  "robot_pose_odom": {
    "x": -2.8096775124852975,
    "y": 0.8115621827885525,
    "yaw_fused": 0.8932360550035534,
    "yaw_imu": 0.8866661304718779
  },
  "lidar_pose_relative_to_robot": {
    "x_offset": 0.0,
    "y_offset": 0.0,
    "yaw_offset": 0.0
  },
  "lidar_meta": {
    "fov": 6.283184,
    "horizontal_resolution": 400,
    "angle_min": -3.141592,
    "angle_increment": 0.015747328320802004
  },
  "ranges": [
    0.8544366359710693,
    0.7953701019287109,
    0.7354530096054077,
    0.714327335357666,
    0.6488284468650818,
    0.6120769381523132,
    0.5814597010612488,
    0.5559815764427185,
    0.5381067395210266,
    0.5082987546920776,
    0.4901321530342102,
    0.4645094871520996,
    0.4435535669326782,
    0.4394521415233612,
    0.4165267050266266,
    0.3976988196372986,
    0.39440470933914185,
    0.36890286207199097,
    0.3660748600959778,
    0.35236743092536926,
    0.3498770296573639,
    0.3366472125053406,
    null,
    null,
    null,
    0.2932088077068329,
    0.29520872235298157,
    0.28624987602233887,
    0.2773294150829315,
    0.27947181463241577,
    0.2704489231109619,
    0.2617145776748657,
    null,
    0.2581877112388611,
    0.24512164294719696,
    0.24749261140823364,
    0.23597703874111176,
    null,
    null,
    null,
    null,
    null,
    null,
    null,
    null,
    null,
    null,
    null,
    null,
    null,
    null,
    null,
    null,
    null,
    null,
    null,
    null,
    null,
    null,
    null,
    null,
    null,
    null,
    null,
    null,
    null,
    null,
    null,
    null,
    null,
    null,
    null,
    null,
    null,
    null,
    null,
    null,
    null,
    null,
    null,
    null,
    null,
    null,
    null,
    null,
    null,
    null,
    null,
    null,
    null,
    null,
    null,
    null,
    null,
    null,
    null,
    null,
    null,
    null,
    null,
    null,
    null,
    null,
    null,
    null,
    null,
    null,
    null,
    null,
    null,
    null,
    null,
    null,
    null,
    null,
    null,
    null,
    null,
    null,
    null,
    null,
    null,
    null,
    null,
    null,
    null,
    null,
    null,
    null,
    null,
    null,
    null,
    null,
    null,
    null,
    null,
    null,
    0.24053794145584106,
    0.24311953783035278,
    0.24581845104694366,
    0.2486400157213211,
    0.2515898644924164,
    0.26740792393684387,
    0.27079445123672485,
    0.27433645725250244,
    0.2780418395996094,
    0.2819192111492157,
    0.2859777808189392,
    0.30404797196388245,
    0.30871179699897766,
    0.30871206521987915,
    0.31786859035491943,
    0.32683199644088745,
    0.3356183171272278,
    0.34376031160354614,
    0.3527185022830963,
    0.3661627471446991,
    0.3820114731788635,
    0.3856459856033325,
    0.4006688892841339,
    0.4150017201900482,
    0.42221593856811523,
    0.45385339856147766,
    0.4663252532482147,
    0.4901052713394165,
    0.5022798776626587,
    0.527938961982727,
    0.5694417953491211,
    0.5901264548301697,
    0.6027712225914001,
    0.6867972612380981,
    0.7066041231155396,
    0.7379646897315979,
    0.7984780073165894,
    0.8578788638114929,
    0.9921596050262451,
    1.0733948945999146,
    1.0312860012054443,
    1.1071672439575195,
    1.237992763519287,
    1.2464368343353271,
    1.2553088665008545,
    1.2646220922470093,
    1.2743914127349854,
    1.2846323251724243,
    1.2843683958053589,
    1.306596279144287,
    1.318355917930603,
    1.3306604623794556,
    1.3435313701629639,
    1.3429967164993286,
    1.3710663318634033,
    1.3857815265655518,
    1.4011653661727905,
    1.4172483682632446,
    1.4340628385543823,
    1.438318133354187,
    1.4700275659561157,
    1.4800797700881958,
    1.5093705654144287,
    1.5304189920425415,
    1.5388333797454834,
    1.5617015361785889,
    1.6066701412200928,
    1.6136510372161865,
    1.6431595087051392,
    1.6706284284591675,
    1.6962629556655884,
    1.7334887981414795,
    1.7597039937973022,
    1.7588210105895996,
    1.7578439712524414,
    1.7654473781585693,
    1.768189549446106,
    1.7727820873260498,
    1.7780169248580933,
    1.7831491231918335,
    0.8213369846343994,
    0.8131899833679199,
    0.8053995370864868,
    0.7979521751403809,
    0.8330516815185547,
    0.8401094079017639,
    0.8564215898513794,
    0.843769907951355,
    0.8183173537254333,
    0.8038865923881531,
    0.7849718928337097,
    0.766692042350769,
    0.7444517016410828,
    0.7398359775543213,
    0.7236173152923584,
    0.7098498344421387,
    0.6957619786262512,
    0.6922199726104736,
    0.6746883392333984,
    0.6602891087532043,
    0.6517690420150757,
    0.6429395079612732,
    0.626171886920929,
    0.6239771246910095,
    0.6141037344932556,
    0.5997588634490967,
    0.5981168746948242,
    0.5865182876586914,
    0.585208535194397,
    0.5739785432815552,
    0.572983980178833,
    0.5625279545783997,
    0.5513769388198853,
    0.550832211971283,
    0.5504243969917297,
    0.5401498675346375,
    0.5400166511535645,
    0.5400166511535645,
    0.5603201389312744,
    0.5801563262939453,
    0.6204951405525208,
    0.6011870503425598,
    0.5917772650718689,
    0.583612322807312,
    0.5631548166275024,
    0.5559102892875671,
    0.5448355078697205,
    0.5357454419136047,
    0.526685357093811,
    0.5176427364349365,
    0.5143086314201355,
    0.49955815076828003,
    0.4904897212982178,
    0.4910949468612671,
    0.4722314178943634,
    0.45925527811050415,
    0.46147990226745605,
    0.45485958456993103,
    0.44540825486183167,
    0.4370110034942627,
    0.4396126866340637,
    0.4270061254501343,
    0.42352378368377686,
    0.4154788553714752,
    0.4184361398220062,
    0.41044744849205017,
    0.41361820697784424,
    0.3944045603275299,
    0.3976985514163971,
    0.3896864950656891,
    0.39319369196891785,
    0.3851909935474396,
    0.3889167904853821,
    0.38090983033180237,
    0.37283381819725037,
    0.37683531641960144,
    0.3687276840209961,
    0.37296003103256226,
    0.36480534076690674,
    0.3565438985824585,
    0.361059308052063,
    0.3657819330692291,
    0.35748234391212463,
    0.36246752738952637,
    0.35406771302223206,
    0.34550905227661133,
    0.35080885887145996,
    0.35080915689468384,
    0.3455093502998352,
    0.3404500186443329,
    0.3490430414676666,
    0.34424248337745667,
    0.3396548628807068,
    0.3352695107460022,
    0.3438103199005127,
    0.3565446436405182,
    0.36727091670036316,
    2.6888234615325928,
    2.6775598526000977,
    2.6699724197387695,
    2.642563819885254,
    2.61635160446167,
    2.5912866592407227,
    2.5673258304595947,
    2.5444252490997314,
    2.5225467681884766,
    2.501652717590332,
    2.481710195541382,
    2.4626855850219727,
    2.444549083709717,
    2.427272081375122,
    2.4108283519744873,
    2.395193099975586,
    2.37947416305542,
    2.369896650314331,
    2.350710868835449,
    2.3424715995788574,
    1.5748684406280518,
    1.5489734411239624,
    1.5237284898757935,
    1.4941661357879639,
    1.4750539064407349,
    1.45155930519104,
    1.4280097484588623,
    1.4148468971252441,
    1.3941102027893066,
    1.372294545173645,
    1.3609036207199097,
    1.3404544591903687,
    1.3300143480300903,
    1.3099873065948486,
    1.2902756929397583,
    1.2808420658111572,
    1.2721431255340576,
    1.2528144121170044,
    1.2450735569000244,
    1.2258108854293823,
    1.2176916599273682,
    1.2098051309585571,
    1.2046068906784058,
    1.1845502853393555,
    1.1772712469100952,
    1.1701810359954834,
    1.163269281387329,
    1.1565253734588623,
    1.158133864402771,
    1.1380091905593872,
    1.1127749681472778,
    null,
    null,
    1.1084541082382202,
    1.1025274991989136,
    1.0966756343841553,
    1.0936706066131592,
    1.1004936695098877,
    1.0816198587417603,
    1.0846831798553467,
    1.0790765285491943,
