{
  "step": 1355,
  "timestamp": 43.36,
  "robot_pose_odom": {
    "x": -1.8631169459867198,
    "y": 1.7339552598146992,
    "yaw_fused": 0.12636340761202228,
    "yaw_imu": 0.13790683516690147
  },
  "lidar_pose_relative_to_robot": {
    "x_offset": 0.0,
    "y_offset": 0.0,
    "yaw_offset": 0.0
  },
  "lidar_meta": {
    "fov": 6.283184,
    "horizontal_resolution": 400,
    "angle_min": -3.141592,
    "angle_increment": 0.015747328320802004
  },
  "ranges": [
    0.7131963968276978,
    0.7097581624984741,
    0.7065263390541077,
    0.6931511163711548,
    0.6800572872161865,
    0.6774974465370178,
    0.6751227974891663,
    0.6627342700958252,
    0.6607513427734375,
    0.6589423418045044,
    0.6471925973892212,
    0.6457473635673523,
    0.6444671750068665,
    0.6332980990409851,
    0.6323584914207458,
    0.63157719373703,
    0.6209381222724915,
    0.6204784512519836,
    0.6201721429824829,
    0.6200191378593445,
    0.6100188493728638,
    0.6101693511009216,
    null,
    null,
    null,
    0.6018146872520447,
    0.593088686466217,
    0.5941181182861328,
    0.5952983498573303,
    0.5865182876586914,
    0.5879793167114258,
    0.5895934700965881,
    null,
    null,
    0.5816790461540222,
    0.5729209184646606,
    0.5738592743873596,
    0.5345719456672668,
    0.518123984336853,
    0.5061540007591248,
    0.493906706571579,
    0.48780304193496704,
    0.48082756996154785,
    0.4582724869251251,
    0.4485844671726227,
    0.43872198462486267,
    0.4286639094352722,
    0.4183879494667053,
    0.41044744849205017,
    0.41361820697784424,
    0.3972746729850769,
    0.3863357603549957,
    0.3896864950656891,
    0.3700646460056305,
    0.37351855635643005,
    0.36534610390663147,
    0.3571029603481293,
    0.3608069121837616,
    0.3403673768043518,
    0.34414586424827576,
    0.3356640338897705,
    0.3396463394165039,
    0.3310764729976654,
    0.3223743736743927,
    0.32659101486206055,
    0.3177621066570282,
    0.3087686598300934,
    0.3132137656211853,
    0.30404797196388245,
    0.30871179699897766,
    0.2946796715259552,
    0.30404824018478394,
    0.29959601163864136,
    0.29534411430358887,
    0.29128211736679077,
    0.2874002754688263,
    0.28368961811065674,
    0.28014177083969116,
    0.27674904465675354,
    0.2735041677951813,
    0.2826913297176361,
    0.27958759665489197,
    0.27661874890327454,
    0.27377912402153015,
    0.2710634469985962,
    0.26846662163734436,
    0.2659841775894165,
    0.2636116147041321,
    0.26134490966796875,
    0.2591802477836609,
    0.26829299330711365,
    0.266236275434494,
    0.26427558064460754,
    0.2624077796936035,
    0.2606301009654999,
    0.25893980264663696,
    0.25863850116729736,
    0.25733429193496704,
    0.2589397430419922,
    0.2606300711631775,
    0.2514740824699402,
    0.25326406955718994,
    0.25514304637908936,
    0.257114052772522,
    0.2591802179813385,
    0.24998202919960022,
    0.25215017795562744,
    0.25441956520080566,
    0.25679412484169006,
    0.25927796959877014,
    0.26187559962272644,
    0.25256484746932983,
    0.25527554750442505,
    0.2581094205379486,
    0.2610720694065094,
    0.26416945457458496,
    0.2546742856502533,
    0.25789955258369446,
    null,
    null,
    null,
    null,
    null,
    null,
    null,
    null,
    null,
    0.268494576215744,
    0.26480183005332947,
    0.27433648705482483,
    0.270794540643692,
    0.2801416516304016,
    0.2767488956451416,
    0.2735040783882141,
    0.28269124031066895,
    0.2795874774456024,
    0.28864553570747375,
    0.28568243980407715,
    0.29463404417037964,
    0.29181143641471863,
    0.300677627325058,
    0.29799559712409973,
    0.3067961037158966,
    0.30425500869750977,
    0.3130083978176117,
    0.3106089234352112,
    0.31933292746543884,
    0.3170759975910187,
    0.31492793560028076,
    0.32367461919784546,
    0.33239006996154785,
    0.330422967672348,
    0.3394211530685425,
    0.3478809893131256,
    0.3461099863052368,
    0.35487908124923706,
    0.35326316952705383,
    0.3724394142627716,
    0.37094035744667053,
    0.3763764202594757,
    0.3858548104763031,
    0.39764055609703064,
    0.39645078778266907,
    0.40704914927482605,
    0.4133743345737457,
    0.4237717092037201,
    0.4229315519332886,
    0.43225106596946716,
    0.43160974979400635,
    0.4310764968395233,
    0.43065062165260315,
    0.4303317964076996,
    0.4301193654537201,
    0.440013587474823,
    0.440013587474823,
    0.44012215733528137,
    0.44033950567245483,
    0.4406657814979553,
    0.4511265754699707,
    0.4516846239566803,
    0.4523557722568512,
    0.4531409740447998,
    0.4641309082508087,
    0.46516966819763184,
    0.4663284122943878,
    0.46760863065719604,
    0.4690118730068207,
    0.4705401062965393,
    0.4824603199958801,
    0.4842832088470459,
    0.4862402677536011,
    0.4987243413925171,
    0.5010057091712952,
    0.5034326314926147,
    0.5060086846351624,
    0.5087375044822693,
    0.5222814679145813,
    0.5253907442092896,
    0.5286685228347778,
    0.5429792404174805,
    0.5466827154159546,
    0.5505738854408264,
    0.565751850605011,
    0.5701223611831665,
    0.5747037529945374,
    0.57950359582901,
    0.5959910750389099,
    0.6129195690155029,
    0.6186400651931763,
    0.6246239542961121,
    0.6427853107452393,
    0.6494524478912354,
    0.6564227342605591,
    0.6760008335113525,
    0.671328067779541,
    0.6792926788330078,
    0.6876203417778015,
    0.6834336519241333,
    0.6923729181289673,
    0.701724648475647,
    0.6980856657028198,
    0.7081354260444641,
    0.7186588048934937,
    0.7296823859214783,
    0.7296830415725708,
    0.7386572360992432,
    0.7489900588989258,
    0.7541581988334656,
    0.7546855211257935,
    0.7668665647506714,
    0.7685955762863159,
    0.7900815606117249,
    0.8007695078849792,
    0.8109251260757446,
    0.8263819217681885,
    0.8298503160476685,
    0.8387143015861511,
    0.8430531620979309,
    0.8672370910644531,
    0.875798761844635,
    0.8942363858222961,
    0.9129926562309265,
    0.9207589030265808,
    0.9410414695739746,
    0.9667381644248962,
    0.981355607509613,
    1.4314926862716675,
    1.4213755130767822,
    1.4182677268981934,
    1.4349579811096191,
    1.4380300045013428,
    1.4384480714797974,
    1.4439481496810913,
    1.449684739112854,
    1.4580153226852417,
    1.4536528587341309,
    1.4730405807495117,
    2.727876901626587,
    2.742483615875244,
    2.7576167583465576,
    2.77329683303833,
    2.789975881576538,
    2.797300100326538,
    2.814694881439209,
    2.142817258834839,
    2.0611491203308105,
    1.9898749589920044,
    1.9198999404907227,
    1.8610104322433472,
    1.8005152940750122,
    1.7419682741165161,
    1.714595913887024,
    1.7260074615478516,
    1.738480806350708,
    1.762968897819519,
    1.7767764329910278,
    1.788658857345581,
    1.8161717653274536,
    1.8278571367263794,
    0.47685906291007996,
    0.4705401062965393,
    0.47219517827033997,
    0.4636753797531128,
    0.46554917097091675,
    0.4571639895439148,
    0.45925527811050415,
    0.4509917199611664,
    0.4532994329929352,
    0.4557439684867859,
    0.4476698040962219,
    0.45033493638038635,
    0.44235530495643616,
    0.4452429711818695,
    0.4373461604118347,
    0.44045907258987427,
    0.44372695684432983,
    0.43597590923309326,
    0.43947935104370117,
    0.43178701400756836,
    0.43553197383880615,
    0.4278872609138489,
    0.4318808317184448,
    0.43605825304985046,
    0.42852357029914856,
    0.43296828866004944,
    0.42545920610427856,
    0.4301823079586029,
    0.4351200461387634,
    0.42770281434059143,
    0.43294617533683777,
    0.4255341589450836,
    0.43110013008117676,
    0.4369228780269623,
    0.42959117889404297,
    0.43577566742897034,
    0.4284312427043915,
    0.43500298261642456,
    0.4419836103916168,
    0.44225195050239563,
