{
  "step": 915,
  "timestamp": 29.28,
  "robot_pose_odom": {
    "x": -3.45358391207735,
    "y": -0.38954593710835517,
    "yaw_fused": 1.4544017836861165,
    "yaw_imu": 1.4818474728347324
  },
  "lidar_pose_relative_to_robot": {
    "x_offset": 0.0,
    "y_offset": 0.0,
    "yaw_offset": 0.0
  },
  "lidar_meta": {
    "fov": 6.283184,
    "horizontal_resolution": 400,
    "angle_min": -3.141592,
    "angle_increment": 0.015747328320802004
  },
  "ranges": [
    0.35356083512306213,
    0.3501737117767334,
    0.3469357192516327,
    0.3438410758972168,
    0.34088456630706787,
    0.33806112408638,
    0.3353661298751831,
    0.33279523253440857,
    0.33034437894821167,
    0.32800963521003723,
    0.3257875144481659,
    0.32367461919784546,
    0.32166779041290283,
    0.3197641372680664,
    0.3179609179496765,
    0.31625545024871826,
    0.3146454393863678,
    0.323566198348999,
    0.3220928907394409,
    0.32071173191070557,
    0.31942087411880493,
    null,
    null,
    null,
    null,
    0.31426480412483215,
    0.31348392367362976,
    0.3127838969230652,
    0.312163770198822,
    0.31162288784980774,
    0.31116053462028503,
    0.31077608466148376,
    null,
    0.3102392256259918,
    0.31008607149124146,
    0.31000956892967224,
    0.31000956892967224,
    0.31008607149124146,
    0.3102392256259918,
    0.3204841911792755,
    0.32080110907554626,
    0.3211979568004608,
    0.32167521119117737,
    0.3222335875034332,
    0.32287368178367615,
    0.3235962986946106,
    0.324402391910553,
    0.3252929747104645,
    0.32626914978027344,
    0.3273322582244873,
    0.32848361134529114,
    0.3297247290611267,
    0.33105719089508057,
    0.34755033254623413,
    0.33400383591651917,
    0.33562174439430237,
    0.3373391330242157,
    0.3391583263874054,
    0.3517405688762665,
    0.3538345694541931,
    0.3560420572757721,
    0.33230850100517273,
    0.3302610218524933,
    0.3193328380584717,
    0.3217020332813263,
    0.31836259365081787,
    0.2929862439632416,
    0.2954331934452057,
    0.29045042395591736,
    0.27754849195480347,
    0.26846644282341003,
    0.2710632383823395,
    0.2618755102157593,
    0.25256484746932983,
    0.25527551770210266,
    0.248707577586174,
    null,
    null,
    null,
    null,
    null,
    null,
    null,
    null,
    null,
    null,
    null,
    null,
    null,
    null,
    null,
    null,
    null,
    null,
    null,
    null,
    null,
    null,
    null,
    null,
    null,
    null,
    null,
    null,
    null,
    null,
    null,
    null,
    null,
    null,
    null,
    null,
    null,
    null,
    null,
    null,
    null,
    null,
    null,
    null,
    null,
    null,
    null,
    null,
    null,
    null,
    null,
    null,
    null,
    null,
    null,
    null,
    null,
    null,
    null,
    null,
    null,
    null,
    null,
    null,
    null,
    null,
    null,
    null,
    null,
    null,
    null,
    null,
    null,
    null,
    null,
    null,
    null,
    null,
    null,
    null,
    null,
    null,
    null,
    null,
    null,
    null,
    null,
    null,
    null,
    null,
    null,
    null,
    null,
    null,
    null,
    null,
    0.21247875690460205,
    0.2172563374042511,
    0.21638187766075134,
    0.2258324921131134,
    0.22504092752933502,
    0.23450596630573273,
    0.23380431532859802,
    0.2331642061471939,
    0.24269722402095795,
    0.2421552538871765,
    0.24167518317699432,
    0.2507327198982239,
    0.26097333431243896,
    0.2606509029865265,
    0.2704085111618042,
    0.27020832896232605,
    0.27999529242515564,
    0.29000893235206604,
    0.29000893235206604,
    0.300000935792923,
    0.3102392256259918,
    0.3104690611362457,
    0.321116179227829,
    0.33080393075942993,
    0.3423559069633484,
    0.3531969487667084,
    0.36226171255111694,
    0.37539142370224,
    0.3867737650871277,
    0.394535094499588,
    0.420381098985672,
    0.43247556686401367,
    0.437967449426651,
    0.4718701243400574,
    0.4910949468612671,
    0.5101498961448669,
    0.5502701997756958,
    0.5714071989059448,
    0.6040056347846985,
    0.6367107033729553,
    0.6750487685203552,
    0.699315071105957,
    0.7734807133674622,
    0.8796002864837646,
    0.9296841025352478,
    0.9907436370849609,
    1.0579962730407715,
    1.1309477090835571,
    1.4514278173446655,
    1.5856263637542725,
    1.7404037714004517,
    2.3948895931243896,
    2.6029574871063232,
    2.6281349658966064,
    2.654465436935425,
    2.669971227645874,
    2.69862699508667,
    2.7285850048065186,
    2.7474725246429443,
    2.7800683975219727,
    2.8014163970947266,
    2.8368945121765137,
    2.8740010261535645,
    2.8995792865753174,
    2.940014600753784,
    2.968721866607666,
    3.0128390789031982,
    1.6511183977127075,
    2.1188154220581055,
    2.1406924724578857,
    2.0974018573760986,
    1.9370936155319214,
    1.2842893600463867,
    1.2802375555038452,
    1.263708233833313,
    1.346818447113037,
    1.5271908044815063,
    1.5465203523635864,
    1.7836111783981323,
    2.0454485416412354,
    2.0414044857025146,
    2.0333971977233887,
    2.088865041732788,
    2.10249924659729,
    2.9527225494384766,
    2.9341118335723877,
    2.919875383377075,
    2.904456853866577,
    4.970651149749756,
    5.065441131591797,
    0.3634277582168579,
    0.3498770296573639,
    0.3475067913532257,
    0.3344639241695404,
    0.36209389567375183,
    0.36063647270202637,
    0.3455810844898224,
    0.33756139874458313,
    0.33646509051322937,
    0.3252929747104645,
    0.324402391910553,
    0.33370867371559143,
    0.3329634666442871,
    0.34237319231033325,
    0.3417799174785614,
    0.35131028294563293,
    0.35087621212005615,
    0.36054471135139465,
    0.36027777194976807,
    0.37010273337364197,
    0.37001141905784607,
    0.3800382912158966,
    0.39010825753211975,
    0.3903009295463562,
    0.4006052315235138,
    0.4010013937950134,
    0.41196635365486145,
    0.42277470231056213,
    0.4330013394355774,
    0.43386149406433105,
    0.4461781084537506,
    0.4577367901802063,
    0.465692937374115,
    0.48155656456947327,
    0.49385038018226624,
    0.49955815076828003,
    0.5192922353744507,
    0.5324771404266357,
    0.5459975004196167,
    0.5673884153366089,
    0.5846167802810669,
    0.5993252396583557,
    0.6149874329566956,
    0.640709638595581,
    0.6568425893783569,
    0.6643675565719604,
    0.7254098057746887,
    0.7389856576919556,
    0.7708998322486877,
    0.7935537695884705,
    0.8379448652267456,
    0.8988377451896667,
    0.9324891567230225,
    0.9549223780632019,
    1.0636773109436035,
    1.0961217880249023,
    1.1354491710662842,
    2.8693768978118896,
    2.798452854156494,
    2.7391602993011475,
    2.706157922744751,
    2.6221020221710205,
    2.6086466312408447,
    2.510908365249634,
    2.434732675552368,
    2.4181742668151855,
    2.3548107147216797,
    2.2782750129699707,
    2.206347942352295,
    2.1468722820281982,
    2.0348293781280518,
    2.027712821960449,
    1.9901337623596191,
    1.9291400909423828,
    1.8928872346878052,
    1.840855598449707,
    1.802783489227295,
    1.7615092992782593,
    1.7190518379211426,
    1.689971685409546,
    1.6534569263458252,
    1.6252923011779785,
    1.5891903638839722,
    1.5634973049163818,
    1.5081979036331177,
    1.3915033340454102,
    1.2970994710922241,
    1.222334384918213,
    1.146427869796753,
    1.0919415950775146,
    1.0565980672836304,
    0.9832720160484314,
    0.9377641081809998,
    0.903039276599884,
    0.879194438457489,
    0.8275119662284851,
    0.7938371300697327,
    0.702099084854126,
    0.6813851594924927,
    0.6602515578269958,
    0.6386541128158569,
    0.6165943145751953,
    0.612702488899231,
    null,
    0.5775735974311829,
    0.5685107111930847,
    0.5655238628387451,
    0.5357362627983093,
    0.5248971581459045,
    0.5234354734420776,
