{
  "step": 210,
  "timestamp": 6.72,
  "robot_pose_odom": {
    "x": -0.004082801534277978,
    "y": -0.007150393423287346,
    "yaw_fused": -2.0896120878478617,
    "yaw_imu": -2.0937559625640234
  },
  "lidar_pose_relative_to_robot": {
    "x_offset": 0.0,
    "y_offset": 0.0,
    "yaw_offset": 0.0
  },
  "lidar_meta": {
    "fov": 6.283184,
    "horizontal_resolution": 400,
    "angle_min": -3.141592,
    "angle_increment": 0.015747328320802004
  },
  "ranges": [
    null,
    null,
    null,
    null,
    2.0397427082061768,
    1.7720234394073486,
    1.563401460647583,
    1.4274275302886963,
    1.4320785999298096,
    1.4371157884597778,
    1.4425456523895264,
    0.8192059993743896,
    0.756405770778656,
    0.7143484354019165,
    0.6689193844795227,
    0.6371912360191345,
    0.6033368706703186,
    0.5720314383506775,
    0.5412658452987671,
    0.5195485353469849,
    0.4973585605621338,
    0.4656442403793335,
    null,
    null,
    null,
    null,
    0.3973294496536255,
    0.39360272884368896,
    0.3738333284854889,
    0.36220911145210266,
    0.3486817479133606,
    0.3451995253562927,
    0.33992135524749756,
    null,
    0.3166748583316803,
    0.31080004572868347,
    0.30190786719322205,
    0.29287534952163696,
    0.2836894392967224,
    0.28740009665489197,
    0.2780418395996094,
    0.2661203145980835,
    null,
    null,
    null,
    null,
    null,
    null,
    null,
    null,
    null,
    null,
    null,
    null,
    null,
    null,
    null,
    null,
    null,
    null,
    null,
    null,
    null,
    null,
    null,
    null,
    null,
    null,
    null,
    null,
    null,
    null,
    null,
    null,
    null,
    null,
    null,
    null,
    null,
    null,
    null,
    null,
    null,
    null,
    null,
    null,
    null,
    null,
    null,
    null,
    null,
    null,
    null,
    null,
    null,
    null,
    null,
    null,
    null,
    null,
    null,
    null,
    null,
    null,
    null,
    null,
    null,
    null,
    null,
    null,
    null,
    null,
    null,
    null,
    null,
    null,
    null,
    null,
    null,
    null,
    null,
    null,
    null,
    null,
    null,
    null,
    null,
    null,
    null,
    null,
    null,
    null,
    null,
    null,
    0.201730415225029,
    0.21411414444446564,
    0.21347349882125854,
    0.21288906037807465,
    0.21236006915569305,
    0.2219756543636322,
    0.2215355932712555,
    0.2211517095565796,
    0.23086102306842804,
    0.2305757999420166,
    0.23034800589084625,
    0.2401851862668991,
    0.24006663262844086,
    0.2400074005126953,
    0.2500077188014984,
    0.25006940960884094,
    0.2602006196975708,
    0.2603934109210968,
    0.2606509029865265,
    0.27101075649261475,
    0.2714134454727173,
    0.2819543778896332,
    0.2825144827365875,
    0.29449233412742615,
    0.30412721633911133,
    0.3049621284008026,
    0.3160732388496399,
    0.31710314750671387,
    0.32848361134529114,
    0.3297247290611267,
    0.3365480601787567,
    0.3589758276939392,
    0.37575429677963257,
    0.37757447361946106,
    0.388488233089447,
    0.40248754620552063,
    0.4168747365474701,
    0.42610567808151245,
    0.44691526889801025,
    0.4734830856323242,
    0.4897630214691162,
    0.5064797401428223,
    0.5350497364997864,
    0.5424103736877441,
    0.5943710207939148,
    0.6132228970527649,
    0.6340041160583496,
    0.6978984475135803,
    0.7346386909484863,
    0.7631967067718506,
    0.8633237481117249,
    0.9267170429229736,
    1.0340790748596191,
    1.09967041015625,
    1.1313121318817139,
    1.1447340250015259,
    1.1587677001953125,
    1.1734427213668823,
    1.188791275024414,
    1.2048479318618774,
    1.2216498851776123,
    1.2392370700836182,
    1.2576528787612915,
    1.2769441604614258,
    1.2979578971862793,
    1.31911301612854,
    1.3253322839736938,
    1.3535248041152954,
    1.3892457485198975,
    1.4161604642868042,
    1.44154953956604,
    1.4782932996749878,
    1.5134824514389038,
    1.5234476327896118,
    1.5768601894378662,
    1.5948593616485596,
    1.6502059698104858,
    1.6721118688583374,
    1.7588748931884766,
    1.77275812625885,
    1.8191369771957397,
    1.8564523458480835,
    1.8873391151428223,
    1.9242883920669556,
    1.1786677837371826,
    1.1178330183029175,
    1.1231223344802856,
    1.128417730331421,
    1.1337350606918335,
    1.1390900611877441,
    1.1434998512268066,
    1.1580042839050293,
    1.1652287244796753,
    1.1728352308273315,
    1.1808348894119263,
    1.1892398595809937,
    1.1980630159378052,
    1.2073181867599487,
    1.2311584949493408,
    1.227554202079773,
    1.2492895126342773,
    1.260533332824707,
    1.2722982168197632,
    1.284604549407959,
    1.2974746227264404,
    1.310931921005249,
    1.3371577262878418,
    1.3520017862319946,
    1.3675203323364258,
    1.3837448358535767,
    1.4134423732757568,
    1.431342601776123,
    1.4500645399093628,
    1.469650387763977,
    1.4901448488235474,
    1.5252153873443604,
    1.5478812456130981,
    1.5716243982315063,
    1.599618673324585,
    1.6293392181396484,
    1.6385442018508911,
    1.6962629556655884,
    1.7344520092010498,
    1.7113372087478638,
    1.0960731506347656,
    1.0950990915298462,
    1.0818365812301636,
    1.0691522359848022,
    1.0570193529129028,
    1.0454139709472656,
    1.0343132019042969,
    1.0236953496932983,
    1.0135411024093628,
    1.0155037641525269,
    1.0061136484146118,
    0.9971392154693604,
    0.9885653257369995,
    0.9803773760795593,
    0.9725618362426758,
    0.9651062488555908,
    0.4734936058521271,
    0.47014716267585754,
    0.46696212887763977,
    0.4639336168766022,
    0.461057186126709,
    0.45832860469818115,
    0.46607986092567444,
    0.5001468658447266,
    0.5325726866722107,
    0.5419231057167053,
    0.5678145289421082,
    0.6918805241584778,
    0.7561633586883545,
    0.8247082233428955,
    0.9156047701835632,
    1.3866440057754517,
    1.3824951648712158,
    1.378710150718689,
    1.3853967189788818,
    1.38230299949646,
    1.379562497138977,
    2.0323030948638916,
    1.9983129501342773,
    1.9749318361282349,
    1.9729807376861572,
    1.9816734790802002,
    2.000720262527466,
    2.0702502727508545,
    2.3699402809143066,
    2.320232391357422,
    2.271023750305176,
    2.224466562271118,
    2.1741724014282227,
    2.139699697494507,
    2.090312957763672,
    2.085202217102051,
    3.104745864868164,
    3.0879769325256348,
    3.0404105186462402,
    2.9688849449157715,
    2.9481658935546875,
    1.039340853691101,
    0.9888191223144531,
    0.9787492752075195,
    0.8909885883331299,
    0.8452392220497131,
    0.8149676322937012,
    0.767961323261261,
    0.7531515955924988,
    0.7212373614311218,
    0.7011184692382812,
    0.6917940378189087,
    0.6490183472633362,
    0.6255173087120056,
    0.6122846603393555,
    0.6166427731513977,
    0.6101245880126953,
    0.6148378849029541,
    0.619778573513031,
    0.6135920286178589,
    0.6189138293266296,
    0.6244840621948242,
    0.6303125023841858,
    0.6364092826843262,
    0.6308819055557251,
    0.6374255418777466,
    0.6442667841911316,
    0.651418924331665,
    0.6588960886001587,
    0.6667131781578064,
    0.6621529459953308,
    0.6705386638641357,
    0.6793093085289001,
    0.6752445101737976,
    0.6846609115600586,
    0.6945174932479858,
    0.7048384547233582,
    0.7156500816345215,
    0.7156506776809692,
    0.7248368859291077,
    0.7217540144920349,
    0.7407335042953491,
    0.7546855211257935,
    0.7538029551506042,
    0.7659071683883667,
    0.7773478627204895,
    0.7881900072097778,
    0.7984931468963623,
    0.8140910267829895,
    0.8298503160476685,
    0.8387143015861511,
    0.8430531620979309,
    null,
    2.158677339553833,
    2.15503191947937,
    2.223797082901001,
    0.8291158676147461,
    0.8338842988014221,
    0.8384156227111816,
