{
  "step": 95,
  "timestamp": 3.04,
  "robot_pose_odom": {
    "x": -4.52752342283701e-11,
    "y": 1.931261139540651e-18,
    "yaw_fused": -3.767300325571171e-07,
    "yaw_imu": -3.8078106223693453e-07
  },
  "lidar_pose_relative_to_robot": {
    "x_offset": 0.0,
    "y_offset": 0.0,
    "yaw_offset": 0.0
  },
  "lidar_meta": {
    "fov": 6.283184,
    "horizontal_resolution": 400,
    "angle_min": -3.141592,
    "angle_increment": 0.015747328320802004
  },
  "ranges": [
    1.0367209911346436,
    1.028456449508667,
    1.020572304725647,
    1.0130563974380493,
    1.0058964490890503,
    0.9990819692611694,
    0.4963012635707855,
    0.49322405457496643,
    0.49630114436149597,
    0.4886813461780548,
    0.47882986068725586,
    0.5064308643341064,
    0.5350502133369446,
    0.542410135269165,
    0.6027707457542419,
    0.637057363986969,
    0.656926155090332,
    0.7288251519203186,
    0.780964195728302,
    0.8562787771224976,
    0.9627332091331482,
    1.2899194955825806,
    null,
    null,
    null,
    1.4002676010131836,
    1.4540096521377563,
    2.070716619491577,
    2.0170886516571045,
    1.9982906579971313,
    1.9844859838485718,
    1.988227128982544,
    1.9977750778198242,
    2.5320334434509277,
    2.3784496784210205,
    2.3494625091552734,
    2.2832067012786865,
    2.241929769515991,
    2.197855234146118,
    2.14243745803833,
    2.114776372909546,
    2.102246046066284,
    3.111079216003418,
    3.1051557064056396,
    3.0510380268096924,
    2.999282121658325,
    1.055844783782959,
    0.9936130046844482,
    0.9212848544120789,
    0.8878333568572998,
    0.863311231136322,
    0.8101289868354797,
    0.7719324827194214,
    0.7408648729324341,
    0.7149779796600342,
    0.6792613863945007,
    0.6607373356819153,
    0.6473369598388672,
    0.6189963221549988,
    0.6149818301200867,
    0.6111688613891602,
    0.6170292496681213,
    0.6253231167793274,
    0.6219690442085266,
    0.6292908787727356,
    0.6262571215629578,
    0.6337956786155701,
    0.6414234638214111,
    0.6388417482376099,
    0.6467021107673645,
    0.6444354057312012,
    0.6525383591651917,
    0.650585949420929,
    0.6589423418045044,
    0.6573049426078796,
    0.6649555563926697,
    0.6746765375137329,
    0.6735074520111084,
    0.6821141242980957,
    0.6917273998260498,
    0.6910440325737,
    0.700394332408905,
    0.7101146578788757,
    0.7200222015380859,
    0.7200222015380859,
    0.7301203012466431,
    0.7405710220336914,
    0.7411197423934937,
    0.7521926760673523,
    0.7632766366004944,
    0.7746069431304932,
    0.7861983180046082,
    0.7970944046974182,
    0.7988783121109009,
    0.8094599843025208,
    0.8253135085105896,
    0.838413417339325,
    0.8518700003623962,
    0.8588370680809021,
    2.1370041370391846,
    2.156726360321045,
    0.8254944682121277,
    0.8178912997245789,
    0.8075898289680481,
    0.8117222785949707,
    0.881269633769989,
    0.9605005979537964,
    1.0709763765335083,
    1.198491096496582,
    1.8720570802688599,
    2.435953378677368,
    2.466522693634033,
    2.4763553142547607,
    2.4486429691314697,
    2.439779758453369,
    2.4309041500091553,
    2.4219772815704346,
    2.4129574298858643,
    2.404162883758545,
    2.420877456665039,
    2.3967742919921875,
    2.399689197540283,
    2.3793272972106934,
    2.3786609172821045,
    2.37166690826416,
    2.368889093399048,
    2.3678784370422363,
    2.364884376525879,
    2.381470203399658,
    2.3704569339752197,
    2.360377311706543,
    null,
    null,
    null,
    null,
    null,
    2.105255365371704,
    1.7909808158874512,
    1.5524665117263794,
    1.4069852828979492,
    1.4106563329696655,
    1.4140336513519287,
    0.8432028293609619,
    0.7775272130966187,
    0.7186535000801086,
    0.6872220039367676,
    0.6317366361618042,
    0.593080997467041,
    0.5587924122810364,
    0.5365691781044006,
    0.505071759223938,
    0.4852949380874634,
    0.46550557017326355,
    0.44787880778312683,
    0.43015217781066895,
    0.4078696072101593,
    0.39646220207214355,
    0.3804270923137665,
    0.37356409430503845,
    0.35604220628738403,
    0.34625789523124695,
    0.34032729268074036,
    0.33902424573898315,
    0.3192662000656128,
    0.3038913607597351,
    0.2973099648952484,
    0.2995157539844513,
    0.2852960526943207,
    0.2817176282405853,
    0.27270767092704773,
    0.2750729024410248,
    0.25441956520080566,
    0.25679412484169006,
    0.25927796959877014,
    0.2499721497297287,
    0.24370625615119934,
    null,
    null,
    null,
    null,
    null,
    null,
    null,
    null,
    null,
    null,
    null,
    null,
    null,
    null,
    null,
    null,
    null,
    null,
    null,
    null,
    null,
    null,
    null,
    null,
    null,
    null,
    null,
    null,
    null,
    null,
    null,
    null,
    null,
    null,
    null,
    null,
    null,
    null,
    null,
    null,
    null,
    null,
    null,
    null,
    null,
    null,
    null,
    null,
    null,
    null,
    null,
    null,
    null,
    null,
    null,
    null,
    null,
    null,
    null,
    null,
    null,
    null,
    null,
    null,
    null,
    null,
    null,
    null,
    null,
    null,
    null,
    null,
    null,
    null,
    null,
    null,
    null,
    null,
    null,
    null,
    null,
    null,
    null,
    null,
    null,
    null,
    null,
    null,
    null,
    null,
    null,
    null,
    null,
    null,
    null,
    null,
    null,
    null,
    null,
    null,
    null,
    null,
    null,
    null,
    null,
    null,
    null,
    null,
    null,
    null,
    null,
    null,
    null,
    null,
    null,
    null,
    0.26480191946029663,
    0.2743366062641144,
    0.28368961811065674,
    0.2928754687309265,
    0.2975894510746002,
    0.3108001947402954,
    0.3195641338825226,
    0.316055566072464,
    0.33358439803123474,
    0.34729084372520447,
    0.36534640192985535,
    0.36184632778167725,
    0.3853970468044281,
    0.3972308933734894,
    0.4094317853450775,
    0.43108025193214417,
    0.4529789388179779,
    0.46849143505096436,
    0.48440754413604736,
    0.49844637513160706,
    0.5125839114189148,
    0.5962964296340942,
    0.6249521970748901,
    0.6327546238899231,
    0.7014936208724976,
    0.7222363352775574,
    0.7968305349349976,
    0.8404824137687683,
    0.933342456817627,
    1.0336850881576538,
    1.1271437406539917,
    1.1572728157043457,
    1.1666487455368042,
    1.1839858293533325,
    1.1932942867279053,
    1.2122740745544434,
    1.2306575775146484,
    1.2501821517944336,
    1.2699859142303467,
    1.2900928258895874,
    1.31052827835083,
    1.3307349681854248,
    1.3524857759475708,
    1.3727997541427612,
    1.4061040878295898,
    1.4262818098068237,
    1.461628794670105,
    1.4812586307525635,
    1.520557165145874,
    1.5541408061981201,
    1.5718064308166504,
    1.628196120262146,
    1.6656755208969116,
    1.704040765762329,
    1.718762755393982,
    1.7939964532852173,
    1.8504716157913208,
    1.8816951513290405,
    1.9138941764831543,
    1.953361988067627,
    1.9824824333190918,
    1.1689245700836182,
    1.1472817659378052,
    1.1544393301010132,
    1.1619755029678345,
    1.169900894165039,
    1.1782280206680298,
    1.186969518661499,
    1.1961389780044556,
    1.2057509422302246,
    1.2158212661743164,
    1.2263662815093994,
    1.2374036312103271,
    1.2489526271820068,
    null,
    1.2736672163009644,
    1.286877989768982,
    1.300689458847046,
    1.3151286840438843,
    1.3302241563796997,
    1.3377439975738525,
    1.3625069856643677,
    1.3797622919082642,
    1.3886334896087646,
    1.4039305448532104,
    1.4364453554153442,
    1.4571248292922974,
    1.478778600692749,
    1.4804478883743286,
    1.5154236555099487,
    1.5464164018630981,
    1.5706859827041626,
    1.5793720483779907,
    1.6275675296783447,
    1.6668606996536255,
