{
  "step": 525,
  "timestamp": 16.8,
  "robot_pose_odom": {
    "x": -1.5215569511272724,
    "y": -1.0750295407398245,
    "yaw_fused": -3.082212656300818,
    "yaw_imu": -3.081875107471108
  },
  "lidar_pose_relative_to_robot": {
    "x_offset": 0.0,
    "y_offset": 0.0,
    "yaw_offset": 0.0
  },
  "lidar_meta": {
    "fov": 6.283184,
    "horizontal_resolution": 400,
    "angle_min": -3.141592,
    "angle_increment": 0.015747328320802004
  },
  "ranges": [
    1.1655938625335693,
    1.1499695777893066,
    1.1500664949417114,
    1.1419810056686401,
    1.0490150451660156,
    1.0039682388305664,
    0.958191454410553,
    0.913001298904419,
    0.8782469630241394,
    0.8396241664886475,
    0.8188610076904297,
    0.7830018997192383,
    0.7592311501502991,
    0.7346386909484863,
    0.7286648154258728,
    0.680587887763977,
    0.676674485206604,
    0.6475110054016113,
    0.642017126083374,
    0.6120135188102722,
    0.5994980931282043,
    0.5851588249206543,
    null,
    null,
    null,
    null,
    0.5221008062362671,
    0.5113534331321716,
    0.48415079712867737,
    0.49113282561302185,
    0.4837130904197693,
    0.4766300320625305,
    0.4698656499385834,
    0.4634033739566803,
    0.4572277069091797,
    0.4384293854236603,
    0.4329463839530945,
    0.4277030825614929,
    0.4226882755756378,
    0.41789156198501587,
    0.4133034348487854,
    0.4089146852493286,
    0.40471699833869934,
    0.40070250630378723,
    0.396863728761673,
    0.3931940197944641,
    0.3896867334842682,
    0.38633599877357483,
    0.371867299079895,
    0.36890286207199097,
    0.3660748600959778,
    0.3633789122104645,
    0.36081069707870483,
    0.35836637020111084,
    0.35604220628738403,
    0.351049542427063,
    0.34525299072265625,
    0.3366471827030182,
    0.33894336223602295,
    0.33034440875053406,
    0.33279529213905334,
    0.324187308549881,
    0.326792448759079,
    0.31815895438194275,
    0.32091838121414185,
    0.31224215030670166,
    0.3034839332103729,
    0.3064194321632385,
    0.2975859045982361,
    0.3006724417209625,
    0.30389946699142456,
    0.2949821949005127,
    0.29836806654930115,
    0.2893284559249878,
    0.29287540912628174,
    0.2836895287036896,
    0.28740015625953674,
    0.2780419588088989,
    0.2819192707538605,
    0.28597787022590637,
    0.2764073312282562,
    null,
    null,
    null,
    0.2723598778247833,
    0.268494576215744,
    0.27804192900657654,
    0.27433648705482483,
    0.270794540643692,
    0.26740792393684387,
    0.2641693949699402,
    0.27065885066986084,
    0.2704003155231476,
    0.26743149757385254,
    0.2645917534828186,
    0.26187556982040405,
    0.27106329798698425,
    0.2684665024280548,
    0.26598405838012695,
    0.26361149549484253,
    0.261344850063324,
    0.2591802179813385,
    0.2682929039001465,
    0.26623621582984924,
    0.26427552103996277,
    0.26240772008895874,
    0.2606300413608551,
    0.2697288691997528,
    0.2680565118789673,
    0.26647013425827026,
    0.2649674415588379,
    0.2635462284088135,
    0.2622045576572418,
    0.2713780999183655,
    0.27014240622520447,
    0.26898401975631714,
    0.2782052457332611,
    0.2771580219268799,
    0.27618658542633057,
    0.2752895951271057,
    0.2744659185409546,
    0.27371448278427124,
    0.28314676880836487,
    0.2825144827365875,
    0.2819543778896332,
    0.2814658284187317,
    0.2910856604576111,
    0.2907260060310364,
    0.29043880105018616,
    0.29022377729415894,
    0.2900805175304413,
    0.30000925064086914,
    0.30000925064086914,
    0.3000832796096802,
    0.3002314865589142,
    0.3104690611362457,
    0.31077608466148376,
    0.31116053462028503,
    0.32167521119117737,
    0.3222335875034332,
    0.32287368178367615,
    0.3235962986946106,
    0.3345399498939514,
    0.335458368062973,
    0.3364650309085846,
    0.33756139874458313,
    0.3490138351917267,
    0.3503325283527374,
    0.3517482876777649,
    0.36365318298339844,
    0.3653166890144348,
    0.37757447361946106,
    0.37950649857521057,
    0.38155311346054077,
    0.3943758010864258,
    0.3967236280441284,
    0.40998783707618713,
    0.4126642048358917,
    0.4264124929904938,
    0.42944762110710144,
    0.44372695684432983,
    0.44715479016304016,
    0.462016761302948,
    0.46587544679641724,
    0.4852936565876007,
    0.49727436900138855,
    0.513588011264801,
    0.518555760383606,
    0.5356544256210327,
    0.55323725938797,
    0.5713309645652771,
    0.5776734352111816,
    0.6120135188102722,
    0.6289747357368469,
    0.6494192481040955,
    0.6654344797134399,
    0.6962605714797974,
    0.7286860942840576,
    0.7517845630645752,
    0.7852262258529663,
    0.8154013156890869,
    0.8279088735580444,
    0.8348898887634277,
    0.8492202758789062,
    0.862549901008606,
    0.8749807476997375,
    0.8998444080352783,
    0.9105667471885681,
    0.9206469655036926,
    0.9428861737251282,
    0.9643030166625977,
    0.9668519496917725,
    1.0049662590026855,
    1.005703091621399,
    1.0400028228759766,
    1.0635883808135986,
    1.0862789154052734,
    1.109611988067627,
    1.1408590078353882,
    1.1687698364257812,
    1.2055696249008179,
    1.236897349357605,
    1.3016353845596313,
    1.3123542070388794,
    1.3435473442077637,
    1.3866446018218994,
    1.394393801689148,
    1.4876788854599,
    1.5585919618606567,
    1.543587565422058,
    1.6258258819580078,
    1.722307801246643,
    1.7599973678588867,
    1.8391605615615845,
    1.8951373100280762,
    2.0219669342041016,
    2.1351048946380615,
    2.2395846843719482,
    2.284440755844116,
    2.2741830348968506,
    2.263730049133301,
    2.25303053855896,
    2.2476577758789062,
    2.255366563796997,
    2.227788209915161,
    2.239837646484375,
    2.2224831581115723,
    2.2222530841827393,
    2.2144832611083984,
    2.2101449966430664,
    2.2247073650360107,
    2.2115771770477295,
    2.1992814540863037,
    0.8579336404800415,
    0.8568628430366516,
    0.855974018573761,
    1.5331268310546875,
    2.2036163806915283,
    2.2107315063476562,
    2.199282169342041,
    2.2115769386291504,
    2.2247071266174316,
    2.2230401039123535,
    2.2289912700653076,
    2.2305142879486084,
    2.240605592727661,
    2.246349811553955,
    2.2334554195404053,
    2.2547202110290527,
    2.265836238861084,
    2.276601552963257,
    2.2870750427246094,
    2.2822391986846924,
    2.307651996612549,
    2.3172757625579834,
    2.327092409133911,
    2.3368539810180664,
    2.3569083213806152,
    2.367370843887329,
    2.368100643157959,
    2.3977856636047363,
    2.4184396266937256,
    2.4395227432250977,
    2.4479808807373047,
    2.470021963119507,
    2.474214553833008,
    2.488023519515991,
    1.9138412475585938,
    1.9164540767669678,
    1.251175045967102,
    1.2076646089553833,
    1.187353491783142,
    1.1615965366363525,
    1.136444330215454,
    1.104197382926941,
    1.0878126621246338,
    1.0642671585083008,
    1.0402209758758545,
    1.0263653993606567,
    1.0040830373764038,
    0.9841002821922302,
    0.9721132516860962,
    0.951659083366394,
    0.9405795335769653,
    0.9200904965400696,
    0.8301587700843811,
    0.7799975275993347,
    0.7701314091682434,
    0.7604408264160156,
    0.7509133219718933,
    0.7421676516532898,
    0.7323013544082642,
    0.7231932282447815,
    0.7142017483711243,
    0.7053150534629822,
    0.6965213418006897,
    0.6909010410308838,
    0.6791664361953735,
    0.6705813407897949,
    0.664893627166748,
    0.6672323346138,
    0.6553520560264587,
    0.6469141840934753,
    0.6337955594062805,
    0.6366947889328003,
    0.629290759563446,
    0.6325108408927917,
    0.6255861520767212,
    0.6182106733322144,
    0.6218910813331604,
    0.6149817705154419,
    0.6124753355979919,
    0.5990995764732361,
    0.5946197509765625,
    0.599031388759613,
    0.5924800634384155,
    0.5972411632537842,
    0.5904973149299622,
