{
  "step": 420,
  "timestamp": 13.44,
  "robot_pose_odom": {
    "x": -0.8312345670549369,
    "y": -1.037633895135128,
    "yaw_fused": -2.8818341436692467,
    "yaw_imu": -2.859653835712602
  },
  "lidar_pose_relative_to_robot": {
    "x_offset": 0.0,
    "y_offset": 0.0,
    "yaw_offset": 0.0
  },
  "lidar_meta": {
    "fov": 6.283184,
    "horizontal_resolution": 400,
    "angle_min": -3.141592,
    "angle_increment": 0.015747328320802004
  },
  "ranges": [
    0.6311749219894409,
    0.6206241846084595,
    0.6100869178771973,
    0.6000451445579529,
    0.5899916887283325,
    0.580078661441803,
    0.570294201374054,
    0.5608473420143127,
    0.5614019632339478,
    0.5524904727935791,
    0.54225093126297,
    0.5336993336677551,
    0.534759521484375,
    0.5246107578277588,
    0.5170162916183472,
    0.5184356570243835,
    0.5121442675590515,
    0.5012274980545044,
    0.5029905438423157,
    0.4904897212982178,
    0.4862402677536011,
    null,
    null,
    null,
    null,
    0.4668686091899872,
    0.4453071355819702,
    0.42610567808151245,
    0.42533695697784424,
    0.39528366923332214,
    0.3849292993545532,
    0.37443846464157104,
    null,
    null,
    0.33806103467941284,
    0.32915255427360535,
    0.32483452558517456,
    0.3122420310974121,
    0.30312082171440125,
    0.2946339547634125,
    0.28777459263801575,
    0.276618629693985,
    0.26743149757385254,
    0.2704003155231476,
    0.261072039604187,
    0.2641693949699402,
    null,
    null,
    null,
    null,
    null,
    null,
    null,
    null,
    null,
    null,
    null,
    null,
    null,
    null,
    null,
    null,
    null,
    null,
    null,
    null,
    null,
    null,
    null,
    null,
    null,
    null,
    null,
    null,
    null,
    null,
    null,
    null,
    null,
    null,
    null,
    null,
    null,
    null,
    null,
    null,
    null,
    null,
    null,
    null,
    null,
    null,
    null,
    null,
    null,
    null,
    null,
    null,
    null,
    null,
    null,
    null,
    null,
    null,
    null,
    null,
    null,
    null,
    null,
    null,
    null,
    null,
    null,
    null,
    null,
    null,
    null,
    null,
    null,
    null,
    null,
    null,
    null,
    null,
    null,
    null,
    null,
    null,
    null,
    null,
    null,
    null,
    null,
    null,
    null,
    null,
    null,
    null,
    null,
    null,
    null,
    null,
    null,
    null,
    null,
    0.2039182335138321,
    0.2033080905675888,
    0.21288906037807465,
    0.21236006915569305,
    0.21188585460186005,
    0.2215355932712555,
    0.2211517095565796,
    0.23086102306842804,
    0.2305757999420166,
    0.23034800589084625,
    0.2401851862668991,
    0.24006663262844086,
    0.2500077188014984,
    0.2500077188014984,
    0.26007217168807983,
    0.2602006196975708,
    0.2603934109210968,
    0.27036088705062866,
    0.2810482084751129,
    0.2814658284187317,
    0.2927781641483307,
    0.30269405245780945,
    0.30337151885032654,
    0.3158107399940491,
    0.3252929747104645,
    0.32626914978027344,
    0.34779053926467896,
    0.3490138351917267,
    0.3647337853908539,
    0.3675846755504608,
    0.3995007872581482,
    0.41374778747558594,
    0.4272940158843994,
    0.4411974549293518,
    0.4560069441795349,
    0.48082756996154785,
    0.4904392659664154,
    0.5224393606185913,
    0.5386406183242798,
    0.5576163530349731,
    0.5615853667259216,
    0.5794224143028259,
    0.5978342890739441,
    0.6169084906578064,
    0.6366868019104004,
    0.6572141647338867,
    0.6860753297805786,
    0.7123827338218689,
    0.7355711460113525,
    0.7639119029045105,
    0.7969434261322021,
    0.8355181813240051,
    0.8574755191802979,
    0.9142772555351257,
    0.9646769165992737,
    1.0065549612045288,
    1.0729694366455078,
    1.1156977415084839,
    1.203885555267334,
    1.3093206882476807,
    1.4024193286895752,
    1.478778600692749,
    1.5154941082000732,
    1.5365082025527954,
    1.5740571022033691,
    1.602537751197815,
    1.6196461915969849,
    1.680527925491333,
    1.7360676527023315,
    1.751029133796692,
    1.797227382659912,
    1.8621424436569214,
    1.8886117935180664,
    1.965816855430603,
    1.9943991899490356,
    2.0844714641571045,
    2.1173644065856934,
    2.228264570236206,
    2.254969358444214,
    2.278736114501953,
    2.468693256378174,
    2.5082225799560547,
    2.5575783252716064,
    2.8093764781951904,
    2.8767261505126953,
    2.951028347015381,
    2.9411540031433105,
    2.921229124069214,
    2.9130728244781494,
    2.832364082336426,
    2.9613165855407715,
    2.9358222484588623,
    2.925532102584839,
    2.9160306453704834,
    2.8952245712280273,
    1.4902234077453613,
    1.4865204095840454,
    1.5274457931518555,
    1.6396030187606812,
    1.7666499614715576,
    1.9240554571151733,
    2.100904941558838,
    2.318371057510376,
    2.822321653366089,
    2.8107800483703613,
    2.810086727142334,
    2.800086498260498,
    2.8007774353027344,
    2.7921528816223145,
    2.7942216396331787,
    2.7969846725463867,
    2.790407419204712,
    2.794553518295288,
    2.789334535598755,
    2.794875383377075,
    2.801130533218384,
    2.7979705333709717,
    2.805651903152466,
    2.8140714168548584,
    2.813011646270752,
    2.822906017303467,
    2.823267936706543,
    2.834677219390869,
    1.1491583585739136,
    1.0596232414245605,
    0.9785192012786865,
    0.9093400835990906,
    0.8595463633537292,
    0.8254533410072327,
    0.7636486291885376,
    0.7581315040588379,
    0.6711379885673523,
    0.6627735495567322,
    0.6275578141212463,
    0.6152793765068054,
    0.5817716717720032,
    0.5579066276550293,
    0.533683180809021,
    0.5311391353607178,
    0.5010430216789246,
    0.4906060993671417,
    0.4665353000164032,
    0.45442265272140503,
    0.4481634497642517,
    0.4287034273147583,
    0.4207805395126343,
    0.410256028175354,
    0.39822617173194885,
    0.3820112943649292,
    0.37905845046043396,
    0.3657819330692291,
    0.35748234391212463,
    0.3490428328514099,
    0.3404497504234314,
    0.33168867230415344,
    0.3157625198364258,
    0.3227443993091583,
    0.31786859035491943,
    0.3132140040397644,
    0.3087688386440277,
    0.30452221632003784,
    0.3004639148712158,
    0.2965845763683319,
    0.2928754687309265,
    0.28932851552963257,
    0.285936176776886,
    0.2826913297176361,
    0.27067509293556213,
    0.2614229917526245,
    0.27377912402153015,
    0.2592780888080597,
    0.25679415464401245,
    0.26221662759780884,
    0.2521502375602722,
    0.2499821037054062,
    0.24791154265403748,
    0.2624690532684326,
    0.266236275434494,
    0.26427558064460754,
    0.2755923867225647,
    0.28234925866127014,
    1.273120641708374,
    1.2302751541137695,
    1.2254034280776978,
    1.2119354009628296,
    1.2049531936645508,
    1.2003002166748047,
    1.195485234260559,
    1.1907846927642822,
    1.1860836744308472,
    1.1813634634017944,
    1.1766045093536377,
    1.1717851161956787,
    1.167609453201294,
    1.161871314048767,
    1.1567249298095703,
    1.1514137983322144,
    1.1394178867340088,
    1.1741501092910767,
    1.7461708784103394,
    1.8075042963027954,
    1.883406639099121,
    1.9627240896224976,
    2.0170886516571045,
    2.246961832046509,
    2.06978178024292,
    2.0653185844421387,
    3.6776814460754395,
    3.6625161170959473,
    3.6974213123321533,
    3.6776819229125977,
    3.699709415435791,
    3.6870534420013428,
    null,
    null,
    null,
    null,
    3.3228588104248047,
    2.9964208602905273,
    2.7481229305267334,
    null,
    2.1148579120635986,
    1.9732306003570557,
    1.844221591949463,
    1.725343942642212,
    1.6233211755752563,
    1.5285669565200806,
    1.4559193849563599,
    1.408798098564148,
    1.3128126859664917,
    1.2612615823745728,
    1.211117148399353,
    1.1631473302841187,
