ply
format ascii 1.0
element vertex 5745
property float x
property float y
property float z
property uchar red
property uchar green
property uchar blue
end_header
-5.7073 -5.0867 -0.0153 0 0 228
-5.7073 -5.0867 0.0298 0 104 255
-5.7073 -5.0867 0.0748 0 236 255
-5.7073 -5.0867 0.1199 112 255 142
-5.7073 -5.0867 0.1650 244 255 10
-5.7073 -5.0867 0.2101 255 134 0
-5.7073 -5.0867 0.2552 255 3 0
-5.7073 -5.0867 0.3002 127 0 0
-5.7073 -5.0867 0.3453 127 0 0
-5.7073 -5.0867 0.3904 127 0 0
-5.6953 -4.6891 -0.0119 0 0 238
-5.6953 -4.6891 0.0323 0 112 255
-5.6953 -4.6891 0.0765 0 241 255
-5.7023 -4.7064 0.1178 106 255 148
-5.6953 -4.6891 0.1208 115 255 139
-5.6953 -4.6891 0.1650 244 255 10
-5.6953 -4.6891 0.2092 255 137 0
-5.6953 -4.6891 0.2535 255 8 0
-5.6953 -4.6891 0.2977 134 0 0
-5.6953 -4.6891 0.3419 127 0 0
-5.6953 -4.6891 0.3861 127 0 0
-5.7063 -4.6653 -0.0226 0 0 207
-5.7063 -4.6654 0.0243 0 89 255
-5.7063 -4.6654 0.0712 0 225 255
-5.7063 -4.6655 0.1181 107 255 147
-5.7141 -4.6568 0.1207 114 255 140
-5.7063 -4.6655 0.1650 244 255 10
-5.7063 -4.6656 0.2119 255 129 0
-5.7063 -4.6656 0.2588 247 0 0
-5.7063 -4.6656 0.3057 127 0 0
-5.7063 -4.6657 0.3526 127 0 0
-5.7063 -4.6657 0.3995 127 0 0
-5.7076 -4.6115 0.0033 0 27 255
-5.7076 -4.6115 0.0437 0 145 255
-5.7076 -4.6115 0.0842 8 255 246
-5.7076 -4.6115 0.1246 126 255 128
-5.7076 -4.6114 0.1650 244 255 10
-5.7076 -4.6114 0.2054 255 148 0
-5.7076 -4.6114 0.2458 255 30 0
-5.7076 -4.6114 0.2863 167 0 0
-5.7076 -4.6114 0.3267 127 0 0
-5.7076 -4.6114 0.3671 127 0 0
-5.7140 -4.5914 -0.0192 0 0 217
-5.7140 -4.5915 0.0269 0 96 255
-5.7140 -4.5915 0.0729 0 230 255
-5.7140 -4.5915 0.1190 109 255 145
-5.7140 -4.5915 0.1650 244 255 10
-5.7141 -4.5916 0.2110 255 131 0
-5.7141 -4.5916 0.2571 252 0 0
-5.7141 -4.5916 0.3031 127 0 0
-5.7141 -4.5917 0.3492 127 0 0
-5.7141 -4.5917 0.3952 127 0 0
-5.6952 -4.4604 -0.0300 0 0 185
-5.7079 -4.2251 -0.0182 0 0 220
-5.7079 -4.2251 0.0184 0 71 255
-5.7079 -4.2251 0.0551 0 178 255
-5.7079 -4.2251 0.0917 30 255 224
-5.7079 -4.2251 0.1284 137 255 117
-5.7079 -4.2251 0.1650 244 255 10
-5.7079 -4.2251 0.2383 255 52 0
-5.7079 -4.2251 0.2749 200 0 0
-5.7079 -4.2251 0.3116 127 0 0
-5.7079 -4.2251 0.3482 127 0 0
-5.7079 -4.2251 0.3849 127 0 0
-5.6954 -4.1665 -0.0301 0 0 185
-5.6957 -4.1702 0.0088 0 43 255
-5.6957 -4.1702 0.0478 0 157 255
-5.6957 -4.1702 0.0869 16 255 238
-5.6957 -4.1702 0.1259 130 255 124
-5.6957 -4.1702 0.1650 244 255 10
-5.6957 -4.1702 0.2041 255 152 0
-5.6957 -4.1702 0.2431 255 38 0
-5.6957 -4.1702 0.2822 179 0 0
-5.6957 -4.1702 0.3212 127 0 0
-5.6957 -4.1702 0.3993 127 0 0
-5.7028 -4.1428 -0.0001 0 17 255
-5.7068 -4.1327 0.0001 0 18 255
-5.7028 -4.1428 0.0412 0 138 255
-5.7028 -4.1428 0.0825 3 255 251
-5.7028 -4.1428 0.1237 123 255 131
-5.7028 -4.1428 0.1650 244 255 10
-5.7028 -4.1428 0.2063 255 145 0
-5.7028 -4.1428 0.2475 255 25 0
-5.7028 -4.1428 0.2888 160 0 0
-5.7028 -4.1428 0.3301 127 0 0
-5.7028 -4.1428 0.3713 127 0 0
-5.7145 -4.0933 0.0022 0 24 255
-5.7145 -4.0933 0.0429 0 143 255
-5.7145 -4.0933 0.0836 6 255 248
-5.7145 -4.0933 0.1243 125 255 129
-5.7145 -4.0933 0.1650 244 255 10
-5.7145 -4.0933 0.2057 255 147 0
-5.7145 -4.0933 0.2464 255 28 0
-5.7145 -4.0933 0.2871 165 0 0
-5.7145 -4.0933 0.3278 127 0 0
-5.7145 -4.0932 0.3685 127 0 0
-5.6854 -3.9246 -0.0301 0 0 185
-5.6840 -3.8657 -0.0270 0 0 194
-5.7148 -3.8273 -0.0135 0 0 233
-5.7148 -3.8273 0.0222 0 82 255
-5.7148 -3.8273 0.0579 0 186 255
-5.7148 -3.8273 0.0936 35 255 219
-5.7148 -3.8273 0.1293 140 255 114
-5.7148 -3.8273 0.1650 244 255 10
-5.7148 -3.8274 0.2364 255 57 0
-5.7148 -3.8274 0.2721 208 0 0
-5.7148 -3.8274 0.3078 127 0 0
-5.7148 -3.8274 0.3435 127 0 0
-5.7148 -3.8274 0.3793 127 0 0
-5.6960 -3.7601 -0.0098 0 0 244
-5.6960 -3.7601 0.0252 0 91 255
-5.6960 -3.7601 0.0601 0 193 255
-5.6960 -3.7601 0.0951 40 255 214
-5.6960 -3.7601 0.1300 142 255 112
-5.6960 -3.7601 0.2000 255 164 0
-5.6960 -3.7601 0.2349 255 62 0
-5.6960 -3.7601 0.2699 215 0 0
-5.6960 -3.7601 0.3048 127 0 0
-5.6960 -3.7601 0.3398 127 0 0
-5.6960 -3.7601 0.3748 127 0 0
-5.7032 -3.7050 -0.0184 0 0 219
-5.7032 -3.7049 0.0183 0 71 255
-5.7032 -3.7049 0.0550 0 178 255
-5.7032 -3.7049 0.0917 30 255 224
-5.7032 -3.7049 0.1283 137 255 117
-5.7032 -3.7049 0.1650 244 255 10
-5.7032 -3.7049 0.2383 255 52 0
-5.7032 -3.7049 0.2750 200 0 0
-5.7032 -3.7049 0.3117 127 0 0
-5.7032 -3.7049 0.3484 127 0 0
-5.7032 -3.7049 0.3850 127 0 0
-5.7151 -3.5228 -0.0303 0 0 185
-5.7151 -3.5228 0.0348 0 119 255
-5.7151 -3.5228 0.0674 0 214 255
-5.7151 -3.5228 0.0999 54 255 200
-5.7151 -3.5228 0.1325 149 255 105
-5.7151 -3.5228 0.1975 255 171 0
-5.7151 -3.5228 0.2301 255 76 0
-5.7151 -3.5229 0.2626 236 0 0
-5.7151 -3.5229 0.2952 141 0 0
-5.7151 -3.5229 0.3277 127 0 0
-5.7151 -3.5229 0.3928 127 0 0
-5.6838 -3.5171 -0.0304 0 0 184
-5.6963 -3.4276 -0.0249 0 0 200
-5.6963 -3.4276 0.0384 0 130 255
-5.6963 -3.4276 0.0701 0 222 255
-5.6963 -3.4277 0.1017 59 255 195
-5.6963 -3.4277 0.1334 151 255 103
-5.6963 -3.4277 0.1966 255 173 0
-5.6963 -3.4277 0.2283 255 81 0
-5.6963 -3.4277 0.2599 244 0 0
-5.6963 -3.4277 0.2916 152 0 0
-5.6963 -3.4278 0.3549 127 0 0
-5.6963 -3.4278 0.3865 127 0 0
-5.7074 -3.3786 -0.0009 0 15 255
-5.7075 -3.3786 0.0323 0 112 255
-5.7075 -3.3786 0.0655 0 208 255
-5.7075 -3.3787 0.0986 50 255 204
-5.7075 -3.3787 0.1318 147 255 107
-5.7075 -3.3787 0.1982 255 169 0
-5.7075 -3.3788 0.2314 255 72 0
-5.7075 -3.3788 0.2646 230 0 0
-5.7075 -3.3788 0.2977 134 0 0
-5.7075 -3.3788 0.3309 127 0 0
-5.7075 -3.3789 0.3973 127 0 0
-5.7100 -3.3318 -0.0304 0 0 184
-5.7035 -3.3549 0.0330 0 114 255
-5.7035 -3.3549 0.0660 0 210 255
-5.7035 -3.3549 0.0990 51 255 203
-5.7035 -3.3549 0.1320 147 255 107
-5.7035 -3.3549 0.1980 255 169 0
-5.7035 -3.3549 0.2310 255 73 0
-5.7035 -3.3549 0.2640 232 0 0
-5.7035 -3.3549 0.2970 136 0 0
-5.7035 -3.3549 0.3300 127 0 0
-5.7035 -3.3549 0.3960 127 0 0
-5.6997 -3.3172 -0.0306 0 0 183
-5.7153 -3.2678 -0.0144 0 0 231
-5.7153 -3.2678 0.0155 0 63 255
-5.7153 -3.2679 0.0753 0 237 255
-5.7153 -3.2679 0.1052 69 255 185
-5.7153 -3.2679 0.1351 156 255 98
-5.7153 -3.2679 0.1949 255 178 0
-5.7153 -3.2680 0.2248 255 91 0
-5.7153 -3.2680 0.2547 255 4 0
-5.7153 -3.2680 0.3145 127 0 0
-5.7153 -3.2680 0.3444 127 0 0
-5.7153 -3.2681 0.3743 127 0 0
-5.6965 -3.1528 -0.0084 0 0 248
-5.6965 -3.1528 0.0205 0 77 255
-5.6965 -3.1528 0.0783 0 246 255
-5.6965 -3.1528 0.1072 75 255 179
-5.6965 -3.1528 0.1361 159 255 95
-5.6965 -3.1529 0.1939 255 181 0
-5.6965 -3.1529 0.2228 255 97 0
-5.6965 -3.1529 0.2517 255 13 0
-5.6965 -3.1529 0.3095 127 0 0
-5.6965 -3.1529 0.3384 127 0 0
-5.6965 -3.1529 0.3963 127 0 0
-5.7077 -3.1020 -0.0164 0 0 225
-5.7077 -3.1020 0.0138 0 58 255
-5.7077 -3.1021 0.0743 0 234 255
-5.7077 -3.1021 0.1045 67 255 187
-5.7077 -3.1021 0.1348 155 255 99
-5.7077 -3.1022 0.1952 255 177 0
-5.7077 -3.1022 0.2255 255 89 0
-5.7077 -3.1022 0.2557 255 1 0
-5.7077 -3.1023 0.3162 127 0 0
-5.7077 -3.1023 0.3464 127 0 0
-5.7077 -3.1023 0.3767 127 0 0
-5.6869 -3.0586 -0.0310 0 0 182
-5.7037 -3.0687 0.0151 0 62 255
-5.7037 -3.0687 0.0750 0 236 255
-5.7037 -3.0687 0.1050 69 255 185
-5.7037 -3.0687 0.1350 156 255 98
-5.7037 -3.0687 0.1950 255 178 0
-5.7037 -3.0687 0.2250 255 91 0
-5.7037 -3.0687 0.2550 255 3 0
-5.7037 -3.0687 0.3149 127 0 0
-5.7037 -3.0687 0.3449 127 0 0
-5.7037 -3.0687 0.3749 127 0 0
-5.6967 -2.9218 -0.0212 0 0 211
-5.6967 -2.9218 0.0320 0 111 255
-5.6967 -2.9218 0.0586 0 188 255
-5.6967 -2.9218 0.1118 89 255 165
-5.6967 -2.9218 0.1384 166 255 88
-5.6967 -2.9218 0.1916 255 188 0
-5.6967 -2.9219 0.2182 255 110 0
-5.6967 -2.9219 0.2714 210 0 0
-5.6967 -2.9219 0.2980 133 0 0
-5.6967 -2.9219 0.3512 127 0 0
-5.6967 -2.9219 0.3778 127 0 0
-5.7156 -2.8891 -0.0019 0 12 255
-5.7156 -2.8891 0.0259 0 93 255
-5.7156 -2.8891 0.0537 0 174 255
-5.7156 -2.8891 0.1094 81 255 173
-5.7156 -2.8891 0.1372 163 255 91
-5.7156 -2.8891 0.1928 255 184 0
-5.7156 -2.8891 0.2206 255 103 0
-5.7156 -2.8891 0.2763 196 0 0
-5.7156 -2.8891 0.3041 127 0 0
-5.7156 -2.8891 0.3597 127 0 0
-5.7156 -2.8891 0.3875 127 0 0
-5.6826 -2.8754 -0.0310 0 0 182
-5.7079 -2.8706 0.0262 0 94 255
-5.7079 -2.8706 0.0539 0 175 255
-5.7079 -2.8707 0.1095 82 255 172
-5.7079 -2.8707 0.1372 163 255 91
-5.7079 -2.8707 0.1928 255 184 0
-5.7079 -2.8707 0.2205 255 104 0
-5.7079 -2.8708 0.2761 197 0 0
-5.7079 -2.8708 0.3039 127 0 0
-5.7079 -2.8708 0.3594 127 0 0
-5.7079 -2.8708 0.3872 127 0 0
-5.7039 -2.8302 -0.0274 0 0 193
-5.7039 -2.8302 0.0276 0 98 255
-5.7039 -2.8302 0.0551 0 178 255
-5.7039 -2.8302 0.1100 83 255 171
-5.7039 -2.8302 0.1375 163 255 91
-5.7039 -2.8302 0.1925 255 185 0
-5.7039 -2.8302 0.2200 255 105 0
-5.7039 -2.8302 0.2749 200 0 0
-5.7039 -2.8302 0.3024 127 0 0
-5.7039 -2.8302 0.3574 127 0 0
-5.7039 -2.8302 0.3849 127 0 0
-5.6968 -2.7250 -0.0075 0 0 251
-5.6968 -2.7250 0.0172 0 68 255
-5.6968 -2.7250 0.0664 0 211 255
-5.6968 -2.7250 0.1157 100 255 154
-5.6968 -2.7250 0.1404 172 255 82
-5.6968 -2.7250 0.1896 255 194 0
-5.6968 -2.7250 0.2389 255 50 0
-5.6968 -2.7250 0.2636 233 0 0
-5.6968 -2.7250 0.3128 127 0 0
-5.6968 -2.7250 0.3375 127 0 0
-5.6968 -2.7250 0.3867 127 0 0
-5.6956 -2.7147 -0.0313 0 0 181
-5.7157 -2.6984 0.0361 0 123 255
-5.7157 -2.6985 0.0619 0 198 255
-5.7157 -2.6985 0.1134 93 255 161
-5.7157 -2.6985 0.1392 168 255 86
-5.7157 -2.6985 0.1908 255 190 0
-5.7157 -2.6985 0.2166 255 115 0
-5.7157 -2.6985 0.2681 220 0 0
-5.7157 -2.6985 0.3197 127 0 0
-5.7157 -2.6985 0.3454 127 0 0
-5.7157 -2.6985 0.3970 127 0 0
-5.7081 -2.6741 -0.0147 0 0 230
-5.7081 -2.6741 0.0366 0 124 255
-5.7081 -2.6741 0.0623 0 199 255
-5.7081 -2.6741 0.1136 94 255 160
-5.7081 -2.6741 0.1393 169 255 85
-5.7081 -2.6742 0.1907 255 191 0
-5.7081 -2.6742 0.2164 255 116 0
-5.7081 -2.6742 0.2677 221 0 0
-5.7081 -2.6742 0.3191 127 0 0
-5.7081 -2.6743 0.3447 127 0 0
-5.7081 -2.6743 0.3961 127 0 0
-5.7041 -2.6286 -0.0126 0 0 236
-5.7041 -2.6286 0.0382 0 129 255
-5.7041 -2.6286 0.0635 0 203 255
-5.7041 -2.6286 0.1143 96 255 158
-5.7041 -2.6286 0.1396 170 255 84
-5.7041 -2.6286 0.1904 255 192 0
-5.7041 -2.6286 0.2157 255 118 0
-5.7041 -2.6285 0.2665 225 0 0
-5.7041 -2.6285 0.3172 127 0 0
-5.7041 -2.6285 0.3426 127 0 0
-5.7041 -2.6285 0.3933 127 0 0
-5.6987 -2.5794 -0.0311 0 0 182
-5.7159 -2.5611 0.0297 0 104 255
-5.7159 -2.5611 0.0748 0 236 255
-5.7159 -2.5611 0.1199 112 255 142
-5.7159 -2.5611 0.1424 178 255 76
-5.7159 -2.5611 0.1876 255 200 0
-5.7159 -2.5611 0.2327 255 68 0
-5.7159 -2.5611 0.2778 192 0 0
-5.7159 -2.5611 0.3003 127 0 0
-5.7159 -2.5611 0.3455 127 0 0
-5.7159 -2.5611 0.3906 127 0 0
-5.6970 -2.5552 -0.0186 0 0 219
-5.6970 -2.5552 0.0273 0 97 255
-5.6970 -2.5551 0.0732 0 231 255
-5.6970 -2.5551 0.1191 110 255 144
-5.6970 -2.5551 0.1421 177 255 77
-5.6970 -2.5551 0.1879 255 199 0
-5.6970 -2.5551 0.2338 255 65 0
-5.6970 -2.5551 0.2797 186 0 0
-5.6970 -2.5551 0.3027 127 0 0
-5.6970 -2.5551 0.3486 127 0 0
-5.6970 -2.5551 0.3944 127 0 0
-5.7082 -2.5051 -0.0021 0 12 255
-5.7082 -2.5051 0.0218 0 81 255
-5.7082 -2.5051 0.0695 0 220 255
-5.7082 -2.5052 0.1172 104 255 150
-5.7082 -2.5052 0.1411 174 255 80
-5.7082 -2.5052 0.1889 255 196 0
-5.7082 -2.5052 0.2366 255 57 0
-5.7082 -2.5052 0.2605 242 0 0
-5.7082 -2.5053 0.3083 127 0 0
-5.7082 -2.5053 0.3560 127 0 0
-5.7082 -2.5053 0.3799 127 0 0
-5.7043 -2.4557 -0.0234 0 0 205
-5.7043 -2.4557 0.0237 0 87 255
-5.7043 -2.4557 0.0708 0 224 255
-5.7043 -2.4557 0.1179 106 255 148
-5.7043 -2.4557 0.1415 175 255 79
-5.7043 -2.4557 0.1885 255 197 0
-5.7043 -2.4557 0.2356 255 60 0
-5.7043 -2.4557 0.2592 246 0 0
-5.7043 -2.4557 0.3063 127 0 0
-5.7043 -2.4557 0.3534 127 0 0
-5.7043 -2.4557 0.3769 127 0 0
-5.6971 -2.4072 -0.0068 0 0 253
-5.6971 -2.4072 0.0362 0 123 255
-5.6971 -2.4072 0.0791 0 248 255
-5.6971 -2.4072 0.1006 56 255 198
-5.6971 -2.4072 0.1435 181 255 73
-5.6971 -2.4072 0.1865 255 203 0
-5.6971 -2.4072 0.2294 255 78 0
-5.6971 -2.4072 0.2723 208 0 0
-5.6971 -2.4072 0.3153 127 0 0
-5.6971 -2.4072 0.3582 127 0 0
-5.6971 -2.4072 0.3797 127 0 0
-5.7160 -2.3904 -0.0148 0 0 230
-5.7160 -2.3904 0.0301 0 106 255
-5.7160 -2.3904 0.0751 0 237 255
-5.7160 -2.3904 0.0976 47 255 207
-5.7160 -2.3904 0.1425 178 255 76
-5.7160 -2.3904 0.1875 255 200 0
-5.7160 -2.3904 0.2324 255 69 0
-5.7160 -2.3904 0.2774 193 0 0
-5.7160 -2.3904 0.2999 127 0 0
-5.7160 -2.3904 0.3448 127 0 0
-5.7160 -2.3904 0.3898 127 0 0
-5.7083 -2.3583 -0.0135 0 0 233
-5.7083 -2.3583 0.0311 0 108 255
-5.7084 -2.3583 0.0758 0 238 255
-5.7084 -2.3583 0.0981 49 255 205
-5.7084 -2.3583 0.1427 179 255 75
-5.7084 -2.3584 0.1873 255 200 0
-5.7084 -2.3584 0.2319 255 70 0
-5.7084 -2.3584 0.2766 195 0 0
-5.7084 -2.3584 0.2989 130 0 0
-5.7084 -2.3584 0.3435 127 0 0
-5.7084 -2.3585 0.3881 127 0 0
-5.7044 -2.3060 -0.0108 0 0 241
-5.7044 -2.3060 0.0331 0 114 255
-5.7044 -2.3060 0.0771 0 242 255
-5.7044 -2.3060 0.0991 51 255 203
-5.7044 -2.3060 0.1430 180 255 74
-5.7044 -2.3060 0.1870 255 201 0
-5.7044 -2.3060 0.2309 255 73 0
-5.7044 -2.3060 0.2749 200 0 0
-5.7044 -2.3060 0.3188 127 0 0
-5.7044 -2.3060 0.3408 127 0 0
-5.7044 -2.3060 0.3848 127 0 0
-5.7161 -2.2641 -0.0040 0 6 255
-5.7161 -2.2641 0.0382 0 129 255
-5.7161 -2.2641 0.0594 0 191 255
-5.7161 -2.2641 0.1016 59 255 195
-5.7161 -2.2641 0.1439 182 255 72
-5.7161 -2.2641 0.1861 255 204 0
-5.7161 -2.2641 0.2284 255 81 0
-5.7161 -2.2641 0.2706 213 0 0
-5.7161 -2.2641 0.3129 127 0 0
-5.7161 -2.2641 0.3551 127 0 0
-5.7161 -2.2641 0.3974 127 0 0
-5.7085 -2.2295 -0.0025 0 10 255
-5.7085 -2.2295 0.0394 0 132 255
-5.7085 -2.2295 0.0603 0 193 255
-5.7085 -2.2296 0.1022 61 255 193
-5.7085 -2.2296 0.1441 183 255 71
-5.7085 -2.2296 0.1859 255 204 0
-5.7085 -2.2296 0.2278 255 82 0
-5.7085 -2.2296 0.2697 215 0 0
-5.7085 -2.2297 0.3116 127 0 0
-5.7085 -2.2297 0.3535 127 0 0
-5.7085 -2.2297 0.3953 127 0 0
-5.7045 -2.1750 -0.0204 0 0 213
-5.7045 -2.1750 0.0208 0 78 255
-5.7045 -2.1750 0.0620 0 198 255
-5.7045 -2.1750 0.1032 63 255 191
-5.7045 -2.1750 0.1444 184 255 70
-5.7045 -2.1750 0.1856 255 205 0
-5.7045 -2.1750 0.2268 255 85 0
-5.7045 -2.1750 0.2680 220 0 0
-5.7045 -2.1750 0.3092 127 0 0
-5.7045 -2.1750 0.3504 127 0 0
-5.7045 -2.1750 0.3916 127 0 0
-5.7162 -2.1522 -0.0143 0 0 231
-5.7162 -2.1522 0.0255 0 92 255
-5.7162 -2.1522 0.0654 0 208 255
-5.7162 -2.1522 0.1052 69 255 185
-5.7162 -2.1522 0.1451 185 255 69
-5.7162 -2.1522 0.1849 255 207 0
-5.7162 -2.1522 0.2248 255 91 0
-5.7162 -2.1522 0.2646 230 0 0
-5.7162 -2.1522 0.3045 127 0 0
-5.7162 -2.1522 0.3443 127 0 0
-5.7162 -2.1522 0.3842 127 0 0
-5.6901 -2.0838 -0.0317 0 0 180
-5.7086 -2.1157 0.0269 0 96 255
-5.7086 -2.1157 0.0664 0 211 255
-5.7086 -2.1157 0.1058 71 255 183
-5.7086 -2.1157 0.1453 186 255 68
-5.7086 -2.1158 0.1847 255 208 0
-5.7086 -2.1158 0.2242 255 93 0
-5.7086 -2.1158 0.2636 233 0 0
-5.7086 -2.1158 0.3031 127 0 0
-5.7086 -2.1158 0.3425 127 0 0
-5.7086 -2.1158 0.3820 127 0 0
-5.7046 -2.0595 -0.0095 0 0 245
-5.7046 -2.0595 0.0293 0 103 255
-5.7046 -2.0595 0.0681 0 216 255
-5.7046 -2.0595 0.1068 74 255 180
-5.7046 -2.0595 0.1456 187 255 67
-5.7046 -2.0595 0.1844 255 209 0
-5.7046 -2.0595 0.2232 255 96 0
-5.7046 -2.0595 0.2619 238 0 0
-5.7046 -2.0594 0.3007 127 0 0
-5.7046 -2.0594 0.3589 127 0 0
-5.7046 -2.0594 0.3976 127 0 0
-5.7086 -2.0143 -0.0028 0 10 255
-5.7087 -2.0143 0.0345 0 118 255
-5.7087 -2.0143 0.0718 0 227 255
-5.7087 -2.0143 0.1091 81 255 173
-5.7087 -2.0144 0.1464 189 255 65
-5.7087 -2.0144 0.1836 255 211 0
-5.7087 -2.0144 0.2396 255 48 0
-5.7087 -2.0144 0.2769 194 0 0
-5.7087 -2.0144 0.3142 127 0 0
-5.7087 -2.0144 0.3515 127 0 0
-5.7087 -2.0145 0.3888 127 0 0
-5.7164 -1.9625 -0.0140 0 0 232
-5.7164 -1.9625 0.0397 0 133 255
-5.7164 -1.9625 0.0755 0 238 255
-5.7164 -1.9625 0.1113 87 255 167
-5.7164 -1.9625 0.1471 191 255 63
-5.7164 -1.9625 0.1829 255 213 0
-5.7164 -1.9625 0.2366 255 57 0
-5.7164 -1.9626 0.2724 207 0 0
-5.7164 -1.9626 0.3082 127 0 0
-5.7164 -1.9626 0.3440 127 0 0
-5.7164 -1.9626 0.3977 127 0 0
-5.7047 -1.9568 -0.0181 0 0 220
-5.7047 -1.9568 0.0368 0 125 255
-5.7047 -1.9568 0.0735 0 232 255
-5.7047 -1.9568 0.1101 84 255 170
-5.7047 -1.9568 0.1467 190 255 64
-5.7047 -1.9568 0.1833 255 212 0
-5.7047 -1.9568 0.2382 255 52 0
-5.7047 -1.9568 0.2748 200 0 0
-5.7047 -1.9568 0.3115 127 0 0
-5.7047 -1.9568 0.3481 127 0 0
-5.7047 -1.9568 0.3847 127 0 0
-5.6800 -1.9126 -0.0319 0 0 180
-5.7165 -1.8815 0.0288 0 102 255
-5.7165 -1.8815 0.0799 0 250 255
-5.7165 -1.8815 0.1139 95 255 159
-5.7165 -1.8815 0.1480 194 255 60
-5.7165 -1.8815 0.1991 255 166 0
-5.7165 -1.8815 0.2331 255 67 0
-5.7165 -1.8815 0.2672 223 0 0
-5.7165 -1.8815 0.3183 127 0 0
-5.7165 -1.8815 0.3523 127 0 0
-5.7165 -1.8815 0.3864 127 0 0
-5.7048 -1.8649 -0.0084 0 0 248
-5.7048 -1.8649 0.0263 0 94 255
-5.7048 -1.8649 0.0783 0 246 255
-5.7048 -1.8649 0.1130 92 255 162
-5.7048 -1.8649 0.1477 193 255 61
-5.7048 -1.8649 0.1997 255 164 0
-5.7048 -1.8649 0.2344 255 63 0
-5.7048 -1.8649 0.2691 217 0 0
-5.7048 -1.8649 0.3037 127 0 0
-5.7048 -1.8649 0.3558 127 0 0
-5.7048 -1.8649 0.3905 127 0 0
-5.7165 -1.8080 -0.0137 0 0 233
-5.7165 -1.8080 0.0351 0 120 255
-5.7165 -1.8080 0.0675 0 215 255
-5.7165 -1.8080 0.1163 102 255 152
-5.7165 -1.8080 0.1488 196 255 58
-5.7165 -1.8080 0.1975 255 171 0
-5.7165 -1.8080 0.2300 255 76 0
-5.7165 -1.8080 0.2787 189 0 0
-5.7165 -1.8080 0.3112 127 0 0
-5.7165 -1.8080 0.3599 127 0 0
-5.7165 -1.8080 0.3924 127 0 0
-5.7048 -1.7822 -0.0162 0 0 225
-5.7048 -1.7822 0.0332 0 114 255
-5.7048 -1.7822 0.0661 0 210 255
-5.7048 -1.7822 0.1156 100 255 154
-5.7048 -1.7822 0.1485 196 255 58
-5.7048 -1.7822 0.1979 255 169 0
-5.7048 -1.7822 0.2309 255 73 0
-5.7048 -1.7822 0.2638 232 0 0
-5.7048 -1.7822 0.3133 127 0 0
-5.7048 -1.7822 0.3462 127 0 0
-5.7048 -1.7822 0.3956 127 0 0
-5.7166 -1.7409 -0.0058 0 1 255
-5.7166 -1.7409 0.0253 0 91 255
-5.7166 -1.7409 0.0719 0 227 255
-5.7166 -1.7409 0.1184 108 255 146
-5.7166 -1.7409 0.1495 198 255 56
-5.7166 -1.7409 0.1960 255 175 0
-5.7166 -1.7409 0.2271 255 84 0
-5.7166 -1.7409 0.2737 204 0 0
-5.7166 -1.7409 0.3047 127 0 0
-5.7166 -1.7409 0.3513 127 0 0
-5.7166 -1.7409 0.3979 127 0 0
-5.7049 -1.7074 -0.0076 0 0 251
-5.7049 -1.7074 0.0395 0 133 255
-5.7049 -1.7074 0.0709 0 224 255
-5.7049 -1.7074 0.1179 106 255 148
-5.7049 -1.7074 0.1493 198 255 56
-5.7049 -1.7074 0.1964 255 174 0
-5.7049 -1.7074 0.2278 255 83 0
-5.7049 -1.7074 0.2748 200 0 0
-5.7049 -1.7074 0.3062 127 0 0
-5.7049 -1.7074 0.3533 127 0 0
-5.7049 -1.7074 0.3847 127 0 0
-5.6942 -1.6551 -0.0321 0 0 179
-5.7166 -1.6795 0.0312 0 109 255
-5.7166 -1.6795 0.0758 0 239 255
-5.7166 -1.6795 0.1055 70 255 184
-5.7166 -1.6795 0.1501 200 255 54
-5.7166 -1.6795 0.1947 255 179 0
-5.7166 -1.6795 0.2393 255 49 0
-5.7166 -1.6796 0.2691 217 0 0
-5.7166 -1.6796 0.3137 127 0 0
-5.7166 -1.6796 0.3583 127 0 0
-5.7166 -1.6796 0.3880 127 0 0
-5.7050 -1.6395 -0.0147 0 0 230
-5.7050 -1.6395 0.0302 0 106 255
-5.7050 -1.6395 0.0751 0 237 255
-5.7050 -1.6394 0.1051 69 255 185
-5.7050 -1.6394 0.1500 200 255 54
-5.7050 -1.6394 0.1950 255 178 0
-5.7050 -1.6394 0.2399 255 47 0
-5.7050 -1.6394 0.2698 215 0 0
-5.7050 -1.6394 0.3148 127 0 0
-5.7050 -1.6394 0.3597 127 0 0
-5.7050 -1.6394 0.3896 127 0 0
-5.7050 -1.5774 -0.0069 0 0 253
-5.7050 -1.5774 0.0361 0 123 255
-5.7050 -1.5774 0.0791 0 248 255
-5.7050 -1.5774 0.1077 77 255 177
-5.7050 -1.5774 0.1507 202 255 52
-5.7050 -1.5774 0.1936 255 182 0
-5.7050 -1.5774 0.2366 255 57 0
-5.7050 -1.5774 0.2796 186 0 0
-5.7050 -1.5774 0.3082 127 0 0
-5.7050 -1.5774 0.3512 127 0 0
-5.7050 -1.5774 0.3942 127 0 0
-5.7051 -1.5205 -0.0134 0 0 234
-5.7051 -1.5205 0.0277 0 99 255
-5.7051 -1.5205 0.0689 0 219 255
-5.7051 -1.5205 0.1101 84 255 170
-5.7051 -1.5205 0.1513 204 255 50
-5.7051 -1.5205 0.1925 255 185 0
-5.7051 -1.5205 0.2336 255 65 0
-5.7051 -1.5205 0.2748 200 0 0
-5.7051 -1.5205 0.3160 127 0 0
-5.7051 -1.5205 0.3572 127 0 0
-5.7051 -1.5205 0.3846 127 0 0
-5.7091 -1.4813 -0.0035 0 7 255
-5.7091 -1.4813 0.0354 0 121 255
-5.7091 -1.4813 0.0742 0 234 255
-5.7091 -1.4813 0.1131 92 255 162
-5.7091 -1.4813 0.1520 206 255 48
-5.7091 -1.4813 0.1909 255 190 0
-5.7091 -1.4813 0.2298 255 77 0
-5.7091 -1.4813 0.2687 218 0 0
-5.7091 -1.4814 0.3076 127 0 0
-5.7091 -1.4814 0.3595 127 0 0
-5.7092 -1.4814 0.3984 127 0 0
-5.7051 -1.4682 -0.0063 0 0 254
-5.7051 -1.4682 0.0332 0 115 255
-5.7051 -1.4682 0.0728 0 230 255
-5.7051 -1.4682 0.1123 90 255 164
-5.7051 -1.4682 0.1518 205 255 49
-5.7051 -1.4682 0.1914 255 189 0
-5.7051 -1.4682 0.2309 255 73 0
-5.7051 -1.4682 0.2704 213 0 0
-5.7051 -1.4682 0.3099 127 0 0
-5.7051 -1.4682 0.3495 127 0 0
-5.7051 -1.4682 0.3890 127 0 0
-5.7051 -1.4199 -0.0124 0 0 237
-5.7051 -1.4199 0.0383 0 129 255
-5.7051 -1.4199 0.0763 0 240 255
-5.7051 -1.4199 0.1143 96 255 158
-5.7051 -1.4199 0.1523 207 255 47
-5.7051 -1.4199 0.1903 255 192 0
-5.7051 -1.4199 0.2283 255 81 0
-5.7052 -1.4199 0.2790 188 0 0
-5.7052 -1.4199 0.3170 127 0 0
-5.7052 -1.4199 0.3550 127 0 0
-5.7052 -1.4199 0.3930 127 0 0
-5.7052 -1.3751 -0.0058 0 1 255
-5.7052 -1.3751 0.0308 0 107 255
-5.7052 -1.3751 0.0796 0 250 255
-5.7052 -1.3751 0.1162 101 255 153
-5.7052 -1.3752 0.1528 208 255 46
-5.7052 -1.3752 0.1894 255 194 0
-5.7052 -1.3752 0.2382 255 52 0
-5.7052 -1.3752 0.2748 200 0 0
-5.7052 -1.3752 0.3114 127 0 0
-5.7052 -1.3752 0.3480 127 0 0
-5.7052 -1.3752 0.3968 127 0 0
-5.7052 -1.3336 -0.0114 0 0 239
-5.7052 -1.3336 0.0356 0 121 255
-5.7052 -1.3336 0.0709 0 224 255
-5.7052 -1.3336 0.1179 106 255 148
-5.7052 -1.3336 0.1532 209 255 45
-5.7052 -1.3336 0.1885 255 197 0
-5.7052 -1.3336 0.2356 255 60 0
-5.7052 -1.3336 0.2709 212 0 0
-5.7052 -1.3336 0.3179 127 0 0
-5.7052 -1.3336 0.3532 127 0 0
-5.7052 -1.3336 0.3885 127 0 0
-5.7053 -1.2950 -0.0054 0 2 255
-5.7053 -1.2950 0.0287 0 101 255
-5.7053 -1.2950 0.0741 0 234 255
-5.7053 -1.2950 0.1196 111 255 143
-5.7053 -1.2950 0.1536 210 255 44
-5.7053 -1.2950 0.1991 255 166 0
-5.7053 -1.2950 0.2331 255 67 0
-5.7053 -1.2950 0.2786 189 0 0
-5.7053 -1.2950 0.3126 127 0 0
-5.7053 -1.2950 0.3581 127 0 0
-5.7053 -1.2950 0.3921 127 0 0
-5.7053 -1.2589 -0.0107 0 0 242
-5.7053 -1.2589 0.0333 0 115 255
-5.7053 -1.2589 0.0772 0 243 255
-5.7053 -1.2589 0.1101 84 255 170
-5.7053 -1.2589 0.1540 212 255 42
-5.7053 -1.2589 0.1979 255 169 0
-5.7053 -1.2589 0.2309 255 73 0
-5.7053 -1.2589 0.2748 200 0 0
-5.7053 -1.2589 0.3187 127 0 0
-5.7053 -1.2589 0.3516 127 0 0
-5.7053 -1.2589 0.3955 127 0 0
-5.7053 -1.2251 -0.0050 0 3 255
-5.7053 -1.2252 0.0375 0 127 255
-5.7053 -1.2252 0.0694 0 220 255
-5.7053 -1.2252 0.1119 89 255 165
-5.7053 -1.2252 0.1544 213 255 41
-5.7053 -1.2252 0.1969 255 173 0
-5.7053 -1.2252 0.2394 255 49 0
-5.7053 -1.2252 0.2712 211 0 0
-5.7053 -1.2252 0.3137 127 0 0
-5.7053 -1.2252 0.3562 127 0 0
-5.7053 -1.2252 0.3881 127 0 0
-5.7053 -1.1935 -0.0100 0 0 244
-5.7053 -1.1935 0.0312 0 109 255
-5.7053 -1.1935 0.0724 0 229 255
-5.7053 -1.1935 0.1135 94 255 160
-5.7053 -1.1935 0.1547 214 255 40
-5.7053 -1.1935 0.1959 255 175 0
-5.7053 -1.1935 0.2370 255 55 0
-5.7053 -1.1935 0.2782 191 0 0
-5.7053 -1.1935 0.3194 127 0 0
-5.7054 -1.1638 0.3546 127 0 0
-5.7054 -1.1638 0.3945 127 0 0
-5.6828 -1.1495 -0.0326 0 0 178
-5.7094 -1.1457 0.0335 0 115 255
-5.7094 -1.1457 0.0711 0 225 255
-5.7094 -1.1457 0.1181 107 255 147
-5.7094 -1.1458 0.1556 216 255 38
-5.7094 -1.1458 0.1932 255 183 0
-5.7095 -1.1221 0.2381 255 52 0
-5.7094 -1.1458 0.2777 192 0 0
-5.7094 -1.1458 0.3152 127 0 0
-5.7095 -1.1221 0.3569 127 0 0
-5.7095 -1.1222 0.3935 127 0 0
-5.6871 -1.1058 -0.0326 0 0 178
-5.7095 -1.0997 0.0315 0 110 255
-5.7095 -1.0997 0.0760 0 239 255
-5.7095 -1.0997 0.1116 88 255 166
-5.7095 -1.0997 0.1561 218 255 36
-5.7095 -1.0997 0.1917 255 188 0
-5.7095 -1.0997 0.2362 255 58 0
-5.7095 -1.0997 0.2718 209 0 0
-5.7095 -1.0997 0.3163 127 0 0
-5.7095 -1.0997 0.3519 127 0 0
-5.7095 -1.0997 0.3964 127 0 0
-5.7095 -1.0784 -0.0084 0 0 248
-5.7095 -1.0784 0.0349 0 119 255
-5.7095 -1.0784 0.0783 0 246 255
-5.7095 -1.0784 0.1130 92 255 162
-5.7095 -1.0784 0.1563 218 255 36
-5.7095 -1.0784 0.1997 255 164 0
-5.7095 -1.0784 0.2344 255 63 0
-5.7095 -1.0784 0.2777 192 0 0
-5.7095 -1.0582 0.3172 127 0 0
-5.7095 -1.0582 0.3595 127 0 0
-5.7095 -1.0583 0.3933 127 0 0
-5.7095 -1.0389 -0.0000 0 18 255
-5.7095 -1.0389 0.0330 0 114 255
-5.7095 -1.0390 0.0742 0 234 255
-5.7095 -1.0390 0.1155 99 255 155
-5.7095 -1.0390 0.1567 220 255 34
-5.7095 -1.0390 0.1980 255 169 0
-5.7095 -1.0390 0.2393 255 49 0
-5.7095 -1.0390 0.2723 208 0 0
-5.7095 -1.0390 0.3135 127 0 0
-5.7095 -1.0390 0.3548 127 0 0
-5.7095 -1.0390 0.3961 127 0 0
-5.6822 -0.9728 -0.0322 0 0 179
-5.6813 -0.9478 -0.0328 0 0 177
-5.6712 -5.1432 -0.0182 0 0 220
-5.6712 -5.1432 0.0276 0 98 255
-5.6712 -5.1432 0.0734 0 232 255
-5.6712 -5.1432 0.1192 110 255 144
-5.6712 -5.1432 0.1650 244 255 10
-5.6712 -5.1432 0.2108 255 132 0
-5.6712 -5.1432 0.2566 254 0 0
-5.6712 -5.1432 0.3024 127 0 0
-5.6712 -5.1432 0.3481 127 0 0
-5.6712 -5.1432 0.3939 127 0 0
-5.6642 -4.7283 -0.0255 0 0 198
-5.6596 -4.4443 -0.0300 0 0 185
-5.6592 -4.1521 -0.0301 0 0 185
-5.6607 -3.9251 -0.0298 0 0 186
-5.6473 -3.9165 -0.0301 0 0 185
-5.6458 -3.8611 -0.0270 0 0 194
-5.6688 -3.7938 -0.0306 0 0 184
-5.6451 -3.5034 -0.0306 0 0 183
-5.6451 -3.3269 -0.0304 0 0 184
-5.6678 -3.3104 -0.0306 0 0 183
-5.6654 -3.2790 -0.0281 0 0 191
-5.6609 -3.0482 -0.0310 0 0 182
-5.6617 -2.8994 -0.0308 0 0 183
-5.6552 -2.8695 -0.0310 0 0 182
-5.6518 -2.7335 -0.0312 0 0 182
-5.6500 -2.6965 -0.0313 0 0 181
-5.6498 -2.5757 -0.0311 0 0 182
-5.6457 -2.5377 -0.0313 0 0 181
-5.6411 -2.4709 -0.0314 0 0 181
-5.6416 -2.4222 -0.0316 0 0 181
-5.6406 -2.3232 -0.0314 0 0 181
-5.6597 -2.2835 -0.0316 0 0 181
-5.6515 -2.2654 -0.0316 0 0 181
-5.6530 -2.2096 -0.0317 0 0 180
-5.6527 -2.1222 -0.0316 0 0 181
-5.6469 -2.0886 -0.0302 0 0 185
-5.6516 -2.0756 -0.0317 0 0 180
-5.6458 -2.0287 -0.0319 0 0 180
-5.6576 -1.9258 -0.0305 0 0 184
-5.6450 -1.9052 -0.0319 0 0 180
-5.6546 -1.8186 -0.0319 0 0 180
-5.6556 -1.7664 -0.0320 0 0 179
-5.6511 -1.7279 -0.0321 0 0 179
-5.6478 -1.7011 -0.0320 0 0 179
-5.6497 -1.6457 -0.0321 0 0 179
-5.6420 -1.6002 -0.0321 0 0 179
-5.6528 -1.5721 -0.0311 0 0 182
-5.6446 -1.5421 -0.0322 0 0 179
-5.6473 -1.4847 -0.0312 0 0 182
-5.6402 -1.4522 -0.0323 0 0 179
-5.6424 -1.4082 -0.0314 0 0 181
-5.6484 -1.3761 -0.0324 0 0 178
-5.6496 -1.3420 -0.0315 0 0 181
-5.6443 -1.3065 -0.0324 0 0 178
-5.6407 -1.2446 -0.0325 0 0 178
-5.6413 -1.2277 -0.0317 0 0 180
-5.6476 -1.1913 -0.0325 0 0 178
-5.6442 -1.1413 -0.0326 0 0 178
-5.6410 -1.0960 -0.0326 0 0 178
-5.6470 -1.0567 -0.0327 0 0 178
-5.6440 -1.0190 -0.0327 0 0 177
-5.6413 -0.9844 -0.0327 0 0 177
-5.6418 -0.9417 -0.0322 0 0 179
-5.6462 -0.9179 -0.0323 0 0 179
-5.6411 -0.8734 -0.0323 0 0 178
-5.6305 -5.1432 -0.0189 0 0 218
-5.6305 -5.1432 0.0271 0 97 255
-5.6305 -5.1432 0.0731 0 231 255
-5.6305 -5.1432 0.1190 110 255 144
-5.6305 -5.1432 0.1650 244 255 10
-5.6305 -5.1432 0.2110 255 131 0
-5.6305 -5.1432 0.2569 253 0 0
-5.6305 -5.1432 0.3029 127 0 0
-5.6305 -5.1432 0.3489 127 0 0
-5.6305 -5.1432 0.3948 127 0 0
-5.6170 -4.7225 -0.0255 0 0 198
-5.6241 -4.4283 -0.0300 0 0 185
-5.6230 -4.1376 -0.0301 0 0 185
-5.6339 -4.1199 -0.0298 0 0 186
-5.6219 -3.9221 -0.0298 0 0 186
-5.6091 -3.9084 -0.0301 0 0 185
-5.6077 -3.8564 -0.0270 0 0 194
-5.6094 -3.7669 -0.0306 0 0 184
-5.6148 -3.4913 -0.0306 0 0 183
-5.6126 -3.3244 -0.0304 0 0 184
-5.6041 -3.2968 -0.0306 0 0 183
-5.6015 -3.2711 -0.0281 0 0 191
-5.6114 -3.0558 -0.0308 0 0 183
-5.6089 -3.0274 -0.0310 0 0 182
-5.6059 -2.8951 -0.0308 0 0 183
-5.6004 -2.8579 -0.0310 0 0 182
-5.6044 -2.7210 -0.0312 0 0 182
-5.6272 -2.6874 -0.0313 0 0 181
-5.6045 -2.6783 -0.0313 0 0 181
-5.6009 -2.5719 -0.0311 0 0 182
-5.6217 -2.5326 -0.0313 0 0 181
-5.6200 -2.4654 -0.0314 0 0 181
-5.6010 -2.4060 -0.0316 0 0 181
-5.6188 -2.3215 -0.0314 0 0 181
-5.6124 -2.2841 -0.0298 0 0 186
-5.6170 -2.2744 -0.0316 0 0 181
-5.6348 -2.2023 -0.0317 0 0 180
-5.6165 -2.1950 -0.0317 0 0 180
-5.6331 -2.1207 -0.0316 0 0 181
-5.6082 -2.0838 -0.0302 0 0 185
-5.6131 -2.0674 -0.0317 0 0 180
-5.6126 -2.0154 -0.0319 0 0 180
-5.6223 -1.9215 -0.0305 0 0 184
-5.6100 -1.8978 -0.0319 0 0 180
-5.6093 -1.8655 -0.0320 0 0 179
-5.6056 -1.8149 -0.0319 0 0 180
-5.6395 -1.7630 -0.0320 0 0 179
-5.6065 -1.7386 -0.0321 0 0 179
-5.6025 -1.6976 -0.0320 0 0 179
-5.6348 -1.6425 -0.0321 0 0 179
-5.6052 -1.6362 -0.0321 0 0 179
-5.6111 -1.5669 -0.0311 0 0 182
-5.6033 -1.5333 -0.0322 0 0 179
-5.6213 -1.4815 -0.0312 0 0 182
-5.6016 -1.4440 -0.0323 0 0 179
-5.6059 -1.4037 -0.0314 0 0 181
-5.6002 -1.3659 -0.0324 0 0 178
-5.6038 -1.3363 -0.0315 0 0 181
-5.6103 -1.2993 -0.0324 0 0 178
-5.6192 -1.2400 -0.0325 0 0 178
-5.6085 -1.2377 -0.0325 0 0 178
-5.6069 -1.1827 -0.0325 0 0 178
-5.6055 -1.1331 -0.0326 0 0 178
-5.6042 -1.0882 -0.0326 0 0 178
-5.6031 -1.0474 -0.0327 0 0 178
-5.6020 -1.0101 -0.0327 0 0 177
-5.6010 -0.9759 -0.0327 0 0 177
-5.6001 -0.9444 -0.0328 0 0 177
-5.6067 -0.9169 -0.0328 0 0 177
-5.6047 -0.8649 -0.0328 0 0 177
-5.6178 0.4745 -0.0015 0 13 255
-5.6178 0.4746 0.0384 0 130 255
-5.6178 0.4747 0.0784 0 246 255
-5.6179 0.4748 0.1184 108 255 146
-5.6179 0.4749 0.1583 224 255 30
-5.6179 0.4750 0.1983 255 168 0
-5.6179 0.4750 0.2383 255 52 0
-5.6179 0.4751 0.2783 190 0 0
-5.6179 0.4752 0.3184 127 0 0
-5.6180 0.4753 0.3584 127 0 0
-5.6180 0.4754 0.3918 127 0 0
-5.6178 0.5125 -0.0037 0 7 255
-5.6179 0.5126 0.0385 0 130 255
-5.6179 0.5127 0.0736 0 232 255
-5.6179 0.5128 0.1158 100 255 154
-5.6179 0.5129 0.1580 223 255 31
-5.6179 0.5130 0.1931 255 183 0
-5.6179 0.5131 0.2353 255 60 0
-5.6180 0.5132 0.2776 192 0 0
-5.6180 0.5133 0.3198 127 0 0
-5.6180 0.5134 0.3550 127 0 0
-5.6180 0.5134 0.3902 127 0 0
-5.6154 0.5399 -0.0025 0 10 255
-5.6154 0.5399 0.0339 0 117 255
-5.6155 0.5400 0.0776 0 244 255
-5.6155 0.5400 0.1140 95 255 159
-5.6155 0.5400 0.1577 222 255 32
-5.6155 0.5400 0.1941 255 181 0
-5.6155 0.5401 0.2378 255 53 0
-5.6155 0.5401 0.2743 202 0 0
-5.6155 0.5401 0.3180 127 0 0
-5.6015 0.5401 0.3599 127 0 0
-5.6015 0.5401 0.3960 127 0 0
-5.5895 -5.1432 -0.0196 0 0 216
-5.5895 -5.1432 0.0266 0 95 255
-5.5895 -5.1432 0.0727 0 230 255
-5.5895 -5.1432 0.1189 109 255 145
-5.5895 -5.1432 0.1650 244 255 10
-5.5895 -5.1432 0.2111 255 131 0
-5.5895 -5.1432 0.2573 251 0 0
-5.5895 -5.1432 0.3034 127 0 0
-5.5895 -5.1432 0.3496 127 0 0
-5.5895 -5.1432 0.3957 127 0 0
-5.5697 -4.7167 -0.0255 0 0 198
-5.5886 -4.4122 -0.0300 0 0 185
-5.5867 -4.1231 -0.0301 0 0 185
-5.5962 -4.1100 -0.0298 0 0 186
-5.5709 -3.9003 -0.0301 0 0 185
-5.5696 -3.8517 -0.0270 0 0 194
-5.5797 -3.7535 -0.0306 0 0 184
-5.5893 -3.4923 -0.0304 0 0 184
-5.5845 -3.4792 -0.0306 0 0 183
-5.5801 -3.3219 -0.0304 0 0 184
-5.5722 -3.2901 -0.0306 0 0 183
-5.5695 -3.2672 -0.0281 0 0 191
-5.5844 -3.0487 -0.0308 0 0 183
-5.5829 -3.0170 -0.0310 0 0 182
-5.5685 -2.9247 -0.0313 0 0 182
-5.5781 -2.8930 -0.0308 0 0 183
-5.5730 -2.8521 -0.0310 0 0 182
-5.5806 -2.7148 -0.0312 0 0 182
-5.5817 -2.6692 -0.0313 0 0 181
-5.5765 -2.5701 -0.0311 0 0 182
-5.5737 -2.5225 -0.0313 0 0 181
-5.5777 -2.4543 -0.0314 0 0 181
-5.5604 -2.3898 -0.0316 0 0 181
-5.5909 -2.2815 -0.0298 0 0 186
-5.5742 -2.2654 -0.0316 0 0 181
-5.5617 -2.1731 -0.0317 0 0 180
-5.5888 -2.0814 -0.0302 0 0 185
-5.5746 -2.0593 -0.0317 0 0 180
-5.5793 -2.0021 -0.0319 0 0 180
-5.5627 -1.9955 -0.0319 0 0 180
-5.5735 -1.9506 -0.0317 0 0 180
-5.5750 -1.8903 -0.0319 0 0 180
-5.5636 -1.8473 -0.0320 0 0 179
-5.5728 -1.8124 -0.0319 0 0 180
-5.5694 -1.7779 -0.0307 0 0 183
-5.5643 -1.7217 -0.0321 0 0 179
-5.5723 -1.6953 -0.0320 0 0 179
-5.5694 -1.6617 -0.0309 0 0 183
-5.5649 -1.6140 -0.0322 0 0 179
-5.5694 -1.5618 -0.0311 0 0 182
-5.5654 -1.5205 -0.0323 0 0 179
-5.5714 -1.5076 -0.0322 0 0 179
-5.5888 -1.4413 -0.0323 0 0 179
-5.5659 -1.4387 -0.0324 0 0 178
-5.5760 -1.3607 -0.0324 0 0 178
-5.5640 -1.3582 -0.0324 0 0 178
-5.5648 -1.2896 -0.0324 0 0 178
-5.5693 -1.2724 -0.0316 0 0 181
-5.5656 -1.2286 -0.0325 0 0 178
-5.5662 -1.1740 -0.0325 0 0 178
-5.5669 -1.1249 -0.0326 0 0 178
-5.5674 -1.0804 -0.0326 0 0 178
-5.5767 -1.0418 -0.0327 0 0 178
-5.5679 -1.0399 -0.0327 0 0 178
-5.5607 -0.9673 -0.0327 0 0 177
-5.5614 -0.9362 -0.0328 0 0 177
-5.5621 -0.9075 -0.0328 0 0 177
-5.5632 -0.8561 -0.0328 0 0 177
-5.5638 -0.8331 -0.0329 0 0 177
-5.5991 0.4784 -0.0333 0 0 176
-5.5962 0.5033 -0.0333 0 0 176
-5.5995 0.5153 0.0361 0 123 255
-5.5995 0.5153 0.0768 0 242 255
-5.5995 0.5153 0.1175 105 255 149
-5.5995 0.5153 0.1582 224 255 30
-5.5995 0.5153 0.1989 255 167 0
-5.5995 0.5153 0.2396 255 48 0
-5.5995 0.5153 0.2736 204 0 0
-5.5995 0.5153 0.3143 127 0 0
-5.5995 0.5153 0.3550 127 0 0
-5.5995 0.5153 0.3957 127 0 0
-5.5945 0.5399 -0.0002 0 17 255
-5.5945 0.5399 0.0357 0 122 255
-5.5945 0.5400 0.0788 0 247 255
-5.5945 0.5400 0.1147 97 255 157
-5.5945 0.5400 0.1578 223 255 31
-5.5945 0.5400 0.1937 255 182 0
-5.5945 0.5401 0.2369 255 56 0
-5.5945 0.5401 0.2800 185 0 0
-5.5609 0.5401 0.3197 127 0 0
-5.5945 0.5401 0.3590 127 0 0
-5.5945 0.5401 0.3950 127 0 0
-5.5482 -5.1432 -0.0203 0 0 213
-5.5482 -5.1432 0.0260 0 94 255
-5.5482 -5.1432 0.0723 0 229 255
-5.5482 -5.1432 0.1187 109 255 145
-5.5482 -5.1432 0.1650 244 255 10
-5.5482 -5.1432 0.2113 255 130 0
-5.5482 -5.1432 0.2577 250 0 0
-5.5482 -5.1432 0.3040 127 0 0
-5.5482 -5.1432 0.3503 127 0 0
-5.5482 -5.1432 0.3967 127 0 0
-5.5224 -4.7109 -0.0255 0 0 198
-5.5530 -4.3962 -0.0300 0 0 185
-5.5505 -4.1087 -0.0301 0 0 185
-5.5328 -3.8922 -0.0301 0 0 185
-5.5315 -3.8470 -0.0270 0 0 194
-5.5203 -3.7267 -0.0306 0 0 184
-5.5578 -3.4840 -0.0304 0 0 184
-5.5239 -3.4550 -0.0306 0 0 183
-5.5403 -3.2833 -0.0306 0 0 183
-5.5376 -3.2633 -0.0281 0 0 191
-5.5573 -3.0416 -0.0308 0 0 183
-5.5569 -3.0066 -0.0310 0 0 182
-5.5309 -2.9963 -0.0310 0 0 182
-5.5223 -2.8887 -0.0308 0 0 183
-5.5456 -2.8463 -0.0310 0 0 182
-5.5332 -2.7023 -0.0312 0 0 182
-5.5361 -2.6510 -0.0313 0 0 181
-5.5250 -2.6292 -0.0315 0 0 181
-5.5276 -2.5663 -0.0311 0 0 182
-5.5212 -2.5217 -0.0294 0 0 187
-5.5257 -2.5123 -0.0313 0 0 181
-5.5355 -2.4432 -0.0314 0 0 181
-5.5259 -2.4084 -0.0317 0 0 180
-5.5401 -2.3817 -0.0316 0 0 181
-5.5318 -2.3148 -0.0314 0 0 181
-5.5315 -2.2563 -0.0316 0 0 181
-5.5374 -2.2354 -0.0316 0 0 181
-5.5434 -2.1658 -0.0317 0 0 180
-5.5251 -2.1585 -0.0317 0 0 180
-5.5351 -2.1132 -0.0316 0 0 181
-5.5361 -2.0511 -0.0317 0 0 180
-5.5295 -1.9822 -0.0319 0 0 180
-5.5200 -1.9465 -0.0317 0 0 180
-5.5400 -1.8829 -0.0319 0 0 180
-5.5483 -1.8412 -0.0320 0 0 179
-5.5331 -1.8351 -0.0320 0 0 179
-5.5208 -1.7719 -0.0307 0 0 183
-5.5271 -1.7391 -0.0320 0 0 179
-5.5220 -1.7048 -0.0321 0 0 179
-5.5245 -1.6561 -0.0309 0 0 183
-5.5387 -1.6035 -0.0322 0 0 179
-5.5257 -1.5983 -0.0322 0 0 179
-5.5481 -1.5216 -0.0322 0 0 179
-5.5288 -1.5059 -0.0323 0 0 179
-5.5304 -1.4703 -0.0312 0 0 182
-5.5201 -1.4204 -0.0324 0 0 178
-5.5555 -1.3622 -0.0324 0 0 178
-5.5232 -1.3492 -0.0324 0 0 178
-5.5259 -1.2859 -0.0325 0 0 178
-5.5260 -1.2670 -0.0316 0 0 181
-5.5284 -1.2292 -0.0325 0 0 178
-5.5215 -1.1745 -0.0326 0 0 178
-5.5239 -1.1285 -0.0326 0 0 178
-5.5282 -1.1167 -0.0326 0 0 178
-5.5214 -1.0706 -0.0326 0 0 178
-5.5240 -1.0306 -0.0327 0 0 178
-5.5263 -0.9940 -0.0327 0 0 177
-5.5204 -0.9588 -0.0327 0 0 177
-5.5249 -0.8996 -0.0328 0 0 177
-5.5268 -0.8732 -0.0328 0 0 177
-5.5237 -0.8246 -0.0329 0 0 177
-5.5263 0.4796 -0.0329 0 0 177
-5.5574 0.4984 -0.0333 0 0 176
-5.5343 0.5153 0.0399 0 134 255
-5.5542 0.5153 0.0753 0 237 255
-5.5542 0.5153 0.1167 103 255 151
-5.5542 0.5153 0.1581 223 255 31
-5.5542 0.5153 0.1995 255 165 0
-5.5542 0.5153 0.2340 255 64 0
-5.5542 0.5153 0.2754 199 0 0
-5.5542 0.5153 0.3168 127 0 0
-5.5542 0.5153 0.3582 127 0 0
-5.5542 0.5153 0.3927 127 0 0
-5.5543 0.5399 -0.0029 0 9 255
-5.5543 0.5400 0.0390 0 131 255
-5.5543 0.5400 0.0740 0 233 255
-5.5543 0.5400 0.1160 101 255 153
-5.5543 0.5400 0.1580 223 255 31
-5.5543 0.5400 0.2000 255 163 0
-5.5543 0.5401 0.2350 255 61 0
-5.5543 0.5401 0.2770 194 0 0
-5.5543 0.5401 0.3190 127 0 0
-5.5414 0.5401 0.3593 127 0 0
-5.5543 0.5401 0.3960 127 0 0
-5.5066 -5.1432 -0.0211 0 0 211
-5.5066 -5.1432 0.0255 0 92 255
-5.5066 -5.1432 0.0720 0 227 255
-5.5066 -5.1432 0.1185 108 255 146
-5.5066 -5.1432 0.1650 244 255 10
-5.5066 -5.1432 0.2115 255 130 0
-5.5066 -5.1432 0.2580 249 0 0
-5.5066 -5.1432 0.3045 127 0 0
-5.5066 -5.1431 0.3511 127 0 0
-5.5066 -5.1431 0.3976 127 0 0
-5.4819 -4.3641 -0.0300 0 0 185
-5.5143 -4.0942 -0.0301 0 0 185
-5.4946 -3.8841 -0.0301 0 0 185
-5.4934 -3.8423 -0.0270 0 0 194
-5.4906 -3.7133 -0.0306 0 0 184
-5.4937 -3.4429 -0.0306 0 0 183
-5.4827 -3.3144 -0.0304 0 0 184
-5.5084 -3.2765 -0.0306 0 0 183
-5.5032 -3.0274 -0.0308 0 0 183
-5.5049 -2.9859 -0.0310 0 0 182
-5.4944 -2.8866 -0.0308 0 0 183
-5.5183 -2.8405 -0.0310 0 0 182
-5.4909 -2.8347 -0.0310 0 0 182
-5.4858 -2.6899 -0.0312 0 0 182
-5.5133 -2.6419 -0.0313 0 0 181
-5.4905 -2.6328 -0.0313 0 0 181
-5.5032 -2.5645 -0.0311 0 0 182
-5.5017 -2.5072 -0.0313 0 0 181
-5.4933 -2.4321 -0.0314 0 0 181
-5.4996 -2.3655 -0.0316 0 0 181
-5.4883 -2.3115 -0.0314 0 0 181
-5.4888 -2.2472 -0.0316 0 0 181
-5.4803 -2.2205 -0.0316 0 0 181
-5.4886 -2.1439 -0.0317 0 0 180
-5.4959 -2.1102 -0.0316 0 0 181
-5.4977 -2.0429 -0.0317 0 0 180
-5.4962 -1.9689 -0.0319 0 0 180
-5.4843 -1.9438 -0.0317 0 0 180
-5.4812 -1.9041 -0.0305 0 0 184
-5.4874 -1.8717 -0.0319 0 0 180
-5.4873 -1.8168 -0.0320 0 0 179
-5.4885 -1.7679 -0.0307 0 0 183
-5.4950 -1.7323 -0.0320 0 0 179
-5.4939 -1.6936 -0.0321 0 0 179
-5.4946 -1.6524 -0.0309 0 0 183
-5.4865 -1.6110 -0.0321 0 0 179
-5.4864 -1.5826 -0.0322 0 0 179
-5.4860 -1.5515 -0.0311 0 0 182
-5.4922 -1.4913 -0.0323 0 0 179
-5.4915 -1.4655 -0.0313 0 0 182
-5.4857 -1.4067 -0.0324 0 0 178
-5.4841 -1.3887 -0.0314 0 0 181
-5.4801 -1.3320 -0.0324 0 0 178
-5.5158 -1.2819 -0.0325 0 0 178
-5.4852 -1.2696 -0.0325 0 0 178
-5.4801 -1.2100 -0.0325 0 0 178
-5.4939 -1.1636 -0.0326 0 0 178
-5.4848 -1.1599 -0.0326 0 0 178
-5.4802 -1.1111 -0.0326 0 0 178
-5.4844 -1.0700 -0.0327 0 0 178
-5.4803 -1.0293 -0.0327 0 0 177
-5.4841 -0.9951 -0.0327 0 0 177
-5.4839 -0.9316 -0.0328 0 0 177
-5.4804 -0.9020 -0.0328 0 0 177
-5.4837 -0.8772 -0.0328 0 0 177
-5.4835 -0.8300 -0.0329 0 0 177
-5.4804 -0.7938 -0.0329 0 0 177
-5.5199 0.4780 -0.0329 0 0 177
-5.5157 0.5185 -0.0333 0 0 176
-5.5141 0.5153 0.0390 0 131 255
-5.5141 0.5153 0.0740 0 233 255
-5.5141 0.5153 0.1160 101 255 153
-5.5141 0.5153 0.1580 223 255 31
-5.5141 0.5153 0.1930 255 184 0
-5.5141 0.5153 0.2350 255 61 0
-5.5141 0.5153 0.2770 194 0 0
-5.5141 0.5153 0.3190 127 0 0
-5.5141 0.5153 0.3540 127 0 0
-5.5141 0.5153 0.3960 127 0 0
-5.5161 0.5399 -0.0055 0 2 255
-5.5161 0.5400 0.0354 0 121 255
-5.5161 0.5400 0.0763 0 240 255
-5.5161 0.5400 0.1173 104 255 150
-5.5161 0.5400 0.1582 224 255 30
-5.5161 0.5400 0.1991 255 166 0
-5.5099 0.5401 0.2397 255 48 0
-5.5038 0.5401 0.2800 185 0 0
-5.4977 0.5401 0.3199 127 0 0
-5.4917 0.5401 0.3595 127 0 0
-5.5099 0.5402 0.3960 127 0 0
-5.4647 -5.1432 -0.0218 0 0 209
-5.4647 -5.1432 0.0249 0 90 255
-5.4647 -5.1432 0.0716 0 226 255
-5.4647 -5.1432 0.1183 107 255 147
-5.4647 -5.1432 0.1650 244 255 10
-5.4647 -5.1431 0.2117 255 129 0
-5.4647 -5.1431 0.2584 248 0 0
-5.4647 -5.1431 0.3051 127 0 0
-5.4647 -5.1431 0.3518 127 0 0
-5.4647 -5.1431 0.3985 127 0 0
-5.4752 -4.7051 -0.0255 0 0 198
-5.4464 -4.3480 -0.0300 0 0 185
-5.4418 -4.0653 -0.0301 0 0 185
-5.4665 -3.9102 -0.0298 0 0 186
-5.4564 -3.8760 -0.0301 0 0 185
-5.4553 -3.8376 -0.0270 0 0 194
-5.4609 -3.6999 -0.0306 0 0 184
-5.4633 -3.4591 -0.0304 0 0 184
-5.4634 -3.4308 -0.0306 0 0 183
-5.4503 -3.3120 -0.0304 0 0 184
-5.4446 -3.2630 -0.0306 0 0 183
-5.4457 -3.2231 -0.0310 0 0 182
-5.4491 -3.0132 -0.0308 0 0 183
-5.4528 -2.9651 -0.0310 0 0 182
-5.4665 -2.8845 -0.0308 0 0 183
-5.4567 -2.8742 -0.0313 0 0 182
-5.4635 -2.8288 -0.0310 0 0 182
-5.4621 -2.6836 -0.0312 0 0 182
-5.4449 -2.6146 -0.0313 0 0 181
-5.4543 -2.5607 -0.0311 0 0 182
-5.4537 -2.4970 -0.0313 0 0 181
-5.4511 -2.4210 -0.0314 0 0 181
-5.4542 -2.3760 -0.0317 0 0 180
-5.4590 -2.3493 -0.0316 0 0 181
-5.4447 -2.3082 -0.0314 0 0 181
-5.4674 -2.2427 -0.0316 0 0 181
-5.4460 -2.2382 -0.0316 0 0 181
-5.4451 -2.1906 -0.0319 0 0 180
-5.4521 -2.1293 -0.0317 0 0 180
-5.4567 -2.1072 -0.0316 0 0 181
-5.4532 -2.0647 -0.0302 0 0 185
-5.4592 -2.0347 -0.0317 0 0 180
-5.4796 -1.9623 -0.0319 0 0 180
-5.4463 -1.9490 -0.0319 0 0 180
-5.4460 -1.8998 -0.0305 0 0 184
-5.4524 -1.8643 -0.0319 0 0 180
-5.4568 -1.8047 -0.0320 0 0 179
-5.4416 -1.7986 -0.0320 0 0 179
-5.4468 -1.7221 -0.0320 0 0 179
-5.4657 -1.6824 -0.0321 0 0 179
-5.4516 -1.6767 -0.0321 0 0 179
-5.4420 -1.6016 -0.0321 0 0 179
-5.4472 -1.5670 -0.0322 0 0 179
-5.4443 -1.5464 -0.0311 0 0 182
-5.4677 -1.4815 -0.0323 0 0 179
-5.4433 -1.4718 -0.0323 0 0 179
-5.4743 -1.4021 -0.0324 0 0 178
-5.4514 -1.3930 -0.0324 0 0 178
-5.4585 -1.3234 -0.0324 0 0 178
-5.4477 -1.3191 -0.0324 0 0 178
-5.4444 -1.2534 -0.0325 0 0 178
-5.4608 -1.2023 -0.0325 0 0 178
-5.4415 -1.1945 -0.0325 0 0 178
-5.4481 -1.1452 -0.0326 0 0 178
-5.4453 -1.0971 -0.0326 0 0 178
-5.4427 -1.0534 -0.0327 0 0 178
-5.4404 -1.0134 -0.0327 0 0 177
-5.4459 -0.9798 -0.0327 0 0 177
-5.4436 -0.9459 -0.0328 0 0 177
-5.4415 -0.9147 -0.0328 0 0 177
-5.4443 -0.8615 -0.0328 0 0 177
-5.4424 -0.8363 -0.0329 0 0 177
-5.4417 -0.7856 -0.0329 0 0 177
-5.4750 0.4671 -0.0329 0 0 177
-5.4447 0.5153 -0.0001 0 17 255
-5.4798 0.5153 0.0374 0 127 255
-5.4798 0.5153 0.0799 0 251 255
-5.4798 0.5153 0.1154 99 255 155
-5.4798 0.5153 0.1579 223 255 31
-5.4798 0.5153 0.1934 255 183 0
-5.4798 0.5153 0.2359 255 59 0
-5.4798 0.5153 0.2784 190 0 0
-5.4798 0.5153 0.3139 127 0 0
-5.4798 0.5153 0.3564 127 0 0
-5.4798 0.5153 0.3918 127 0 0
-5.4798 0.5399 -0.0013 0 14 255
-5.4798 0.5400 0.0386 0 130 255
-5.4798 0.5400 0.0785 0 247 255
-5.4798 0.5400 0.1184 108 255 146
-5.4798 0.5400 0.1583 224 255 30
-5.4798 0.5401 0.1983 255 169 0
-5.4798 0.5401 0.2382 255 52 0
-5.4798 0.5401 0.2781 191 0 0
-5.4798 0.5401 0.3180 127 0 0
-5.4798 0.5401 0.3579 127 0 0
-5.4681 0.5402 0.3959 127 0 0
-5.4224 -5.1432 -0.0225 0 0 207
-5.4224 -5.1431 0.0243 0 89 255
-5.4224 -5.1431 0.0712 0 225 255
-5.4224 -5.1431 0.1181 107 255 147
-5.4224 -5.1431 0.1650 244 255 10
-5.4224 -5.1431 0.2119 255 129 0
-5.4224 -5.1431 0.2588 247 0 0
-5.4224 -5.1431 0.3057 127 0 0
-5.4224 -5.1431 0.3525 127 0 0
-5.4224 -5.1431 0.3994 127 0 0
-5.4279 -4.6993 -0.0255 0 0 198
-5.4108 -4.3320 -0.0300 0 0 185
-5.4056 -4.0508 -0.0301 0 0 185
-5.4277 -3.9073 -0.0298 0 0 186
-5.4183 -3.8679 -0.0301 0 0 185
-5.4171 -3.8329 -0.0270 0 0 194
-5.4311 -3.6865 -0.0306 0 0 184
-5.4014 -3.6730 -0.0306 0 0 184
-5.4003 -3.4426 -0.0304 0 0 184
-5.4028 -3.4067 -0.0306 0 0 183
-5.4178 -3.3095 -0.0304 0 0 184
-5.4127 -3.2562 -0.0306 0 0 183
-5.4202 -3.2115 -0.0310 0 0 182
-5.4220 -3.0060 -0.0308 0 0 183
-5.4008 -2.9443 -0.0310 0 0 182
-5.4107 -2.8802 -0.0308 0 0 183
-5.4120 -2.8540 -0.0313 0 0 182
-5.4087 -2.8172 -0.0310 0 0 182
-5.4146 -2.6712 -0.0312 0 0 182
-5.4221 -2.6055 -0.0313 0 0 181
-5.4056 -2.5752 -0.0315 0 0 181
-5.4054 -2.5570 -0.0311 0 0 182
-5.4057 -2.4868 -0.0313 0 0 181
-5.4089 -2.4099 -0.0314 0 0 181
-5.4363 -2.3679 -0.0317 0 0 180
-5.4185 -2.3331 -0.0316 0 0 181
-5.4012 -2.3049 -0.0314 0 0 181
-5.4191 -2.2603 -0.0298 0 0 186
-5.4033 -2.2291 -0.0316 0 0 181
-5.4125 -2.1758 -0.0319 0 0 180
-5.4338 -2.1220 -0.0317 0 0 180
-5.4155 -2.1147 -0.0317 0 0 180
-5.4145 -2.0599 -0.0302 0 0 185
-5.4014 -2.0225 -0.0317 0 0 180
-5.4131 -1.9357 -0.0319 0 0 180
-5.4107 -1.8954 -0.0305 0 0 184
-5.4174 -1.8569 -0.0319 0 0 180
-5.4256 -1.8011 -0.0319 0 0 180
-5.4111 -1.7864 -0.0320 0 0 179
-5.4075 -1.7580 -0.0307 0 0 183
-5.4147 -1.7153 -0.0320 0 0 179
-5.4094 -1.6599 -0.0321 0 0 179
-5.4055 -1.6042 -0.0324 0 0 178
-5.4341 -1.5617 -0.0322 0 0 179
-5.4079 -1.5513 -0.0322 0 0 179
-5.4103 -1.4924 -0.0322 0 0 179
-5.4066 -1.4571 -0.0323 0 0 179
-5.4086 -1.4031 -0.0323 0 0 179
-5.4055 -1.3747 -0.0324 0 0 178
-5.4071 -1.3249 -0.0324 0 0 178
-5.4046 -1.3018 -0.0324 0 0 178
-5.4139 -1.2412 -0.0325 0 0 178
-5.4037 -1.2371 -0.0325 0 0 178
-5.4029 -1.1791 -0.0325 0 0 178
-5.4022 -1.1269 -0.0326 0 0 178
-5.4103 -1.0832 -0.0326 0 0 178
-5.4016 -1.0797 -0.0326 0 0 178
-5.4010 -1.0367 -0.0327 0 0 178
-5.4004 -0.9974 -0.0327 0 0 177
-5.4069 -0.9313 -0.0328 0 0 177
-5.4062 -0.9006 -0.0328 0 0 177
-5.4055 -0.8722 -0.0328 0 0 177
-5.4044 -0.8212 -0.0329 0 0 177
-5.4039 -0.7982 -0.0329 0 0 177
-5.3798 -5.1431 -0.0233 0 0 205
-5.3798 -5.1431 0.0238 0 87 255
-5.3798 -5.1431 0.0709 0 224 255
-5.3798 -5.1431 0.1179 106 255 148
-5.3798 -5.1431 0.1650 244 255 10
-5.3798 -5.1431 0.2121 255 128 0
-5.3798 -5.1431 0.2591 246 0 0
-5.3798 -5.1431 0.3062 127 0 0
-5.3798 -5.1431 0.3533 127 0 0
-5.3798 -5.1431 0.4004 127 0 0
-5.3807 -4.6935 -0.0255 0 0 198
-5.3753 -4.3159 -0.0300 0 0 185
-5.3701 -4.0506 -0.0298 0 0 186
-5.3693 -4.0363 -0.0301 0 0 185
-5.3888 -3.9043 -0.0298 0 0 186
-5.3801 -3.8598 -0.0301 0 0 185
-5.3790 -3.8283 -0.0270 0 0 194
-5.3717 -3.6596 -0.0306 0 0 184
-5.3688 -3.4343 -0.0304 0 0 184
-5.3725 -3.3946 -0.0306 0 0 183
-5.3853 -3.3070 -0.0304 0 0 184
-5.3808 -3.2494 -0.0306 0 0 183
-5.3947 -3.2000 -0.0310 0 0 182
-5.3692 -3.1885 -0.0310 0 0 182
-5.3679 -2.9918 -0.0308 0 0 183
-5.3748 -2.9339 -0.0310 0 0 182
-5.3828 -2.8781 -0.0308 0 0 183
-5.3813 -2.8114 -0.0310 0 0 182
-5.3672 -2.6587 -0.0312 0 0 182
-5.3765 -2.5873 -0.0313 0 0 181
-5.3810 -2.5551 -0.0311 0 0 182
-5.3817 -2.4817 -0.0313 0 0 181
-5.3878 -2.4044 -0.0314 0 0 181
-5.3667 -2.3988 -0.0314 0 0 181
-5.3982 -2.3250 -0.0316 0 0 181
-5.3779 -2.3169 -0.0316 0 0 181
-5.3761 -2.2551 -0.0298 0 0 186
-5.3606 -2.2200 -0.0316 0 0 181
-5.3662 -2.1905 -0.0316 0 0 181
-5.3636 -2.1538 -0.0319 0 0 180
-5.3607 -2.0928 -0.0317 0 0 180
-5.3757 -2.0552 -0.0302 0 0 185
-5.3629 -2.0143 -0.0317 0 0 180
-5.3799 -1.9225 -0.0319 0 0 180
-5.3632 -1.9158 -0.0319 0 0 180
-5.3649 -1.8457 -0.0319 0 0 180
-5.3653 -1.7681 -0.0320 0 0 179
-5.3752 -1.7540 -0.0307 0 0 183
-5.3665 -1.7050 -0.0320 0 0 179
-5.3671 -1.6430 -0.0321 0 0 179
-5.3749 -1.6377 -0.0309 0 0 183
-5.3678 -1.5859 -0.0321 0 0 179
-5.3617 -1.5240 -0.0323 0 0 179
-5.3690 -1.4836 -0.0322 0 0 179
-5.3700 -1.4425 -0.0323 0 0 179
-5.3638 -1.4365 -0.0324 0 0 178
-5.3712 -1.3609 -0.0324 0 0 178
-5.3657 -1.3593 -0.0324 0 0 178
-5.3673 -1.2906 -0.0325 0 0 178
-5.3603 -1.2462 -0.0324 0 0 178
-5.3688 -1.2291 -0.0325 0 0 178
-5.3616 -1.1687 -0.0326 0 0 178
-5.3713 -1.1236 -0.0326 0 0 178
-5.3633 -1.1188 -0.0326 0 0 178
-5.3647 -1.0734 -0.0327 0 0 178
-5.3661 -1.0320 -0.0327 0 0 177
-5.3602 -0.9898 -0.0327 0 0 177
-5.3616 -0.9550 -0.0328 0 0 177
-5.3641 -0.8931 -0.0328 0 0 177
-5.3652 -0.8654 -0.0328 0 0 177
-5.3604 -0.8362 -0.0329 0 0 177
-5.3610 -0.7811 -0.0329 0 0 177
-5.3368 -5.1431 -0.0241 0 0 203
-5.3368 -5.1431 0.0232 0 85 255
-5.3368 -5.1431 0.0705 0 223 255
-5.3368 -5.1431 0.1177 106 255 148
-5.3368 -5.1431 0.1650 244 255 10
-5.3368 -5.1431 0.2123 255 128 0
-5.3368 -5.1431 0.2595 245 0 0
-5.3368 -5.1431 0.3068 127 0 0
-5.3368 -5.1431 0.3541 127 0 0
-5.3334 -4.6877 -0.0255 0 0 198
-5.3397 -4.2999 -0.0300 0 0 185
-5.3324 -4.0407 -0.0298 0 0 186
-5.3331 -4.0218 -0.0301 0 0 185
-5.3500 -3.9013 -0.0298 0 0 186
-5.3419 -3.8516 -0.0301 0 0 185
-5.3409 -3.8236 -0.0270 0 0 194
-5.3420 -3.6462 -0.0306 0 0 184
-5.3373 -3.4260 -0.0304 0 0 184
-5.3423 -3.3825 -0.0306 0 0 183
-5.3204 -3.3020 -0.0304 0 0 184
-5.3489 -3.2427 -0.0306 0 0 183
-5.3460 -3.2397 -0.0281 0 0 191
-5.3437 -3.1770 -0.0310 0 0 182
-5.3235 -3.1127 -0.0310 0 0 182
-5.3408 -2.9847 -0.0308 0 0 183
-5.3488 -2.9236 -0.0310 0 0 182
-5.3228 -2.9132 -0.0310 0 0 182
-5.3271 -2.8738 -0.0308 0 0 183
-5.3539 -2.8056 -0.0310 0 0 182
-5.3265 -2.7998 -0.0310 0 0 182
-5.3324 -2.7422 -0.0313 0 0 181
-5.3435 -2.6525 -0.0312 0 0 182
-5.3310 -2.5691 -0.0313 0 0 181
-5.3321 -2.5514 -0.0311 0 0 182
-5.3283 -2.4979 -0.0294 0 0 187
-5.3206 -2.4421 -0.0316 0 0 181
-5.3244 -2.3877 -0.0314 0 0 181
-5.3466 -2.3274 -0.0317 0 0 180
-5.3373 -2.3007 -0.0316 0 0 181
-5.3331 -2.2498 -0.0298 0 0 186
-5.3280 -2.2115 -0.0318 0 0 180
-5.3282 -2.1805 -0.0316 0 0 181
-5.3310 -2.1390 -0.0319 0 0 180
-5.3424 -2.0855 -0.0317 0 0 180
-5.3242 -2.0782 -0.0317 0 0 180
-5.3341 -2.0226 -0.0319 0 0 180
-5.3328 -1.9886 -0.0320 0 0 179
-5.3238 -1.9315 -0.0317 0 0 180
-5.3300 -1.9025 -0.0319 0 0 180
-5.3251 -1.8565 -0.0320 0 0 179
-5.3298 -1.8383 -0.0319 0 0 180
-5.3501 -1.7620 -0.0320 0 0 179
-5.3305 -1.7235 -0.0321 0 0 179
-5.3343 -1.6982 -0.0320 0 0 179
-5.3305 -1.6768 -0.0320 0 0 179
-5.3230 -1.6022 -0.0322 0 0 179
-5.3233 -1.5764 -0.0321 0 0 179
-5.3425 -1.5252 -0.0322 0 0 179
-5.3278 -1.5038 -0.0323 0 0 179
-5.3277 -1.4748 -0.0322 0 0 179
-5.3214 -1.4112 -0.0324 0 0 178
-5.3314 -1.3867 -0.0323 0 0 179
-5.3258 -1.3355 -0.0324 0 0 178
-5.3579 -1.2850 -0.0325 0 0 178
-5.3202 -1.2625 -0.0325 0 0 178
-5.3242 -1.2024 -0.0325 0 0 178
-5.3532 -1.1636 -0.0326 0 0 178
-5.3277 -1.1484 -0.0326 0 0 178
-5.3229 -1.0947 -0.0326 0 0 178
-5.3262 -1.0504 -0.0327 0 0 178
-5.3218 -1.0055 -0.0327 0 0 177
-5.3248 -0.9686 -0.0327 0 0 177
-5.3209 -0.9306 -0.0328 0 0 177
-5.3237 -0.8994 -0.0328 0 0 177
-5.3201 -0.8668 -0.0328 0 0 177
-5.3253 -0.8152 -0.0329 0 0 177
-5.3220 -0.7886 -0.0329 0 0 177
-5.2935 -5.1431 -0.0248 0 0 200
-5.2935 -5.1431 0.0226 0 84 255
-5.2935 -5.1431 0.0701 0 222 255
-5.2935 -5.1431 0.1175 105 255 149
-5.2935 -5.1431 0.1650 244 255 10
-5.2935 -5.1431 0.2125 255 127 0
-5.2935 -5.1431 0.2599 244 0 0
-5.2935 -5.1431 0.3074 127 0 0
-5.2935 -5.1431 0.3548 127 0 0
-5.2861 -4.6819 -0.0255 0 0 198
-5.2951 -4.2909 -0.0301 0 0 185
-5.2969 -4.0074 -0.0301 0 0 185
-5.3112 -3.8983 -0.0298 0 0 186
-5.3038 -3.8435 -0.0301 0 0 185
-5.3028 -3.8189 -0.0270 0 0 194
-5.3116 -3.6050 -0.0306 0 0 183
-5.2837 -3.5883 -0.0306 0 0 183
-5.3058 -3.4177 -0.0304 0 0 184
-5.3120 -3.3704 -0.0306 0 0 183
-5.2817 -3.3583 -0.0306 0 0 183
-5.2879 -3.2995 -0.0304 0 0 184
-5.2851 -3.2291 -0.0306 0 0 183
-5.3182 -3.1654 -0.0310 0 0 182
-5.2926 -3.1539 -0.0310 0 0 182
-5.2994 -3.0984 -0.0310 0 0 182
-5.2867 -2.9705 -0.0308 0 0 183
-5.2968 -2.9028 -0.0310 0 0 182
-5.2992 -2.8717 -0.0308 0 0 183
-5.2947 -2.8120 -0.0288 0 0 189
-5.2991 -2.7939 -0.0310 0 0 182
-5.3113 -2.7296 -0.0313 0 0 181
-5.2903 -2.7171 -0.0313 0 0 181
-5.3198 -2.6462 -0.0312 0 0 182
-5.2960 -2.6400 -0.0312 0 0 182
-5.2854 -2.5509 -0.0313 0 0 181
-5.2801 -2.4920 -0.0294 0 0 187
-5.2856 -2.4613 -0.0313 0 0 181
-5.2831 -2.4197 -0.0316 0 0 181
-5.2822 -2.3767 -0.0314 0 0 181
-5.2968 -2.2845 -0.0316 0 0 181
-5.2902 -2.2445 -0.0298 0 0 186
-5.3111 -2.2014 -0.0318 0 0 180
-5.2943 -2.1913 -0.0318 0 0 180
-5.2983 -2.1243 -0.0319 0 0 180
-5.2803 -2.0937 -0.0316 0 0 181
-5.2876 -2.0636 -0.0317 0 0 180
-5.3034 -2.0042 -0.0319 0 0 180
-5.2880 -1.9950 -0.0319 0 0 180
-5.2882 -1.9288 -0.0317 0 0 180
-5.2801 -1.8826 -0.0319 0 0 180
-5.3110 -1.8481 -0.0320 0 0 179
-5.2828 -1.8312 -0.0320 0 0 179
-5.2947 -1.7911 -0.0319 0 0 180
-5.2891 -1.7377 -0.0320 0 0 179
-5.2914 -1.7002 -0.0321 0 0 179
-5.2852 -1.6733 -0.0320 0 0 179
-5.2826 -1.6092 -0.0321 0 0 179
-5.2867 -1.5806 -0.0322 0 0 179
-5.2913 -1.5276 -0.0311 0 0 182
-5.2940 -1.4835 -0.0323 0 0 179
-5.2827 -1.4768 -0.0323 0 0 179
-5.3109 -1.4049 -0.0324 0 0 178
-5.2897 -1.3923 -0.0324 0 0 178
-5.3058 -1.3236 -0.0324 0 0 178
-5.2859 -1.3116 -0.0324 0 0 178
-5.2920 -1.2456 -0.0325 0 0 178
-5.2825 -1.2400 -0.0325 0 0 178
-5.2885 -1.1811 -0.0325 0 0 178
-5.2853 -1.1231 -0.0326 0 0 178
-5.2986 -1.0802 -0.0326 0 0 178
-5.2825 -1.0705 -0.0326 0 0 178
-5.2876 -1.0273 -0.0327 0 0 178
-5.2849 -0.9835 -0.0327 0 0 177
-5.2824 -0.9433 -0.0327 0 0 177
-5.2801 -0.9063 -0.0328 0 0 177
-5.2846 -0.8760 -0.0328 0 0 177
-5.2803 -0.8147 -0.0328 0 0 177
-5.2819 -0.7994 -0.0329 0 0 177
-5.2813 -0.7493 -0.0329 0 0 177
-5.2745 -5.1475 -0.0231 0 0 205
-5.2745 -5.1475 0.0239 0 87 255
-5.2745 -5.1475 0.0709 0 224 255
-5.2745 -5.1475 0.1180 107 255 147
-5.2745 -5.1475 0.1650 244 255 10
-5.2745 -5.1475 0.2120 255 128 0
-5.2745 -5.1475 0.2591 246 0 0
-5.2745 -5.1475 0.3061 127 0 0
-5.2745 -5.1475 0.3531 127 0 0
-5.2745 -5.1475 0.4001 127 0 0
-5.2616 -4.2709 -0.0301 0 0 185
-5.2570 -4.0208 -0.0298 0 0 186
-5.2606 -3.9929 -0.0301 0 0 185
-5.2723 -3.8954 -0.0298 0 0 186
-5.2656 -3.8354 -0.0301 0 0 185
-5.2529 -3.6060 -0.0306 0 0 184
-5.2557 -3.5716 -0.0306 0 0 183
-5.2428 -3.4012 -0.0304 0 0 184
-5.2514 -3.3462 -0.0306 0 0 183
-5.2555 -3.2971 -0.0304 0 0 184
-5.2532 -3.2224 -0.0306 0 0 183
-5.2416 -3.1309 -0.0310 0 0 182
-5.2754 -3.0840 -0.0310 0 0 182
-5.2514 -3.0696 -0.0310 0 0 182
-5.2596 -2.9634 -0.0308 0 0 183
-5.2448 -2.8820 -0.0310 0 0 182
-5.2434 -2.8674 -0.0308 0 0 183
-5.2672 -2.8086 -0.0288 0 0 189
-5.2443 -2.7823 -0.0310 0 0 182
-5.2481 -2.6919 -0.0313 0 0 181
-5.2486 -2.6275 -0.0312 0 0 182
-5.2626 -2.5418 -0.0313 0 0 181
-5.2560 -2.4890 -0.0294 0 0 187
-5.2616 -2.4562 -0.0313 0 0 181
-5.2644 -2.4085 -0.0316 0 0 181
-5.2456 -2.3973 -0.0316 0 0 181
-5.2489 -2.2932 -0.0314 0 0 181
-5.2562 -2.2683 -0.0316 0 0 181
-5.2751 -2.2019 -0.0316 0 0 181
-5.2436 -2.1611 -0.0318 0 0 180
-5.2411 -2.0907 -0.0316 0 0 181
-5.2511 -2.0490 -0.0317 0 0 180
-5.2401 -2.0385 -0.0302 0 0 185
-5.2419 -1.9675 -0.0319 0 0 180
-5.2525 -1.9260 -0.0317 0 0 180
-5.2469 -1.8694 -0.0319 0 0 180
-5.2405 -1.8059 -0.0320 0 0 179
-5.2456 -1.7874 -0.0319 0 0 180
-5.2586 -1.7255 -0.0320 0 0 179
-5.2654 -1.6846 -0.0321 0 0 179
-5.2524 -1.6769 -0.0321 0 0 179
-5.2686 -1.6036 -0.0321 0 0 179
-5.2626 -1.5661 -0.0322 0 0 179
-5.2505 -1.5589 -0.0322 0 0 179
-5.2509 -1.4886 -0.0322 0 0 179
-5.2488 -1.4566 -0.0323 0 0 179
-5.2723 -1.4035 -0.0323 0 0 179
-5.2473 -1.3669 -0.0324 0 0 178
-5.2795 -1.3243 -0.0324 0 0 178
-5.2460 -1.2878 -0.0324 0 0 178
-5.2536 -1.2415 -0.0324 0 0 178
-5.2449 -1.2174 -0.0325 0 0 178
-5.2617 -1.1651 -0.0325 0 0 178
-5.2438 -1.1544 -0.0325 0 0 178
-5.2429 -1.0977 -0.0326 0 0 178
-5.2421 -1.0464 -0.0326 0 0 178
-5.2448 -1.0101 -0.0327 0 0 177
-5.2451 -0.9673 -0.0327 0 0 177
-5.2453 -0.9279 -0.0328 0 0 177
-5.2456 -0.8915 -0.0328 0 0 177
-5.2401 -0.8531 -0.0328 0 0 177
-5.2405 -0.8219 -0.0328 0 0 177
-5.2409 -0.7929 -0.0328 0 0 177
-5.2427 -0.7412 -0.0329 0 0 177
-5.2334 -5.1475 -0.0240 0 0 203
-5.2334 -5.1475 0.0232 0 85 255
-5.2334 -5.1475 0.0705 0 223 255
-5.2334 -5.1475 0.1177 106 255 148
-5.2334 -5.1475 0.1650 244 255 10
-5.2334 -5.1475 0.2123 255 128 0
-5.2334 -5.1475 0.2595 245 0 0
-5.2334 -5.1475 0.3068 127 0 0
-5.2334 -5.1475 0.3540 127 0 0
-5.2103 -4.6923 -0.0077 0 0 250
-5.2103 -4.6923 0.0354 0 121 255
-5.2103 -4.6923 0.0786 0 247 255
-5.2103 -4.6923 0.1218 118 255 136
-5.2103 -4.6923 0.1650 244 255 10
-5.2103 -4.6923 0.2082 255 140 0
-5.2103 -4.6923 0.2514 255 14 0
-5.2103 -4.6923 0.2946 143 0 0
-5.2103 -4.6923 0.3377 127 0 0
-5.2103 -4.6923 0.3809 127 0 0
-5.2389 -4.6761 -0.0255 0 0 198
-5.2276 -4.4301 0.0019 0 23 255
-5.2276 -4.4301 0.0427 0 142 255
-5.2276 -4.4301 0.0835 6 255 248
-5.2276 -4.4301 0.1242 125 255 129
-5.2276 -4.4301 0.1650 244 255 10
-5.2276 -4.4301 0.2058 255 147 0
-5.2276 -4.4300 0.2465 255 28 0
-5.2276 -4.4300 0.2873 164 0 0
-5.2276 -4.4299 0.3281 127 0 0
-5.2276 -4.4299 0.3688 127 0 0
-5.2282 -4.2508 -0.0301 0 0 185
-5.2156 -4.1854 0.0005 0 19 255
-5.2156 -4.1854 0.0417 0 139 255
-5.2156 -4.1854 0.0828 4 255 250
-5.2156 -4.1854 0.1239 124 255 130
-5.2156 -4.1854 0.1650 244 255 10
-5.2156 -4.1854 0.2061 255 146 0
-5.2156 -4.1854 0.2472 255 26 0
-5.2156 -4.1854 0.2883 161 0 0
-5.2156 -4.1854 0.3295 127 0 0
-5.2156 -4.1854 0.3706 127 0 0
-5.2244 -3.9784 -0.0301 0 0 185
-5.2229 -3.9336 0.0044 0 31 255
-5.2229 -3.9336 0.0446 0 148 255
-5.2229 -3.9336 0.0847 10 255 244
-5.2229 -3.9336 0.1249 127 255 127
-5.2229 -3.9336 0.1650 244 255 10
-5.2229 -3.9336 0.2051 255 148 0
-5.2229 -3.9336 0.2453 255 31 0
-5.2229 -3.9336 0.2854 169 0 0
-5.2229 -3.9336 0.3256 127 0 0
-5.2229 -3.9336 0.3657 127 0 0
-5.2108 -3.9005 -0.0144 0 0 231
-5.2108 -3.9005 0.0215 0 80 255
-5.2108 -3.9005 0.0573 0 185 255
-5.2108 -3.9005 0.0932 34 255 220
-5.2108 -3.9005 0.1291 139 255 115
-5.2108 -3.9005 0.1650 244 255 10
-5.2108 -3.9005 0.2368 255 56 0
-5.2108 -3.9005 0.2727 207 0 0
-5.2108 -3.9005 0.3085 127 0 0
-5.2108 -3.9005 0.3444 127 0 0
-5.2108 -3.9005 0.3803 127 0 0
-5.2347 -3.8601 -0.0280 0 0 191
-5.2347 -3.8601 0.0106 0 49 255
-5.2347 -3.8601 0.0492 0 161 255
-5.2347 -3.8601 0.0878 19 255 235
-5.2347 -3.8601 0.1264 131 255 123
-5.2347 -3.8601 0.1650 244 255 10
-5.2347 -3.8601 0.2036 255 153 0
-5.2347 -3.8601 0.2422 255 40 0
-5.2347 -3.8600 0.3194 127 0 0
-5.2347 -3.8600 0.3580 127 0 0
-5.2347 -3.8600 0.3966 127 0 0
-5.2274 -3.8273 -0.0301 0 0 185
-5.2270 -3.7981 -0.0264 0 0 196
-5.2270 -3.7980 0.0119 0 52 255
-5.2270 -3.7979 0.0502 0 164 255
-5.2270 -3.7979 0.0884 20 255 234
-5.2270 -3.7978 0.1267 132 255 122
-5.2270 -3.7977 0.1650 244 255 10
-5.2270 -3.7976 0.2033 255 154 0
-5.2271 -3.7975 0.2798 186 0 0
-5.2271 -3.7974 0.3181 127 0 0
-5.2271 -3.7973 0.3564 127 0 0
-5.2271 -3.7972 0.3946 127 0 0
-5.2349 -3.6070 -0.0086 0 0 248
-5.2349 -3.6070 0.0261 0 94 255
-5.2349 -3.6069 0.0608 0 195 255
-5.2349 -3.6069 0.0955 41 255 213
-5.2349 -3.6068 0.1303 142 255 112
-5.2349 -3.6067 0.1997 255 164 0
-5.2349 -3.6067 0.2345 255 63 0
-5.2349 -3.6067 0.2692 217 0 0
-5.2349 -3.6066 0.3039 127 0 0
-5.2349 -3.6066 0.3386 127 0 0
-5.2349 -3.6065 0.3733 127 0 0
-5.2277 -3.5548 -0.0306 0 0 183
-5.2283 -3.4637 -0.0229 0 0 206
-5.2283 -3.4636 0.0398 0 134 255
-5.2283 -3.4636 0.0711 0 225 255
-5.2283 -3.4636 0.1024 61 255 193
-5.2283 -3.4635 0.1337 152 255 102
-5.2283 -3.4635 0.1963 255 174 0
-5.2283 -3.4634 0.2276 255 83 0
-5.2283 -3.4634 0.2589 247 0 0
-5.2283 -3.4634 0.2902 155 0 0
-5.2283 -3.4633 0.3528 127 0 0
-5.2284 -3.4633 0.3842 127 0 0
-5.2161 -3.4295 -0.0029 0 9 255
-5.2161 -3.4295 0.0307 0 107 255
-5.2161 -3.4295 0.0643 0 205 255
-5.2161 -3.4295 0.0978 48 255 206
-5.2161 -3.4295 0.1314 146 255 108
-5.2161 -3.4295 0.1986 255 168 0
-5.2161 -3.4295 0.2322 255 70 0
-5.2161 -3.4295 0.2657 227 0 0
-5.2161 -3.4295 0.2993 129 0 0
-5.2161 -3.4295 0.3329 127 0 0
-5.2161 -3.4295 0.3665 127 0 0
-5.2112 -3.3377 -0.0192 0 0 217
-5.2112 -3.3377 0.0115 0 51 255
-5.2112 -3.3377 0.0729 0 230 255
-5.2112 -3.3377 0.1036 65 255 189
-5.2112 -3.3377 0.1343 154 255 100
-5.2112 -3.3377 0.1957 255 176 0
-5.2112 -3.3377 0.2264 255 87 0
-5.2112 -3.3377 0.2571 252 0 0
-5.2112 -3.3377 0.3185 127 0 0
-5.2112 -3.3377 0.3492 127 0 0
-5.2112 -3.3377 0.3799 127 0 0
-5.2236 -3.1734 -0.0279 0 0 191
-5.2236 -3.1734 0.0364 0 124 255
-5.2236 -3.1734 0.0685 0 217 255
-5.2236 -3.1734 0.1007 56 255 198
-5.2236 -3.1733 0.1328 150 255 104
-5.2236 -3.1733 0.1972 255 172 0
-5.2236 -3.1733 0.2293 255 78 0
-5.2236 -3.1733 0.2615 239 0 0
-5.2236 -3.1733 0.2936 146 0 0
-5.2236 -3.1733 0.3579 127 0 0
-5.2236 -3.1733 0.3901 127 0 0
-5.2016 -3.1481 -0.0200 0 0 215
-5.2016 -3.1481 0.0109 0 49 255
-5.2016 -3.1481 0.0725 0 229 255
-5.2016 -3.1481 0.1033 64 255 190
-5.2016 -3.1481 0.1342 154 255 100
-5.2016 -3.1481 0.1958 255 176 0
-5.2016 -3.1481 0.2267 255 86 0
-5.2016 -3.1481 0.2575 251 0 0
-5.2016 -3.1481 0.3191 127 0 0
-5.2016 -3.1481 0.3500 127 0 0
-5.2016 -3.1481 0.3808 127 0 0
-5.2161 -3.1194 -0.0310 0 0 182
-5.2033 -3.0409 -0.0310 0 0 182
-5.2326 -2.9563 -0.0308 0 0 183
-5.2188 -2.8716 -0.0310 0 0 182
-5.2398 -2.8052 -0.0288 0 0 189
-5.2331 -2.7733 -0.0313 0 0 182
-5.2271 -2.6793 -0.0313 0 0 181
-5.2240 -2.6659 0.0309 0 108 255
-5.2240 -2.6659 0.0577 0 186 255
-5.2240 -2.6659 0.1113 87 255 167
-5.2240 -2.6659 0.1382 165 255 89
-5.2240 -2.6659 0.1918 255 187 0
-5.2240 -2.6659 0.2187 255 109 0
-5.2240 -2.6659 0.2723 208 0 0
-5.2240 -2.6659 0.2991 130 0 0
-5.2240 -2.6659 0.3528 127 0 0
-5.2240 -2.6659 0.3796 127 0 0
-5.2116 -2.5911 -0.0017 0 13 255
-5.2116 -2.5911 0.0221 0 82 255
-5.2116 -2.5911 0.0697 0 221 255
-5.2116 -2.5911 0.1174 105 255 149
-5.2116 -2.5911 0.1412 174 255 80
-5.2116 -2.5911 0.1888 255 196 0
-5.2116 -2.5910 0.2364 255 57 0
-5.2116 -2.5910 0.2603 243 0 0
-5.2116 -2.5910 0.3079 127 0 0
-5.2116 -2.5910 0.3555 127 0 0
-5.2116 -2.5910 0.3793 127 0 0
-5.2168 -2.5264 -0.0070 0 0 252
-5.2168 -2.5264 0.0176 0 69 255
-5.2168 -2.5264 0.0667 0 212 255
-5.2168 -2.5264 0.1159 100 255 154
-5.2168 -2.5264 0.1404 172 255 82
-5.2168 -2.5264 0.1896 255 194 0
-5.2168 -2.5264 0.2387 255 51 0
-5.2168 -2.5264 0.2633 234 0 0
-5.2168 -2.5264 0.3124 127 0 0
-5.2168 -2.5264 0.3370 127 0 0
-5.2168 -2.5264 0.3861 127 0 0
-5.2319 -2.4861 -0.0294 0 0 187
-5.2358 -2.5175 0.0196 0 75 255
-5.2358 -2.5175 0.0681 0 216 255
-5.2358 -2.5175 0.1165 102 255 152
-5.2358 -2.5175 0.1408 173 255 81
-5.2358 -2.5175 0.1892 255 195 0
-5.2358 -2.5175 0.2377 255 54 0
-5.2358 -2.5175 0.2619 238 0 0
-5.2358 -2.5175 0.3104 127 0 0
-5.2358 -2.5175 0.3588 127 0 0
-5.2358 -2.5175 0.3831 127 0 0
-5.2376 -2.4511 -0.0313 0 0 181
-5.2291 -2.4501 0.0367 0 125 255
-5.2291 -2.4501 0.0794 0 249 255
-5.2291 -2.4500 0.1008 57 255 197
-5.2291 -2.4500 0.1436 181 255 73
-5.2291 -2.4500 0.1864 255 203 0
-5.2291 -2.4500 0.2292 255 78 0
-5.2291 -2.4500 0.2719 209 0 0
-5.2291 -2.4499 0.3147 127 0 0
-5.2291 -2.4499 0.3575 127 0 0
-5.2291 -2.4499 0.3789 127 0 0
-5.2358 -2.4360 -0.0155 0 0 227
-5.2358 -2.4360 0.0296 0 104 255
-5.2358 -2.4359 0.0747 0 236 255
-5.2358 -2.4359 0.1199 112 255 142
-5.2358 -2.4359 0.1424 178 255 76
-5.2359 -2.4359 0.1876 255 200 0
-5.2359 -2.4358 0.2327 255 68 0
-5.2359 -2.4358 0.2778 192 0 0
-5.2359 -2.4358 0.3004 127 0 0
-5.2359 -2.4358 0.3455 127 0 0
-5.2359 -2.4357 0.3906 127 0 0
-5.2269 -2.3861 -0.0316 0 0 181
-5.2118 -2.3306 -0.0063 0 0 254
-5.2118 -2.3305 0.0365 0 124 255
-5.2118 -2.3305 0.0794 0 249 255
-5.2118 -2.3305 0.1008 56 255 198
-5.2118 -2.3305 0.1436 181 255 73
-5.2118 -2.3305 0.1864 255 203 0
-5.2118 -2.3305 0.2292 255 78 0
-5.2118 -2.3305 0.2721 208 0 0
-5.2118 -2.3305 0.3149 127 0 0
-5.2118 -2.3304 0.3577 127 0 0
-5.2118 -2.3304 0.3791 127 0 0
-5.2243 -2.3024 -0.0191 0 0 217
-5.2243 -2.3024 0.0269 0 96 255
-5.2243 -2.3024 0.0730 0 230 255
-5.2243 -2.3024 0.1190 109 255 145
-5.2243 -2.3024 0.1420 177 255 77
-5.2243 -2.3024 0.1880 255 198 0
-5.2243 -2.3024 0.2340 255 64 0
-5.2243 -2.3024 0.2570 252 0 0
-5.2243 -2.3024 0.3031 127 0 0
-5.2243 -2.3024 0.3491 127 0 0
-5.2243 -2.3024 0.3951 127 0 0
-5.2143 -2.2684 -0.0111 0 0 240
-5.2143 -2.2684 0.0330 0 114 255
-5.2143 -2.2684 0.0770 0 242 255
-5.2143 -2.2684 0.0990 51 255 203
-5.2143 -2.2684 0.1430 179 255 75
-5.2143 -2.2684 0.1870 255 201 0
-5.2143 -2.2684 0.2310 255 73 0
-5.2143 -2.2684 0.2750 200 0 0
-5.2143 -2.2684 0.3191 127 0 0
-5.2143 -2.2684 0.3411 127 0 0
-5.2143 -2.2684 0.3851 127 0 0
-5.2042 -2.2339 -0.0298 0 0 186
-5.2110 -2.1883 -0.0316 0 0 181
-5.2098 -2.1409 -0.0318 0 0 180
-5.2331 -2.0948 -0.0319 0 0 180
-5.2328 -2.0417 -0.0317 0 0 180
-5.2145 -2.0345 -0.0317 0 0 180
-5.2282 -1.9857 -0.0317 0 0 180
-5.2120 -1.9407 -0.0132 0 0 234
-5.2120 -1.9407 0.0225 0 83 255
-5.2120 -1.9407 0.0759 0 239 255
-5.2120 -1.9407 0.1115 88 255 166
-5.2120 -1.9407 0.1472 192 255 62
-5.2120 -1.9407 0.1828 255 214 0
-5.2120 -1.9407 0.2363 255 58 0
-5.2120 -1.9406 0.2719 209 0 0
-5.2120 -1.9406 0.3075 127 0 0
-5.2120 -1.9406 0.3432 127 0 0
-5.2120 -1.9406 0.3966 127 0 0
-5.2364 -1.9031 -0.0115 0 0 239
-5.2364 -1.9031 0.0238 0 87 255
-5.2364 -1.9031 0.0767 0 241 255
-5.2364 -1.9031 0.1120 89 255 165
-5.2364 -1.9031 0.1473 192 255 62
-5.2364 -1.9031 0.1827 255 214 0
-5.2364 -1.9031 0.2356 255 60 0
-5.2364 -1.9031 0.2709 212 0 0
-5.2364 -1.9031 0.3062 127 0 0
-5.2364 -1.9031 0.3592 127 0 0
-5.2364 -1.9031 0.3945 127 0 0
-5.2302 -1.8627 -0.0319 0 0 180
-5.2363 -1.8723 0.0313 0 109 255
-5.2363 -1.8723 0.0647 0 206 255
-5.2363 -1.8722 0.1149 97 255 157
-5.2363 -1.8722 0.1483 195 255 59
-5.2363 -1.8722 0.1984 255 168 0
-5.2363 -1.8722 0.2318 255 71 0
-5.2363 -1.8721 0.2653 228 0 0
-5.2363 -1.8721 0.3154 127 0 0
-5.2363 -1.8721 0.3488 127 0 0
-5.2363 -1.8721 0.3822 127 0 0
-5.2174 -1.8193 -0.0102 0 0 243
-5.2174 -1.8193 0.0249 0 90 255
-5.2174 -1.8192 0.0774 0 243 255
-5.2174 -1.8192 0.1124 90 255 164
-5.2174 -1.8192 0.1475 193 255 61
-5.2174 -1.8192 0.1825 255 214 0
-5.2174 -1.8192 0.2351 255 61 0
-5.2174 -1.8192 0.2701 214 0 0
-5.2174 -1.8192 0.3051 127 0 0
-5.2174 -1.8192 0.3577 127 0 0
-5.2174 -1.8192 0.3927 127 0 0
-5.2121 -1.7910 -0.0158 0 0 227
-5.2121 -1.7910 0.0335 0 115 255
-5.2121 -1.7910 0.0664 0 211 255
-5.2121 -1.7910 0.1157 100 255 154
-5.2121 -1.7910 0.1486 196 255 58
-5.2121 -1.7910 0.1979 255 170 0
-5.2121 -1.7910 0.2308 255 74 0
-5.2121 -1.7910 0.2636 233 0 0
-5.2121 -1.7910 0.3129 127 0 0
-5.2121 -1.7910 0.3458 127 0 0
-5.2121 -1.7910 0.3951 127 0 0
-5.2288 -1.7431 -0.0152 0 0 228
-5.2288 -1.7430 0.0339 0 117 255
-5.2288 -1.7430 0.0667 0 212 255
-5.2288 -1.7429 0.1158 100 255 154
-5.2288 -1.7429 0.1486 196 255 58
-5.2288 -1.7428 0.1978 255 170 0
-5.2288 -1.7428 0.2305 255 74 0
-5.2288 -1.7428 0.2797 186 0 0
-5.2288 -1.7427 0.3124 127 0 0
-5.2288 -1.7427 0.3452 127 0 0
-5.2288 -1.7427 0.3943 127 0 0
-5.2281 -1.7133 -0.0320 0 0 179
-5.2366 -1.7061 0.0251 0 91 255
-5.2366 -1.7061 0.0717 0 227 255
-5.2366 -1.7061 0.1184 108 255 146
-5.2366 -1.7061 0.1495 198 255 56
-5.2366 -1.7061 0.1961 255 175 0
-5.2366 -1.7061 0.2272 255 84 0
-5.2366 -1.7061 0.2738 203 0 0
-5.2366 -1.7061 0.3049 127 0 0
-5.2366 -1.7060 0.3515 127 0 0
-5.2366 -1.7060 0.3826 127 0 0
-5.2122 -1.6629 -0.0028 0 9 255
-5.2122 -1.6629 0.0277 0 98 255
-5.2122 -1.6629 0.0735 0 232 255
-5.2122 -1.6629 0.1192 110 255 144
-5.2122 -1.6629 0.1497 199 255 55
-5.2122 -1.6629 0.1955 255 177 0
-5.2122 -1.6629 0.2260 255 88 0
-5.2122 -1.6628 0.2718 209 0 0
-5.2122 -1.6628 0.3176 127 0 0
-5.2122 -1.6628 0.3481 127 0 0
-5.2122 -1.6628 0.3938 127 0 0
-5.2297 -1.6021 -0.0052 0 3 255
-5.2297 -1.6021 0.0341 0 117 255
-5.2297 -1.6021 0.0734 0 232 255
-5.2297 -1.6020 0.1126 91 255 163
-5.2297 -1.6020 0.1519 205 255 49
-5.2297 -1.6020 0.1912 255 189 0
-5.2297 -1.6020 0.2304 255 75 0
-5.2297 -1.6020 0.2697 215 0 0
-5.2297 -1.6020 0.3090 127 0 0
-5.2297 -1.6020 0.3483 127 0 0
-5.2297 -1.6020 0.3875 127 0 0
-5.2263 -1.5867 -0.0321 0 0 179
-5.2290 -1.5851 0.0327 0 113 255
-5.2290 -1.5851 0.0768 0 241 255
-5.2290 -1.5851 0.1062 72 255 182
-5.2290 -1.5850 0.1503 201 255 53
-5.2290 -1.5850 0.1944 255 180 0
-5.2290 -1.5850 0.2385 255 51 0
-5.2290 -1.5849 0.2679 221 0 0
-5.2290 -1.5849 0.3120 127 0 0
-5.2290 -1.5849 0.3561 127 0 0
-5.2290 -1.5848 0.3855 127 0 0
-5.2123 -1.5519 -0.0058 0 1 255
-5.2123 -1.5519 0.0369 0 125 255
-5.2123 -1.5519 0.0796 0 250 255
-5.2123 -1.5519 0.1081 78 255 176
-5.2123 -1.5519 0.1508 202 255 52
-5.2123 -1.5519 0.1935 255 182 0
-5.2123 -1.5519 0.2362 255 58 0
-5.2123 -1.5519 0.2789 189 0 0
-5.2123 -1.5519 0.3073 127 0 0
-5.2123 -1.5519 0.3500 127 0 0
-5.2123 -1.5519 0.3927 127 0 0
-5.2378 -1.4834 -0.0322 0 0 179
-5.2250 -1.5076 0.0331 0 114 255
-5.2250 -1.5076 0.0770 0 242 255
-5.2250 -1.5076 0.1064 73 255 181
-5.2250 -1.5076 0.1503 201 255 53
-5.2250 -1.5076 0.1943 255 180 0
-5.2250 -1.5076 0.2383 255 52 0
-5.2250 -1.5076 0.2676 221 0 0
-5.2250 -1.5076 0.3116 127 0 0
-5.2250 -1.5076 0.3556 127 0 0
-5.2250 -1.5076 0.3849 127 0 0
-5.2015 -1.4439 -0.0079 0 0 250
-5.2015 -1.4439 0.0320 0 111 255
-5.2015 -1.4439 0.0719 0 227 255
-5.2015 -1.4439 0.1118 89 255 165
-5.2015 -1.4439 0.1517 205 255 49
-5.2015 -1.4439 0.1916 255 188 0
-5.2015 -1.4439 0.2315 255 72 0
-5.2015 -1.4439 0.2714 210 0 0
-5.2015 -1.4439 0.3113 127 0 0
-5.2015 -1.4439 0.3512 127 0 0
-5.2015 -1.4439 0.3911 127 0 0
-5.2036 -1.4296 -0.0323 0 0 179
-5.2027 -1.4386 0.0272 0 97 255
-5.2027 -1.4386 0.0685 0 217 255
-5.2027 -1.4386 0.1099 83 255 171
-5.2027 -1.4386 0.1512 203 255 51
-5.2027 -1.4386 0.1926 255 185 0
-5.2027 -1.4386 0.2339 255 65 0
-5.2027 -1.4386 0.2753 199 0 0
-5.2027 -1.4386 0.3166 127 0 0
-5.2027 -1.4386 0.3579 127 0 0
-5.2027 -1.4386 0.3855 127 0 0
-5.2367 -1.3606 -0.0324 0 0 178
-5.2050 -1.3416 -0.0324 0 0 178
-5.2361 -1.2819 -0.0324 0 0 178
-5.2007 -1.2605 -0.0325 0 0 178
-5.2166 -1.2006 -0.0325 0 0 178
-5.2034 -1.1933 -0.0325 0 0 178
-5.2134 -1.1391 -0.0326 0 0 178
-5.2253 -1.1209 0.0337 0 116 255
-5.2253 -1.1209 0.0723 0 228 255
-5.2253 -1.1209 0.1187 109 255 145
-5.2253 -1.1209 0.1573 221 255 33
-5.2253 -1.1209 0.1959 255 175 0
-5.2253 -1.1209 0.2345 255 63 0
-5.2253 -1.1209 0.2731 205 0 0
-5.2253 -1.1209 0.3195 127 0 0
-5.2253 -1.1209 0.3581 127 0 0
-5.2253 -1.1209 0.3967 127 0 0
-5.2093 -1.1144 -0.0096 0 0 245
-5.2093 -1.1144 0.0389 0 131 255
-5.2093 -1.1144 0.0777 0 244 255
-5.2093 -1.1144 0.1165 102 255 152
-5.2093 -1.1144 0.1553 215 255 39
-5.2093 -1.1144 0.1941 255 181 0
-5.2093 -1.1144 0.2329 255 68 0
-5.2093 -1.1144 0.2717 209 0 0
-5.2093 -1.1144 0.3105 127 0 0
-5.2093 -1.1144 0.3590 127 0 0
-5.2093 -1.1144 0.3881 127 0 0
-5.2093 -1.0710 -0.0032 0 9 255
-5.2093 -1.0710 0.0342 0 117 255
-5.2093 -1.0710 0.0716 0 226 255
-5.2093 -1.0710 0.1183 107 255 147
-5.2093 -1.0710 0.1557 216 255 38
-5.2093 -1.0710 0.1930 255 184 0
-5.2093 -1.0710 0.2397 255 48 0
-5.2093 -1.0710 0.2771 194 0 0
-5.2093 -1.0710 0.3145 127 0 0
-5.2093 -1.0710 0.3518 127 0 0
-5.2093 -1.0710 0.3892 127 0 0
-5.2094 -1.0307 -0.0061 0 0 255
-5.2094 -1.0307 0.0389 0 131 255
-5.2094 -1.0307 0.0749 0 236 255
-5.2094 -1.0307 0.1200 112 255 142
-5.2094 -1.0307 0.1560 217 255 37
-5.2094 -1.0307 0.1920 255 187 0
-5.2094 -1.0307 0.2371 255 55 0
-5.2094 -1.0307 0.2731 205 0 0
-5.2094 -1.0307 0.3181 127 0 0
-5.2094 -1.0307 0.3542 127 0 0
-5.2094 -1.0307 0.3902 127 0 0
-5.2094 -0.9932 -0.0002 0 17 255
-5.2094 -0.9932 0.0345 0 118 255
-5.2094 -0.9932 0.0780 0 245 255
-5.2094 -0.9932 0.1128 92 255 162
-5.2094 -0.9932 0.1563 218 255 36
-5.2094 -0.9932 0.1998 255 164 0
-5.2094 -0.9932 0.2346 255 63 0
-5.2094 -0.9932 0.2781 191 0 0
-5.2094 -0.9932 0.3128 127 0 0
-5.2094 -0.9932 0.3563 127 0 0
-5.2094 -0.9932 0.3911 127 0 0
-5.2094 -0.9582 -0.0031 0 9 255
-5.2094 -0.9582 0.0389 0 131 255
-5.2094 -0.9254 0.0755 0 238 255
-5.2094 -0.9254 0.1162 101 255 153
-5.2094 -0.9254 0.1569 220 255 34
-5.2094 -0.9254 0.1975 255 171 0
-5.2094 -0.9254 0.2382 255 52 0
-5.2094 -0.9254 0.2789 189 0 0
-5.2094 -0.9254 0.3196 127 0 0
-5.2094 -0.9254 0.3521 127 0 0
-5.2094 -0.9254 0.3928 127 0 0
-5.2094 -0.8947 -0.0005 0 16 255
-5.2094 -0.8947 0.0389 0 131 255
-5.2094 -0.8947 0.0783 0 246 255
-5.2094 -0.8947 0.1177 106 255 148
-5.2094 -0.8947 0.1571 221 255 33
-5.2094 -0.8947 0.1965 255 174 0
-5.2094 -0.8947 0.2359 255 59 0
-5.2094 -0.8947 0.2753 199 0 0
-5.2094 -0.8947 0.3147 127 0 0
-5.2094 -0.8947 0.3541 127 0 0
-5.2094 -0.8947 0.3935 127 0 0
-5.2094 -0.8659 -0.0031 0 9 255
-5.2094 -0.8659 0.0351 0 120 255
-5.2094 -0.8659 0.0733 0 231 255
-5.2094 -0.8659 0.1192 110 255 144
-5.2094 -0.8659 0.1574 221 255 33
-5.2094 -0.8659 0.1956 255 176 0
-5.2094 -0.8659 0.2338 255 65 0
-5.2094 -0.8659 0.2796 186 0 0
-5.2094 -0.8659 0.3178 127 0 0
-5.2094 -0.8659 0.3560 127 0 0
-5.2094 -0.8659 0.3942 127 0 0
-5.2095 -0.8132 -0.0007 0 16 255
-5.2095 -0.8387 0.0389 0 131 255
-5.2095 -0.8131 0.0785 0 247 255
-5.2095 -0.8131 0.1146 97 255 157
-5.2095 -0.8131 0.1578 223 255 31
-5.2095 -0.8131 0.1938 255 181 0
-5.2095 -0.8131 0.2370 255 55 0
-5.2095 -0.8131 0.2731 206 0 0
-5.2095 -0.8131 0.3163 127 0 0
-5.2095 -0.8131 0.3595 127 0 0
-5.2095 -0.8131 0.3955 127 0 0
-5.2095 -0.7890 -0.0031 0 9 255
-5.2095 -0.7890 0.0389 0 131 255
-5.2095 -0.7661 0.0764 0 240 255
-5.2095 -0.7661 0.1173 105 255 149
-5.2095 -0.7661 0.1582 224 255 30
-5.2095 -0.7661 0.1991 255 166 0
-5.2095 -0.7661 0.2400 255 47 0
-5.2095 -0.7661 0.2740 203 0 0
-5.2095 -0.7661 0.3149 127 0 0
-5.2095 -0.7661 0.3558 127 0 0
-5.2095 -0.7661 0.3967 127 0 0
-5.2095 -0.7445 -0.0009 0 15 255
-5.2095 -0.7445 0.0389 0 131 255
-5.2095 -0.7445 0.0787 0 247 255
-5.2095 -0.7239 0.1197 112 255 142
-5.2095 -0.7239 0.1585 225 255 29
-5.2095 -0.7239 0.1973 255 171 0
-5.2095 -0.7239 0.2361 255 58 0
-5.2095 -0.7239 0.2749 200 0 0
-5.2095 -0.7239 0.3137 127 0 0
-5.2095 -0.7239 0.3589 127 0 0
-5.2095 -0.7239 0.3913 127 0 0
-5.2129 -0.7076 -0.0027 0 10 255
-5.2129 -0.7076 0.0360 0 123 255
-5.2129 -0.7076 0.0747 0 235 255
-5.2129 -0.7076 0.1199 112 255 142
-5.2129 -0.7076 0.1586 225 255 29
-5.2129 -0.7076 0.1972 255 171 0
-5.2129 -0.7076 0.2359 255 59 0
-5.2129 -0.7076 0.2746 201 0 0
-5.2129 -0.7076 0.3198 127 0 0
-5.2129 -0.7076 0.3585 127 0 0
-5.2129 -0.7076 0.3907 127 0 0
-5.1959 -3.1532 -0.0095 0 0 245
-5.1959 -3.1532 0.0196 0 75 255
-5.1959 -3.1532 0.0778 0 244 255
-5.1959 -3.1532 0.1068 74 255 180
-5.1959 -3.1532 0.1359 159 255 95
-5.1959 -3.1532 0.1941 255 181 0
-5.1959 -3.1532 0.2232 255 96 0
-5.1959 -3.1532 0.2522 255 11 0
-5.1959 -3.1532 0.3104 127 0 0
-5.1959 -3.1532 0.3395 127 0 0
-5.1959 -3.1532 0.3976 127 0 0
-5.1976 -2.2736 -0.0027 0 10 255
-5.1976 -2.2736 0.0392 0 132 255
-5.1976 -2.2736 0.0602 0 193 255
-5.1976 -2.2736 0.1021 60 255 194
-5.1976 -2.2736 0.1440 182 255 72
-5.1976 -2.2736 0.1860 255 204 0
-5.1976 -2.2736 0.2279 255 82 0
-5.1976 -2.2736 0.2698 215 0 0
-5.1976 -2.2736 0.3118 127 0 0
-5.1976 -2.2736 0.3537 127 0 0
-5.1976 -2.2736 0.3956 127 0 0
-5.1676 -1.4483 -0.0008 0 15 255
-5.1676 -1.4483 0.0375 0 127 255
-5.1676 -1.4483 0.0757 0 238 255
-5.1676 -1.4483 0.1140 95 255 159
-5.1676 -1.4483 0.1522 206 255 48
-5.1676 -1.4483 0.1905 255 191 0
-5.1676 -1.4483 0.2288 255 80 0
-5.1676 -1.4483 0.2798 186 0 0
-5.1676 -1.4483 0.3180 127 0 0
-5.1676 -1.4483 0.3563 127 0 0
-5.1676 -1.4483 0.3946 127 0 0
-5.1754 -1.4043 -0.0324 0 0 178
-5.1755 -1.4386 0.0400 0 134 255
-5.1755 -1.4386 0.0678 0 215 255
-5.1755 -1.4386 0.1094 82 255 172
-5.1755 -1.4386 0.1511 203 255 51
-5.1755 -1.4386 0.1928 255 184 0
-5.1755 -1.4386 0.2344 255 63 0
-5.1755 -1.4386 0.2761 197 0 0
-5.1755 -1.4386 0.3178 127 0 0
-5.1755 -1.4386 0.3595 127 0 0
-5.1755 -1.4386 0.3872 127 0 0
-5.1659 -1.3964 -0.0324 0 0 178
-5.1798 -1.3208 -0.0324 0 0 178
-5.1993 -1.2923 -0.0324 0 0 178
-5.1923 -1.2536 -0.0325 0 0 178
-5.1320 -1.5799 -0.0322 0 0 179
-5.1501 -1.4821 -0.0323 0 0 179
-5.1205 -0.7231 -0.0328 0 0 177
-5.1235 -0.7180 -0.0325 0 0 178
-5.1241 -0.6694 -0.0329 0 0 177
-5.1505 0.3521 -0.0030 0 9 255
-5.1505 0.3520 0.0358 0 122 255
-5.1505 0.3520 0.0746 0 235 255
-5.1505 0.3520 0.1198 112 255 142
-5.1505 0.3520 0.1585 225 255 29
-5.1505 0.3520 0.1973 255 171 0
-5.1505 0.3519 0.2360 255 58 0
-5.1505 0.3519 0.2748 200 0 0
-5.1506 0.3519 0.3200 127 0 0
-5.1506 0.3519 0.3587 127 0 0
-5.1506 0.3519 0.3910 127 0 0
-5.1312 0.3795 -0.0054 0 2 255
-5.1312 0.3795 0.0339 0 116 255
-5.1312 0.3795 0.0798 0 250 255
-5.1312 0.3795 0.1191 110 255 144
-5.1312 0.3795 0.1584 224 255 30
-5.1312 0.3795 0.1978 255 170 0
-5.1312 0.3795 0.2371 255 55 0
-5.1312 0.3795 0.2764 196 0 0
-5.1312 0.3689 0.3197 127 0 0
-5.1312 0.3689 0.3583 127 0 0
-5.1312 0.3689 0.3970 127 0 0
-5.0870 -1.8241 -0.0320 0 0 179
-5.1112 -1.6926 -0.0321 0 0 179
-5.0836 -0.8022 -0.0328 0 0 177
-5.0825 -0.7753 -0.0324 0 0 178
-5.0810 -0.7347 -0.0324 0 0 178
-5.0839 -0.7021 -0.0325 0 0 178
-5.0822 -0.6650 -0.0329 0 0 177
-5.0583 -1.9792 -0.0319 0 0 180
-5.0406 -0.9279 -0.0327 0 0 178
-5.0434 -0.8912 -0.0327 0 0 178
-5.0415 -0.8598 -0.0323 0 0 179
-5.0415 -0.8109 -0.0323 0 0 179
-5.0415 -0.7657 -0.0324 0 0 178
-5.0430 -0.7213 -0.0326 0 0 178
-5.0400 -0.7154 -0.0326 0 0 178
-5.0401 -0.6787 -0.0328 0 0 177
-5.0402 -0.6290 -0.0328 0 0 177
-5.0403 -0.5826 -0.0329 0 0 177
-5.0240 -2.1650 -0.0317 0 0 180
-5.0063 -1.0059 -0.0326 0 0 178
-5.0006 -0.9828 -0.0321 0 0 179
-5.0025 -0.9218 -0.0322 0 0 179
-5.0202 -0.8861 -0.0322 0 0 179
-5.0041 -0.8660 -0.0322 0 0 179
-5.0006 -0.8084 -0.0323 0 0 179
-5.0026 -0.7915 -0.0325 0 0 178
-5.0021 -0.7371 -0.0325 0 0 178
-5.0016 -0.6864 -0.0325 0 0 178
-5.0042 -0.6450 -0.0326 0 0 178
-5.0012 -0.6391 -0.0326 0 0 178
-5.0124 -0.5743 -0.0328 0 0 177
-5.0284 -0.5591 -0.0329 0 0 177
-4.9822 -2.3918 -0.0315 0 0 181
-4.9645 -1.1010 -0.0325 0 0 178
-4.9636 -1.0653 -0.0325 0 0 178
-4.9618 -1.0038 -0.0320 0 0 179
-4.9831 -0.9608 -0.0321 0 0 179
-4.9655 -0.9388 -0.0321 0 0 179
-4.9745 -0.8867 -0.0322 0 0 179
-4.9679 -0.8428 -0.0324 0 0 178
-4.9607 -0.8288 -0.0324 0 0 178
-4.9618 -0.7688 -0.0324 0 0 178
-4.9694 -0.7263 -0.0325 0 0 178
-4.9614 -0.7105 -0.0329 0 0 177
-4.9602 -0.6489 -0.0329 0 0 177
-4.9738 -0.6318 -0.0325 0 0 178
-4.9953 -0.5905 -0.0328 0 0 177
-4.9300 -2.6747 -0.0313 0 0 181
-4.9244 -1.1825 -0.0324 0 0 178
-4.9258 -1.1209 -0.0319 0 0 180
-4.9288 -1.1141 -0.0324 0 0 178
-4.9318 -1.0431 -0.0320 0 0 180
-4.9253 -1.0350 -0.0320 0 0 180
-4.9311 -0.9653 -0.0320 0 0 179
-4.9250 -0.9576 -0.0320 0 0 179
-4.9233 -0.8954 -0.0323 0 0 179
-4.9335 -0.8424 -0.0323 0 0 178
-4.9223 -0.8204 -0.0323 0 0 178
-4.9285 -0.7654 -0.0324 0 0 178
-4.9218 -0.7381 -0.0328 0 0 177
-4.9270 -0.6843 -0.0328 0 0 177
-4.9245 -0.6777 -0.0328 0 0 177
-4.9571 -0.6268 -0.0328 0 0 177
-4.8811 -1.2911 -0.0323 0 0 179
-4.8875 -1.2406 -0.0323 0 0 179
-4.8882 -1.2147 -0.0324 0 0 178
-4.8830 -1.1626 -0.0318 0 0 180
-4.8873 -1.1518 -0.0324 0 0 178
-4.8985 -1.0867 -0.0319 0 0 180
-4.8849 -1.0696 -0.0319 0 0 180
-4.8995 -1.0026 -0.0320 0 0 180
-4.8830 -0.9831 -0.0322 0 0 179
-4.8959 -0.9213 -0.0322 0 0 179
-4.8837 -0.8973 -0.0322 0 0 179
-4.8961 -0.8419 -0.0323 0 0 179
-4.8901 -0.8069 -0.0328 0 0 177
-4.8815 -0.7848 -0.0328 0 0 177
-4.8887 -0.7251 -0.0328 0 0 177
-4.8859 -0.7180 -0.0328 0 0 177
-4.9126 -0.6690 -0.0327 0 0 177
-4.8630 -3.0374 -0.0310 0 0 182
-4.8453 -1.3724 -0.0322 0 0 179
-4.8514 -1.3204 -0.0322 0 0 179
-4.8425 -1.2829 -0.0323 0 0 179
-4.8655 -1.2479 -0.0317 0 0 180
-4.8425 -1.2191 -0.0317 0 0 180
-4.8785 -1.1642 -0.0324 0 0 178
-4.8541 -1.1265 -0.0318 0 0 180
-4.8469 -1.1174 -0.0318 0 0 180
-4.8644 -1.0440 -0.0319 0 0 180
-4.8465 -1.0071 -0.0321 0 0 179
-4.8420 -0.9984 -0.0321 0 0 179
-4.8532 -0.9245 -0.0322 0 0 179
-4.8405 -0.8994 -0.0322 0 0 179
-4.8405 -0.8556 -0.0327 0 0 177
-4.8559 -0.8034 -0.0327 0 0 177
-4.8410 -0.7649 -0.0327 0 0 177
-4.8644 -0.7405 -0.0328 0 0 177
-4.8600 -0.7189 -0.0327 0 0 178
-4.8042 -1.4662 -0.0321 0 0 179
-4.8098 -1.4124 -0.0321 0 0 179
-4.8040 -1.3636 -0.0322 0 0 179
-4.8294 -1.3240 -0.0316 0 0 181
-4.8049 -1.2933 -0.0316 0 0 181
-4.8039 -1.2747 -0.0323 0 0 179
-4.8349 -1.2095 -0.0317 0 0 180
-4.8042 -1.1711 -0.0317 0 0 180
-4.8326 -1.1220 -0.0324 0 0 178
-4.8253 -1.0903 -0.0318 0 0 180
-4.8108 -1.0429 -0.0321 0 0 179
-4.8014 -1.0244 -0.0321 0 0 179
-4.8242 -0.9632 -0.0321 0 0 179
-4.8063 -0.9281 -0.0321 0 0 179
-4.8139 -0.8875 -0.0327 0 0 178
-4.8010 -0.8539 -0.0327 0 0 178
-4.8219 -0.8075 -0.0327 0 0 177
-4.8157 -0.7915 -0.0327 0 0 177
-4.8299 -0.7474 -0.0326 0 0 178
-4.8111 -0.7142 -0.0345 0 0 172
-4.7741 -3.5192 -0.0306 0 0 184
-4.7707 -1.5306 -0.0320 0 0 179
-4.7613 -1.5196 -0.0320 0 0 179
-4.7745 -1.4599 -0.0321 0 0 179
-4.7882 -1.4108 -0.0314 0 0 181
-4.7620 -1.3779 -0.0314 0 0 181
-4.7627 -1.3549 -0.0322 0 0 179
-4.7967 -1.2830 -0.0316 0 0 181
-4.7641 -1.2421 -0.0316 0 0 181
-4.7836 -1.2083 -0.0323 0 0 179
-4.7966 -1.1615 -0.0317 0 0 180
-4.7911 -1.1216 -0.0320 0 0 179
-4.7713 -1.0826 -0.0320 0 0 179
-4.7613 -1.0631 -0.0320 0 0 179
-4.7920 -1.0059 -0.0321 0 0 179
-4.7732 -0.9689 -0.0321 0 0 179
-4.7849 -0.9223 -0.0326 0 0 178
-4.7713 -0.8872 -0.0326 0 0 178
-4.7611 -0.8609 -0.0326 0 0 178
-4.7880 -0.8204 -0.0327 0 0 178
-4.7969 -0.7787 -0.0326 0 0 178
-4.7915 -0.7534 -0.0346 0 0 172
-4.7662 -0.7178 -0.0347 0 0 172
-4.7221 -1.6064 -0.0094 0 0 245
-4.7221 -1.6064 0.0255 0 92 255
-4.7221 -1.6064 0.0778 0 245 255
-4.7221 -1.6064 0.1127 91 255 163
-4.7221 -1.6064 0.1476 193 255 61
-4.7221 -1.6064 0.1999 255 164 0
-4.7221 -1.6064 0.2347 255 62 0
-4.7221 -1.6064 0.2696 216 0 0
-4.7221 -1.6064 0.3045 127 0 0
-4.7221 -1.6064 0.3568 127 0 0
-4.7221 -1.6064 0.3917 127 0 0
-4.7221 -1.5652 -0.0056 0 2 255
-4.7221 -1.5652 0.0286 0 101 255
-4.7221 -1.5652 0.0797 0 250 255
-4.7221 -1.5652 0.1138 94 255 160
-4.7221 -1.5652 0.1479 194 255 60
-4.7221 -1.5652 0.1991 255 166 0
-4.7221 -1.5652 0.2332 255 67 0
-4.7221 -1.5652 0.2673 222 0 0
-4.7221 -1.5652 0.3185 127 0 0
-4.7221 -1.5652 0.3526 127 0 0
-4.7221 -1.5652 0.3867 127 0 0
-4.7501 -1.5227 -0.0313 0 0 182
-4.7221 -1.5258 0.0315 0 109 255
-4.7221 -1.5258 0.0648 0 207 255
-4.7221 -1.5258 0.1149 98 255 156
-4.7221 -1.5258 0.1483 195 255 59
-4.7221 -1.5258 0.1984 255 168 0
-4.7221 -1.5258 0.2318 255 71 0
-4.7221 -1.5258 0.2652 229 0 0
-4.7221 -1.5258 0.3152 127 0 0
-4.7221 -1.5258 0.3486 127 0 0
-4.7221 -1.5258 0.3820 127 0 0
-4.7219 -1.4873 -0.0313 0 0 182
-4.7222 -1.4880 0.0342 0 118 255
-4.7222 -1.4880 0.0669 0 213 255
-4.7222 -1.4880 0.1160 101 255 153
-4.7222 -1.4880 0.1487 196 255 58
-4.7222 -1.4880 0.1977 255 170 0
-4.7222 -1.4880 0.2304 255 75 0
-4.7222 -1.4880 0.2794 187 0 0
-4.7222 -1.4880 0.3121 127 0 0
-4.7222 -1.4880 0.3448 127 0 0
-4.7222 -1.4880 0.3938 127 0 0
-4.7275 -1.4702 -0.0109 0 0 241
-4.7275 -1.4702 0.0371 0 126 255
-4.7275 -1.4702 0.0691 0 219 255
-4.7275 -1.4702 0.1170 104 255 150
-4.7275 -1.4702 0.1490 197 255 57
-4.7275 -1.4702 0.1970 255 172 0
-4.7275 -1.4702 0.2290 255 79 0
-4.7275 -1.4702 0.2769 194 0 0
-4.7275 -1.4702 0.3089 127 0 0
-4.7275 -1.4702 0.3569 127 0 0
-4.7275 -1.4702 0.3888 127 0 0
-4.7545 -1.4025 -0.0322 0 0 179
-4.7532 -1.3670 -0.0314 0 0 181
-4.7270 -1.3341 -0.0314 0 0 181
-4.7407 -1.2848 -0.0322 0 0 179
-4.7405 -1.2575 -0.0322 0 0 179
-4.7477 -1.2216 -0.0316 0 0 181
-4.7481 -1.1683 -0.0319 0 0 180
-4.7399 -1.1642 0.0334 0 115 255
-4.7399 -1.1642 0.0772 0 243 255
-4.7399 -1.1642 0.1101 84 255 170
-4.7399 -1.1642 0.1540 212 255 42
-4.7399 -1.1642 0.1979 255 170 0
-4.7399 -1.1642 0.2308 255 74 0
-4.7399 -1.1642 0.2747 201 0 0
-4.7399 -1.1642 0.3186 127 0 0
-4.7399 -1.1642 0.3515 127 0 0
-4.7399 -1.1642 0.3954 127 0 0
-4.7271 -1.1270 -0.0319 0 0 180
-4.7393 -1.1290 0.0392 0 132 255
-4.7393 -1.1454 0.0797 0 250 255
-4.7393 -1.1290 0.1126 91 255 163
-4.7393 -1.1290 0.1545 213 255 41
-4.7393 -1.1290 0.1965 255 174 0
-4.7393 -1.1290 0.2384 255 52 0
-4.7393 -1.1289 0.2699 215 0 0
-4.7393 -1.1289 0.3118 127 0 0
-4.7393 -1.1289 0.3537 127 0 0
-4.7393 -1.1289 0.3957 127 0 0
-4.7218 -1.1166 -0.0319 0 0 180
-4.7393 -1.0976 0.0330 0 114 255
-4.7393 -1.0976 0.0736 0 232 255
-4.7393 -1.0976 0.1142 96 255 158
-4.7393 -1.0976 0.1548 214 255 40
-4.7393 -1.0976 0.1955 255 177 0
-4.7393 -1.0976 0.2361 255 58 0
-4.7393 -1.0976 0.2767 195 0 0
-4.7394 -1.0976 0.3173 127 0 0
-4.7394 -1.0976 0.3579 127 0 0
-4.7394 -1.0976 0.3883 127 0 0
-4.7514 -1.0436 -0.0320 0 0 179
-4.7469 -1.0656 0.0393 0 132 255
-4.7469 -1.0517 0.0793 0 249 255
-4.7469 -1.0517 0.1174 105 255 149
-4.7469 -1.0517 0.1555 216 255 38
-4.7469 -1.0517 0.1936 255 182 0
-4.7469 -1.0517 0.2317 255 71 0
-4.7469 -1.0517 0.2793 187 0 0
-4.7469 -1.0517 0.3174 127 0 0
-4.7469 -1.0517 0.3555 127 0 0
-4.7469 -1.0517 0.3936 127 0 0
-4.7214 -1.0127 -0.0325 0 0 178
-4.7469 -1.0122 0.0374 0 127 255
-4.7469 -1.0122 0.0738 0 233 255
-4.7469 -1.0122 0.1194 111 255 143
-4.7469 -1.0122 0.1559 217 255 37
-4.7469 -1.0122 0.1923 255 186 0
-4.7469 -1.0122 0.2379 255 53 0
-4.7469 -1.0122 0.2744 202 0 0
-4.7469 -1.0122 0.3200 127 0 0
-4.7469 -1.0122 0.3564 127 0 0
-4.7469 -1.0122 0.3929 127 0 0
-4.7529 -0.9606 -0.0326 0 0 178
-4.7469 -0.9998 0.0392 0 132 255
-4.7470 -0.9646 0.0788 0 247 255
-4.7470 -0.9646 0.1133 93 255 161
-4.7470 -0.9646 0.1564 218 255 36
-4.7470 -0.9646 0.1995 255 165 0
-4.7470 -0.9646 0.2340 255 64 0
-4.7470 -0.9646 0.2771 194 0 0
-4.7470 -0.9646 0.3116 127 0 0
-4.7470 -0.9646 0.3547 127 0 0
-4.7470 -0.9646 0.3891 127 0 0
-4.7386 -0.9238 -0.0326 0 0 178
-4.7470 -0.9426 0.0391 0 132 255
-4.7470 -0.9535 0.0799 0 251 255
-4.7470 -0.9321 0.1153 99 255 155
-4.7470 -0.9321 0.1567 219 255 35
-4.7470 -0.9321 0.1981 255 169 0
-4.7470 -0.9321 0.2396 255 48 0
-4.7470 -0.9321 0.2727 207 0 0
-4.7470 -0.9321 0.3141 127 0 0
-4.7470 -0.9321 0.3555 127 0 0
-4.7470 -0.9321 0.3969 127 0 0
-4.7244 -0.8869 -0.0326 0 0 178
-4.7401 -0.8991 0.0394 0 132 255
-4.7401 -0.8885 0.0740 0 233 255
-4.7401 -0.8885 0.1154 99 255 155
-4.7401 -0.8885 0.1567 219 255 35
-4.7401 -0.8885 0.1981 255 169 0
-4.7401 -0.8885 0.2394 255 48 0
-4.7401 -0.8885 0.2725 207 0 0
-4.7401 -0.8885 0.3139 127 0 0
-4.7401 -0.8885 0.3553 127 0 0
-4.7401 -0.8885 0.3966 127 0 0
-4.7577 -0.8521 -0.0326 0 0 178
-4.7401 -0.8682 0.0358 0 122 255
-4.7401 -0.8682 0.0762 0 240 255
-4.7401 -0.8682 0.1166 102 255 152
-4.7401 -0.8682 0.1569 220 255 34
-4.7401 -0.8682 0.1973 255 171 0
-4.7401 -0.8682 0.2377 255 54 0
-4.7401 -0.8682 0.2780 191 0 0
-4.7401 -0.8682 0.3184 127 0 0
-4.7401 -0.8682 0.3588 127 0 0
-4.7401 -0.8682 0.3910 127 0 0
-4.7353 -0.8366 -0.0041 0 6 255
-4.7353 -0.8366 0.0362 0 123 255
-4.7353 -0.8366 0.0764 0 240 255
-4.7353 -0.8366 0.1167 103 255 151
-4.7353 -0.8366 0.1569 220 255 34
-4.7353 -0.8366 0.1972 255 172 0
-4.7353 -0.8366 0.2375 255 54 0
-4.7353 -0.8366 0.2777 192 0 0
-4.7353 -0.8366 0.3180 127 0 0
-4.7353 -0.8366 0.3582 127 0 0
-4.7353 -0.8366 0.3904 127 0 0
-4.7496 -0.7845 -0.0347 0 0 172
-4.7540 -0.7535 -0.0346 0 0 172
-4.7177 -3.8249 -0.0126 0 0 236
-4.7177 -3.8249 0.0229 0 85 255
-4.7177 -3.8249 0.0584 0 188 255
-4.7177 -3.8249 0.0940 37 255 217
-4.7177 -3.8249 0.1295 140 255 114
-4.7177 -3.8249 0.1650 244 255 10
-4.7177 -3.8249 0.2360 255 58 0
-4.7177 -3.8249 0.2716 210 0 0
-4.7177 -3.8249 0.3071 127 0 0
-4.7177 -3.8249 0.3426 127 0 0
-4.7177 -3.8249 0.3781 127 0 0
-4.7138 -1.6010 -0.0102 0 0 243
-4.7138 -1.6009 0.0376 0 127 255
-4.7138 -1.6009 0.0694 0 220 255
-4.7138 -1.6009 0.1172 104 255 150
-4.7138 -1.6009 0.1491 197 255 57
-4.7139 -1.6008 0.1968 255 173 0
-4.7139 -1.6008 0.2287 255 80 0
-4.7139 -1.6008 0.2765 196 0 0
-4.7139 -1.6008 0.3083 127 0 0
-4.7139 -1.6007 0.3561 127 0 0
-4.7139 -1.6007 0.3879 127 0 0
-4.7138 -1.5676 -0.0077 0 0 250
-4.7138 -1.5676 0.0394 0 132 255
-4.7138 -1.5675 0.0708 0 224 255
-4.7138 -1.5675 0.1179 106 255 148
-4.7139 -1.5675 0.1493 198 255 56
-4.7139 -1.5675 0.1964 255 174 0
-4.7139 -1.5674 0.2278 255 82 0
-4.7139 -1.5674 0.2749 200 0 0
-4.7139 -1.5674 0.3063 127 0 0
-4.7139 -1.5674 0.3534 127 0 0
-4.7139 -1.5674 0.3848 127 0 0
-4.7138 -1.5351 -0.0053 0 2 255
-4.7138 -1.5351 0.0256 0 92 255
-4.7138 -1.5351 0.0721 0 228 255
-4.7139 -1.5351 0.1185 108 255 146
-4.7139 -1.5350 0.1495 198 255 56
-4.7139 -1.5350 0.1960 255 175 0
-4.7139 -1.5350 0.2269 255 85 0
-4.7139 -1.5350 0.2734 205 0 0
-4.7139 -1.5349 0.3198 127 0 0
-4.7139 -1.5349 0.3508 127 0 0
-4.7139 -1.5349 0.3972 127 0 0
-4.6926 -1.4839 -0.0035 0 7 255
-4.6926 -1.4839 0.0271 0 97 255
-4.6926 -1.4839 0.0731 0 231 255
-4.6926 -1.4838 0.1190 110 255 144
-4.6926 -1.4838 0.1497 199 255 55
-4.6927 -1.4838 0.1956 255 176 0
-4.6927 -1.4838 0.2263 255 87 0
-4.6927 -1.4838 0.2722 208 0 0
-4.6927 -1.4837 0.3182 127 0 0
-4.6927 -1.4837 0.3488 127 0 0
-4.6927 -1.4837 0.3948 127 0 0
-4.6843 -1.4401 -0.0313 0 0 182
-4.6876 -1.4782 0.0348 0 119 255
-4.6876 -1.4782 0.0673 0 214 255
-4.6876 -1.4782 0.1162 101 255 153
-4.6876 -1.4782 0.1487 196 255 58
-4.6876 -1.4782 0.1976 255 171 0
-4.6876 -1.4782 0.2301 255 76 0
-4.6876 -1.4781 0.2789 188 0 0
-4.6876 -1.4781 0.3115 127 0 0
-4.7055 -1.4782 0.3589 127 0 0
-4.6876 -1.4781 0.3929 127 0 0
-4.6800 -1.4395 -0.0322 0 0 179
-4.7132 -1.3650 -0.0321 0 0 179
-4.7182 -1.3231 -0.0314 0 0 181
-4.7007 -1.3012 -0.0315 0 0 181
-4.7108 -1.2426 -0.0318 0 0 180
-4.6941 -1.2097 -0.0318 0 0 180
-4.6830 -1.1878 -0.0318 0 0 180
-4.7112 -1.1789 0.0387 0 131 255
-4.7111 -1.1623 0.0713 0 225 255
-4.7110 -1.1624 0.1129 92 255 162
-4.7109 -1.1625 0.1546 213 255 41
-4.7108 -1.1627 0.1963 255 174 0
-4.7107 -1.1628 0.2380 255 53 0
-4.7106 -1.1629 0.2797 186 0 0
-4.7105 -1.1630 0.3110 127 0 0
-4.7104 -1.1632 0.3527 127 0 0
-4.7103 -1.1633 0.3944 127 0 0
-4.7006 -1.1275 -0.0007 0 16 255
-4.7006 -1.1275 0.0348 0 119 255
-4.7007 -1.1275 0.0703 0 223 255
-4.7007 -1.1275 0.1177 106 255 148
-4.7007 -1.1274 0.1532 209 255 45
-4.7007 -1.1274 0.1887 255 196 0
-4.7007 -1.1274 0.2360 255 58 0
-4.7008 -1.1274 0.2715 210 0 0
-4.7008 -1.1273 0.3189 127 0 0
-4.7008 -1.1273 0.3544 127 0 0
-4.7008 -1.1273 0.3899 127 0 0
-4.7006 -1.0927 -0.0100 0 0 243
-4.7006 -1.0926 0.0367 0 125 255
-4.7007 -1.0926 0.0717 0 227 255
-4.7007 -1.0926 0.1183 108 255 146
-4.7007 -1.0926 0.1533 210 255 44
-4.7007 -1.0925 0.1883 255 197 0
-4.7007 -1.0925 0.2350 255 61 0
-4.7008 -1.0925 0.2700 214 0 0
-4.7008 -1.0925 0.3167 127 0 0
-4.7008 -1.0924 0.3517 127 0 0
-4.7008 -1.0924 0.3866 127 0 0
-4.6974 -1.0419 -0.0070 0 0 252
-4.6974 -1.0419 0.0360 0 123 255
-4.6974 -1.0419 0.0790 0 248 255
-4.6974 -1.0419 0.1113 87 255 167
-4.6974 -1.0419 0.1543 212 255 42
-4.6974 -1.0419 0.1972 255 171 0
-4.6974 -1.0419 0.2295 255 77 0
-4.6974 -1.0419 0.2725 207 0 0
-4.6974 -1.0419 0.3155 127 0 0
-4.6974 -1.0418 0.3585 127 0 0
-4.6974 -1.0418 0.3907 127 0 0
-4.6974 -1.0127 -0.0052 0 3 255
-4.6974 -1.0127 0.0374 0 127 255
-4.6974 -1.0127 0.0799 0 251 255
-4.6974 -1.0126 0.1118 89 255 165
-4.6974 -1.0126 0.1544 213 255 41
-4.6974 -1.0126 0.1969 255 172 0
-4.6974 -1.0126 0.2395 255 48 0
-4.6974 -1.0126 0.2714 210 0 0
-4.6974 -1.0126 0.3139 127 0 0
-4.6974 -1.0126 0.3565 127 0 0
-4.6974 -1.0126 0.3884 127 0 0
-4.6974 -0.9700 -0.0025 0 10 255
-4.6974 -0.9700 0.0393 0 132 255
-4.6974 -0.9700 0.0708 0 224 255
-4.6974 -0.9700 0.1126 91 255 163
-4.6974 -0.9700 0.1545 213 255 41
-4.6974 -0.9700 0.1964 255 174 0
-4.6974 -0.9700 0.2383 255 52 0
-4.6974 -0.9700 0.2697 215 0 0
-4.6974 -0.9700 0.3116 127 0 0
-4.6975 -0.9700 0.3535 127 0 0
-4.6975 -0.9700 0.3954 127 0 0
-4.6974 -0.9423 -0.0008 0 15 255
-4.6974 -0.9560 0.0400 0 134 255
-4.6974 -0.9286 0.0722 0 228 255
-4.6974 -0.9286 0.1134 93 255 161
-4.6975 -0.9286 0.1547 214 255 40
-4.6975 -0.9286 0.1959 255 175 0
-4.6975 -0.9286 0.2372 255 55 0
-4.6975 -0.9286 0.2784 190 0 0
-4.6975 -0.9286 0.3197 127 0 0
-4.6975 -0.9286 0.3506 127 0 0
-4.6975 -0.9286 0.3918 127 0 0
-4.6974 -0.9151 -0.0094 0 0 245
-4.6974 -0.9151 0.0316 0 110 255
-4.6974 -0.9151 0.0727 0 230 255
-4.6975 -0.9151 0.1137 94 255 160
-4.6975 -0.9151 0.1547 214 255 40
-4.6975 -0.9151 0.1958 255 176 0
-4.6975 -0.9151 0.2368 255 56 0
-4.6975 -0.9151 0.2778 192 0 0
-4.6975 -0.9151 0.3189 127 0 0
-4.6975 -0.9151 0.3599 127 0 0
-4.6975 -0.9151 0.3907 127 0 0
-4.7006 -0.8701 -0.0037 0 7 255
-4.7006 -0.8701 0.0301 0 105 255
-4.7006 -0.8701 0.0750 0 236 255
-4.7006 -0.8701 0.1088 80 255 174
-4.7006 -0.8701 0.1538 211 255 43
-4.7006 -0.8701 0.1987 255 167 0
-4.7006 -0.8701 0.2325 255 69 0
-4.7006 -0.8701 0.2774 193 0 0
-4.7006 -0.8701 0.3112 127 0 0
-4.7006 -0.8701 0.3562 127 0 0
-4.7006 -0.8701 0.3899 127 0 0
-4.7114 -0.8331 -0.0005 0 16 255
-4.7113 -0.8026 0.0358 0 122 255
-4.7112 -0.8027 0.0761 0 240 255
-4.7111 -0.8027 0.1165 102 255 152
-4.7110 -0.8028 0.1569 220 255 34
-4.7109 -0.8029 0.1973 255 171 0
-4.7108 -0.8029 0.2377 255 53 0
-4.7107 -0.8030 0.2782 191 0 0
-4.7106 -0.8031 0.3186 127 0 0
-4.7105 -0.8032 0.3591 127 0 0
-4.7105 -0.8032 0.3914 127 0 0
-4.7114 -0.7829 -0.0019 0 12 255
-4.7113 -0.7830 0.0378 0 128 255
-4.7112 -0.7831 0.0776 0 244 255
-4.7111 -0.7831 0.1173 105 255 149
-4.7110 -0.7832 0.1570 220 255 34
-4.7109 -0.7833 0.1968 255 173 0
-4.7108 -0.7833 0.2366 255 57 0
-4.7107 -0.7834 0.2764 196 0 0
-4.7106 -0.7835 0.3162 127 0 0
-4.7105 -0.7835 0.3560 127 0 0
-4.7105 -0.7836 0.3879 127 0 0
-4.7013 -0.7594 -0.0046 0 4 255
-4.7011 -0.7595 0.0339 0 117 255
-4.7010 -0.7596 0.0725 0 229 255
-4.7009 -0.7597 0.1187 109 255 145
-4.7008 -0.7597 0.1573 221 255 33
-4.7007 -0.7598 0.1959 255 175 0
-4.7006 -0.7599 0.2345 255 63 0
-4.7005 -0.7599 0.2731 206 0 0
-4.7004 -0.7600 0.3117 127 0 0
-4.6453 -1.5240 -0.0321 0 0 179
-4.6767 -1.4839 -0.0050 0 3 255
-4.6767 -1.4839 0.0259 0 93 255
-4.6767 -1.4839 0.0723 0 228 255
-4.6768 -1.4838 0.1186 108 255 146
-4.6768 -1.4838 0.1495 199 255 55
-4.6768 -1.4838 0.1959 255 175 0
-4.6768 -1.4838 0.2268 255 85 0
-4.6768 -1.4838 0.2732 205 0 0
-4.6768 -1.4837 0.3195 127 0 0
-4.6768 -1.4837 0.3504 127 0 0
-4.6768 -1.4837 0.3968 127 0 0
-4.6695 -1.4782 -0.0154 0 0 228
-4.6695 -1.4782 0.0338 0 116 255
-4.6695 -1.4781 0.0666 0 212 255
-4.6695 -1.4781 0.1158 100 255 154
-4.6695 -1.4781 0.1486 196 255 58
-4.6695 -1.4781 0.1978 255 170 0
-4.6695 -1.4781 0.2306 255 74 0
-4.6695 -1.4781 0.2798 186 0 0
-4.6695 -1.4781 0.3126 127 0 0
-4.6695 -1.4781 0.3454 127 0 0
-4.6695 -1.4781 0.3946 127 0 0
-4.6560 -1.4047 -0.0313 0 0 181
-4.6466 -1.3929 -0.0313 0 0 181
-4.6418 -1.3429 -0.0323 0 0 179
-4.6449 -1.2800 -0.0317 0 0 180
-4.6748 -1.2743 -0.0324 0 0 178
-4.6734 -1.2087 -0.0323 0 0 179
-4.6774 -1.1768 -0.0318 0 0 180
-4.6324 -1.5638 -0.0320 0 0 179
-4.6039 -1.5253 -0.0311 0 0 182
-4.6094 -1.5025 -0.0353 0 0 170
-4.6307 -1.4484 -0.0320 0 0 179
-4.6014 -1.4335 -0.0322 0 0 179
-4.6015 -1.3853 -0.0316 0 0 181
-4.6084 -1.3567 -0.0313 0 0 182
-4.6152 -1.2861 -0.0322 0 0 179
-4.6271 -1.2450 -0.0317 0 0 180
-4.5657 -1.6543 -0.0307 0 0 183
-4.5819 -1.6038 -0.0319 0 0 180
-4.5609 -1.5696 -0.0319 0 0 180
-4.5955 -1.5414 -0.0320 0 0 179
-4.5836 -1.4998 -0.0311 0 0 182
-4.5823 -1.4402 -0.0311 0 0 182
-4.5619 -1.4024 -0.0321 0 0 179
-4.5887 -1.3603 -0.0316 0 0 181
-4.5697 -1.3227 -0.0316 0 0 181
-4.5202 -1.7572 -0.0317 0 0 180
-4.5536 -1.6814 -0.0309 0 0 183
-4.5314 -1.6536 -0.0309 0 0 183
-4.5203 -1.6397 -0.0309 0 0 183
-4.5306 -1.5709 -0.0355 0 0 169
-4.5223 -1.5327 -0.0309 0 0 183
-4.5446 -1.4932 -0.0314 0 0 181
-4.5240 -1.4527 -0.0314 0 0 181
-4.5545 -1.4368 -0.0311 0 0 182
-4.5413 -1.3618 -0.0321 0 0 179
-4.4935 -1.7825 -0.0305 0 0 184
-4.4925 -1.7274 -0.0317 0 0 180
-4.4836 -1.7069 -0.0318 0 0 180
-4.4848 -1.6443 -0.0307 0 0 183
-4.5092 -1.6258 -0.0309 0 0 183
-4.5194 -1.5604 -0.0355 0 0 169
-4.4923 -1.5290 -0.0309 0 0 183
-4.4848 -1.5086 -0.0320 0 0 179
-4.5035 -1.4123 -0.0314 0 0 181
-4.4500 -1.8647 -0.0317 0 0 180
-4.4445 -1.8072 -0.0307 0 0 183
-4.4406 -1.7760 -0.0305 0 0 184
-4.4441 -1.7261 -0.0319 0 0 180
-4.4773 -1.7149 -0.0317 0 0 180
-4.4524 -1.6403 -0.0307 0 0 183
-4.4709 -1.6042 -0.0313 0 0 182
-4.4487 -1.5605 -0.0313 0 0 182
-4.4412 -1.5459 -0.0313 0 0 182
-4.4774 -1.4940 -0.0320 0 0 179
-4.4625 -1.4647 -0.0320 0 0 179
-4.4043 -1.9281 -0.0316 0 0 181
-4.4090 -1.9199 -0.0316 0 0 181
-4.4143 -1.8619 -0.0317 0 0 180
-4.4391 -1.8182 -0.0317 0 0 180
-4.4201 -1.7766 -0.0307 0 0 183
-4.4113 -1.7236 -0.0319 0 0 180
-4.4012 -1.7192 -0.0319 0 0 180
-4.4386 -1.6508 -0.0357 0 0 169
-4.4200 -1.6364 -0.0307 0 0 183
-4.4362 -1.5716 -0.0355 0 0 169
-4.4338 -1.5313 -0.0313 0 0 182
-4.4264 -1.5167 -0.0313 0 0 182
-4.3658 -2.0282 -0.0303 0 0 184
-4.3683 -1.9311 -0.0302 0 0 185
-4.3753 -1.8921 -0.0316 0 0 181
-4.3608 -1.8579 -0.0317 0 0 180
-4.3963 -1.8077 -0.0359 0 0 168
-4.3700 -1.7673 -0.0305 0 0 184
-4.3840 -1.7352 -0.0311 0 0 182
-4.3678 -1.7034 -0.0311 0 0 182
-4.3616 -1.6735 -0.0357 0 0 169
-4.3776 -1.6021 -0.0319 0 0 180
-4.3695 -1.5862 -0.0319 0 0 180
-4.3522 -2.0113 -0.0304 0 0 184
-4.3252 -1.9774 -0.0304 0 0 184
-4.3295 -1.9264 -0.0302 0 0 185
-4.3204 -1.9157 -0.0316 0 0 181
-4.3252 -1.8551 -0.0317 0 0 180
-4.3347 -1.7629 -0.0305 0 0 184
-4.3451 -1.7515 -0.0318 0 0 180
-4.3597 -1.6875 -0.0311 0 0 182
-4.3436 -1.6558 -0.0311 0 0 182
-4.3355 -1.6399 -0.0311 0 0 182
-4.2859 -2.1444 -0.0313 0 0 181
-4.2902 -2.1160 -0.0314 0 0 181
-4.2911 -2.0721 -0.0315 0 0 181
-4.2807 -2.0172 -0.0316 0 0 181
-4.3116 -1.9605 -0.0304 0 0 184
-4.2908 -1.9216 -0.0302 0 0 185
-4.2823 -1.9057 -0.0316 0 0 181
-4.2895 -1.8524 -0.0317 0 0 180
-4.2848 -1.8361 -0.0318 0 0 180
-4.2849 -1.7843 -0.0317 0 0 180
-4.3163 -1.7330 -0.0360 0 0 168
-4.2534 -2.2422 -0.0313 0 0 181
-4.2482 -2.2167 -0.0314 0 0 181
-4.2504 -2.1969 -0.0363 0 0 167
-4.2669 -2.1288 -0.0313 0 0 181
-4.2480 -2.1132 -0.0313 0 0 181
-4.2513 -2.0541 -0.0315 0 0 181
-4.2415 -2.0142 -0.0316 0 0 181
-4.2720 -1.9279 -0.0361 0 0 167
-4.2799 -1.8921 -0.0308 0 0 183
-4.2621 -1.8571 -0.0308 0 0 183
-4.2444 -1.8222 -0.0308 0 0 183
-4.2760 -1.7668 -0.0317 0 0 180
-4.2581 -1.7317 -0.0317 0 0 180
-4.2221 -2.2465 -0.0300 0 0 185
-4.2069 -2.2275 -0.0300 0 0 185
-4.2177 -2.1665 -0.0364 0 0 167
-4.2014 -2.1513 -0.0364 0 0 167
-4.2158 -2.1122 -0.0299 0 0 186
-4.2314 -2.0451 -0.0315 0 0 181
-4.2023 -2.0112 -0.0316 0 0 181
-4.2038 -1.9871 -0.0361 0 0 167
-4.2029 -1.9443 -0.0363 0 0 167
-4.2327 -1.9144 -0.0302 0 0 185
-4.2132 -1.8731 -0.0362 0 0 167
-4.2355 -1.8048 -0.0308 0 0 183
-4.2266 -1.7873 -0.0308 0 0 183
-4.1666 -2.4194 -0.0011 0 14 255
-4.1666 -2.4194 0.0266 0 95 255
-4.1666 -2.4194 0.0543 0 176 255
-4.1666 -2.4194 0.1096 82 255 172
-4.1666 -2.4194 0.1373 163 255 91
-4.1666 -2.4194 0.1927 255 185 0
-4.1666 -2.4194 0.2204 255 104 0
-4.1666 -2.4194 0.2757 198 0 0
-4.1666 -2.4194 0.3034 127 0 0
-4.1666 -2.4194 0.3588 127 0 0
-4.1666 -2.4194 0.3865 127 0 0
-4.1613 -2.3798 -0.0009 0 15 255
-4.1613 -2.3798 0.0267 0 96 255
-4.1613 -2.3798 0.0544 0 176 255
-4.1613 -2.3798 0.1097 82 255 172
-4.1613 -2.3798 0.1373 163 255 91
-4.1613 -2.3798 0.1927 255 185 0
-4.1613 -2.3798 0.2203 255 104 0
-4.1613 -2.3798 0.2756 198 0 0
-4.1613 -2.3798 0.3033 127 0 0
-4.1613 -2.3798 0.3586 127 0 0
-4.1613 -2.3798 0.3862 127 0 0
-4.1614 -2.3232 -0.0249 0 0 200
-4.1614 -2.3232 0.0294 0 103 255
-4.1614 -2.3232 0.0565 0 182 255
-4.1614 -2.3231 0.1107 85 255 169
-4.1614 -2.3231 0.1379 165 255 89
-4.1614 -2.3231 0.1921 255 186 0
-4.1614 -2.3231 0.2193 255 107 0
-4.1614 -2.3231 0.2735 204 0 0
-4.1614 -2.3231 0.3006 127 0 0
-4.1614 -2.3231 0.3549 127 0 0
-4.1614 -2.3231 0.3820 127 0 0
-4.1667 -2.3072 -0.0210 0 0 212
-4.1667 -2.3072 0.0322 0 111 255
-4.1667 -2.3072 0.0587 0 189 255
-4.1667 -2.3072 0.1119 89 255 165
-4.1667 -2.3072 0.1384 166 255 88
-4.1667 -2.3072 0.1916 255 188 0
-4.1667 -2.3072 0.2181 255 111 0
-4.1667 -2.3072 0.2713 211 0 0
-4.1667 -2.3072 0.2978 133 0 0
-4.1667 -2.3072 0.3510 127 0 0
-4.1667 -2.3072 0.3775 127 0 0
-4.1614 -2.2686 -0.0214 0 0 210
-4.1614 -2.2686 0.0319 0 111 255
-4.1614 -2.2686 0.0585 0 188 255
-4.1614 -2.2686 0.1117 88 255 166
-4.1614 -2.2686 0.1384 166 255 88
-4.1614 -2.2686 0.1916 255 188 0
-4.1614 -2.2686 0.2183 255 110 0
-4.1614 -2.2686 0.2715 210 0 0
-4.1614 -2.2686 0.2981 132 0 0
-4.1614 -2.2686 0.3514 127 0 0
-4.1614 -2.2686 0.3780 127 0 0
-4.1917 -2.2085 -0.0300 0 0 185
-4.1764 -2.1895 -0.0300 0 0 185
-4.1686 -2.1208 -0.0364 0 0 167
-4.1728 -2.1069 -0.0299 0 0 186
-4.1827 -2.0097 -0.0316 0 0 181
-4.1915 -1.9712 -0.0361 0 0 167
-4.1670 -1.9394 -0.0361 0 0 167
-4.1776 -1.8957 -0.0363 0 0 167
-4.1533 -2.4207 -0.0178 0 0 221
-4.1533 -2.4207 0.0344 0 118 255
-4.1533 -2.4206 0.0605 0 194 255
-4.1533 -2.4206 0.1128 91 255 163
-4.1533 -2.4206 0.1389 167 255 87
-4.1533 -2.4206 0.1911 255 189 0
-4.1533 -2.4206 0.2172 255 113 0
-4.1533 -2.4205 0.2694 216 0 0
-4.1533 -2.4205 0.2956 140 0 0
-4.1534 -2.4205 0.3478 127 0 0
-4.1534 -2.4205 0.4000 127 0 0
-4.1533 -2.3708 -0.0155 0 0 228
-4.1533 -2.3708 0.0361 0 123 255
-4.1533 -2.3708 0.0619 0 198 255
-4.1533 -2.3708 0.1134 93 255 161
-4.1533 -2.3708 0.1392 168 255 86
-4.1533 -2.3707 0.1908 255 190 0
-4.1533 -2.3707 0.2166 255 115 0
-4.1534 -2.3707 0.2681 220 0 0
-4.1534 -2.3707 0.3197 127 0 0
-4.1534 -2.3707 0.3454 127 0 0
-4.1534 -2.3706 0.3970 127 0 0
-4.1533 -2.3222 -0.0132 0 0 234
-4.1533 -2.3222 0.0377 0 128 255
-4.1533 -2.3222 0.0632 0 202 255
-4.1533 -2.3222 0.1141 95 255 159
-4.1533 -2.3222 0.1395 169 255 85
-4.1534 -2.3221 0.1905 255 191 0
-4.1534 -2.3221 0.2159 255 117 0
-4.1534 -2.3221 0.2668 224 0 0
-4.1534 -2.3221 0.3177 127 0 0
-4.1534 -2.3221 0.3432 127 0 0
-4.1534 -2.3221 0.3941 127 0 0
-4.1507 -2.2909 -0.0153 0 0 228
-4.1506 -2.2911 0.0298 0 104 255
-4.1505 -2.2912 0.0748 0 236 255
-4.1504 -2.2914 0.1199 112 255 142
-4.1503 -2.2915 0.1425 178 255 76
-4.1502 -2.2917 0.1875 255 200 0
-4.1501 -2.2919 0.2327 255 68 0
-4.1500 -2.2921 0.2778 192 0 0
-4.1499 -2.2921 0.3003 127 0 0
-4.1498 -2.2923 0.3454 127 0 0
-4.1497 -2.2925 0.3906 127 0 0
-4.1270 -2.2733 -0.0124 0 0 236
-4.1270 -2.2732 0.0383 0 129 255
-4.1270 -2.2732 0.0636 0 203 255
-4.1270 -2.2732 0.1143 96 255 158
-4.1270 -2.2732 0.1397 170 255 84
-4.1271 -2.2732 0.1903 255 192 0
-4.1271 -2.2731 0.2157 255 118 0
-4.1271 -2.2731 0.2664 225 0 0
-4.1271 -2.2731 0.3171 127 0 0
-4.1271 -2.2731 0.3424 127 0 0
-4.1271 -2.2730 0.3931 127 0 0
-4.1394 -2.2084 -0.0314 0 0 181
-4.1278 -2.1754 -0.0366 0 0 166
-4.1530 -2.0833 -0.0306 0 0 184
-4.1333 -2.0445 -0.0306 0 0 184
-4.1235 -2.0252 -0.0306 0 0 184
-4.1519 -1.9677 -0.0315 0 0 181
-4.1321 -1.9288 -0.0315 0 0 181
-4.1222 -1.9093 -0.0315 0 0 181
-4.0866 -2.3222 -0.0311 0 0 182
-4.0927 -2.2584 -0.0313 0 0 182
-4.1120 -2.2731 0.0285 0 101 255
-4.1119 -2.2731 0.0740 0 233 255
-4.1119 -2.2732 0.1195 111 255 143
-4.1119 -2.2732 0.1422 177 255 77
-4.1119 -2.2733 0.1878 255 199 0
-4.1118 -2.2733 0.2333 255 66 0
-4.1118 -2.2733 0.2788 189 0 0
-4.1118 -2.2734 0.3015 127 0 0
-4.1118 -2.2734 0.3471 127 0 0
-4.1117 -2.2735 0.3926 127 0 0
-4.0959 -2.2050 -0.0314 0 0 181
-4.0914 -2.1880 -0.0364 0 0 167
-4.0999 -2.1220 -0.0366 0 0 166
-4.1083 -2.0990 -0.0299 0 0 186
-4.0868 -2.0447 -0.0365 0 0 166
-4.1136 -2.0058 -0.0306 0 0 184
-4.0939 -1.9670 -0.0306 0 0 184
-4.0500 -2.3406 -0.0294 0 0 187
-4.0629 -2.3160 -0.0311 0 0 182
-4.0703 -2.2483 -0.0313 0 0 182
-4.0524 -2.2017 -0.0314 0 0 181
-4.0777 -2.1703 -0.0364 0 0 167
-4.0505 -2.1349 -0.0364 0 0 167
-4.0626 -2.0506 -0.0366 0 0 166
-4.0391 -2.3628 -0.0368 0 0 166
-4.0018 -2.3347 -0.0294 0 0 187
-4.0155 -2.3035 -0.0311 0 0 182
-4.0032 -2.2180 -0.0313 0 0 182
-4.0024 -2.1932 -0.0314 0 0 181
-4.0368 -2.1173 -0.0364 0 0 166
-3.9633 -2.4467 -0.0311 0 0 182
-3.9943 -2.3795 -0.0369 0 0 165
-3.9949 -2.3215 -0.0302 0 0 185
-3.9839 -2.2997 -0.0302 0 0 185
-3.9617 -2.2562 -0.0302 0 0 185
-3.9749 -2.1745 -0.0313 0 0 182
-3.9638 -2.1526 -0.0313 0 0 182
-3.9403 -2.5433 -0.0310 0 0 182
-3.9388 -2.4448 -0.0311 0 0 182
-3.9350 -2.4200 -0.0368 0 0 166
-3.9535 -2.3288 -0.0294 0 0 187
-3.9425 -2.2803 -0.0370 0 0 165
-3.9283 -2.2600 -0.0369 0 0 165
-3.9396 -2.2127 -0.0302 0 0 185
-3.9286 -2.1910 -0.0302 0 0 185
-3.9527 -2.1308 -0.0313 0 0 182
-3.9068 -2.6078 -0.0308 0 0 183
-3.8893 -2.5203 -0.0310 0 0 182
-3.8833 -2.5010 -0.0311 0 0 182
-3.8900 -2.4411 -0.0311 0 0 182
-3.9197 -2.4001 -0.0368 0 0 166
-3.8889 -2.3603 -0.0368 0 0 165
-3.8507 -2.6556 -0.0373 0 0 164
-3.8655 -2.6362 -0.0289 0 0 189
-3.8527 -2.5936 -0.0308 0 0 183
-3.8637 -2.5088 -0.0310 0 0 182
-3.8735 -2.3404 -0.0368 0 0 165
-3.8105 -2.6294 -0.0289 0 0 189
-3.8256 -2.5865 -0.0308 0 0 183
-3.8127 -2.4857 -0.0310 0 0 182
-3.8130 -2.4550 -0.0311 0 0 182
-3.7685 -2.7652 -0.0372 0 0 164
-3.7653 -2.7543 -0.0308 0 0 183
-3.7799 -2.6017 -0.0298 0 0 186
-3.7673 -2.5769 -0.0298 0 0 186
-3.7683 -2.5239 -0.0374 0 0 164
-3.7734 -2.4896 -0.0310 0 0 182
-3.7607 -2.4647 -0.0310 0 0 182
-3.7375 -2.7522 -0.0308 0 0 183
-3.7332 -2.7196 -0.0372 0 0 164
-3.7555 -2.6227 -0.0289 0 0 189
-3.7421 -2.5273 -0.0298 0 0 186
-3.7295 -2.5025 -0.0298 0 0 186
-3.7449 -2.4791 -0.0374 0 0 164
-3.7353 -2.4147 -0.0310 0 0 182
-3.7081 -2.9085 -0.0306 0 0 184
-3.7037 -2.8953 0.1957 255 176 0
-3.6881 -2.8683 0.1954 255 177 0
-3.6802 -2.8397 0.1940 255 181 0
-3.6817 -2.7479 -0.0308 0 0 183
-3.7156 -2.6968 -0.0373 0 0 164
-3.6803 -2.6513 -0.0373 0 0 164
-3.7169 -2.4777 -0.0298 0 0 186
-3.6679 -2.9872 -0.0304 0 0 184
-3.6487 -2.8817 -0.0306 0 0 184
-3.6680 -2.8814 0.1650 244 255 10
-3.6433 -2.8565 -0.0307 0 0 183
-3.6474 -2.8452 0.1953 255 177 0
-3.6577 -2.8155 0.1949 255 178 0
-3.6429 -2.7898 0.1946 255 179 0
-3.6626 -2.6285 -0.0373 0 0 164
-3.6211 -3.0276 -0.0281 0 0 191
-3.6050 -2.9707 -0.0304 0 0 184
-3.6190 -2.8682 -0.0306 0 0 184
-3.6266 -2.8518 0.1650 244 255 10
-3.6160 -2.8386 -0.0307 0 0 183
-3.6327 -2.8197 0.1953 255 177 0
-3.6032 -2.7686 0.1953 255 177 0
-3.6191 -2.7579 0.1650 244 255 10
-3.5980 -3.0482 -0.0379 0 0 162
-3.5891 -3.0237 -0.0281 0 0 191
-3.5735 -2.9624 -0.0304 0 0 184
-3.5969 -2.9409 -0.0379 0 0 162
-3.5701 -2.8897 -0.0380 0 0 162
-3.5893 -2.8548 -0.0306 0 0 184
-3.5615 -2.8029 -0.0307 0 0 183
-3.5989 -2.8040 0.1650 244 255 10
-3.5984 -2.7610 0.1650 244 255 10
-3.5884 -2.7431 0.1953 255 177 0
-3.5736 -2.7174 0.1954 255 177 0
-3.5349 -3.1654 -0.0303 0 0 184
-3.5241 -3.0311 -0.0292 0 0 188
-3.5236 -2.9796 -0.0380 0 0 162
-3.5420 -2.9541 -0.0304 0 0 184
-3.5596 -2.8414 -0.0306 0 0 184
-3.5298 -2.8129 -0.0380 0 0 162
-3.5574 -2.7320 0.1650 244 255 10
-3.5588 -2.6918 0.1954 255 177 0
-3.5434 -2.6654 0.1650 244 255 10
-3.5025 -3.1629 -0.0303 0 0 184
-3.4832 -3.1479 -0.0379 0 0 162
-3.5094 -3.0022 -0.0292 0 0 188
-3.4947 -2.9734 -0.0292 0 0 188
-3.4801 -2.9445 -0.0292 0 0 188
-3.4908 -2.8792 -0.0306 0 0 184
-3.5164 -2.7873 -0.0380 0 0 162
-3.4700 -3.1605 -0.0303 0 0 184
-3.4625 -3.1213 -0.0379 0 0 162
-3.4419 -3.0947 -0.0379 0 0 162
-3.4739 -2.9339 -0.0381 0 0 162
-3.4508 -2.8868 -0.0292 0 0 188
-3.4761 -2.8501 -0.0306 0 0 184
-3.4613 -2.8211 -0.0306 0 0 184
-3.4465 -2.7920 -0.0306 0 0 184
-3.4113 -3.3636 -0.0152 0 0 228
-3.4113 -3.3635 0.0208 0 78 255
-3.4113 -3.3635 0.0569 0 183 255
-3.4114 -3.3635 0.0929 34 255 220
-3.4114 -3.3634 0.1290 139 255 115
-3.4108 -3.3620 0.1998 255 164 0
-3.4114 -3.3633 0.2371 255 55 0
-3.4115 -3.3633 0.2731 205 0 0
-3.4115 -3.3633 0.3091 127 0 0
-3.4115 -3.3632 0.3452 127 0 0
-3.4115 -3.3632 0.3812 127 0 0
-3.4051 -3.1555 -0.0303 0 0 184
-3.4005 -3.0415 -0.0380 0 0 162
-3.4361 -2.8580 -0.0292 0 0 188
-3.3727 -3.3636 -0.0155 0 0 228
-3.3727 -3.3635 0.0206 0 78 255
-3.3728 -3.3635 0.0567 0 183 255
-3.3728 -3.3635 0.0928 33 255 221
-3.3728 -3.3634 0.1289 138 255 116
-3.3729 -3.3633 0.2372 255 55 0
-3.3729 -3.3633 0.2733 205 0 0
-3.3729 -3.3633 0.3094 127 0 0
-3.3729 -3.3632 0.3454 127 0 0
-3.3730 -3.3632 0.3815 127 0 0
-3.3798 -3.0148 -0.0380 0 0 162
-3.3340 -3.3636 -0.0157 0 0 227
-3.3341 -3.3635 0.0204 0 77 255
-3.3341 -3.3635 0.0566 0 183 255
-3.3341 -3.3635 0.0927 33 255 221
-3.3341 -3.3634 0.1289 138 255 116
-3.3347 -3.3880 0.1987 255 167 0
-3.3342 -3.3633 0.2373 255 55 0
-3.3342 -3.3633 0.2734 204 0 0
-3.3342 -3.3633 0.3096 127 0 0
-3.3343 -3.3632 0.3457 127 0 0
-3.3343 -3.3632 0.3818 127 0 0
-3.2952 -3.3636 -0.0160 0 0 226
-3.2953 -3.3635 0.0202 0 77 255
-3.2953 -3.3635 0.0564 0 182 255
-3.2953 -3.3635 0.0926 33 255 221
-3.2953 -3.3634 0.1288 138 255 116
-3.2993 -3.3880 0.1990 255 166 0
-3.2954 -3.3633 0.2374 255 54 0
-3.2954 -3.3633 0.2736 204 0 0
-3.2954 -3.3633 0.3098 127 0 0
-3.2955 -3.3632 0.3459 127 0 0
-3.2955 -3.3632 0.3821 127 0 0
-3.3155 -3.3453 -0.0144 0 0 231
-3.3155 -3.3453 0.0215 0 80 255
-3.3155 -3.3453 0.0573 0 185 255
-3.3155 -3.3453 0.0932 34 255 220
-3.3155 -3.3453 0.1291 139 255 115
-3.3156 -3.3453 0.2368 255 56 0
-3.3156 -3.3453 0.2726 207 0 0
-3.3156 -3.3453 0.3085 127 0 0
-3.3156 -3.3453 0.3444 127 0 0
-3.3156 -3.3452 0.3803 127 0 0
-3.2563 -3.3636 -0.0162 0 0 225
-3.2564 -3.3635 0.0200 0 76 255
-3.2564 -3.3635 0.0563 0 182 255
-3.2564 -3.3635 0.0925 32 255 222
-3.2564 -3.3634 0.1288 138 255 116
-3.2632 -3.3879 0.1994 255 165 0
-3.2565 -3.3633 0.2375 255 54 0
-3.2565 -3.3633 0.2737 204 0 0
-3.2565 -3.3633 0.3100 127 0 0
-3.2566 -3.3632 0.3462 127 0 0
-3.2566 -3.3632 0.3824 127 0 0
-3.2777 -3.3453 -0.0162 0 0 225
-3.2777 -3.3453 0.0200 0 76 255
-3.2777 -3.3453 0.0563 0 182 255
-3.2777 -3.3453 0.0925 32 255 222
-3.2777 -3.3453 0.1288 138 255 116
-3.2777 -3.3453 0.2375 255 54 0
-3.2777 -3.3452 0.2737 204 0 0
-3.2777 -3.3452 0.3100 127 0 0
-3.2777 -3.3452 0.3462 127 0 0
-3.2777 -3.3452 0.3825 127 0 0
-3.2436 -3.3090 -0.0301 0 0 185
-3.2411 -3.2609 -0.0388 0 0 160
-3.2155 -3.3680 -0.0238 0 0 203
-3.2155 -3.3680 0.0140 0 58 255
-3.2155 -3.3680 0.0517 0 169 255
-3.2155 -3.3680 0.0895 24 255 230
-3.2155 -3.3680 0.1272 134 255 120
-3.2263 -3.3879 0.1997 255 164 0
-3.2155 -3.3680 0.2028 255 155 0
-3.2155 -3.3680 0.2783 190 0 0
-3.2155 -3.3680 0.3160 127 0 0
-3.2155 -3.3680 0.3538 127 0 0
-3.2155 -3.3680 0.3915 127 0 0
-3.2391 -3.3453 -0.0181 0 0 220
-3.2391 -3.3453 0.0185 0 72 255
-3.2391 -3.3453 0.0552 0 178 255
-3.2391 -3.3453 0.0918 30 255 224
-3.2391 -3.3453 0.1284 137 255 117
-3.2391 -3.3452 0.2382 255 52 0
-3.2391 -3.3452 0.2748 200 0 0
-3.2391 -3.3452 0.3115 127 0 0
-3.2391 -3.3452 0.3481 127 0 0
-3.2391 -3.3452 0.3847 127 0 0
-3.2109 -3.2876 -0.0301 0 0 185
-3.2096 -3.2010 -0.0388 0 0 160
-3.1986 -3.3830 -0.0319 0 0 180
-3.1811 -3.3734 0.0071 0 38 255
-3.1811 -3.3734 0.0466 0 153 255
-3.1811 -3.3734 0.0861 14 255 240
-3.1811 -3.3734 0.1255 129 255 125
-3.1811 -3.3734 0.2045 255 150 0
-3.1811 -3.3734 0.2439 255 35 0
-3.1811 -3.3734 0.2834 175 0 0
-3.1811 -3.3734 0.3229 127 0 0
-3.1811 -3.3734 0.3624 127 0 0
-3.1996 -3.3453 -0.0200 0 0 215
-3.1996 -3.3453 0.0170 0 67 255
-3.1997 -3.3452 0.0540 0 175 255
-3.1997 -3.3452 0.0910 28 255 226
-3.1997 -3.3452 0.1280 136 255 118
-3.1997 -3.3452 0.2390 255 50 0
-3.1997 -3.3452 0.2760 197 0 0
-3.1997 -3.3452 0.3130 127 0 0
-3.1997 -3.3452 0.3500 127 0 0
-3.1997 -3.3452 0.3869 127 0 0
-3.1505 -3.3830 -0.0337 0 0 175
-3.1455 -3.3781 0.0041 0 30 255
-3.1455 -3.3781 0.0443 0 147 255
-3.1455 -3.3781 0.0845 9 255 245
-3.1455 -3.3781 0.1248 126 255 128
-3.1455 -3.3781 0.2052 255 148 0
-3.1455 -3.3781 0.2455 255 31 0
-3.1455 -3.3781 0.2857 169 0 0
-3.1455 -3.3781 0.3259 127 0 0
-3.1455 -3.3781 0.3661 127 0 0
-3.1594 -3.3452 -0.0219 0 0 209
-3.1594 -3.3452 0.0155 0 63 255
-3.1594 -3.3452 0.0529 0 172 255
-3.1594 -3.3452 0.0902 26 255 228
-3.1594 -3.3452 0.1276 135 255 119
-3.1595 -3.3452 0.2398 255 48 0
-3.1595 -3.3452 0.2771 194 0 0
-3.1595 -3.3451 0.3145 127 0 0
-3.1595 -3.3451 0.3519 127 0 0
-3.1595 -3.3451 0.3893 127 0 0
-3.1015 -3.3830 -0.0355 0 0 169
-3.1015 -3.3830 0.0046 0 31 255
-3.1015 -3.3831 0.0447 0 148 255
-3.1014 -3.3831 0.0848 10 255 244
-3.1014 -3.3832 0.1249 127 255 127
-3.1013 -3.3833 0.2051 255 149 0
-3.1013 -3.3833 0.2452 255 32 0
-3.1013 -3.3833 0.2853 170 0 0
-3.1012 -3.3834 0.3254 127 0 0
-3.1012 -3.3834 0.3655 127 0 0
-3.1183 -3.3452 -0.0239 0 0 203
-3.1183 -3.3452 0.0139 0 58 255
-3.1183 -3.3452 0.0517 0 168 255
-3.1183 -3.3452 0.0895 23 255 231
-3.1183 -3.3452 0.1272 133 255 121
-3.1106 -3.3452 0.2035 255 153 0
-3.1184 -3.3451 0.2783 190 0 0
-3.1184 -3.3451 0.3161 127 0 0
-3.1184 -3.3451 0.3538 127 0 0
-3.1184 -3.3451 0.3916 127 0 0
-3.0713 -3.3876 -0.0160 0 0 226
-3.0712 -3.3876 0.0202 0 76 255
-3.0712 -3.3877 0.0564 0 182 255
-3.0712 -3.3877 0.0926 33 255 221
-3.0712 -3.3877 0.1288 138 255 116
-3.0711 -3.3878 0.2374 255 54 0
-3.0711 -3.3879 0.2736 204 0 0
-3.0710 -3.3879 0.3098 127 0 0
-3.0710 -3.3879 0.3461 127 0 0
-3.0710 -3.3880 0.3823 127 0 0
-3.0764 -3.3452 -0.0259 0 0 197
-3.0764 -3.3452 0.0123 0 54 255
-3.0764 -3.3452 0.0505 0 165 255
-3.0764 -3.3451 0.0887 21 255 233
-3.0764 -3.3451 0.1268 132 255 122
-3.0673 -3.3451 0.2039 255 152 0
-3.0764 -3.3451 0.2795 187 0 0
-3.0764 -3.3451 0.3177 127 0 0
-3.0764 -3.3451 0.3559 127 0 0
-3.0764 -3.3451 0.3940 127 0 0
-3.0442 -3.3176 -0.0300 0 0 185
-3.0231 -3.3451 0.0076 0 40 255
-3.0231 -3.3451 0.0470 0 155 255
-3.0232 -3.3451 0.0863 14 255 240
-3.0232 -3.3451 0.1257 129 255 125
-3.0232 -3.3451 0.2043 255 151 0
-3.0232 -3.3451 0.2437 255 36 0
-3.0232 -3.3451 0.2830 176 0 0
-3.0232 -3.3451 0.3224 127 0 0
-3.0232 -3.3451 0.3617 127 0 0
-0.3322 -4.8896 -0.0266 0 0 195
-0.3322 -4.8896 0.0213 0 80 255
-0.3322 -4.8896 0.0692 0 219 255
-0.3322 -4.8896 0.1171 104 255 150
-0.3322 -4.8896 0.1650 244 255 10
-0.3322 -4.8896 0.2129 255 126 0
-0.3322 -4.8896 0.2608 241 0 0
-0.3322 -4.8896 0.3087 127 0 0
-0.3322 -4.8896 0.3566 127 0 0
-0.3366 -4.3762 -0.0073 0 0 251
-0.3366 -4.3762 0.0358 0 122 255
-0.3366 -4.3762 0.0789 0 248 255
-0.3345 -4.3652 0.1180 107 255 147
-0.3366 -4.3762 0.1219 118 255 136
-0.3366 -4.3762 0.1650 244 255 10
-0.3366 -4.3762 0.2081 255 140 0
-0.3366 -4.3762 0.2511 255 14 0
-0.3366 -4.3762 0.2942 144 0 0
-0.3366 -4.3762 0.3373 127 0 0
-0.3366 -4.3762 0.3803 127 0 0
-0.3213 -4.3419 -0.0090 0 0 247
-0.3213 -4.3419 0.0345 0 118 255
-0.3213 -4.3419 0.0780 0 245 255
-0.3213 -4.3419 0.1215 117 255 137
-0.3213 -4.3419 0.1650 244 255 10
-0.3213 -4.3419 0.2085 255 139 0
-0.3213 -4.3419 0.2520 255 12 0
-0.3213 -4.3419 0.2955 140 0 0
-0.3213 -4.3419 0.3390 127 0 0
-0.3213 -4.3419 0.3825 127 0 0
-0.3369 -3.9186 -0.0287 0 0 189
-0.3369 -3.9186 0.0100 0 47 255
-0.3369 -3.9186 0.0488 0 160 255
-0.3369 -3.9186 0.0875 18 255 236
-0.3369 -3.9186 0.1263 131 255 123
-0.3369 -3.9186 0.1650 244 255 10
-0.3369 -3.9186 0.2037 255 153 0
-0.3369 -3.9186 0.2425 255 40 0
-0.3369 -3.9186 0.3200 127 0 0
-0.3369 -3.9186 0.3587 127 0 0
-0.3369 -3.9186 0.3975 127 0 0
-0.3217 -3.8610 -0.0278 0 0 192
-0.3217 -3.8610 0.0108 0 49 255
-0.3217 -3.8610 0.0493 0 161 255
-0.3217 -3.8610 0.0879 19 255 235
-0.3217 -3.8610 0.1264 131 255 123
-0.3217 -3.8610 0.1650 244 255 10
-0.3216 -3.8610 0.2036 255 153 0
-0.3216 -3.8610 0.2421 255 41 0
-0.3216 -3.8610 0.3192 127 0 0
-0.3216 -3.8610 0.3578 127 0 0
-0.3216 -3.8610 0.3964 127 0 0
-0.3350 -3.8315 -0.0001 0 17 255
-0.3350 -3.8315 0.0412 0 138 255
-0.3350 -3.8315 0.0824 3 255 251
-0.3350 -3.8315 0.1237 123 255 131
-0.3350 -3.8315 0.1650 244 255 10
-0.3350 -3.8315 0.2063 255 145 0
-0.3350 -3.8315 0.2476 255 25 0
-0.3350 -3.8315 0.2888 160 0 0
-0.3350 -3.8315 0.3301 127 0 0
-0.3350 -3.8315 0.3714 127 0 0
-0.3372 -3.5443 -0.0111 0 0 240
-0.3372 -3.5443 0.0242 0 88 255
-0.3372 -3.5443 0.0594 0 191 255
-0.3372 -3.5443 0.0946 38 255 216
-0.3372 -3.5443 0.1298 141 255 113
-0.3372 -3.5443 0.1650 244 255 10
-0.3372 -3.5443 0.2354 255 60 0
-0.3372 -3.5443 0.2706 213 0 0
-0.3372 -3.5443 0.3058 127 0 0
-0.3372 -3.5443 0.3411 127 0 0
-0.3372 -3.5443 0.3763 127 0 0
-0.3220 -3.4780 -0.0082 0 0 249
-0.3220 -3.4780 0.0265 0 95 255
-0.3220 -3.4780 0.0611 0 196 255
-0.3220 -3.4779 0.0957 42 255 212
-0.3220 -3.4779 0.1304 143 255 111
-0.3220 -3.4779 0.1996 255 165 0
-0.3220 -3.4779 0.2343 255 64 0
-0.3220 -3.4779 0.2689 218 0 0
-0.3220 -3.4779 0.3035 127 0 0
-0.3220 -3.4779 0.3382 127 0 0
-0.3220 -3.4779 0.3728 127 0 0
-0.3354 -3.4132 -0.0191 0 0 217
-0.3354 -3.4132 0.0177 0 69 255
-0.3354 -3.4132 0.0546 0 177 255
-0.3354 -3.4132 0.0914 29 255 225
-0.3354 -3.4132 0.1282 136 255 118
-0.3354 -3.4132 0.1650 244 255 10
-0.3354 -3.4132 0.2386 255 51 0
-0.3354 -3.4132 0.2754 199 0 0
-0.3354 -3.4132 0.3123 127 0 0
-0.3354 -3.4132 0.3491 127 0 0
-0.3354 -3.4132 0.3859 127 0 0
-0.3374 -3.2327 -0.0286 0 0 189
-0.3374 -3.2327 0.0359 0 122 255
-0.3374 -3.2327 0.0682 0 216 255
-0.3374 -3.2327 0.1005 55 255 199
-0.3374 -3.2327 0.1327 150 255 104
-0.3374 -3.2327 0.1973 255 171 0
-0.3374 -3.2327 0.2295 255 77 0
-0.3374 -3.2327 0.2618 238 0 0
-0.3374 -3.2327 0.2941 144 0 0
-0.3374 -3.2327 0.3586 127 0 0
-0.3374 -3.2327 0.3909 127 0 0
-0.3222 -3.1658 -0.0236 0 0 204
-0.3222 -3.1658 0.0393 0 132 255
-0.3222 -3.1658 0.0707 0 224 255
-0.3222 -3.1658 0.1021 60 255 194
-0.3222 -3.1658 0.1336 152 255 102
-0.3222 -3.1658 0.1964 255 174 0
-0.3222 -3.1658 0.2279 255 82 0
-0.3222 -3.1658 0.2593 246 0 0
-0.3222 -3.1658 0.2907 154 0 0
-0.3222 -3.1658 0.3536 127 0 0
-0.3222 -3.1658 0.3850 127 0 0
-0.3356 -3.0764 -0.0011 0 14 255
-0.3356 -3.0764 0.0321 0 111 255
-0.3356 -3.0764 0.0653 0 208 255
-0.3356 -3.0764 0.0986 50 255 204
-0.3356 -3.0764 0.1318 147 255 107
-0.3356 -3.0764 0.1982 255 169 0
-0.3356 -3.0764 0.2314 255 72 0
-0.3356 -3.0764 0.2647 230 0 0
-0.3356 -3.0764 0.2979 133 0 0
-0.3356 -3.0764 0.3311 127 0 0
-0.3356 -3.0764 0.3976 127 0 0
-0.3295 -3.0197 -0.0307 0 0 183
-0.3376 -2.9692 -0.0137 0 0 233
-0.3376 -2.9692 0.0161 0 65 255
-0.3376 -2.9692 0.0757 0 238 255
-0.3376 -2.9692 0.1054 70 255 184
-0.3376 -2.9692 0.1352 157 255 97
-0.3376 -2.9692 0.1948 255 179 0
-0.3376 -2.9692 0.2246 255 92 0
-0.3376 -2.9692 0.2543 255 5 0
-0.3376 -2.9692 0.3139 127 0 0
-0.3376 -2.9692 0.3437 127 0 0
-0.3376 -2.9692 0.3734 127 0 0
-0.3224 -2.9065 -0.0076 0 0 250
-0.3224 -2.9065 0.0211 0 79 255
-0.3224 -2.9065 0.0787 0 247 255
-0.3224 -2.9065 0.1075 76 255 178
-0.3224 -2.9065 0.1362 160 255 94
-0.3224 -2.9064 0.1938 255 182 0
-0.3224 -2.9064 0.2225 255 98 0
-0.3224 -2.9064 0.2513 255 14 0
-0.3224 -2.9064 0.3089 127 0 0
-0.3224 -2.9064 0.3376 127 0 0
-0.3224 -2.9064 0.3952 127 0 0
-0.3359 -2.7996 -0.0166 0 0 224
-0.3359 -2.7996 0.0137 0 57 255
-0.3359 -2.7996 0.0742 0 234 255
-0.3359 -2.7996 0.1045 67 255 187
-0.3359 -2.7996 0.1347 155 255 99
-0.3359 -2.7996 0.1953 255 177 0
-0.3359 -2.7996 0.2255 255 89 0
-0.3359 -2.7996 0.2558 255 1 0
-0.3359 -2.7996 0.3163 127 0 0
-0.3359 -2.7996 0.3466 127 0 0
-0.3359 -2.7996 0.3769 127 0 0
-0.3377 -2.7434 -0.0009 0 15 255
-0.3377 -2.7434 0.0268 0 96 255
-0.3377 -2.7434 0.0544 0 176 255
-0.3377 -2.7434 0.1097 82 255 172
-0.3377 -2.7434 0.1374 163 255 91
-0.3377 -2.7434 0.1926 255 185 0
-0.3377 -2.7434 0.2203 255 104 0
-0.3377 -2.7434 0.2756 198 0 0
-0.3377 -2.7434 0.3032 127 0 0
-0.3377 -2.7434 0.3585 127 0 0
-0.3377 -2.7434 0.3862 127 0 0
-0.3226 -2.6876 -0.0207 0 0 212
-0.3226 -2.6876 0.0324 0 112 255
-0.3226 -2.6876 0.0589 0 189 255
-0.3226 -2.6876 0.1119 89 255 165
-0.3226 -2.6876 0.1385 166 255 88
-0.3226 -2.6876 0.1915 255 188 0
-0.3226 -2.6876 0.2181 255 111 0
-0.3226 -2.6876 0.2711 211 0 0
-0.3226 -2.6876 0.2976 134 0 0
-0.3226 -2.6876 0.3507 127 0 0
-0.3226 -2.6876 0.3772 127 0 0
-0.3361 -2.5679 -0.0018 0 12 255
-0.3361 -2.5679 0.0260 0 94 255
-0.3361 -2.5679 0.0538 0 175 255
-0.3361 -2.5679 0.1094 82 255 172
-0.3361 -2.5679 0.1372 163 255 91
-0.3361 -2.5679 0.1928 255 184 0
-0.3361 -2.5679 0.2206 255 103 0
-0.3361 -2.5679 0.2762 196 0 0
-0.3361 -2.5679 0.3040 127 0 0
-0.3361 -2.5679 0.3596 127 0 0
-0.3361 -2.5679 0.3874 127 0 0
-0.3379 -2.5478 -0.0156 0 0 227
-0.3379 -2.5478 0.0360 0 123 255
-0.3379 -2.5478 0.0618 0 198 255
-0.3379 -2.5478 0.1134 93 255 161
-0.3379 -2.5478 0.1392 168 255 86
-0.3379 -2.5478 0.1908 255 190 0
-0.3379 -2.5478 0.2166 255 115 0
-0.3379 -2.5478 0.2682 220 0 0
-0.3379 -2.5478 0.3198 127 0 0
-0.3379 -2.5478 0.3456 127 0 0
-0.3379 -2.5478 0.3972 127 0 0
-0.3228 -2.5004 -0.0072 0 0 252
-0.3228 -2.5004 0.0174 0 68 255
-0.3228 -2.5004 0.0666 0 212 255
-0.3228 -2.5004 0.1158 100 255 154
-0.3228 -2.5004 0.1404 172 255 82
-0.3228 -2.5004 0.1896 255 194 0
-0.3228 -2.5004 0.2388 255 50 0
-0.3228 -2.5004 0.2634 234 0 0
-0.3228 -2.5004 0.3126 127 0 0
-0.3228 -2.5004 0.3372 127 0 0
-0.3228 -2.5004 0.3865 127 0 0
-0.3214 -2.4241 -0.0314 0 0 181
-0.3380 -2.3767 -0.0043 0 5 255
-0.3380 -2.3767 0.0199 0 76 255
-0.3380 -2.3767 0.0683 0 217 255
-0.3380 -2.3767 0.1166 103 255 151
-0.3380 -2.3767 0.1408 173 255 81
-0.3380 -2.3767 0.1892 255 195 0
-0.3380 -2.3767 0.2375 255 54 0
-0.3380 -2.3767 0.2617 239 0 0
-0.3380 -2.3767 0.3101 127 0 0
-0.3380 -2.3767 0.3585 127 0 0
-0.3380 -2.3767 0.3826 127 0 0
-0.3229 -2.3385 -0.0186 0 0 219
-0.3229 -2.3384 0.0273 0 97 255
-0.3229 -2.3384 0.0732 0 231 255
-0.3229 -2.3384 0.1191 110 255 144
-0.3229 -2.3384 0.1421 177 255 77
-0.3229 -2.3384 0.1879 255 199 0
-0.3229 -2.3384 0.2338 255 65 0
-0.3229 -2.3384 0.2797 186 0 0
-0.3229 -2.3384 0.3027 127 0 0
-0.3229 -2.3384 0.3486 127 0 0
-0.3229 -2.3384 0.3945 127 0 0
-0.3211 -2.2645 -0.0314 0 0 181
-0.3381 -2.2258 -0.0170 0 0 223
-0.3381 -2.2258 0.0285 0 101 255
-0.3381 -2.2258 0.0740 0 233 255
-0.3381 -2.2258 0.1195 111 255 143
-0.3381 -2.2258 0.1422 177 255 77
-0.3381 -2.2258 0.1878 255 199 0
-0.3381 -2.2258 0.2333 255 66 0
-0.3381 -2.2258 0.2788 189 0 0
-0.3381 -2.2258 0.3015 127 0 0
-0.3381 -2.2258 0.3470 127 0 0
-0.3381 -2.2258 0.3926 127 0 0
-0.3230 -2.1970 -0.0070 0 0 252
-0.3230 -2.1970 0.0360 0 123 255
-0.3230 -2.1970 0.0790 0 248 255
-0.3230 -2.1970 0.1005 56 255 198
-0.3230 -2.1970 0.1435 181 255 73
-0.3230 -2.1970 0.1865 255 203 0
-0.3230 -2.1970 0.2295 255 77 0
-0.3230 -2.1970 0.2725 207 0 0
-0.3230 -2.1970 0.3155 127 0 0
-0.3230 -2.1970 0.3585 127 0 0
-0.3230 -2.1970 0.3800 127 0 0
-0.3245 -2.1365 -0.0316 0 0 181
-0.3382 -2.0917 -0.0069 0 0 253
-0.3382 -2.0917 0.0361 0 123 255
-0.3382 -2.0917 0.0790 0 248 255
-0.3382 -2.0917 0.1005 56 255 198
-0.3382 -2.0916 0.1435 181 255 73
-0.3382 -2.0916 0.1865 255 203 0
-0.3382 -2.0916 0.2295 255 78 0
-0.3382 -2.0916 0.2724 207 0 0
-0.3382 -2.0916 0.3154 127 0 0
-0.3382 -2.0916 0.3584 127 0 0
-0.3382 -2.0916 0.3799 127 0 0
-0.3366 -2.0553 -0.0136 0 0 233
-0.3366 -2.0553 0.0310 0 108 255
-0.3366 -2.0553 0.0757 0 238 255
-0.3366 -2.0553 0.0980 48 255 206
-0.3366 -2.0553 0.1427 178 255 76
-0.3366 -2.0553 0.1873 255 200 0
-0.3366 -2.0553 0.2320 255 70 0
-0.3366 -2.0553 0.2767 195 0 0
-0.3366 -2.0553 0.2990 130 0 0
-0.3366 -2.0553 0.3436 127 0 0
-0.3366 -2.0553 0.3883 127 0 0
-0.3292 -2.0104 -0.0316 0 0 181
-0.3383 -1.9717 -0.0182 0 0 220
-0.3383 -1.9717 0.0225 0 83 255
-0.3383 -1.9717 0.0632 0 202 255
-0.3383 -1.9717 0.1039 66 255 188
-0.3383 -1.9717 0.1446 184 255 70
-0.3383 -1.9717 0.1854 255 206 0
-0.3383 -1.9717 0.2261 255 87 0
-0.3383 -1.9717 0.2668 224 0 0
-0.3383 -1.9717 0.3075 127 0 0
-0.3383 -1.9717 0.3482 127 0 0
-0.3383 -1.9717 0.3889 127 0 0
-0.3367 -1.9265 -0.0027 0 10 255
-0.3367 -1.9265 0.0393 0 132 255
-0.3367 -1.9265 0.0602 0 193 255
-0.3367 -1.9265 0.1021 60 255 194
-0.3367 -1.9265 0.1440 182 255 72
-0.3367 -1.9265 0.1860 255 204 0
-0.3367 -1.9265 0.2279 255 82 0
-0.3367 -1.9265 0.2698 215 0 0
-0.3367 -1.9265 0.3117 127 0 0
-0.3367 -1.9265 0.3536 127 0 0
-0.3367 -1.9265 0.3955 127 0 0
-0.3270 -1.9060 -0.0318 0 0 180
-0.3383 -1.8637 -0.0090 0 0 246
-0.3383 -1.8637 0.0296 0 104 255
-0.3383 -1.8637 0.0683 0 217 255
-0.3383 -1.8637 0.1070 75 255 179
-0.3383 -1.8637 0.1457 187 255 67
-0.3383 -1.8637 0.1843 255 209 0
-0.3383 -1.8637 0.2230 255 96 0
-0.3383 -1.8637 0.2617 239 0 0
-0.3383 -1.8637 0.3197 127 0 0
-0.3383 -1.8637 0.3584 127 0 0
-0.3383 -1.8637 0.3970 127 0 0
-0.3368 -1.8126 -0.0127 0 0 236
-0.3368 -1.8126 0.0268 0 96 255
-0.3368 -1.8126 0.0663 0 211 255
-0.3368 -1.8126 0.1058 71 255 183
-0.3368 -1.8126 0.1453 186 255 68
-0.3368 -1.8126 0.1847 255 208 0
-0.3368 -1.8126 0.2242 255 93 0
-0.3368 -1.8126 0.2637 233 0 0
-0.3368 -1.8126 0.3032 127 0 0
-0.3368 -1.8126 0.3427 127 0 0
-0.3368 -1.8126 0.3822 127 0 0
-0.3384 -1.7661 -0.0007 0 16 255
-0.3384 -1.7661 0.0361 0 123 255
-0.3384 -1.7661 0.0729 0 230 255
-0.3384 -1.7661 0.1098 83 255 171
-0.3384 -1.7661 0.1466 190 255 64
-0.3384 -1.7661 0.1834 255 212 0
-0.3384 -1.7661 0.2387 255 51 0
-0.3384 -1.7661 0.2755 198 0 0
-0.3384 -1.7661 0.3123 127 0 0
-0.3384 -1.7661 0.3491 127 0 0
-0.3384 -1.7661 0.3860 127 0 0
-0.3290 -1.7171 -0.0319 0 0 180
-0.3369 -1.7112 0.0344 0 118 255
-0.3369 -1.7112 0.0717 0 227 255
-0.3369 -1.7112 0.1090 80 255 174
-0.3369 -1.7112 0.1463 189 255 65
-0.3369 -1.7112 0.1837 255 211 0
-0.3369 -1.7112 0.2396 255 48 0
-0.3369 -1.7112 0.2770 194 0 0
-0.3369 -1.7112 0.3143 127 0 0
-0.3369 -1.7112 0.3516 127 0 0
-0.3369 -1.7112 0.3889 127 0 0
-0.3385 -1.6773 -0.0107 0 0 241
-0.3385 -1.6773 0.0244 0 89 255
-0.3385 -1.6773 0.0771 0 242 255
-0.3385 -1.6773 0.1123 90 255 164
-0.3385 -1.6773 0.1474 192 255 62
-0.3385 -1.6773 0.1826 255 214 0
-0.3385 -1.6773 0.2353 255 61 0
-0.3385 -1.6773 0.2704 213 0 0
-0.3385 -1.6773 0.3056 127 0 0
-0.3385 -1.6773 0.3583 127 0 0
-0.3385 -1.6773 0.3935 127 0 0
-0.3369 -1.6203 -0.0119 0 0 238
-0.3369 -1.6203 0.0235 0 86 255
-0.3369 -1.6203 0.0765 0 241 255
-0.3369 -1.6203 0.1119 89 255 165
-0.3369 -1.6203 0.1473 192 255 62
-0.3369 -1.6203 0.1827 255 214 0
-0.3369 -1.6203 0.2358 255 59 0
-0.3369 -1.6203 0.2711 211 0 0
-0.3369 -1.6203 0.3065 127 0 0
-0.3369 -1.6203 0.3596 127 0 0
-0.3369 -1.6203 0.3950 127 0 0
-0.3385 -1.5963 -0.0031 0 9 255
-0.3385 -1.5963 0.0305 0 107 255
-0.3385 -1.5963 0.0641 0 205 255
-0.3385 -1.5963 0.1146 97 255 157
-0.3385 -1.5963 0.1482 195 255 59
-0.3385 -1.5963 0.1986 255 167 0
-0.3385 -1.5963 0.2322 255 69 0
-0.3385 -1.5963 0.2659 227 0 0
-0.3385 -1.5963 0.3163 127 0 0
-0.3385 -1.5963 0.3499 127 0 0
-0.3385 -1.5963 0.3835 127 0 0
-0.3386 -1.5220 -0.0122 0 0 237
-0.3386 -1.5220 0.0361 0 123 255
-0.3386 -1.5220 0.0684 0 217 255
-0.3386 -1.5220 0.1167 103 255 151
-0.3386 -1.5220 0.1489 197 255 57
-0.3386 -1.5220 0.1972 255 172 0
-0.3386 -1.5220 0.2294 255 78 0
-0.3386 -1.5220 0.2778 192 0 0
-0.3386 -1.5220 0.3100 127 0 0
-0.3386 -1.5220 0.3583 127 0 0
-0.3386 -1.5220 0.3905 127 0 0
-0.3291 -1.5021 -0.0320 0 0 179
-0.3236 -1.4930 0.0365 0 124 255
-0.3236 -1.4930 0.0793 0 249 255
-0.3236 -1.4930 0.1079 77 255 177
-0.3236 -1.4930 0.1507 202 255 52
-0.3236 -1.4930 0.1936 255 182 0
-0.3236 -1.4930 0.2364 255 57 0
-0.3236 -1.4930 0.2792 188 0 0
-0.3236 -1.4930 0.3078 127 0 0
-0.3236 -1.4930 0.3506 127 0 0
-0.3236 -1.4930 0.3934 127 0 0
-0.3386 -1.4537 -0.0051 0 3 255
-0.3386 -1.4537 0.0258 0 93 255
-0.3386 -1.4537 0.0722 0 228 255
-0.3386 -1.4537 0.1186 108 255 146
-0.3386 -1.4537 0.1495 199 255 55
-0.3386 -1.4537 0.1959 255 175 0
-0.3386 -1.4537 0.2269 255 85 0
-0.3386 -1.4537 0.2732 205 0 0
-0.3386 -1.4537 0.3196 127 0 0
-0.3386 -1.4537 0.3506 127 0 0
-0.3386 -1.4537 0.3969 127 0 0
-0.3321 -1.4258 -0.0322 0 0 179
-0.3387 -1.3907 -0.0134 0 0 234
-0.3387 -1.3907 0.0312 0 109 255
-0.3387 -1.3907 0.0758 0 239 255
-0.3387 -1.3907 0.1055 70 255 184
-0.3387 -1.3907 0.1501 200 255 54
-0.3387 -1.3907 0.1947 255 179 0
-0.3387 -1.3907 0.2393 255 49 0
-0.3387 -1.3907 0.2691 217 0 0
-0.3387 -1.3907 0.3137 127 0 0
-0.3387 -1.3907 0.3583 127 0 0
-0.3387 -1.3907 0.3880 127 0 0
-0.3387 -1.3323 -0.0068 0 0 253
-0.3387 -1.3323 0.0362 0 123 255
-0.3387 -1.3323 0.0791 0 248 255
-0.3387 -1.3323 0.1077 77 255 177
-0.3387 -1.3323 0.1507 202 255 52
-0.3387 -1.3323 0.1936 255 182 0
-0.3387 -1.3323 0.2366 255 57 0
-0.3387 -1.3323 0.2795 187 0 0
-0.3387 -1.3323 0.3082 127 0 0
-0.3387 -1.3323 0.3511 127 0 0
-0.3387 -1.3323 0.3940 127 0 0
-0.3209 -1.3179 -0.0322 0 0 179
-0.3387 -1.2781 -0.0006 0 16 255
-0.3387 -1.2781 0.0270 0 96 255
-0.3387 -1.2781 0.0684 0 217 255
-0.3387 -1.2781 0.1098 83 255 171
-0.3387 -1.2781 0.1512 203 255 51
-0.3387 -1.2781 0.1926 255 185 0
-0.3387 -1.2781 0.2340 255 64 0
-0.3387 -1.2781 0.2754 199 0 0
-0.3387 -1.2781 0.3168 127 0 0
-0.3387 -1.2781 0.3582 127 0 0
-0.3387 -1.2781 0.3859 127 0 0
-0.3388 -1.2276 -0.0082 0 0 249
-0.3388 -1.2276 0.0317 0 110 255
-0.3388 -1.2276 0.0717 0 227 255
-0.3388 -1.2276 0.1117 88 255 166
-0.3388 -1.2276 0.1517 205 255 49
-0.3388 -1.2276 0.1917 255 188 0
-0.3388 -1.2276 0.2316 255 71 0
-0.3388 -1.2276 0.2716 210 0 0
-0.3388 -1.2276 0.3116 127 0 0
-0.3388 -1.2276 0.3516 127 0 0
-0.3388 -1.2276 0.3916 127 0 0
-0.3388 -1.1805 -0.0025 0 11 255
-0.3388 -1.1805 0.0362 0 123 255
-0.3388 -1.1805 0.0748 0 236 255
-0.3388 -1.1805 0.1135 93 255 161
-0.3388 -1.1805 0.1521 206 255 48
-0.3388 -1.1805 0.1908 255 190 0
-0.3388 -1.1805 0.2294 255 78 0
-0.3388 -1.1805 0.2681 220 0 0
-0.3388 -1.1805 0.3196 127 0 0
-0.3388 -1.1805 0.3582 127 0 0
-0.3388 -1.1805 0.3969 127 0 0
-0.3388 -1.1365 -0.0095 0 0 245
-0.3388 -1.1365 0.0279 0 99 255
-0.3388 -1.1365 0.0777 0 244 255
-0.3388 -1.1365 0.1151 98 255 156
-0.3388 -1.1365 0.1525 207 255 47
-0.3388 -1.1365 0.1899 255 193 0
-0.3388 -1.1365 0.2398 255 47 0
-0.3388 -1.1365 0.2772 193 0 0
-0.3388 -1.1365 0.3146 127 0 0
-0.3388 -1.1365 0.3520 127 0 0
-0.3388 -1.1365 0.3894 127 0 0
-0.3389 -1.0952 -0.0041 0 6 255
-0.3389 -1.0952 0.0322 0 111 255
-0.3389 -1.0952 0.0684 0 217 255
-0.3389 -1.0952 0.1167 103 255 151
-0.3389 -1.0952 0.1529 208 255 46
-0.3389 -1.0952 0.1892 255 195 0
-0.3389 -1.0952 0.2375 255 54 0
-0.3389 -1.0952 0.2737 204 0 0
-0.3389 -1.0952 0.3099 127 0 0
-0.3389 -1.0952 0.3582 127 0 0
-0.3389 -1.0952 0.3944 127 0 0
-0.3389 -1.0564 -0.0106 0 0 242
-0.3389 -1.0564 0.0362 0 123 255
-0.3389 -1.0564 0.0713 0 226 255
-0.3389 -1.0564 0.1182 107 255 147
-0.3389 -1.0564 0.1533 209 255 45
-0.3389 -1.0564 0.1884 255 197 0
-0.3389 -1.0564 0.2353 255 61 0
-0.3389 -1.0564 0.2704 213 0 0
-0.3389 -1.0564 0.3172 127 0 0
-0.3389 -1.0564 0.3524 127 0 0
-0.3389 -1.0564 0.3875 127 0 0
-0.3389 -1.0199 -0.0055 0 2 255
-0.3389 -1.0199 0.0400 0 134 255
-0.3389 -1.0199 0.0741 0 234 255
-0.3389 -1.0199 0.1195 111 255 143
-0.3389 -1.0199 0.1536 210 255 44
-0.3389 -1.0199 0.1991 255 166 0
-0.3389 -1.0199 0.2332 255 67 0
-0.3389 -1.0199 0.2786 189 0 0
-0.3389 -1.0199 0.3127 127 0 0
-0.3389 -1.0199 0.3582 127 0 0
-0.3389 -1.0199 0.3923 127 0 0
-0.3312 -0.9787 -0.0083 0 0 249
-0.3312 -0.9787 0.0399 0 134 255
-0.3312 -0.9787 0.0784 0 246 255
-0.3312 -0.9787 0.1169 103 255 151
-0.3312 -0.9787 0.1554 216 255 38
-0.3312 -0.9787 0.1939 255 181 0
-0.3312 -0.9787 0.2324 255 69 0
-0.3312 -0.9787 0.2709 212 0 0
-0.3312 -0.9787 0.3190 127 0 0
-0.3312 -0.9787 0.3575 127 0 0
-0.3312 -0.9786 0.3960 127 0 0
-0.3313 -0.9531 -0.0050 0 3 255
-0.3313 -0.9531 0.0328 0 113 255
-0.3313 -0.9531 0.0706 0 223 255
-0.3313 -0.9531 0.1178 106 255 148
-0.3313 -0.9531 0.1556 216 255 38
-0.3312 -0.9531 0.1933 255 183 0
-0.3313 -0.9285 0.2392 255 49 0
-0.3312 -0.9531 0.2783 190 0 0
-0.3312 -0.9531 0.3161 127 0 0
-0.3313 -0.9285 0.3597 127 0 0
-0.3313 -0.9285 0.3967 127 0 0
-0.3313 -0.9048 -0.0079 0 0 250
-0.3313 -0.9048 0.0376 0 127 255
-0.3313 -0.9048 0.0740 0 233 255
-0.3313 -0.9048 0.1195 111 255 143
-0.3313 -0.9048 0.1559 217 255 37
-0.3313 -0.9048 0.1923 255 186 0
-0.3313 -0.9048 0.2378 255 53 0
-0.3313 -0.9048 0.2742 202 0 0
-0.3313 -0.9048 0.3197 127 0 0
-0.3313 -0.9048 0.3561 127 0 0
-0.3313 -0.9048 0.3925 127 0 0
-0.3313 -0.8599 -0.0018 0 12 255
-0.3313 -0.8599 0.0333 0 115 255
-0.3313 -0.8599 0.0772 0 243 255
-0.3313 -0.8599 0.1123 90 255 164
-0.3313 -0.8599 0.1562 218 255 36
-0.3313 -0.8599 0.1913 255 189 0
-0.3313 -0.8599 0.2353 255 61 0
-0.3313 -0.8599 0.2792 188 0 0
-0.3313 -0.8599 0.3143 127 0 0
-0.3313 -0.8599 0.3582 127 0 0
-0.3313 -0.8599 0.3933 127 0 0
-0.3313 -0.8387 -0.0076 0 0 251
-0.3313 -0.8387 0.0355 0 121 255
-0.3313 -0.8387 0.0787 0 247 255
-0.3313 -0.8387 0.1132 93 255 161
-0.3313 -0.8387 0.1564 218 255 36
-0.3313 -0.8387 0.1995 255 165 0
-0.3313 -0.8387 0.2340 255 64 0
-0.3313 -0.8387 0.2772 193 0 0
-0.3313 -0.8181 0.3177 127 0 0
-0.3313 -0.8386 0.3549 127 0 0
-0.3313 -0.8181 0.3941 127 0 0
-0.3313 -0.7982 -0.0019 0 12 255
-0.3313 -0.7982 0.0399 0 134 255
-0.3313 -0.7982 0.0732 0 231 255
-0.3313 -0.7982 0.1149 98 255 156
-0.3313 -0.7982 0.1567 219 255 35
-0.3313 -0.7982 0.1984 255 168 0
-0.3313 -0.7790 0.2389 255 50 0
-0.3313 -0.7790 0.2799 186 0 0
-0.3313 -0.7604 0.3184 127 0 0
-0.3313 -0.7604 0.3588 127 0 0
-0.3313 -0.7790 0.3948 127 0 0
-0.3313 -0.7424 -0.0019 0 12 255
-0.3313 -0.7424 0.0379 0 128 255
-0.3313 -0.7424 0.0776 0 244 255
-0.3313 -0.7424 0.1173 105 255 149
-0.3313 -0.7424 0.1571 220 255 34
-0.3313 -0.7424 0.1968 255 173 0
-0.3313 -0.7424 0.2365 255 57 0
-0.3313 -0.7424 0.2762 196 0 0
-0.3313 -0.7424 0.3160 127 0 0
-0.3313 -0.7423 0.3557 127 0 0
-0.3313 -0.7423 0.3954 127 0 0
-0.3313 -0.7080 -0.0044 0 5 255
-0.3313 -0.7080 0.0341 0 117 255
-0.3313 -0.7080 0.0726 0 229 255
-0.3313 -0.7080 0.1188 109 255 145
-0.3313 -0.7080 0.1573 221 255 33
-0.3313 -0.7080 0.1958 255 176 0
-0.3313 -0.7080 0.2343 255 63 0
-0.3314 -0.6916 0.2788 189 0 0
-0.3313 -0.7080 0.3190 127 0 0
-0.3313 -0.7080 0.3575 127 0 0
-0.3313 -0.7080 0.3960 127 0 0
-0.3314 -0.6757 -0.0068 0 0 253
-0.3314 -0.6757 0.0380 0 128 255
-0.3314 -0.6757 0.0753 0 237 255
-0.3314 -0.6757 0.1127 91 255 163
-0.3314 -0.6757 0.1575 222 255 32
-0.3314 -0.6757 0.1949 255 178 0
-0.3314 -0.6757 0.2397 255 48 0
-0.3314 -0.6757 0.2771 194 0 0
-0.3314 -0.6602 0.3196 127 0 0
-0.3314 -0.6757 0.3592 127 0 0
-0.3314 -0.6452 0.3971 127 0 0
-0.3314 -0.6306 -0.0066 0 0 253
-0.3314 -0.6306 0.0363 0 123 255
-0.3314 -0.6306 0.0792 0 248 255
-0.3314 -0.6306 0.1149 98 255 156
-0.3314 -0.6306 0.1578 223 255 31
-0.3314 -0.6027 0.1998 255 164 0
-0.3314 -0.6306 0.2365 255 57 0
-0.3314 -0.6306 0.2794 187 0 0
-0.3314 -0.6027 0.3179 127 0 0
-0.3314 -0.6027 0.3597 127 0 0
-0.3314 -0.6027 0.3944 127 0 0
-0.3314 -0.5893 -0.0064 0 0 254
-0.3314 -0.5893 0.0347 0 119 255
-0.3314 -0.5893 0.0759 0 239 255
-0.3314 -0.5893 0.1170 104 255 150
-0.3314 -0.5893 0.1581 224 255 30
-0.3314 -0.5893 0.1993 255 166 0
-0.3314 -0.5763 0.2394 255 49 0
-0.3314 -0.5763 0.2800 185 0 0
-0.3314 -0.5636 0.3185 127 0 0
-0.3314 -0.5636 0.3586 127 0 0
-0.3314 -0.5763 0.3950 127 0 0
-0.3314 -0.5513 -0.0062 0 0 255
-0.3314 -0.5513 0.0399 0 134 255
-0.3314 -0.5513 0.0794 0 249 255
-0.3314 -0.5513 0.1189 109 255 145
-0.3314 -0.5513 0.1584 224 255 30
-0.3314 -0.5513 0.1979 255 169 0
-0.3314 -0.5513 0.2375 255 54 0
-0.3314 -0.5513 0.2770 194 0 0
-0.3314 -0.5513 0.3165 127 0 0
-0.3314 -0.5513 0.3560 127 0 0
-0.3314 -0.5513 0.3955 127 0 0
-0.3393 -0.5098 -0.0052 0 3 255
-0.3393 -0.5098 0.0341 0 117 255
-0.3393 -0.5098 0.0799 0 251 255
-0.3393 -0.5098 0.1192 110 255 144
-0.3393 -0.5098 0.1585 224 255 30
-0.3393 -0.5098 0.1977 255 170 0
-0.3393 -0.5098 0.2370 255 56 0
-0.3393 -0.5098 0.2763 196 0 0
-0.3393 -0.5098 0.3156 127 0 0
-0.3393 -0.5098 0.3548 127 0 0
-0.3393 -0.5098 0.3941 127 0 0
-0.2887 -4.8896 -0.0257 0 0 198
-0.2887 -4.8896 0.0220 0 82 255
-0.2887 -4.8896 0.0696 0 221 255
-0.2887 -4.8896 0.1173 105 255 149
-0.2887 -4.8896 0.1650 244 255 10
-0.2887 -4.8896 0.2127 255 126 0
-0.2887 -4.8896 0.2604 243 0 0
-0.2887 -4.8896 0.3080 127 0 0
-0.2887 -4.8896 0.3557 127 0 0
-0.3050 -3.9653 -0.0301 0 0 185
-0.2882 -3.8955 -0.0301 0 0 185
-0.3167 -3.6223 -0.0301 0 0 185
-0.2836 -3.2982 -0.0307 0 0 183
-0.3031 -3.2747 -0.0307 0 0 183
-0.2971 -3.0234 -0.0307 0 0 183
-0.2929 -2.8061 -0.0311 0 0 182
-0.3175 -2.7928 -0.0311 0 0 182
-0.2830 -2.5935 -0.0311 0 0 182
-0.2985 -2.4866 -0.0313 0 0 181
-0.2998 -2.4357 -0.0314 0 0 181
-0.2967 -2.2673 -0.0314 0 0 181
-0.2865 -2.2194 -0.0316 0 0 181
-0.2861 -2.1572 -0.0316 0 0 181
-0.2858 -2.0153 -0.0316 0 0 181
-0.2923 -1.9247 -0.0318 0 0 180
-0.3097 -1.9153 -0.0318 0 0 180
-0.3032 -1.8402 -0.0319 0 0 180
-0.2966 -1.8110 -0.0318 0 0 180
-0.2817 -1.7425 -0.0319 0 0 180
-0.2938 -1.6928 -0.0320 0 0 179
-0.2876 -1.6457 -0.0319 0 0 180
-0.2873 -1.5828 -0.0320 0 0 179
-0.2801 -1.5076 -0.0320 0 0 179
-0.2921 -1.4474 -0.0322 0 0 179
-0.3188 -1.4330 -0.0322 0 0 179
-0.2888 -1.3890 -0.0322 0 0 179
-0.2837 -1.3380 -0.0322 0 0 179
-0.2823 -1.2888 -0.0322 0 0 179
-0.2881 -1.2368 -0.0323 0 0 179
-0.3028 -1.1990 -0.0323 0 0 179
-0.2810 -1.1540 -0.0324 0 0 178
-0.2850 -1.0755 -0.0325 0 0 178
-0.2886 -1.0056 -0.0325 0 0 178
-0.3079 -0.9952 -0.0325 0 0 178
-0.2826 -0.9480 -0.0326 0 0 178
-0.3092 -0.9136 -0.0327 0 0 177
-0.2958 -0.8740 -0.0327 0 0 177
-0.2835 -0.8377 -0.0328 0 0 177
-0.2827 -0.7925 -0.0328 0 0 177
-0.3142 -0.7569 -0.0328 0 0 177
-0.3122 -0.7165 -0.0328 0 0 177
-0.3104 -0.6791 -0.0328 0 0 177
-0.3134 -0.6390 -0.0329 0 0 177
-0.2926 -0.5966 -0.0329 0 0 177
-0.3056 -0.5573 -0.0329 0 0 177
-0.2817 0.5947 -0.0005 0 16 255
-0.2817 0.5947 0.0392 0 132 255
-0.2817 0.5947 0.0789 0 248 255
-0.2817 0.5804 0.1194 111 255 143
-0.2817 0.5804 0.1585 225 255 29
-0.2817 0.5804 0.1976 255 171 0
-0.2817 0.5804 0.2367 255 57 0
-0.2817 0.5804 0.2757 198 0 0
-0.2817 0.5804 0.3148 127 0 0
-0.2817 0.5804 0.3539 127 0 0
-0.2817 0.5804 0.3930 127 0 0
-0.2817 0.6095 -0.0033 0 8 255
-0.2817 0.6095 0.0371 0 126 255
-0.2817 0.6095 0.0775 0 244 255
-0.2817 0.6095 0.1179 106 255 148
-0.2817 0.6095 0.1583 224 255 30
-0.2817 0.6095 0.1987 255 167 0
-0.2817 0.6095 0.2390 255 50 0
-0.2817 0.6095 0.2794 187 0 0
-0.2817 0.6095 0.3198 127 0 0
-0.2817 0.6095 0.3535 127 0 0
-0.2817 0.6095 0.3939 127 0 0
-0.2818 0.6738 -0.0009 0 15 255
-0.2817 0.6405 0.0396 0 133 255
-0.2817 0.6568 0.0800 0 251 255
-0.2817 0.6405 0.1163 102 255 152
-0.2817 0.6405 0.1580 223 255 31
-0.2817 0.6405 0.1998 255 164 0
-0.2817 0.6405 0.2346 255 62 0
-0.2817 0.6405 0.2764 196 0 0
-0.2817 0.6405 0.3182 127 0 0
-0.2817 0.6405 0.3600 127 0 0
-0.2817 0.6405 0.3948 127 0 0
-0.2818 0.6913 -0.0039 0 6 255
-0.2818 0.7095 0.0378 0 128 255
-0.2818 0.6913 0.0769 0 242 255
-0.2818 0.6913 0.1136 94 255 160
-0.2818 0.6913 0.1577 222 255 32
-0.2818 0.6913 0.1944 255 180 0
-0.2818 0.6913 0.2384 255 51 0
-0.2818 0.6913 0.2752 199 0 0
-0.2818 0.6913 0.3192 127 0 0
-0.2818 0.6913 0.3560 127 0 0
-0.2818 0.6913 0.3927 127 0 0
-0.2455 -4.8896 -0.0248 0 0 200
-0.2455 -4.8896 0.0226 0 84 255
-0.2455 -4.8896 0.0701 0 222 255
-0.2455 -4.8896 0.1175 105 255 149
-0.2455 -4.8896 0.1650 244 255 10
-0.2455 -4.8896 0.2125 255 127 0
-0.2455 -4.8896 0.2599 244 0 0
-0.2455 -4.8896 0.3074 127 0 0
-0.2455 -4.8896 0.3548 127 0 0
-0.2706 -3.9838 -0.0301 0 0 185
-0.2510 -3.8839 -0.0301 0 0 185
-0.2779 -3.6266 -0.0301 0 0 185
-0.2549 -3.3137 -0.0307 0 0 183
-0.2409 -3.2554 -0.0307 0 0 183
-0.2647 -3.0270 -0.0307 0 0 183
-0.2435 -2.8327 -0.0311 0 0 182
-0.2551 -2.5967 -0.0311 0 0 182
-0.2566 -2.4590 -0.0314 0 0 181
-0.2480 -2.2728 -0.0314 0 0 181
-0.2448 -2.2064 -0.0316 0 0 181
-0.2476 -2.1780 -0.0316 0 0 181
-0.2424 -2.0201 -0.0316 0 0 181
-0.2581 -1.9993 -0.0318 0 0 180
-0.2404 -1.9527 -0.0318 0 0 180
-0.2575 -1.8154 -0.0318 0 0 180
-0.2502 -1.7595 -0.0319 0 0 180
-0.2624 -1.6831 -0.0320 0 0 179
-0.2520 -1.6497 -0.0319 0 0 180
-0.2440 -1.6061 -0.0320 0 0 179
-0.2584 -1.5983 -0.0320 0 0 179
-0.2424 -1.5545 -0.0321 0 0 179
-0.2475 -1.5113 -0.0320 0 0 179
-0.2520 -1.4690 -0.0322 0 0 179
-0.2436 -1.3941 -0.0322 0 0 179
-0.2465 -1.3580 -0.0322 0 0 179
-0.2403 -1.2936 -0.0322 0 0 179
-0.2418 -1.2618 -0.0323 0 0 179
-0.2506 -1.2049 -0.0323 0 0 179
-0.2485 -1.1716 -0.0324 0 0 178
-0.2702 -1.1599 -0.0324 0 0 178
-0.2441 -1.0975 -0.0325 0 0 178
-0.2443 -1.0612 -0.0325 0 0 178
-0.2403 -1.0316 -0.0325 0 0 178
-0.2460 -0.9677 -0.0326 0 0 178
-0.2643 -0.9578 -0.0326 0 0 178
-0.2425 -0.9148 -0.0326 0 0 178
-0.2475 -0.8625 -0.0326 0 0 178
-0.2722 -0.8043 -0.0328 0 0 177
-0.2775 -0.7984 -0.0328 0 0 177
-0.2769 -0.7564 -0.0328 0 0 177
-0.2764 -0.7175 -0.0328 0 0 177
-0.2484 -0.6784 -0.0329 0 0 177
-0.2576 -0.6361 -0.0329 0 0 177
-0.2791 -0.5972 -0.0328 0 0 177
-0.2606 -0.5575 -0.0329 0 0 177
-0.2704 0.5510 -0.0031 0 9 255
-0.2704 0.5510 0.0357 0 122 255
-0.2704 0.5510 0.0745 0 235 255
-0.2704 0.5510 0.1197 112 255 142
-0.2704 0.5510 0.1585 225 255 29
-0.2704 0.5510 0.1973 255 171 0
-0.2704 0.5510 0.2361 255 58 0
-0.2704 0.5510 0.2749 200 0 0
-0.2704 0.5510 0.3137 127 0 0
-0.2704 0.5510 0.3590 127 0 0
-0.2704 0.5510 0.3913 127 0 0
-0.2704 0.5975 -0.0017 0 13 255
-0.2704 0.5975 0.0399 0 134 255
-0.2704 0.5658 0.0790 0 248 255
-0.2704 0.5658 0.1187 109 255 145
-0.2704 0.5658 0.1584 224 255 30
-0.2704 0.5658 0.1981 255 169 0
-0.2704 0.5658 0.2378 255 53 0
-0.2704 0.5658 0.2775 193 0 0
-0.2704 0.5658 0.3172 127 0 0
-0.2704 0.5658 0.3569 127 0 0
-0.2704 0.5658 0.3900 127 0 0
-0.2704 0.6326 -0.0032 0 9 255
-0.2704 0.6146 0.0368 0 125 255
-0.2704 0.6146 0.0795 0 249 255
-0.2704 0.6146 0.1151 98 255 156
-0.2704 0.6146 0.1579 223 255 31
-0.2704 0.6146 0.1935 255 182 0
-0.2704 0.6146 0.2362 255 58 0
-0.2704 0.6146 0.2790 188 0 0
-0.2704 0.6146 0.3146 127 0 0
-0.2704 0.6146 0.3574 127 0 0
-0.2704 0.6146 0.3930 127 0 0
-0.2704 0.6515 -0.0002 0 17 255
-0.2704 0.6515 0.0374 0 127 255
-0.2704 0.6515 0.0749 0 236 255
-0.2704 0.6515 0.1200 112 255 142
-0.2704 0.6515 0.1575 222 255 32
-0.2704 0.6515 0.1950 255 178 0
-0.2704 0.6515 0.2326 255 69 0
-0.2704 0.6515 0.2776 192 0 0
-0.2704 0.6515 0.3152 127 0 0
-0.2704 0.6515 0.3527 127 0 0
-0.2704 0.6515 0.3902 127 0 0
-0.2705 0.6926 -0.0016 0 13 255
-0.2705 0.6926 0.0381 0 129 255
-0.2705 0.6926 0.0777 0 244 255
-0.2705 0.6926 0.1174 105 255 149
-0.2705 0.6926 0.1571 220 255 34
-0.2705 0.6926 0.1967 255 173 0
-0.2705 0.6926 0.2364 255 57 0
-0.2705 0.6926 0.2761 197 0 0
-0.2705 0.6926 0.3157 127 0 0
-0.2705 0.6926 0.3554 127 0 0
-0.2705 0.6926 0.3951 127 0 0
-0.2799 0.7235 -0.0016 0 13 255
-0.2799 0.7235 0.0363 0 123 255
-0.2799 0.7235 0.0741 0 234 255
-0.2799 0.7235 0.1196 111 255 143
-0.2799 0.7235 0.1574 222 255 32
-0.2799 0.7235 0.1953 255 177 0
-0.2654 0.7235 0.2396 255 48 0
-0.2799 0.7235 0.2786 189 0 0
-0.2512 0.7235 0.3194 127 0 0
-0.2654 0.7235 0.3589 127 0 0
-0.2654 0.7235 0.3962 127 0 0
-0.2028 -4.8896 -0.0240 0 0 203
-0.2028 -4.8896 0.0233 0 86 255
-0.2028 -4.8896 0.0705 0 223 255
-0.2028 -4.8896 0.1178 106 255 148
-0.2028 -4.8896 0.1650 244 255 10
-0.2028 -4.8896 0.2122 255 128 0
-0.2028 -4.8896 0.2595 245 0 0
-0.2028 -4.8896 0.3067 127 0 0
-0.2028 -4.8896 0.3540 127 0 0
-0.2019 -4.0209 -0.0301 0 0 185
-0.2137 -3.8723 -0.0301 0 0 185
-0.2004 -3.6354 -0.0301 0 0 185
-0.2262 -3.3291 -0.0307 0 0 183
-0.2097 -3.2457 -0.0306 0 0 183
-0.2322 -3.0307 -0.0307 0 0 183
-0.2189 -2.8460 -0.0311 0 0 182
-0.2336 -2.8043 -0.0310 0 0 182
-0.2069 -2.7960 -0.0310 0 0 182
-0.2273 -2.5998 -0.0311 0 0 182
-0.2134 -2.4823 -0.0314 0 0 181
-0.2350 -2.4707 -0.0314 0 0 181
-0.2236 -2.2755 -0.0314 0 0 181
-0.2092 -2.1987 -0.0316 0 0 181
-0.2207 -2.0226 -0.0316 0 0 181
-0.2057 -1.9713 -0.0318 0 0 180
-0.2183 -1.8198 -0.0318 0 0 180
-0.2029 -1.7850 -0.0319 0 0 180
-0.2164 -1.6537 -0.0319 0 0 180
-0.2006 -1.6295 -0.0320 0 0 179
-0.2134 -1.5455 -0.0321 0 0 179
-0.2120 -1.4906 -0.0322 0 0 179
-0.2387 -1.4762 -0.0322 0 0 179
-0.2117 -1.4399 -0.0322 0 0 179
-0.2093 -1.3781 -0.0322 0 0 179
-0.2102 -1.3484 -0.0323 0 0 179
-0.2070 -1.2805 -0.0323 0 0 179
-0.2186 -1.2742 -0.0323 0 0 179
-0.2113 -1.2093 -0.0323 0 0 179
-0.2050 -1.1950 -0.0324 0 0 178
-0.2105 -1.1327 -0.0324 0 0 178
-0.2032 -1.1196 -0.0325 0 0 178
-0.2017 -1.0524 -0.0325 0 0 178
-0.2306 -1.0368 -0.0325 0 0 178
-0.2002 -0.9924 -0.0326 0 0 178
-0.2077 -0.9336 -0.0326 0 0 178
-0.2338 -0.9195 -0.0326 0 0 178
-0.2227 -0.8759 -0.0326 0 0 178
-0.2126 -0.8362 -0.0327 0 0 177
-0.2109 -0.7959 -0.0327 0 0 177
-0.2094 -0.7590 -0.0327 0 0 177
-0.2348 -0.6937 -0.0329 0 0 177
-0.2270 -0.6707 -0.0329 0 0 177
-0.2045 -0.6375 -0.0328 0 0 177
-0.2275 -0.5994 -0.0329 0 0 177
-0.2398 0.5954 -0.0334 0 0 175
-0.2347 0.6203 -0.0334 0 0 175
-0.2379 0.6718 -0.0333 0 0 176
-0.2334 0.7065 -0.0025 0 10 255
-0.2334 0.7065 0.0374 0 127 255
-0.2334 0.7065 0.0773 0 243 255
-0.2334 0.7065 0.1171 104 255 150
-0.2334 0.7065 0.1570 220 255 34
-0.2334 0.7065 0.1969 255 172 0
-0.2334 0.7065 0.2368 255 56 0
-0.2334 0.7065 0.2767 195 0 0
-0.2334 0.7065 0.3165 127 0 0
-0.2334 0.7065 0.3564 127 0 0
-0.2334 0.7065 0.3963 127 0 0
-0.1605 -4.8896 -0.0231 0 0 205
-0.1605 -4.8896 0.0239 0 87 255
-0.1605 -4.8896 0.0710 0 224 255
-0.1605 -4.8896 0.1180 107 255 147
-0.1605 -4.8896 0.1650 244 255 10
-0.1605 -4.8896 0.2120 255 128 0
-0.1605 -4.8896 0.2590 246 0 0
-0.1605 -4.8896 0.3061 127 0 0
-0.1605 -4.8896 0.3531 127 0 0
-0.1605 -4.8896 0.4001 127 0 0
-0.1676 -4.0394 -0.0301 0 0 185
-0.1764 -3.8607 -0.0301 0 0 185
-0.1616 -3.6397 -0.0301 0 0 185
-0.1687 -3.3601 -0.0307 0 0 183
-0.1974 -3.3446 -0.0307 0 0 183
-0.1786 -3.2360 -0.0306 0 0 183
-0.1674 -3.0380 -0.0307 0 0 183
-0.1696 -2.8725 -0.0311 0 0 182
-0.1801 -2.7876 -0.0310 0 0 182
-0.1716 -2.6061 -0.0311 0 0 182
-0.1702 -2.5056 -0.0314 0 0 181
-0.1813 -2.4502 -0.0313 0 0 181
-0.1748 -2.2810 -0.0314 0 0 181
-0.1992 -2.2782 -0.0314 0 0 181
-0.1707 -2.2194 -0.0316 0 0 181
-0.1613 -2.1805 -0.0316 0 0 181
-0.1773 -2.0275 -0.0316 0 0 181
-0.1711 -1.9900 -0.0318 0 0 180
-0.1714 -1.8020 -0.0319 0 0 180
-0.1872 -1.7935 -0.0319 0 0 180
-0.1717 -1.6451 -0.0320 0 0 179
-0.1861 -1.6373 -0.0320 0 0 179
-0.1659 -1.5205 -0.0320 0 0 179
-0.1719 -1.5122 -0.0322 0 0 179
-0.1683 -1.4026 -0.0322 0 0 179
-0.1721 -1.3981 -0.0322 0 0 179
-0.1725 -1.3367 -0.0323 0 0 179
-0.1607 -1.3054 -0.0323 0 0 179
-0.1618 -1.2536 -0.0324 0 0 178
-0.1616 -1.2184 -0.0324 0 0 178
-0.1634 -1.1836 -0.0325 0 0 178
-0.1623 -1.1416 -0.0325 0 0 178
-0.1630 -1.0733 -0.0325 0 0 178
-0.1636 -1.0121 -0.0326 0 0 178
-0.1911 -0.9973 -0.0326 0 0 178
-0.1642 -0.9570 -0.0326 0 0 178
-0.1647 -0.9072 -0.0326 0 0 178
-0.1651 -0.8618 -0.0327 0 0 177
-0.1655 -0.8204 -0.0327 0 0 177
-0.1659 -0.7824 -0.0327 0 0 177
-0.1663 -0.7475 -0.0328 0 0 177
-0.1666 -0.7152 -0.0328 0 0 177
-0.1798 -0.6784 -0.0328 0 0 177
-0.1614 -0.6350 -0.0329 0 0 177
-0.1851 -0.5982 -0.0329 0 0 177
-0.1999 0.5842 -0.0334 0 0 175
-0.1936 0.6078 -0.0334 0 0 175
-0.1937 0.6616 -0.0328 0 0 177
-0.1332 -4.0579 -0.0301 0 0 185
-0.1392 -3.8492 -0.0301 0 0 185
-0.1228 -3.6441 -0.0301 0 0 185
-0.1400 -3.3756 -0.0307 0 0 183
-0.1474 -3.2264 -0.0306 0 0 183
-0.1350 -3.0416 -0.0307 0 0 183
-0.1203 -2.8991 -0.0311 0 0 182
-0.1266 -2.7710 -0.0310 0 0 182
-0.1438 -2.6092 -0.0311 0 0 182
-0.1270 -2.5289 -0.0314 0 0 181
-0.1486 -2.5172 -0.0314 0 0 181
-0.1578 -2.4429 -0.0313 0 0 181
-0.1344 -2.4356 -0.0313 0 0 181
-0.1260 -2.2865 -0.0313 0 0 181
-0.1322 -2.2402 -0.0316 0 0 181
-0.1515 -2.2298 -0.0316 0 0 181
-0.1405 -2.1740 -0.0316 0 0 181
-0.1365 -2.0087 -0.0318 0 0 180
-0.1538 -1.9994 -0.0318 0 0 180
-0.1265 -1.9585 -0.0318 0 0 180
-0.1241 -1.8275 -0.0319 0 0 180
-0.1322 -1.7871 -0.0319 0 0 180
-0.1283 -1.6685 -0.0320 0 0 179
-0.1213 -1.6392 -0.0320 0 0 179
-0.1319 -1.5338 -0.0322 0 0 179
-0.1586 -1.5194 -0.0322 0 0 179
-0.1225 -1.4249 -0.0322 0 0 179
-0.1260 -1.3242 -0.0323 0 0 179
-0.1375 -1.3179 -0.0323 0 0 179
-0.1265 -1.2426 -0.0324 0 0 178
-0.1290 -1.2360 -0.0324 0 0 178
-0.1214 -1.1636 -0.0325 0 0 178
-0.1317 -1.1581 -0.0325 0 0 178
-0.1244 -1.0941 -0.0325 0 0 178
-0.1534 -1.0785 -0.0325 0 0 178
-0.1270 -1.0318 -0.0326 0 0 178
-0.1207 -0.9805 -0.0326 0 0 178
-0.1233 -0.9295 -0.0326 0 0 178
-0.1481 -0.9161 -0.0326 0 0 178
-0.1335 -0.8789 -0.0327 0 0 177
-0.1353 -0.8367 -0.0327 0 0 177
-0.1369 -0.7981 -0.0327 0 0 177
-0.1454 -0.7588 -0.0328 0 0 177
-0.1599 -0.7188 -0.0328 0 0 177
-0.1299 -0.6777 -0.0328 0 0 177
-0.1554 -0.6382 -0.0329 0 0 177
-0.1186 -4.8896 -0.0222 0 0 208
-0.1186 -4.8896 0.0246 0 89 255
-0.1186 -4.8896 0.0714 0 226 255
-0.1186 -4.8896 0.1182 107 255 147
-0.1186 -4.8896 0.1650 244 255 10
-0.1186 -4.8896 0.2118 255 129 0
-0.1186 -4.8896 0.2586 248 0 0
-0.1186 -4.8896 0.3054 127 0 0
-0.1186 -4.8896 0.3522 127 0 0
-0.1186 -4.8896 0.3991 127 0 0
-0.0989 -4.0764 -0.0301 0 0 185
-0.1019 -3.8376 -0.0301 0 0 185
-0.0840 -3.6485 -0.0301 0 0 185
-0.0826 -3.4065 -0.0307 0 0 183
-0.1113 -3.3910 -0.0307 0 0 183
-0.0852 -3.2070 -0.0306 0 0 183
-0.1026 -3.0453 -0.0307 0 0 183
-0.0956 -2.9124 -0.0311 0 0 182
-0.0999 -2.7627 -0.0310 0 0 182
-0.0881 -2.6155 -0.0311 0 0 182
-0.0838 -2.5522 -0.0314 0 0 181
-0.0875 -2.4210 -0.0313 0 0 181
-0.1016 -2.2892 -0.0313 0 0 181
-0.0938 -2.2609 -0.0316 0 0 181
-0.0988 -2.1611 -0.0316 0 0 181
-0.0845 -2.0367 -0.0318 0 0 180
-0.0890 -1.9468 -0.0318 0 0 180
-0.0926 -1.8445 -0.0319 0 0 180
-0.1084 -1.8360 -0.0319 0 0 180
-0.0809 -1.7712 -0.0319 0 0 180
-0.0850 -1.6918 -0.0320 0 0 179
-0.1139 -1.6763 -0.0320 0 0 179
-0.0899 -1.6295 -0.0320 0 0 179
-0.0918 -1.5553 -0.0322 0 0 179
-0.0831 -1.5050 -0.0321 0 0 179
-0.0853 -1.4449 -0.0322 0 0 179
-0.0977 -1.4382 -0.0322 0 0 179
-0.0912 -1.3429 -0.0323 0 0 179
-0.0863 -1.3109 -0.0322 0 0 179
-0.0856 -1.2594 -0.0324 0 0 178
-0.0806 -1.2240 -0.0323 0 0 179
-0.0805 -1.1857 -0.0325 0 0 178
-0.0879 -1.1465 -0.0324 0 0 178
-0.0858 -1.1149 -0.0325 0 0 178
-0.0813 -1.0565 -0.0326 0 0 178
-0.1179 -1.0368 -0.0326 0 0 178
-0.0859 -0.9992 -0.0326 0 0 178
-0.0818 -0.9518 -0.0326 0 0 178
-0.0860 -0.9045 -0.0327 0 0 177
-0.0823 -0.8653 -0.0327 0 0 177
-0.0861 -0.8254 -0.0327 0 0 177
-0.0827 -0.7925 -0.0328 0 0 177
-0.0862 -0.7585 -0.0328 0 0 177
-0.1089 -0.7166 -0.0328 0 0 177
-0.0833 -0.6771 -0.0329 0 0 177
-0.1096 -0.6389 -0.0329 0 0 177
-0.0770 -4.8896 -0.0214 0 0 210
-0.0770 -4.8896 0.0252 0 91 255
-0.0770 -4.8896 0.0718 0 227 255
-0.0770 -4.8896 0.1184 108 255 146
-0.0770 -4.8896 0.1650 244 255 10
-0.0770 -4.8896 0.2116 255 130 0
-0.0770 -4.8896 0.2582 249 0 0
-0.0770 -4.8896 0.3048 127 0 0
-0.0770 -4.8896 0.3514 127 0 0
-0.0770 -4.8896 0.3980 127 0 0
-0.0645 -4.0949 -0.0301 0 0 185
-0.0646 -3.8260 -0.0301 0 0 185
-0.0453 -3.6528 -0.0301 0 0 185
-0.0539 -3.4220 -0.0307 0 0 183
-0.0540 -3.1973 -0.0306 0 0 183
-0.0702 -3.0489 -0.0307 0 0 183
-0.0463 -2.9390 -0.0311 0 0 182
-0.0464 -2.7461 -0.0310 0 0 182
-0.0603 -2.6186 -0.0311 0 0 182
-0.0406 -2.5755 -0.0314 0 0 181
-0.0407 -2.4065 -0.0313 0 0 181
-0.0553 -2.2816 -0.0316 0 0 181
-0.0746 -2.2712 -0.0316 0 0 181
-0.0570 -2.1481 -0.0316 0 0 181
-0.0498 -2.0554 -0.0318 0 0 180
-0.0687 -2.0397 -0.0316 0 0 181
-0.0514 -1.9351 -0.0318 0 0 180
-0.0453 -1.8699 -0.0319 0 0 180
-0.0424 -1.8397 -0.0318 0 0 180
-0.0468 -1.7606 -0.0319 0 0 180
-0.0416 -1.7152 -0.0320 0 0 179
-0.0563 -1.6717 -0.0319 0 0 180
-0.0429 -1.6149 -0.0320 0 0 179
-0.0518 -1.5769 -0.0322 0 0 179
-0.0517 -1.5334 -0.0320 0 0 179
-0.0541 -1.4960 -0.0321 0 0 179
-0.0481 -1.4650 -0.0322 0 0 179
-0.0477 -1.4162 -0.0321 0 0 179
-0.0449 -1.3679 -0.0323 0 0 179
-0.0681 -1.3554 -0.0323 0 0 179
-0.0421 -1.2828 -0.0324 0 0 178
-0.0530 -1.2770 -0.0324 0 0 178
-0.0499 -1.2022 -0.0325 0 0 178
-0.0601 -1.1967 -0.0325 0 0 178
-0.0471 -1.1357 -0.0325 0 0 178
-0.0481 -1.0833 -0.0325 0 0 178
-0.0446 -1.0762 -0.0326 0 0 178
-0.0424 -1.0227 -0.0326 0 0 178
-0.0404 -0.9742 -0.0326 0 0 178
-0.0735 -0.9563 -0.0326 0 0 178
-0.0623 -0.9173 -0.0327 0 0 177
-0.0596 -0.8775 -0.0327 0 0 177
-0.0644 -0.8372 -0.0327 0 0 177
-0.0757 -0.7963 -0.0328 0 0 177
-0.0444 -0.7514 -0.0328 0 0 177
-0.0552 -0.7179 -0.0328 0 0 177
-0.0457 -0.6733 -0.0329 0 0 177
-0.0418 -0.6348 -0.0329 0 0 177
-0.0358 -4.8896 -0.0206 0 0 213
-0.0358 -4.8896 0.0258 0 93 255
-0.0358 -4.8896 0.0722 0 228 255
-0.0358 -4.8896 0.1186 108 255 146
-0.0358 -4.8896 0.1650 244 255 10
-0.0358 -4.8896 0.2114 255 130 0
-0.0358 -4.8896 0.2578 250 0 0
-0.0358 -4.8896 0.3042 127 0 0
-0.0358 -4.8896 0.3506 127 0 0
-0.0358 -4.8896 0.3969 127 0 0
-0.0302 -4.1134 -0.0301 0 0 185
-0.0274 -3.8144 -0.0301 0 0 185
-0.0065 -3.6572 -0.0301 0 0 185
-0.0252 -3.4374 -0.0307 0 0 183
-0.0229 -3.1877 -0.0306 0 0 183
-0.0054 -3.0562 -0.0307 0 0 183
-0.0216 -2.9523 -0.0311 0 0 182
-0.0197 -2.7378 -0.0310 0 0 182
-0.0046 -2.6249 -0.0311 0 0 182
-0.0190 -2.5871 -0.0314 0 0 181
-0.0172 -2.3992 -0.0313 0 0 181
-0.0169 -2.3023 -0.0316 0 0 181
-0.0153 -2.1351 -0.0316 0 0 181
-0.0152 -2.0740 -0.0318 0 0 180
-0.0138 -1.9234 -0.0318 0 0 180
-0.0138 -1.8869 -0.0319 0 0 180
-0.0296 -1.8784 -0.0319 0 0 180
-0.0127 -1.7308 -0.0320 0 0 179
-0.0030 -1.6777 -0.0319 0 0 180
-0.0115 -1.6051 -0.0320 0 0 179
-0.0117 -1.5985 -0.0322 0 0 179
-0.0027 -1.5389 -0.0320 0 0 179
-0.0109 -1.4850 -0.0322 0 0 179
-0.0233 -1.4783 -0.0322 0 0 179
-0.0025 -1.4213 -0.0321 0 0 179
-0.0102 -1.3866 -0.0323 0 0 179
-0.0023 -1.3204 -0.0322 0 0 179
-0.0095 -1.3004 -0.0324 0 0 178
-0.0090 -1.2243 -0.0325 0 0 178
-0.0085 -1.1566 -0.0325 0 0 178
-0.0080 -1.0960 -0.0326 0 0 178
-0.0076 -1.0414 -0.0326 0 0 178
-0.0163 -1.0367 -0.0326 0 0 178
-0.0073 -0.9920 -0.0326 0 0 178
-0.0069 -0.9471 -0.0327 0 0 177
-0.0066 -0.9061 -0.0327 0 0 177
-0.0064 -0.8684 -0.0327 0 0 177
-0.0061 -0.8338 -0.0328 0 0 177
-0.0126 -0.7983 -0.0328 0 0 177
-0.0315 -0.7584 -0.0328 0 0 177
-0.0053 -0.7192 -0.0329 0 0 177
-0.0341 -0.6796 -0.0329 0 0 177
-0.0011 -0.6394 -0.0329 0 0 177
0.0050 -4.8896 -0.0197 0 0 215
0.0050 -4.8896 0.0265 0 95 255
0.0050 -4.8896 0.0726 0 229 255
0.0050 -4.8896 0.1188 109 255 145
0.0050 -4.8896 0.1650 244 255 10
0.0050 -4.8896 0.2112 255 131 0
0.0050 -4.8896 0.2574 251 0 0
0.0050 -4.8896 0.3035 127 0 0
0.0050 -4.8896 0.3497 127 0 0
0.0050 -4.8896 0.3959 127 0 0
0.0386 -4.1505 -0.0301 0 0 185
0.0099 -3.8029 -0.0301 0 0 185
0.0323 -3.6616 -0.0301 0 0 185
0.0322 -3.4684 -0.0307 0 0 183
0.0394 -3.1683 -0.0306 0 0 183
0.0270 -3.0599 -0.0307 0 0 183
0.0277 -2.9788 -0.0311 0 0 182
0.0338 -2.7212 -0.0310 0 0 182
0.0242 -2.6104 -0.0314 0 0 181
0.0026 -2.5988 -0.0314 0 0 181
0.0297 -2.3846 -0.0313 0 0 181
0.0216 -2.3231 -0.0316 0 0 181
0.0023 -2.3127 -0.0316 0 0 181
0.0264 -2.1222 -0.0316 0 0 181
0.0368 -2.1021 -0.0318 0 0 180
0.0398 -2.0519 -0.0316 0 0 181
0.0334 -1.9124 -0.0319 0 0 180
0.0358 -1.8485 -0.0318 0 0 180
0.0307 -1.7542 -0.0320 0 0 179
0.0326 -1.6817 -0.0319 0 0 180
0.0148 -1.6797 -0.0319 0 0 180
0.0283 -1.6201 -0.0322 0 0 179
0.0355 -1.5905 -0.0320 0 0 179
0.0299 -1.5426 -0.0320 0 0 179
0.0387 -1.5118 -0.0322 0 0 179
0.0328 -1.4690 -0.0321 0 0 179
0.0362 -1.4116 -0.0323 0 0 179
0.0130 -1.3991 -0.0323 0 0 179
0.0339 -1.3238 -0.0324 0 0 178
0.0230 -1.3179 -0.0324 0 0 178
0.0319 -1.2463 -0.0325 0 0 178
0.0115 -1.2353 -0.0325 0 0 178
0.0302 -1.1774 -0.0325 0 0 178
0.0225 -1.1590 -0.0324 0 0 178
0.0286 -1.1157 -0.0326 0 0 178
0.0272 -1.0602 -0.0326 0 0 178
0.0259 -1.0099 -0.0326 0 0 178
0.0010 -0.9965 -0.0326 0 0 178
0.0168 -0.9599 -0.0327 0 0 177
0.0161 -0.9183 -0.0327 0 0 177
0.0081 -0.8763 -0.0327 0 0 177
0.0009 -0.8376 -0.0328 0 0 177
0.0201 -0.7862 -0.0328 0 0 177
0.0194 -0.7582 -0.0328 0 0 177
0.0181 -0.7078 -0.0329 0 0 177
0.0339 -0.6662 -0.0328 0 0 177
0.0382 -0.6226 -0.0329 0 0 177
0.0454 -4.8896 -0.0189 0 0 218
0.0454 -4.8896 0.0271 0 97 255
0.0454 -4.8896 0.0730 0 231 255
0.0454 -4.8896 0.1190 110 255 144
0.0454 -4.8896 0.1650 244 255 10
0.0454 -4.8896 0.2110 255 131 0
0.0454 -4.8896 0.2570 252 0 0
0.0454 -4.8896 0.3029 127 0 0
0.0454 -4.8896 0.3489 127 0 0
0.0454 -4.8896 0.3949 127 0 0
0.0729 -4.1690 -0.0301 0 0 185
0.0471 -3.7913 -0.0301 0 0 185
0.0711 -3.6659 -0.0301 0 0 185
0.0609 -3.4839 -0.0307 0 0 183
0.0705 -3.1586 -0.0306 0 0 183
0.0594 -3.0635 -0.0307 0 0 183
0.0770 -3.0054 -0.0311 0 0 182
0.0523 -2.9921 -0.0311 0 0 182
0.0606 -2.7129 -0.0310 0 0 182
0.0675 -2.6337 -0.0314 0 0 181
0.0765 -2.3701 -0.0313 0 0 181
0.0600 -2.3438 -0.0316 0 0 181
0.0691 -2.3085 -0.0313 0 0 181
0.0541 -2.1114 -0.0318 0 0 180
0.0615 -2.0544 -0.0316 0 0 181
0.0492 -1.9209 -0.0319 0 0 180
0.0614 -1.9001 -0.0318 0 0 180
0.0749 -1.8529 -0.0318 0 0 180
0.0451 -1.7620 -0.0320 0 0 179
0.0729 -1.7234 -0.0319 0 0 180
0.0682 -1.6857 -0.0319 0 0 180
0.0417 -1.6273 -0.0322 0 0 179
0.0669 -1.5808 -0.0320 0 0 179
0.0789 -1.5481 -0.0320 0 0 179
0.0763 -1.4555 -0.0321 0 0 179
0.0728 -1.4298 -0.0321 0 0 179
0.0439 -1.3605 -0.0322 0 0 179
0.0677 -1.3283 -0.0322 0 0 179
0.0762 -1.2417 -0.0323 0 0 179
0.0501 -1.2387 -0.0323 0 0 179
0.0715 -1.1645 -0.0324 0 0 178
0.0789 -1.0976 -0.0325 0 0 178
0.0761 -1.0466 -0.0325 0 0 178
0.0745 -1.0369 -0.0325 0 0 178
0.0706 -0.9826 -0.0326 0 0 178
0.0769 -0.9348 -0.0326 0 0 178
0.0733 -0.8905 -0.0326 0 0 178
0.0789 -0.8512 -0.0327 0 0 177
0.0755 -0.8143 -0.0327 0 0 177
0.0723 -0.7805 -0.0327 0 0 177
0.0773 -0.7502 -0.0328 0 0 177
0.0592 -0.7198 -0.0328 0 0 177
0.0761 -0.6709 -0.0328 0 0 177
0.0776 -0.6270 -0.0329 0 0 177
0.0855 -4.8896 -0.0181 0 0 220
0.0855 -4.8896 0.0277 0 98 255
0.0855 -4.8896 0.0735 0 232 255
0.0855 -4.8896 0.1192 110 255 144
0.0855 -4.8896 0.1650 244 255 10
0.0855 -4.8896 0.2108 255 132 0
0.0855 -4.8896 0.2565 254 0 0
0.0855 -4.8896 0.3023 127 0 0
0.0855 -4.8896 0.3481 127 0 0
0.0855 -4.8896 0.3939 127 0 0
0.1073 -4.1875 -0.0301 0 0 185
0.0844 -3.7797 -0.0301 0 0 185
0.1099 -3.6703 -0.0301 0 0 185
0.0896 -3.4993 -0.0307 0 0 183
0.1017 -3.1490 -0.0306 0 0 183
0.0918 -3.0671 -0.0307 0 0 183
0.1141 -2.6963 -0.0310 0 0 182
0.1067 -2.6374 -0.0311 0 0 182
0.1000 -2.3628 -0.0313 0 0 181
0.1179 -2.3139 -0.0313 0 0 181
0.1098 -2.0963 -0.0316 0 0 181
0.1049 -2.0593 -0.0316 0 0 181
0.1177 -1.8826 -0.0318 0 0 180
0.1140 -1.8573 -0.0318 0 0 180
0.1038 -1.6897 -0.0319 0 0 180
0.1139 -1.5662 -0.0320 0 0 179
0.1115 -1.5518 -0.0320 0 0 179
0.1197 -1.4420 -0.0321 0 0 179
0.1180 -1.4349 -0.0321 0 0 179
0.1097 -1.3330 -0.0322 0 0 179
0.1155 -1.2461 -0.0323 0 0 179
0.1083 -1.1686 -0.0324 0 0 178
0.1135 -1.1015 -0.0325 0 0 178
0.1181 -1.0419 -0.0325 0 0 178
0.0963 -1.0394 -0.0325 0 0 178
0.1119 -0.9873 -0.0326 0 0 178
0.1162 -0.9392 -0.0326 0 0 178
0.1107 -0.8947 -0.0326 0 0 178
0.1146 -0.8552 -0.0327 0 0 177
0.1182 -0.8191 -0.0327 0 0 177
0.1133 -0.7851 -0.0327 0 0 177
0.1166 -0.7547 -0.0328 0 0 177
0.1153 -0.6998 -0.0328 0 0 177
0.1182 -0.6756 -0.0328 0 0 177
0.1169 -0.6315 -0.0329 0 0 177
0.1252 -4.8896 -0.0173 0 0 222
0.1252 -4.8896 0.0283 0 100 255
0.1252 -4.8896 0.0739 0 233 255
0.1252 -4.8896 0.1194 111 255 143
0.1252 -4.8896 0.1650 244 255 10
0.1252 -4.8896 0.2106 255 133 0
0.1252 -4.8895 0.2561 255 0 0
0.1252 -4.8895 0.3017 127 0 0
0.1252 -4.8895 0.3473 127 0 0
0.1252 -4.8895 0.3928 127 0 0
0.1217 -3.7681 -0.0301 0 0 185
0.1584 -3.7428 -0.0294 0 0 187
0.1584 -3.7428 0.0095 0 45 255
0.1584 -3.7428 0.0484 0 159 255
0.1584 -3.7428 0.0872 17 255 237
0.1584 -3.7428 0.1261 130 255 124
0.1584 -3.7428 0.1650 244 255 10
0.1584 -3.7428 0.2039 255 152 0
0.1584 -3.7428 0.2428 255 39 0
0.1584 -3.7428 0.2816 181 0 0
0.1584 -3.7428 0.3594 127 0 0
0.1584 -3.7428 0.3983 127 0 0
0.1447 -3.5782 -0.0250 0 0 200
0.1447 -3.5782 0.0130 0 56 255
0.1447 -3.5782 0.0510 0 166 255
0.1447 -3.5782 0.0890 22 255 232
0.1447 -3.5782 0.1270 133 255 121
0.1447 -3.5782 0.1650 244 255 10
0.1447 -3.5782 0.2030 255 155 0
0.1447 -3.5782 0.2790 188 0 0
0.1447 -3.5782 0.3170 127 0 0
0.1447 -3.5782 0.3550 127 0 0
0.1447 -3.5782 0.3930 127 0 0
0.1328 -3.1393 -0.0306 0 0 183
0.1242 -3.0708 -0.0307 0 0 183
0.1578 -3.0113 -0.0233 0 0 205
0.1578 -3.0113 0.0395 0 133 255
0.1578 -3.0113 0.0709 0 224 255
0.1578 -3.0113 0.1022 61 255 193
0.1578 -3.0113 0.1336 152 255 102
0.1578 -3.0113 0.1964 255 174 0
0.1578 -3.0113 0.2278 255 83 0
0.1578 -3.0113 0.2591 246 0 0
0.1578 -3.0113 0.2905 155 0 0
0.1578 -3.0113 0.3533 127 0 0
0.1578 -3.0113 0.3846 127 0 0
0.1480 -2.9062 -0.0199 0 0 215
0.1480 -2.9062 0.0109 0 49 255
0.1480 -2.9062 0.0725 0 229 255
0.1480 -2.9062 0.1034 64 255 190
0.1480 -2.9062 0.1342 154 255 100
0.1480 -2.9062 0.1958 255 176 0
0.1480 -2.9062 0.2266 255 86 0
0.1480 -2.9062 0.2575 251 0 0
0.1480 -2.9062 0.3191 127 0 0
0.1480 -2.9062 0.3499 127 0 0
0.1480 -2.9062 0.3808 127 0 0
0.1408 -2.6879 -0.0310 0 0 182
0.1345 -2.6405 -0.0311 0 0 182
0.1574 -2.5170 -0.0191 0 0 217
0.1574 -2.5170 0.0335 0 115 255
0.1574 -2.5170 0.0598 0 192 255
0.1574 -2.5170 0.1124 90 255 164
0.1574 -2.5170 0.1387 167 255 87
0.1574 -2.5170 0.1913 255 189 0
0.1574 -2.5170 0.2176 255 112 0
0.1574 -2.5170 0.2702 214 0 0
0.1574 -2.5170 0.2965 137 0 0
0.1574 -2.5170 0.3491 127 0 0
0.1574 -2.5170 0.3755 127 0 0
0.1437 -2.3397 -0.0085 0 0 248
0.1437 -2.3397 0.0163 0 65 255
0.1437 -2.3397 0.0659 0 210 255
0.1437 -2.3397 0.1154 99 255 155
0.1437 -2.3397 0.1402 171 255 83
0.1437 -2.3397 0.1898 255 193 0
0.1437 -2.3397 0.2394 255 49 0
0.1437 -2.3397 0.2641 231 0 0
0.1437 -2.3397 0.3137 127 0 0
0.1437 -2.3397 0.3385 127 0 0
0.1437 -2.3397 0.3881 127 0 0
0.1423 -2.3167 -0.0313 0 0 181
0.1571 -2.1598 -0.0162 0 0 226
0.1571 -2.1598 0.0291 0 103 255
0.1571 -2.1598 0.0744 0 235 255
0.1571 -2.1598 0.1197 112 255 142
0.1571 -2.1598 0.1424 178 255 76
0.1571 -2.1598 0.1876 255 199 0
0.1571 -2.1598 0.2329 255 67 0
0.1571 -2.1598 0.2782 190 0 0
0.1571 -2.1598 0.3009 127 0 0
0.1571 -2.1598 0.3462 127 0 0
0.1571 -2.1598 0.3914 127 0 0
0.1515 -2.0833 -0.0316 0 0 181
0.1266 -2.0617 -0.0316 0 0 181
0.1456 -2.0261 -0.0065 0 0 254
0.1456 -2.0261 0.0364 0 124 255
0.1456 -2.0261 0.0792 0 249 255
0.1456 -2.0261 0.1007 56 255 198
0.1456 -2.0261 0.1436 181 255 73
0.1456 -2.0261 0.1864 255 203 0
0.1456 -2.0261 0.2293 255 78 0
0.1456 -2.0261 0.2722 208 0 0
0.1456 -2.0261 0.3151 127 0 0
0.1456 -2.0261 0.3580 127 0 0
0.1456 -2.0261 0.3794 127 0 0
0.1532 -1.8617 -0.0318 0 0 180
0.1393 -1.6937 -0.0319 0 0 180
0.1567 -1.6788 -0.0121 0 0 237
0.1567 -1.6788 0.0233 0 86 255
0.1567 -1.6788 0.0764 0 240 255
0.1567 -1.6788 0.1119 89 255 165
0.1567 -1.6788 0.1473 192 255 62
0.1567 -1.6788 0.1827 255 214 0
0.1567 -1.6788 0.2358 255 59 0
0.1567 -1.6788 0.2713 211 0 0
0.1567 -1.6788 0.3067 127 0 0
0.1567 -1.6788 0.3598 127 0 0
0.1567 -1.6788 0.3952 127 0 0
0.1296 -1.5613 -0.0320 0 0 179
0.1430 -1.5430 -0.0142 0 0 231
0.1430 -1.5430 0.0347 0 119 255
0.1430 -1.5430 0.0673 0 214 255
0.1430 -1.5430 0.1161 101 255 153
0.1430 -1.5430 0.1487 196 255 58
0.1430 -1.5429 0.1976 255 170 0
0.1430 -1.5429 0.2302 255 76 0
0.1430 -1.5429 0.2790 188 0 0
0.1430 -1.5429 0.3116 127 0 0
0.1430 -1.5429 0.3442 127 0 0
0.1430 -1.5429 0.3930 127 0 0
0.1566 -1.5092 -0.0107 0 0 242
0.1566 -1.5092 0.0372 0 126 255
0.1566 -1.5092 0.0692 0 219 255
0.1566 -1.5092 0.1171 104 255 150
0.1566 -1.5092 0.1490 197 255 57
0.1566 -1.5092 0.1969 255 172 0
0.1566 -1.5092 0.2289 255 79 0
0.1566 -1.5092 0.2768 195 0 0
0.1566 -1.5092 0.3087 127 0 0
0.1566 -1.5092 0.3567 127 0 0
0.1566 -1.5092 0.3886 127 0 0
0.1331 -1.4366 -0.0321 0 0 179
0.1428 -1.3864 -0.0104 0 0 242
0.1428 -1.3864 0.0334 0 115 255
0.1428 -1.3863 0.0773 0 243 255
0.1428 -1.3863 0.1065 73 255 181
0.1428 -1.3863 0.1504 201 255 53
0.1428 -1.3863 0.1942 255 180 0
0.1428 -1.3863 0.2381 255 52 0
0.1428 -1.3863 0.2673 222 0 0
0.1428 -1.3863 0.3112 127 0 0
0.1428 -1.3863 0.3550 127 0 0
0.1428 -1.3863 0.3843 127 0 0
0.1377 -1.3362 -0.0322 0 0 179
0.1427 -1.2589 -0.0074 0 0 251
0.1427 -1.2589 0.0324 0 112 255
0.1427 -1.2589 0.0722 0 228 255
0.1427 -1.2589 0.1120 89 255 165
0.1427 -1.2588 0.1517 205 255 49
0.1427 -1.2588 0.1915 255 188 0
0.1427 -1.2588 0.2313 255 72 0
0.1427 -1.2588 0.2711 211 0 0
0.1427 -1.2588 0.3108 127 0 0
0.1427 -1.2588 0.3506 127 0 0
0.1427 -1.2588 0.3904 127 0 0
0.1541 -1.2352 -0.0323 0 0 179
0.1479 -1.1960 -0.0111 0 0 240
0.1479 -1.1960 0.0392 0 132 255
0.1479 -1.1960 0.0769 0 242 255
0.1479 -1.1960 0.1147 97 255 157
0.1479 -1.1960 0.1524 207 255 47
0.1479 -1.1960 0.1902 255 192 0
0.1479 -1.1960 0.2279 255 82 0
0.1479 -1.1960 0.2782 190 0 0
0.1479 -1.1960 0.3160 127 0 0
0.1479 -1.1960 0.3537 127 0 0
0.1479 -1.1960 0.3915 127 0 0
0.1563 -1.1548 -0.0324 0 0 178
0.1597 -1.1067 -0.0325 0 0 178
0.1508 -1.0455 -0.0325 0 0 178
0.1600 -1.0206 -0.0325 0 0 178
0.1533 -0.9919 -0.0326 0 0 178
0.1456 -0.9425 -0.0326 0 0 178
0.1387 -0.8978 -0.0326 0 0 178
0.1424 -0.8643 -0.0069 0 0 253
0.1424 -0.8643 0.0383 0 129 255
0.1424 -0.8643 0.0745 0 235 255
0.1424 -0.8643 0.1198 112 255 142
0.1424 -0.8643 0.1560 217 255 37
0.1424 -0.8643 0.1921 255 186 0
0.1424 -0.8643 0.2374 255 54 0
0.1424 -0.8643 0.2736 204 0 0
0.1424 -0.8643 0.3188 127 0 0
0.1424 -0.8643 0.3550 127 0 0
0.1424 -0.8643 0.3912 127 0 0
0.1423 -0.8136 -0.0052 0 3 255
0.1423 -0.8136 0.0374 0 127 255
0.1423 -0.8136 0.0799 0 251 255
0.1423 -0.8136 0.1139 95 255 159
0.1423 -0.8136 0.1565 219 255 35
0.1423 -0.8136 0.1990 255 166 0
0.1423 -0.8136 0.2331 255 67 0
0.1423 -0.8136 0.2756 198 0 0
0.1423 -0.8136 0.3182 127 0 0
0.1423 -0.8136 0.3522 127 0 0
0.1423 -0.8136 0.3947 127 0 0
0.1423 -0.7687 -0.0036 0 7 255
0.1423 -0.7687 0.0365 0 124 255
0.1423 -0.7687 0.0767 0 241 255
0.1423 -0.7687 0.1168 103 255 151
0.1423 -0.7687 0.1570 220 255 34
0.1423 -0.7687 0.1971 255 172 0
0.1423 -0.7687 0.2373 255 55 0
0.1423 -0.7687 0.2774 193 0 0
0.1423 -0.7687 0.3176 127 0 0
0.1423 -0.7687 0.3577 127 0 0
0.1423 -0.7687 0.3898 127 0 0
0.1423 -0.7286 -0.0022 0 11 255
0.1423 -0.7286 0.0358 0 122 255
0.1423 -0.7286 0.0738 0 233 255
0.1423 -0.7286 0.1194 111 255 143
0.1423 -0.7285 0.1574 221 255 33
0.1422 -0.7285 0.1954 255 177 0
0.1422 -0.7285 0.2334 255 66 0
0.1422 -0.7285 0.2790 188 0 0
0.1422 -0.7285 0.3170 127 0 0
0.1422 -0.7285 0.3550 127 0 0
0.1422 -0.7285 0.3930 127 0 0
0.1422 -0.6925 -0.0010 0 15 255
0.1422 -0.6925 0.0351 0 120 255
0.1422 -0.6925 0.0784 0 246 255
0.1422 -0.6925 0.1145 96 255 158
0.1422 -0.6925 0.1578 223 255 31
0.1422 -0.6925 0.1939 255 181 0
0.1422 -0.6925 0.2372 255 55 0
0.1422 -0.6925 0.2732 205 0 0
0.1422 -0.6925 0.3165 127 0 0
0.1422 -0.6925 0.3598 127 0 0
0.1422 -0.6925 0.3959 127 0 0
0.1422 -0.6599 -0.0067 0 0 253
0.1422 -0.6599 0.0345 0 118 255
0.1422 -0.6599 0.0757 0 238 255
0.1422 -0.6599 0.1169 103 255 151
0.1422 -0.6599 0.1581 224 255 30
0.1422 -0.6599 0.1993 255 165 0
0.1422 -0.6599 0.2337 255 65 0
0.1422 -0.6599 0.2749 200 0 0
0.1422 -0.6599 0.3161 127 0 0
0.1422 -0.6599 0.3573 127 0 0
0.1422 -0.6599 0.3917 127 0 0
0.1422 -0.6303 -0.0054 0 2 255
0.1422 -0.6303 0.0339 0 117 255
0.1422 -0.6303 0.0798 0 250 255
0.1422 -0.6303 0.1191 110 255 144
0.1422 -0.6303 0.1584 224 255 30
0.1422 -0.6303 0.1978 255 170 0
0.1422 -0.6303 0.2371 255 55 0
0.1422 -0.6303 0.2764 196 0 0
0.1422 -0.6303 0.3157 127 0 0
0.1422 -0.6303 0.3550 127 0 0
0.1422 -0.6303 0.3943 127 0 0
0.1558 -0.5815 -0.0029 0 9 255
0.1558 -0.5815 0.0358 0 122 255
0.1558 -0.5815 0.0746 0 235 255
0.1558 -0.5815 0.1198 112 255 142
0.1558 -0.5815 0.1585 225 255 29
0.1558 -0.5815 0.1973 255 171 0
0.1558 -0.5815 0.2360 255 58 0
0.1558 -0.5815 0.2748 200 0 0
0.1558 -0.5815 0.3200 127 0 0
0.1558 -0.5815 0.3587 127 0 0
0.1558 -0.5815 0.3910 127 0 0
0.1508 0.5958 -0.0329 0 0 177
0.1559 0.6163 -0.0329 0 0 177
0.1259 0.6715 -0.0334 0 0 175
0.1325 0.7066 -0.0020 0 12 255
0.1325 0.7066 0.0397 0 134 255
0.1325 0.7066 0.0745 0 235 255
0.1325 0.7066 0.1163 102 255 152
0.1325 0.7066 0.1580 223 255 31
0.1325 0.7066 0.1998 255 164 0
0.1325 0.7066 0.2346 255 63 0
0.1325 0.7066 0.2763 196 0 0
0.1325 0.7066 0.3181 127 0 0
0.1325 0.7066 0.3598 127 0 0
0.1325 0.7066 0.3946 127 0 0
0.1694 -2.0406 -0.0067 0 0 253
0.1694 -2.0406 0.0362 0 123 255
0.1694 -2.0406 0.0792 0 248 255
0.1694 -2.0406 0.1006 56 255 198
0.1694 -2.0406 0.1435 181 255 73
0.1694 -2.0406 0.1865 255 203 0
0.1694 -2.0406 0.2294 255 78 0
0.1694 -2.0406 0.2723 208 0 0
0.1694 -2.0406 0.3152 127 0 0
0.1694 -2.0406 0.3581 127 0 0
0.1694 -2.0406 0.3796 127 0 0
0.1667 -2.0261 -0.0063 0 0 254
0.1667 -2.0261 0.0365 0 124 255
0.1667 -2.0261 0.0793 0 249 255
0.1667 -2.0261 0.1008 56 255 198
0.1667 -2.0261 0.1436 181 255 73
0.1667 -2.0261 0.1864 255 203 0
0.1667 -2.0261 0.2292 255 78 0
0.1667 -2.0261 0.2721 208 0 0
0.1667 -2.0261 0.3149 127 0 0
0.1667 -2.0261 0.3577 127 0 0
0.1667 -2.0261 0.3791 127 0 0
0.1898 -1.2108 -0.0042 0 5 255
0.1898 -1.2108 0.0348 0 119 255
0.1898 -1.2108 0.0739 0 233 255
0.1898 -1.2108 0.1129 92 255 162
0.1898 -1.2108 0.1520 206 255 48
0.1898 -1.2108 0.1910 255 190 0
0.1898 -1.2108 0.2301 255 76 0
0.1898 -1.2108 0.2691 217 0 0
0.1898 -1.2108 0.3082 127 0 0
0.1768 -1.2108 0.3596 127 0 0
0.1898 -1.2108 0.3863 127 0 0
0.1848 -1.1960 -0.0105 0 0 242
0.1848 -1.1960 0.0396 0 133 255
0.1848 -1.1960 0.0772 0 243 255
0.1848 -1.1960 0.1149 97 255 157
0.1848 -1.1960 0.1525 207 255 47
0.1848 -1.1960 0.1901 255 192 0
0.1848 -1.1960 0.2277 255 83 0
0.1848 -1.1960 0.2778 192 0 0
0.1848 -1.1960 0.3154 127 0 0
0.1848 -1.1960 0.3530 127 0 0
0.1848 -1.1960 0.3907 127 0 0
0.1916 -1.1438 -0.0324 0 0 178
0.1712 -1.1080 -0.0324 0 0 178
0.1617 -1.0468 -0.0325 0 0 178
0.1704 -1.0173 -0.0325 0 0 178
0.1615 -0.9640 -0.0326 0 0 178
0.1628 -0.9303 -0.0327 0 0 177
0.1673 -0.9108 -0.0032 0 9 255
0.1673 -0.9108 0.0322 0 112 255
0.1673 -0.9108 0.0765 0 241 255
0.1673 -0.9108 0.1119 89 255 165
0.1673 -0.9108 0.1561 218 255 36
0.1673 -0.9108 0.1916 255 188 0
0.1673 -0.9108 0.2358 255 59 0
0.1673 -0.9108 0.2712 211 0 0
0.1673 -0.9108 0.3155 127 0 0
0.1673 -0.9108 0.3597 127 0 0
0.1673 -0.9108 0.3951 127 0 0
0.1673 -0.8688 -0.0049 0 4 255
0.1673 -0.8688 0.0376 0 127 255
0.1673 -0.8689 0.0716 0 226 255
0.1673 -0.8689 0.1140 95 255 159
0.1673 -0.8689 0.1565 219 255 35
0.1673 -0.8689 0.1990 255 166 0
0.1673 -0.8689 0.2329 255 67 0
0.1673 -0.8689 0.2754 199 0 0
0.1673 -0.8689 0.3179 127 0 0
0.1673 -0.8689 0.3518 127 0 0
0.1673 -0.8689 0.3943 127 0 0
0.1673 -0.8301 -0.0064 0 0 254
0.1673 -0.8301 0.0344 0 118 255
0.1673 -0.8301 0.0752 0 237 255
0.1673 -0.8301 0.1160 101 255 153
0.1673 -0.8301 0.1568 220 255 34
0.1673 -0.8301 0.1977 255 170 0
0.1673 -0.8301 0.2385 255 51 0
0.1673 -0.8302 0.2793 187 0 0
0.1673 -0.8302 0.3119 127 0 0
0.1673 -0.8302 0.3528 127 0 0
0.1673 -0.8302 0.3936 127 0 0
0.1673 -0.7943 -0.0000 0 18 255
0.1673 -0.7943 0.0393 0 132 255
0.1673 -0.7943 0.0786 0 247 255
0.1673 -0.7611 0.1196 111 255 143
0.1673 -0.7611 0.1574 221 255 33
0.1673 -0.7611 0.1953 255 177 0
0.1673 -0.7611 0.2332 255 67 0
0.1673 -0.7611 0.2786 189 0 0
0.1673 -0.7611 0.3165 127 0 0
0.1673 -0.7611 0.3544 127 0 0
0.1673 -0.7611 0.3922 127 0 0
0.1672 -0.7302 -0.0032 0 9 255
0.1672 -0.7302 0.0334 0 115 255
0.1672 -0.7302 0.0773 0 243 255
0.1672 -0.7302 0.1138 94 255 160
0.1672 -0.7302 0.1577 222 255 32
0.1672 -0.7302 0.1942 255 180 0
0.1672 -0.7302 0.2381 255 52 0
0.1672 -0.7302 0.2747 201 0 0
0.1672 -0.7302 0.3185 127 0 0
0.1672 -0.7302 0.3551 127 0 0
0.1672 -0.7302 0.3917 127 0 0
0.1672 -0.7013 -0.0046 0 4 255
0.1672 -0.7013 0.0378 0 128 255
0.1672 -0.7013 0.0731 0 231 255
0.1672 -0.7013 0.1155 99 255 155
0.1672 -0.7013 0.1579 223 255 31
0.1672 -0.7013 0.1933 255 183 0
0.1672 -0.7013 0.2357 255 60 0
0.1672 -0.7013 0.2780 191 0 0
0.1672 -0.7013 0.3134 127 0 0
0.1672 -0.7013 0.3558 127 0 0
0.1672 -0.7013 0.3911 127 0 0
0.1672 -0.6491 -0.0005 0 16 255
0.1672 -0.6491 0.0392 0 132 255
0.1672 -0.6491 0.0789 0 248 255
0.1672 -0.6491 0.1187 109 255 145
0.1672 -0.6491 0.1584 224 255 30
0.1672 -0.6491 0.1981 255 169 0
0.1672 -0.6491 0.2378 255 53 0
0.1672 -0.6491 0.2775 192 0 0
0.1672 -0.6491 0.3173 127 0 0
0.1672 -0.6491 0.3570 127 0 0
0.1672 -0.6491 0.3967 127 0 0
0.1635 0.5923 -0.0329 0 0 177
0.1685 0.6376 -0.0329 0 0 177
0.1720 0.6760 -0.0018 0 12 255
0.1720 0.6760 0.0399 0 134 255
0.1993 0.6761 0.0795 0 249 255
0.1720 0.6760 0.1163 102 255 152
0.1720 0.6760 0.1580 223 255 31
0.1720 0.6760 0.1998 255 164 0
0.1720 0.6760 0.2345 255 63 0
0.1720 0.6760 0.2762 196 0 0
0.1720 0.6760 0.3179 127 0 0
0.1720 0.6760 0.3596 127 0 0
0.1720 0.6760 0.3944 127 0 0
0.1640 0.7066 -0.0068 0 0 253
0.1640 0.7066 0.0344 0 118 255
0.1640 0.7066 0.0757 0 238 255
0.1640 0.7066 0.1169 103 255 151
0.1640 0.7066 0.1581 224 255 30
0.1640 0.7066 0.1994 255 165 0
0.1640 0.7066 0.2337 255 65 0
0.1640 0.7066 0.2749 200 0 0
0.1640 0.7066 0.3162 127 0 0
0.1640 0.7066 0.3574 127 0 0
0.1640 0.7066 0.3918 127 0 0
0.2029 -1.2108 -0.0048 0 4 255
0.2029 -1.2108 0.0344 0 118 255
0.2029 -1.2108 0.0736 0 232 255
0.2029 -1.2108 0.1128 91 255 163
0.2029 -1.2108 0.1519 206 255 48
0.2029 -1.2108 0.1911 255 189 0
0.2029 -1.2108 0.2303 255 75 0
0.2029 -1.2108 0.2695 216 0 0
0.2029 -1.2108 0.3087 127 0 0
0.2029 -1.2108 0.3478 127 0 0
0.2029 -1.2108 0.3870 127 0 0
0.2256 0.5907 -0.0053 0 2 255
0.2256 0.5907 0.0340 0 117 255
0.2256 0.5907 0.0798 0 250 255
0.2256 0.5907 0.1191 110 255 144
0.2256 0.5907 0.1584 224 255 30
0.2256 0.5907 0.1978 255 170 0
0.2256 0.5907 0.2371 255 55 0
0.2256 0.5907 0.2764 196 0 0
0.2256 0.5907 0.3157 127 0 0
0.2256 0.5907 0.3550 127 0 0
0.2256 0.5907 0.3943 127 0 0
0.2255 0.6278 -0.0068 0 0 253
0.2255 0.6278 0.0344 0 118 255
0.2255 0.6278 0.0757 0 238 255
0.2255 0.6278 0.1169 103 255 151
0.2255 0.6278 0.1581 224 255 30
0.2255 0.6278 0.1994 255 165 0
0.2256 0.6088 0.2388 255 50 0
0.2256 0.6088 0.2790 188 0 0
0.2256 0.6088 0.3193 127 0 0
0.2256 0.6088 0.3595 127 0 0
0.2256 0.6088 0.3930 127 0 0
0.2135 0.6761 -0.0009 0 15 255
0.2063 0.6761 0.0360 0 123 255
0.2063 0.6761 0.0790 0 248 255
0.2063 0.6761 0.1148 97 255 157
0.2063 0.6761 0.1578 223 255 31
0.2063 0.6761 0.1937 255 182 0
0.2063 0.6761 0.2367 255 57 0
0.2063 0.6761 0.2797 186 0 0
0.2255 0.6478 0.3200 127 0 0
0.2063 0.6760 0.3586 127 0 0
0.2063 0.6760 0.3944 127 0 0
0.2057 0.6873 -0.0044 0 5 255
0.2057 0.6873 0.0341 0 117 255
0.2218 0.6873 0.0798 0 250 255
0.2057 0.6873 0.1188 109 255 145
0.2057 0.6873 0.1573 221 255 33
0.2057 0.6873 0.1958 255 176 0
0.2057 0.6873 0.2343 255 63 0
0.2057 0.6873 0.2728 206 0 0
0.2057 0.6873 0.3190 127 0 0
0.2057 0.6873 0.3575 127 0 0
0.2057 0.6873 0.3960 127 0 0
0.2788 -0.5568 -0.0329 0 0 177
0.3167 -0.6163 -0.0328 0 0 177
0.3189 -0.5901 -0.0328 0 0 177
0.3166 -0.5450 -0.0329 0 0 177
0.3562 -0.6930 -0.0327 0 0 177
0.3571 -0.6607 -0.0328 0 0 177
0.3579 -0.6308 -0.0328 0 0 177
0.3594 -0.5775 -0.0328 0 0 177
0.3536 -0.5557 -0.0329 0 0 177
0.3550 -0.5021 -0.0329 0 0 177
0.3978 -0.7944 -0.0326 0 0 178
0.3970 -0.7531 -0.0327 0 0 177
0.3962 -0.7154 -0.0327 0 0 177
0.3948 -0.6490 -0.0328 0 0 177
0.3942 -0.6196 -0.0328 0 0 177
0.3937 -0.5923 -0.0328 0 0 177
0.3992 -0.5415 -0.0329 0 0 177
0.3985 -0.5196 -0.0329 0 0 177
0.4395 -0.8776 -0.0326 0 0 178
0.4365 -0.8281 -0.0326 0 0 178
0.4338 -0.7832 -0.0326 0 0 178
0.4399 -0.7398 -0.0327 0 0 177
0.4373 -0.7026 -0.0327 0 0 177
0.4348 -0.6686 -0.0327 0 0 177
0.4326 -0.6372 -0.0328 0 0 177
0.4357 -0.5793 -0.0328 0 0 177
0.4269 -0.5566 -0.0328 0 0 177
0.4043 -0.5104 -0.0329 0 0 177
0.4743 -0.9229 -0.0325 0 0 178
0.4764 -0.8873 -0.0326 0 0 178
0.4793 -0.8653 -0.0326 0 0 178
0.4743 -0.8164 -0.0326 0 0 178
0.4787 -0.7693 -0.0326 0 0 178
0.4742 -0.7291 -0.0327 0 0 177
0.4783 -0.6899 -0.0327 0 0 177
0.4742 -0.6564 -0.0327 0 0 177
0.4780 -0.6231 -0.0328 0 0 177
0.4596 -0.5993 -0.0328 0 0 177
0.5132 -0.9735 -0.0325 0 0 178
0.5054 -0.9232 -0.0326 0 0 178
0.5162 -0.9099 -0.0325 0 0 178
0.5190 -0.8530 -0.0326 0 0 178
0.5120 -0.8046 -0.0326 0 0 178
0.5057 -0.7609 -0.0326 0 0 178
0.5147 -0.7581 -0.0326 0 0 178
0.5171 -0.7158 -0.0327 0 0 177
0.5194 -0.6771 -0.0327 0 0 177
0.4899 -0.6335 -0.0327 0 0 177
0.5561 -1.1104 -0.0323 0 0 179
0.5215 -1.0413 -0.0324 0 0 178
0.5569 -1.0303 -0.0324 0 0 178
0.5465 -0.9632 -0.0325 0 0 178
0.5575 -0.9597 -0.0325 0 0 178
0.5582 -0.8969 -0.0325 0 0 178
0.5587 -0.8406 -0.0326 0 0 178
0.5214 -0.8017 -0.0326 0 0 178
0.5592 -0.7900 -0.0326 0 0 178
0.5596 -0.7441 -0.0326 0 0 178
0.5429 -0.7078 -0.0327 0 0 177
0.5269 -0.6651 -0.0327 0 0 177
0.5956 -1.1892 -0.0322 0 0 179
0.5938 -1.0986 -0.0323 0 0 179
0.5922 -1.0194 -0.0324 0 0 178
0.5954 -0.9918 -0.0324 0 0 178
0.5908 -0.9494 -0.0324 0 0 178
0.5896 -0.8871 -0.0325 0 0 178
0.5818 -0.8420 -0.0325 0 0 178
0.5984 -0.8283 -0.0326 0 0 178
0.5969 -0.7783 -0.0326 0 0 178
0.5686 -0.7414 -0.0326 0 0 178
0.6359 -1.1766 -0.0322 0 0 179
0.6376 -1.1423 -0.0324 0 0 178
0.6315 -1.0869 -0.0323 0 0 179
0.6349 -1.0576 -0.0324 0 0 178
0.6393 -1.0047 -0.0324 0 0 178
0.6346 -0.9618 -0.0324 0 0 178
0.6352 -0.9356 -0.0324 0 0 178
0.6105 -0.8806 -0.0325 0 0 178
0.6315 -0.8741 -0.0325 0 0 178
0.6282 -0.8190 -0.0326 0 0 178
0.6056 -0.7645 -0.0326 0 0 178
0.6465 -1.2909 -0.0032 0 8 255
0.6465 -1.2909 0.0274 0 97 255
0.6465 -1.2909 0.0732 0 231 255
0.6465 -1.2909 0.1191 110 255 144
0.6465 -1.2909 0.1497 199 255 55
0.6465 -1.2909 0.1956 255 176 0
0.6465 -1.2909 0.2262 255 87 0
0.6465 -1.2909 0.2721 208 0 0
0.6465 -1.2909 0.3179 127 0 0
0.6465 -1.2909 0.3485 127 0 0
0.6465 -1.2909 0.3944 127 0 0
0.6706 -1.2407 -0.0133 0 0 234
0.6706 -1.2407 0.0313 0 109 255
0.6706 -1.2407 0.0759 0 239 255
0.6706 -1.2407 0.1056 70 255 184
0.6706 -1.2407 0.1501 200 255 54
0.6706 -1.2407 0.1947 255 179 0
0.6706 -1.2407 0.2393 255 49 0
0.6706 -1.2407 0.2690 217 0 0
0.6706 -1.2407 0.3136 127 0 0
0.6706 -1.2407 0.3581 127 0 0
0.6706 -1.2407 0.3878 127 0 0
0.6799 -1.2180 -0.0323 0 0 178
0.6763 -1.1641 -0.0322 0 0 179
0.6800 -1.1327 -0.0323 0 0 179
0.6440 -1.0830 -0.0323 0 0 179
0.6691 -1.0752 -0.0323 0 0 179
0.6511 -1.0011 -0.0324 0 0 178
0.6747 -0.9938 -0.0324 0 0 178
0.6462 -0.9321 -0.0092 0 0 246
0.6462 -0.9321 0.0372 0 126 255
0.6462 -0.9321 0.0721 0 228 255
0.6462 -0.9321 0.1185 108 255 146
0.6462 -0.9321 0.1534 210 255 44
0.6462 -0.9321 0.1998 255 164 0
0.6462 -0.9321 0.2347 255 62 0
0.6462 -0.9321 0.2695 216 0 0
0.6462 -0.9321 0.3160 127 0 0
0.6462 -0.9321 0.3508 127 0 0
0.6462 -0.9321 0.3973 127 0 0
0.6462 -0.8944 -0.0034 0 8 255
0.6462 -0.9129 0.0394 0 133 255
0.6462 -0.8944 0.0752 0 237 255
0.6462 -0.9129 0.1193 110 255 144
0.6462 -0.8944 0.1538 211 255 43
0.6462 -0.8944 0.1987 255 167 0
0.6462 -0.8944 0.2324 255 69 0
0.6462 -0.8944 0.2773 193 0 0
0.6462 -0.8944 0.3110 127 0 0
0.6462 -0.8944 0.3559 127 0 0
0.6462 -0.8944 0.3896 127 0 0
0.6462 -0.8765 -0.0007 0 16 255
0.6462 -0.8425 0.0367 0 125 255
0.6462 -0.8425 0.0794 0 249 255
0.6462 -0.8425 0.1115 88 255 166
0.6462 -0.8425 0.1543 212 255 42
0.6462 -0.8425 0.1971 255 172 0
0.6462 -0.8425 0.2399 255 47 0
0.6462 -0.8425 0.2719 209 0 0
0.6462 -0.8425 0.3147 127 0 0
0.6462 -0.8424 0.3575 127 0 0
0.6462 -0.8424 0.3896 127 0 0
0.6872 -1.2407 -0.0139 0 0 232
0.6872 -1.2407 0.0308 0 108 255
0.6872 -1.2407 0.0755 0 238 255
0.6872 -1.2407 0.1054 70 255 184
0.6872 -1.2407 0.1501 200 255 54
0.6872 -1.2407 0.1948 255 179 0
0.6872 -1.2407 0.2395 255 48 0
0.6872 -1.2407 0.2694 216 0 0
0.6872 -1.2407 0.3141 127 0 0
0.6872 -1.2407 0.3588 127 0 0
0.6872 -1.2407 0.3886 127 0 0
0.7199 -1.2285 -0.0322 0 0 179
0.7150 -1.1624 -0.0323 0 0 178
0.7166 -1.1516 -0.0322 0 0 179
0.7135 -1.1070 -0.0323 0 0 179
0.7194 -1.0596 -0.0323 0 0 179
0.6871 -1.0175 -0.0324 0 0 178
0.7432 -1.2807 -0.0323 0 0 179
0.7569 -1.2441 -0.0321 0 0 179
0.7560 -1.2008 -0.0322 0 0 179
0.7570 -1.1390 -0.0322 0 0 179
0.7359 -1.0898 -0.0323 0 0 179
0.7725 -1.3616 -0.0320 0 0 179
0.7882 -1.3567 -0.0320 0 0 179
0.7658 -1.2450 -0.0323 0 0 179
0.7859 -1.2351 -0.0321 0 0 179
0.7921 -1.1731 -0.0322 0 0 179
0.7705 -1.1348 -0.0322 0 0 179
0.8357 -1.4611 -0.0320 0 0 180
0.8081 -1.3658 -0.0322 0 0 179
0.8352 -1.3421 -0.0320 0 0 179
0.8316 -1.2902 -0.0321 0 0 179
0.8293 -1.2216 -0.0321 0 0 179
0.8109 -1.1735 -0.0322 0 0 179
0.8422 -1.4844 -0.0319 0 0 180
0.8764 -1.4738 -0.0319 0 0 180
0.8783 -1.4284 -0.0320 0 0 180
0.8666 -1.3324 -0.0320 0 0 179
0.8447 -1.2802 -0.0321 0 0 179
0.8577 -1.2702 -0.0321 0 0 179
0.9185 -1.6060 -0.0318 0 0 180
0.9106 -1.4632 -0.0319 0 0 180
0.9067 -1.4066 -0.0320 0 0 180
0.8980 -1.3226 -0.0320 0 0 179
0.9348 -1.6424 -0.0319 0 0 180
0.9445 -1.6258 -0.0318 0 0 180
0.9498 -1.5820 -0.0318 0 0 180
0.9448 -1.4526 -0.0319 0 0 180
0.9351 -1.3848 -0.0320 0 0 180
0.9821 -1.6141 -0.0318 0 0 180
0.9654 -1.5700 -0.0318 0 0 180
0.9966 -1.5461 -0.0318 0 0 180
0.9790 -1.4420 -0.0319 0 0 180
1.0276 -1.8112 -0.0316 0 0 181
1.0370 -1.7695 -0.0316 0 0 181
1.0197 -1.6024 -0.0318 0 0 180
1.0384 -1.5966 -0.0318 0 0 180
1.0278 -1.5221 -0.0318 0 0 180
1.0304 -1.4911 -0.0319 0 0 180
1.0484 -1.8047 -0.0316 0 0 181
1.0693 -1.7982 -0.0316 0 0 181
1.0716 -1.7429 -0.0316 0 0 181
1.0760 -1.5849 -0.0318 0 0 180
1.1110 -1.7853 -0.0316 0 0 181
1.0890 -1.7296 -0.0316 0 0 181
1.1063 -1.7163 -0.0316 0 0 181
1.1116 -1.6722 -0.0318 0 0 180
1.1547 -2.0352 -0.0313 0 0 181
1.1523 -1.9856 -0.0316 0 0 181
1.1527 -1.7723 -0.0316 0 0 181
1.1410 -1.6897 -0.0316 0 0 181
1.1221 -1.6556 -0.0318 0 0 180
1.1326 -1.6389 -0.0318 0 0 180
1.1781 -2.0279 -0.0313 0 0 181
1.1847 -1.9735 -0.0314 0 0 181
1.1873 -1.9302 -0.0316 0 0 181
1.1989 -1.9117 -0.0316 0 0 181
1.1736 -1.7658 -0.0316 0 0 181
1.1945 -1.7594 -0.0316 0 0 181
1.2074 -2.1280 -0.0146 0 0 230
1.2074 -2.1280 0.0367 0 125 255
1.2074 -2.1280 0.0624 0 199 255
1.2073 -2.1280 0.1137 94 255 160
1.2073 -2.1280 0.1393 169 255 85
1.2073 -2.1280 0.1907 255 191 0
1.2073 -2.1280 0.2163 255 116 0
1.2073 -2.1280 0.2676 221 0 0
1.2073 -2.1280 0.3190 127 0 0
1.2073 -2.1280 0.3446 127 0 0
1.2073 -2.1280 0.3960 127 0 0
1.2271 -2.1146 -0.0211 0 0 211
1.2271 -2.1146 0.0254 0 92 255
1.2271 -2.1146 0.0719 0 227 255
1.2271 -2.1146 0.1185 108 255 146
1.2271 -2.1146 0.1417 176 255 78
1.2271 -2.1146 0.1883 255 198 0
1.2271 -2.1146 0.2348 255 62 0
1.2271 -2.1146 0.2581 249 0 0
1.2271 -2.1146 0.3046 127 0 0
1.2271 -2.1146 0.3511 127 0 0
1.2271 -2.1146 0.3976 127 0 0
1.2073 -2.0782 -0.0111 0 0 240
1.2073 -2.0782 0.0392 0 132 255
1.2073 -2.0782 0.0644 0 205 255
1.2073 -2.0782 0.1147 97 255 157
1.2073 -2.0782 0.1398 170 255 84
1.2073 -2.0782 0.1902 255 192 0
1.2073 -2.0782 0.2153 255 119 0
1.2073 -2.0782 0.2656 227 0 0
1.2073 -2.0782 0.3159 127 0 0
1.2073 -2.0782 0.3411 127 0 0
1.2073 -2.0782 0.3914 127 0 0
1.2354 -2.0305 -0.0083 0 0 249
1.2354 -2.0305 0.0165 0 66 255
1.2354 -2.0305 0.0660 0 210 255
1.2354 -2.0305 0.1155 99 255 155
1.2354 -2.0305 0.1402 171 255 83
1.2354 -2.0305 0.1898 255 193 0
1.2354 -2.0305 0.2393 255 49 0
1.2354 -2.0305 0.2640 232 0 0
1.2354 -2.0305 0.3135 127 0 0
1.2354 -2.0305 0.3383 127 0 0
1.2354 -2.0305 0.3878 127 0 0
1.2237 -1.9436 -0.0314 0 0 181
1.2106 -1.8932 -0.0316 0 0 181
1.2339 -1.8563 -0.0316 0 0 181
1.2554 -2.0417 -0.0142 0 0 231
1.2554 -2.0417 0.0370 0 126 255
1.2554 -2.0417 0.0626 0 200 255
1.2554 -2.0417 0.1138 94 255 160
1.2554 -2.0417 0.1394 169 255 85
1.2554 -2.0417 0.1906 255 191 0
1.2554 -2.0417 0.2162 255 116 0
1.2554 -2.0417 0.2674 222 0 0
1.2554 -2.0417 0.3186 127 0 0
1.2554 -2.0417 0.3442 127 0 0
1.2554 -2.0417 0.3953 127 0 0
1.2484 -2.0061 -0.0313 0 0 181
1.2719 -1.9988 -0.0313 0 0 181
1.2432 -1.9286 -0.0314 0 0 181
1.2627 -1.9137 -0.0314 0 0 181
1.2573 -1.8194 -0.0316 0 0 181
1.3187 -1.9842 -0.0313 0 0 181
1.2821 -1.8987 -0.0314 0 0 181
1.3472 -2.1482 -0.0314 0 0 181
1.3422 -1.9769 -0.0313 0 0 181
1.3965 -2.2180 -0.0311 0 0 182
1.3603 -2.1274 -0.0314 0 0 181
1.3866 -2.0859 -0.0314 0 0 181
1.3997 -2.0651 -0.0314 0 0 181
1.4246 -2.2892 -0.0310 0 0 182
1.4187 -2.2009 -0.0311 0 0 182
1.4128 -2.0444 -0.0314 0 0 181
1.4514 -2.2809 -0.0310 0 0 182
1.4781 -2.2725 -0.0310 0 0 182
1.4631 -2.1668 -0.0311 0 0 182
1.5048 -2.2642 -0.0310 0 0 182
1.5374 -2.4514 -0.0311 0 0 182
1.5524 -2.4277 -0.0311 0 0 182
1.5316 -2.2559 -0.0310 0 0 182
1.5673 -2.4040 -0.0311 0 0 182
1.5823 -2.3803 -0.0311 0 0 182
1.5972 -2.3566 -0.0311 0 0 182
1.6260 -2.5826 -0.0307 0 0 183
1.6122 -2.3330 -0.0311 0 0 182
1.6743 -2.6903 0.1650 244 255 10
1.6587 -2.6653 -0.0306 0 0 183
1.6519 -2.5627 -0.0307 0 0 183
1.6778 -2.5429 -0.0307 0 0 183
1.6928 -2.6886 0.1650 244 255 10
1.6898 -2.6556 -0.0306 0 0 183
1.6922 -2.6593 0.1650 244 255 10
1.7098 -2.6288 0.1650 244 255 10
1.7037 -2.5230 -0.0307 0 0 183
1.7210 -2.6460 -0.0306 0 0 183
1.7281 -2.6506 0.1650 244 255 10
1.7521 -2.6363 -0.0306 0 0 183
1.7306 -2.6229 0.1650 244 255 10
1.7442 -2.5691 0.1650 244 255 10
1.7901 -2.8542 -0.0307 0 0 183
1.7832 -2.6266 -0.0306 0 0 183
1.7752 -2.5689 0.1650 244 255 10
1.8075 -2.8267 -0.0307 0 0 183
1.8249 -2.7991 -0.0307 0 0 183
1.8423 -2.7715 -0.0307 0 0 183
1.8597 -2.7439 -0.0307 0 0 183
1.8772 -2.7164 -0.0307 0 0 183
1.9573 -3.1451 -0.0274 0 0 193
1.9573 -3.1451 0.0111 0 50 255
1.9573 -3.1451 0.0496 0 162 255
1.9573 -3.1451 0.0880 19 255 235
1.9573 -3.1451 0.1265 131 255 123
1.9573 -3.1451 0.2035 255 153 0
1.9573 -3.1451 0.2420 255 41 0
1.9573 -3.1451 0.3189 127 0 0
1.9573 -3.1451 0.3574 127 0 0
1.9573 -3.1451 0.3959 127 0 0
1.9459 -3.0907 -0.0302 0 0 185
1.9846 -3.1644 -0.0158 0 0 227
1.9846 -3.1644 0.0204 0 77 255
1.9846 -3.1644 0.0565 0 182 255
1.9846 -3.1644 0.0927 33 255 221
1.9846 -3.1644 0.1288 138 255 116
1.9846 -3.1644 0.2373 255 55 0
1.9846 -3.1644 0.2735 204 0 0
1.9846 -3.1644 0.3096 127 0 0
1.9846 -3.1644 0.3458 127 0 0
1.9846 -3.1644 0.3819 127 0 0
1.9871 -3.1560 0.0055 0 34 255
1.9871 -3.1560 0.0454 0 150 255
1.9871 -3.1560 0.0853 11 255 243
1.9871 -3.1560 0.1251 127 255 127
1.9871 -3.1560 0.2049 255 149 0
1.9871 -3.1560 0.2447 255 33 0
1.9871 -3.1560 0.2846 172 0 0
1.9871 -3.1560 0.3245 127 0 0
1.9871 -3.1560 0.3643 127 0 0
1.9769 -3.0669 -0.0302 0 0 185
2.0234 -3.1644 -0.0176 0 0 222
2.0234 -3.1644 0.0190 0 73 255
2.0234 -3.1644 0.0555 0 179 255
2.0234 -3.1644 0.0920 31 255 223
2.0234 -3.1644 0.1285 137 255 117
2.0234 -3.1644 0.2380 255 53 0
2.0234 -3.1644 0.2745 201 0 0
2.0234 -3.1644 0.3110 127 0 0
2.0234 -3.1644 0.3476 127 0 0
2.0234 -3.1644 0.3841 127 0 0
2.0013 -3.1451 -0.0281 0 0 191
2.0013 -3.1451 0.0105 0 48 255
2.0013 -3.1451 0.0491 0 161 255
2.0013 -3.1451 0.0878 18 255 236
2.0013 -3.1451 0.1264 131 255 123
2.0013 -3.1451 0.2036 255 153 0
2.0013 -3.1451 0.2422 255 40 0
2.0013 -3.1451 0.3195 127 0 0
2.0013 -3.1451 0.3581 127 0 0
2.0013 -3.1451 0.3967 127 0 0
2.0079 -3.0431 -0.0302 0 0 185
2.0388 -3.0194 -0.0302 0 0 185
2.0631 -3.1644 -0.0193 0 0 216
2.0631 -3.1644 0.0175 0 69 255
2.0631 -3.1644 0.0544 0 176 255
2.0631 -3.1644 0.0913 29 255 225
2.0631 -3.1644 0.1281 136 255 118
2.0631 -3.1644 0.2387 255 51 0
2.0631 -3.1644 0.2756 198 0 0
2.0631 -3.1644 0.3125 127 0 0
2.0631 -3.1644 0.3493 127 0 0
2.0631 -3.1644 0.3862 127 0 0
2.0456 -3.1451 -0.0288 0 0 189
2.0456 -3.1451 0.0100 0 47 255
2.0456 -3.1451 0.0487 0 160 255
2.0456 -3.1451 0.0875 18 255 236
2.0456 -3.1451 0.1262 131 255 123
2.0456 -3.1451 0.2038 255 152 0
2.0456 -3.1451 0.2425 255 40 0
2.0456 -3.1451 0.2813 182 0 0
2.0456 -3.1451 0.3588 127 0 0
2.0456 -3.1451 0.3976 127 0 0
2.1035 -3.1644 -0.0212 0 0 211
2.1035 -3.1644 0.0161 0 65 255
2.1035 -3.1644 0.0533 0 173 255
2.1035 -3.1644 0.0905 27 255 227
2.1035 -3.1644 0.1278 135 255 119
2.1035 -3.1644 0.2395 255 48 0
2.1034 -3.1644 0.2767 195 0 0
2.1034 -3.1644 0.3139 127 0 0
2.1034 -3.1644 0.3512 127 0 0
2.1034 -3.1644 0.3884 127 0 0
2.0903 -3.1451 -0.0295 0 0 187
2.0903 -3.1451 0.0094 0 45 255
2.0903 -3.1451 0.0483 0 158 255
2.0903 -3.1451 0.0872 17 255 237
2.0903 -3.1451 0.1261 130 255 124
2.0903 -3.1451 0.2039 255 152 0
2.0903 -3.1451 0.2428 255 39 0
2.0903 -3.1451 0.2817 180 0 0
2.0903 -3.1451 0.3595 127 0 0
2.0903 -3.1451 0.3984 127 0 0
2.1447 -3.1643 -0.0231 0 0 206
2.1447 -3.1643 0.0146 0 60 255
2.1447 -3.1643 0.0522 0 170 255
2.1447 -3.1643 0.0898 24 255 230
2.1447 -3.1643 0.1274 134 255 120
2.1447 -3.1643 0.2026 255 156 0
2.1447 -3.1643 0.2778 192 0 0
2.1447 -3.1643 0.3154 127 0 0
2.1447 -3.1643 0.3531 127 0 0
2.1447 -3.1643 0.3907 127 0 0
2.1339 -3.1431 -0.0301 0 0 185
2.1353 -3.1451 0.0088 0 43 255
2.1353 -3.1451 0.0479 0 157 255
2.1353 -3.1451 0.0869 16 255 238
2.1353 -3.1451 0.1260 130 255 124
2.1353 -3.1451 0.2040 255 152 0
2.1353 -3.1451 0.2431 255 38 0
2.1353 -3.1451 0.2821 179 0 0
2.1353 -3.1451 0.3212 127 0 0
2.1353 -3.1451 0.3993 127 0 0
2.1867 -3.1643 -0.0250 0 0 200
2.1867 -3.1643 0.0130 0 56 255
2.1867 -3.1643 0.0510 0 166 255
2.1867 -3.1643 0.0890 22 255 232
2.1867 -3.1643 0.1270 133 255 121
2.1867 -3.1643 0.2030 255 155 0
2.1867 -3.1643 0.2790 188 0 0
2.1867 -3.1643 0.3170 127 0 0
2.1867 -3.1643 0.3550 127 0 0
2.1867 -3.1643 0.3929 127 0 0
